id_producto,sku,nombre,categoria,marca,precio_mxn,stock,proveedor,fecha_alta,activo
1,ALI-00001,Café Molido 500 g Terra Select,Alimentos,Terra,197.77,52,Distribuidora del Norte,2025-08-27,Sí
2,ELE-00002,Audífonos Inalámbricos Brava Lite,Electrónica,Brava,2165.76,287,Distribuidora Nova,2026-01-03,Sí
3,CUI-00003,Rasuradora 3 Cabezas Cobalto Advance,Cuidado personal,Cobalto,811.14,3,Distribuidora Mexicana,2025-12-15,Sí
4,OFI-00004,Mochila Ejecutiva Marea Plus,Oficina,Marea,588.14,49,Distribuidora Metropolitana,2026-05-17,Sí
5,OFI-00005,Cuaderno Cuadriculado Orion Eco,Oficina,Orion,504.96,150,Distribuidora Metropolitana,2025-08-14,Sí
6,ELE-00006,Audífonos Inalámbricos Kairo Plus,Electrónica,Kairo,3014.31,51,Distribuidora Hidalgo,2024-10-11,Sí
7,OFI-00007,Mochila Antirrobo Prisma Select,Oficina,Prisma,4031.92,349,Distribuidora del Norte,2025-09-15,Sí
8,CUI-00008,Crema Corporal Hidratante 400 ml Cobalto Eco,Cuidado personal,Cobalto,788.44,327,Distribuidora Nova,2025-12-02,Sí
9,ELE-00009,Teclado Mecánico Marea Eco,Electrónica,Marea,1045.93,108,Distribuidora Metropolitana,2024-08-05,Sí
10,DEP-00010,Balón de Básquetbol Terra Pro,Deportes,Terra,806.69,287,Distribuidora Pacífico,2026-02-03,Sí
11,CUI-00011,Rasuradora Corporal Brava Pro,Cuidado personal,Brava,1448.24,46,Distribuidora Central,2026-05-31,Sí
12,ALI-00012,Cereal de Avena 500 g Urban Advance,Alimentos,Urban,74.17,195,Distribuidora Bajío,2025-06-25,Sí
13,CUI-00013,Shampoo Reparador 700 ml Orion Lite,Cuidado personal,Orion,2112.92,328,Distribuidora Metropolitana,2024-04-24,Sí
14,HOG-00014,Juego de Toallas Algodón Terra Lite,Hogar,Terra,1922.95,259,Distribuidora del Norte,2026-06-10,Sí
15,ALI-00015,Galletas con Chocolate 300 g Aurea Pro,Alimentos,Aurea,314.41,82,Distribuidora Central,2025-09-05,Sí
16,ELE-00016,Audífonos USB-C Kairo Select,Electrónica,Kairo,343.05,290,Distribuidora del Norte,2024-03-28,Sí
17,ELE-00017,Cargador USB-C 45W Vitta Max,Electrónica,Vitta,3320.94,84,Distribuidora Pacífico,2025-06-24,Sí
18,DEP-00018,Tapete de Yoga 8 mm Kairo Eco,Deportes,Kairo,2984.88,332,Distribuidora Metropolitana,2025-03-24,Sí
19,DEP-00019,Botella Deportiva 1 L Brava Plus,Deportes,Brava,1072.83,301,Distribuidora Nova,2025-08-25,Sí
20,ELE-00020,Webcam Full HD Brava Plus,Electrónica,Brava,3182.16,169,Distribuidora del Norte,2025-06-10,Sí
21,ALI-00021,Aceite de Oliva 500 ml Vitta Advance,Alimentos,Vitta,470.99,124,Distribuidora Bajío,2026-04-06,Sí
22,ELE-00022,Audífonos con Micrófono Prisma Eco,Electrónica,Prisma,1526.19,27,Distribuidora del Norte,2024-03-03,Sí
23,OFI-00023,Cuaderno de Notas Aurea Select,Oficina,Aurea,3233.41,71,Distribuidora Hidalgo,2024-07-06,Sí
24,HOG-00024,Lámpara Minimalista Orion Essential,Hogar,Orion,1657.19,276,Distribuidora Central,2024-04-05,Sí
25,HOG-00025,Organizador de Baño Nativa Max,Hogar,Nativa,596.27,205,Distribuidora Central,2024-06-17,Sí
26,DEP-00026,Mancuerna Hexagonal Kairo Eco,Deportes,Kairo,2116.08,284,Distribuidora Bajío,2024-06-07,Sí
27,HOG-00027,Lámpara de Escritorio Marea Essential,Hogar,Marea,200.34,244,Distribuidora Mexicana,2024-02-28,Sí
28,ELE-00028,Teclado Mecánico Lumina Select,Electrónica,Lumina,1501.65,291,Distribuidora Nova,2025-08-15,Sí
29,CUI-00029,Shampoo Anticaspa 650 ml Marea Classic,Cuidado personal,Marea,607.53,160,Distribuidora Nova,2024-09-28,Sí
30,ALI-00030,Pasta Penne 500 g Marea Plus,Alimentos,Marea,32.21,318,Distribuidora del Norte,2024-03-16,Sí
31,CUI-00031,Cepillo Dental Medio Prisma Plus,Cuidado personal,Prisma,2466.51,189,Distribuidora Pacífico,2024-06-10,Sí
32,CUI-00032,Cepillo Dental Suave Kairo Plus,Cuidado personal,Kairo,2630.81,68,Distribuidora Pacífico,2024-04-28,Sí
33,ALI-00033,Galletas de Avena 300 g Terra Classic,Alimentos,Terra,493.14,175,Distribuidora Nova,2025-12-04,Sí
34,OFI-00034,Memoria USB USB 3.2 Terra Essential,Oficina,Terra,585.47,216,Distribuidora Pacífico,2024-02-15,No
35,HOG-00035,Sartén Antiadherente 24 cm Cobalto Lite,Hogar,Cobalto,1786.72,287,Distribuidora Central,2024-04-24,Sí
36,ALI-00036,Cereal de Avena 500 g Altura Prime,Alimentos,Altura,475.86,75,Distribuidora Hidalgo,2024-05-10,No
37,OFI-00037,Cuaderno Pasta Dura Aurea Select,Oficina,Aurea,4012.59,181,Distribuidora Hidalgo,2025-09-27,Sí
38,HOG-00038,Organizador de Escritorio Urban Essential,Hogar,Urban,513.05,170,Distribuidora Hidalgo,2026-04-01,Sí
39,ALI-00039,Cereal con Frutos 450 g Nexo Plus,Alimentos,Nexo,321.09,19,Distribuidora Bajío,2024-08-15,Sí
40,DEP-00040,Mancuerna Ajustable Brava Select,Deportes,Brava,157.86,98,Distribuidora Hidalgo,2024-12-02,Sí
41,ELE-00041,Mouse Gaming Zenit Lite,Electrónica,Zenit,1258.35,14,Distribuidora del Norte,2026-06-17,Sí
42,HOG-00042,Termo de Acero Inoxidable Altura Plus,Hogar,Altura,1522.7,176,Distribuidora Metropolitana,2025-03-22,Sí
43,CUI-00043,Shampoo Anticaspa 650 ml Aurea Classic,Cuidado personal,Aurea,167.24,223,Distribuidora Central,2025-06-16,Sí
44,CUI-00044,Crema Corporal con Aloe 500 ml Urban Plus,Cuidado personal,Urban,2658.2,169,Distribuidora Metropolitana,2025-11-10,Sí
45,ALI-00045,Pasta Fusilli 500 g Kairo Eco,Alimentos,Kairo,277.47,151,Distribuidora Mexicana,2024-07-15,Sí
46,DEP-00046,Tapete de Yoga Antideslizante Zenit Lite,Deportes,Zenit,2515.14,155,Distribuidora Pacífico,2024-08-03,Sí
47,CUI-00047,Secadora 2000 W Cobalto Max,Cuidado personal,Cobalto,1262.71,109,Distribuidora Bajío,2026-03-23,Sí
48,ALI-00048,Cereal de Avena 500 g Lumina Classic,Alimentos,Lumina,423.96,324,Distribuidora Metropolitana,2024-04-05,Sí
49,HOG-00049,Sartén Antiadherente 24 cm Aurea Pro,Hogar,Aurea,138.11,125,Distribuidora Bajío,2025-09-17,Sí
50,ELE-00050,Bocina Resistente al Agua Aurea Eco,Electrónica,Aurea,1805.16,124,Distribuidora Mexicana,2025-11-02,Sí
51,ELE-00051,Bocina Portátil Nexo Lite,Electrónica,Nexo,1705.24,285,Distribuidora Nova,2026-07-28,Sí
52,DEP-00052,Tapete de Yoga con Correa Marea Max,Deportes,Marea,1871.82,258,Distribuidora Hidalgo,2026-04-30,Sí
53,DEP-00053,Tapete de Yoga con Correa Cobalto Classic,Deportes,Cobalto,2276.67,326,Distribuidora Pacífico,2026-02-23,Sí
54,DEP-00054,Tapete de Yoga Antideslizante Cobalto Plus,Deportes,Cobalto,2165.42,120,Distribuidora Pacífico,2024-12-09,Sí
55,CUI-00055,Shampoo Hidratante 750 ml Vitta Select,Cuidado personal,Vitta,1099.88,78,Distribuidora Nova,2024-03-06,Sí
56,OFI-00056,Memoria USB USB 3.2 Urban Essential,Oficina,Urban,1268.56,215,Distribuidora Hidalgo,2026-07-15,Sí
57,ALI-00057,Café Descafeinado 400 g Nativa Essential,Alimentos,Nativa,754.68,152,Distribuidora Hidalgo,2026-05-23,Sí
58,DEP-00058,Guantes de Ciclismo Nativa Select,Deportes,Nativa,883.24,248,Distribuidora Central,2025-02-02,Sí
59,ALI-00059,Aceite Vegetal 1 L Nexo Max,Alimentos,Nexo,736.73,318,Distribuidora Central,2026-07-17,Sí
60,CUI-00060,Shampoo Hidratante 750 ml Urban Pro,Cuidado personal,Urban,2432.31,93,Distribuidora Central,2024-09-23,Sí
61,HOG-00061,Juego de Toallas 6 Piezas Marea Eco,Hogar,Marea,752.38,215,Distribuidora Pacífico,2026-05-04,Sí
62,ELE-00062,Webcam Full HD Prisma Select,Electrónica,Prisma,2326.98,333,Distribuidora Central,2026-02-11,No
63,HOG-00063,Organizador de Cocina Vitta Select,Hogar,Vitta,384.45,342,Distribuidora del Norte,2025-07-31,Sí
64,DEP-00064,Mancuerna Ajustable Nexo Advance,Deportes,Nexo,1856.09,58,Distribuidora Mexicana,2024-11-14,Sí
65,ELE-00065,Mouse Óptico Zenit Select,Electrónica,Zenit,403.59,321,Distribuidora Nova,2024-04-14,Sí
66,OFI-00066,Memoria USB 32 GB Altura Prime,Oficina,Altura,3212.29,338,Distribuidora Metropolitana,2024-03-11,Sí
67,OFI-00067,Cuaderno Cuadriculado Nativa Plus,Oficina,Nativa,2620.53,185,Distribuidora Bajío,2025-12-25,Sí
68,HOG-00068,Termo de Acero Inoxidable Nativa Max,Hogar,Nativa,1133.09,303,Distribuidora Pacífico,2024-11-26,Sí
69,ELE-00069,Mouse Óptico Brava Max,Electrónica,Brava,2058.0,342,Distribuidora Hidalgo,2024-12-10,No
70,OFI-00070,Mochila Impermeable Aurea Prime,Oficina,Aurea,4793.27,174,Distribuidora Pacífico,2026-06-20,Sí
71,OFI-00071,Memoria USB 32 GB Aurea Plus,Oficina,Aurea,1474.45,208,Distribuidora Bajío,2025-07-22,Sí
72,ALI-00072,Aceite Vegetal 1 L Nativa Max,Alimentos,Nativa,638.73,47,Distribuidora Pacífico,2024-08-14,Sí
73,HOG-00073,Sartén de Acero 26 cm Prisma Max,Hogar,Prisma,1418.4,176,Distribuidora Hidalgo,2026-02-02,Sí
74,OFI-00074,Silla de Oficina Kairo Classic,Oficina,Kairo,1409.93,98,Distribuidora Metropolitana,2024-05-02,Sí
75,ALI-00075,Cereal Integral 500 g Aurea Max,Alimentos,Aurea,239.01,301,Distribuidora Pacífico,2024-04-12,Sí
76,OFI-00076,Mochila Antirrobo Nexo Classic,Oficina,Nexo,119.38,273,Distribuidora Mexicana,2024-10-07,No
77,ELE-00077,Cargador Inalámbrico Vitta Max,Electrónica,Vitta,492.67,6,Distribuidora Pacífico,2025-04-25,Sí
78,OFI-00078,Mochila para Laptop 15.6 Terra Max,Oficina,Terra,715.42,33,Distribuidora Hidalgo,2025-05-18,Sí
79,ALI-00079,Café en Grano 1 kg Vitta Advance,Alimentos,Vitta,759.62,43,Distribuidora Nova,2024-05-01,Sí
80,DEP-00080,Guantes de Ciclismo Zenit Max,Deportes,Zenit,2732.75,152,Distribuidora Hidalgo,2024-11-08,Sí
81,ELE-00081,Cargador USB-C 20W Aurea Select,Electrónica,Aurea,1035.56,41,Distribuidora Mexicana,2024-09-02,Sí
82,ELE-00082,Teclado Mecánico Urban Max,Electrónica,Urban,2458.39,240,Distribuidora Pacífico,2024-02-03,Sí
83,ALI-00083,Pasta Fusilli 500 g Cobalto Plus,Alimentos,Cobalto,557.04,135,Distribuidora Nova,2025-03-11,Sí
84,HOG-00084,Organizador Multiusos Vitta Plus,Hogar,Vitta,223.32,157,Distribuidora Pacífico,2025-03-25,Sí
85,ALI-00085,Pasta Fusilli 500 g Zenit Classic,Alimentos,Zenit,412.37,252,Distribuidora Bajío,2024-03-23,Sí
86,DEP-00086,Mancuerna Ajustable Nova Plus,Deportes,Nova,755.17,345,Distribuidora Central,2026-02-22,Sí
87,OFI-00087,Memoria USB 32 GB Nexo Max,Oficina,Nexo,3130.1,226,Distribuidora Pacífico,2024-07-04,Sí
88,DEP-00088,Balón de Fútbol Nativa Prime,Deportes,Nativa,1277.29,164,Distribuidora del Norte,2026-05-28,Sí
89,DEP-00089,Balón de Voleibol Zenit Lite,Deportes,Zenit,195.79,45,Distribuidora Metropolitana,2024-09-15,Sí
90,DEP-00090,Guantes de Gimnasio Cobalto Eco,Deportes,Cobalto,246.73,265,Distribuidora Metropolitana,2025-09-29,Sí
91,ALI-00091,Aceite de Oliva 500 ml Aurea Classic,Alimentos,Aurea,450.1,147,Distribuidora Bajío,2026-06-20,Sí
92,ELE-00092,Audífonos Inalámbricos Nexo Classic,Electrónica,Nexo,1994.31,282,Distribuidora Hidalgo,2024-04-05,Sí
93,ELE-00093,Bocina Bluetooth Vitta Max,Electrónica,Vitta,3273.39,149,Distribuidora Pacífico,2025-03-01,Sí
94,DEP-00094,Tapete de Yoga con Correa Vitta Eco,Deportes,Vitta,643.68,306,Distribuidora Mexicana,2026-06-03,Sí
95,DEP-00095,Mancuerna Ajustable Nova Classic,Deportes,Nova,2201.81,300,Distribuidora Bajío,2026-06-05,Sí
96,CUI-00096,Rasuradora Corporal Marea Lite,Cuidado personal,Marea,2145.95,193,Distribuidora Bajío,2026-08-13,Sí
97,HOG-00097,Organizador de Baño Brava Eco,Hogar,Brava,184.63,242,Distribuidora Hidalgo,2025-01-30,Sí
98,ALI-00098,Cereal con Frutos 450 g Altura Pro,Alimentos,Altura,413.77,302,Distribuidora Metropolitana,2026-06-09,Sí
99,DEP-00099,Botella Deportiva Térmica Nova Pro,Deportes,Nova,1282.04,335,Distribuidora Mexicana,2024-03-17,Sí
100,OFI-00100,Calculadora Financiera Lumina Prime,Oficina,Lumina,5118.36,273,Distribuidora Hidalgo,2026-09-04,Sí
101,ALI-00101,Aceite Vegetal 1 L Altura Advance,Alimentos,Altura,77.96,323,Distribuidora Pacífico,2024-08-20,Sí
102,DEP-00102,Botella Deportiva 750 ml Cobalto Pro,Deportes,Cobalto,2108.54,14,Distribuidora Central,2024-11-28,Sí
103,OFI-00103,Calculadora Básica Urban Pro,Oficina,Urban,1491.39,210,Distribuidora Mexicana,2024-06-23,Sí
104,CUI-00104,Rasuradora 3 Cabezas Nativa Advance,Cuidado personal,Nativa,439.15,236,Distribuidora Pacífico,2025-04-15,Sí
105,ELE-00105,Bocina Inteligente Nexo Plus,Electrónica,Nexo,1628.79,176,Distribuidora Pacífico,2025-10-16,Sí
106,ALI-00106,Pasta Penne 500 g Kairo Select,Alimentos,Kairo,798.52,247,Distribuidora del Norte,2024-08-30,Sí
107,OFI-00107,Memoria USB 128 GB Kairo Essential,Oficina,Kairo,5867.46,337,Distribuidora Hidalgo,2024-10-08,No
108,ALI-00108,Café Descafeinado 400 g Kairo Select,Alimentos,Kairo,494.87,180,Distribuidora Nova,2025-10-13,Sí
109,OFI-00109,Mochila para Laptop 15.6 Altura Classic,Oficina,Altura,4738.27,17,Distribuidora Metropolitana,2026-01-19,Sí
110,OFI-00110,Calculadora Financiera Nexo Select,Oficina,Nexo,823.2,276,Distribuidora Metropolitana,2025-06-27,Sí
111,OFI-00111,Mochila Antirrobo Nativa Classic,Oficina,Nativa,4487.48,173,Distribuidora del Norte,2025-04-24,Sí
112,HOG-00112,Organizador de Baño Prisma Plus,Hogar,Prisma,1992.45,7,Distribuidora Pacífico,2025-07-03,Sí
113,OFI-00113,Calculadora Financiera Prisma Plus,Oficina,Prisma,4059.73,241,Distribuidora Central,2025-09-26,Sí
114,CUI-00114,Cepillo Dental Medio Lumina Max,Cuidado personal,Lumina,2549.45,154,Distribuidora Hidalgo,2024-04-29,Sí
115,ELE-00115,Mouse Óptico Orion Plus,Electrónica,Orion,935.58,275,Distribuidora Mexicana,2025-02-01,Sí
116,ALI-00116,Galletas Integrales 350 g Vitta Eco,Alimentos,Vitta,531.91,250,Distribuidora Hidalgo,2026-08-19,Sí
117,ELE-00117,Webcam con Micrófono Aurea Max,Electrónica,Aurea,1638.73,120,Distribuidora Metropolitana,2024-04-11,Sí
118,OFI-00118,Memoria USB 128 GB Altura Eco,Oficina,Altura,1680.36,62,Distribuidora Bajío,2024-04-03,Sí
119,ALI-00119,Galletas de Avena 300 g Altura Prime,Alimentos,Altura,213.52,64,Distribuidora Nova,2024-03-11,Sí
120,CUI-00120,Crema Corporal Nutritiva 400 ml Aurea Select,Cuidado personal,Aurea,949.85,75,Distribuidora Central,2024-10-10,Sí
121,HOG-00121,Organizador Multiusos Nexo Plus,Hogar,Nexo,1678.76,13,Distribuidora Mexicana,2024-01-16,Sí
122,HOG-00122,Termo de Acero Inoxidable Nova Pro,Hogar,Nova,721.19,64,Distribuidora Hidalgo,2025-06-22,Sí
123,ELE-00123,Bocina Resistente al Agua Prisma Lite,Electrónica,Prisma,2137.78,231,Distribuidora Nova,2026-08-26,Sí
124,ALI-00124,Galletas Integrales 350 g Cobalto Essential,Alimentos,Cobalto,72.08,245,Distribuidora Hidalgo,2025-03-12,Sí
125,DEP-00125,Balón de Fútbol Lumina Prime,Deportes,Lumina,1859.15,33,Distribuidora Mexicana,2024-10-08,Sí
126,CUI-00126,Secadora 2000 W Zenit Advance,Cuidado personal,Zenit,1506.15,232,Distribuidora Hidalgo,2024-04-11,Sí
127,ELE-00127,Webcam 2K Urban Max,Electrónica,Urban,3124.1,211,Distribuidora Metropolitana,2026-04-27,Sí
128,DEP-00128,Botella Deportiva con Popote Urban Prime,Deportes,Urban,2024.46,191,Distribuidora Mexicana,2025-12-04,Sí
129,ELE-00129,Audífonos Bluetooth Lumina Eco,Electrónica,Lumina,472.49,190,Distribuidora Mexicana,2025-07-23,Sí
130,CUI-00130,Secadora 2000 W Orion Eco,Cuidado personal,Orion,1018.81,340,Distribuidora Hidalgo,2026-06-07,Sí
131,ELE-00131,Mouse Gaming Prisma Plus,Electrónica,Prisma,2085.03,108,Distribuidora Mexicana,2025-11-03,Sí
132,ELE-00132,Mouse Gaming Orion Classic,Electrónica,Orion,2072.24,219,Distribuidora Central,2025-09-15,Sí
133,ALI-00133,Pasta Spaghetti 500 g Nexo Classic,Alimentos,Nexo,568.89,158,Distribuidora Metropolitana,2024-12-25,No
134,HOG-00134,Termo Térmico Lumina Pro,Hogar,Lumina,1872.15,15,Distribuidora del Norte,2026-02-03,Sí
135,DEP-00135,Balón Entrenamiento Marea Pro,Deportes,Marea,1165.85,166,Distribuidora del Norte,2026-06-23,Sí
136,HOG-00136,Termo 500 ml Lumina Classic,Hogar,Lumina,1151.33,217,Distribuidora Bajío,2025-09-13,Sí
137,OFI-00137,Mochila para Laptop 15.6 Prisma Eco,Oficina,Prisma,696.35,347,Distribuidora Bajío,2025-06-23,Sí
138,ELE-00138,Teclado RGB Altura Essential,Electrónica,Altura,833.82,108,Distribuidora Mexicana,2026-02-21,Sí
139,OFI-00139,Cuaderno Profesional Nativa Eco,Oficina,Nativa,1082.84,194,Distribuidora Nova,2025-05-27,Sí
140,ALI-00140,Pasta Spaghetti 500 g Zenit Essential,Alimentos,Zenit,362.63,235,Distribuidora del Norte,2026-06-01,Sí
141,DEP-00141,Guantes con Muñequera Urban Classic,Deportes,Urban,424.15,10,Distribuidora Metropolitana,2024-06-24,Sí
142,CUI-00142,Rasuradora Corporal Lumina Eco,Cuidado personal,Lumina,2370.71,124,Distribuidora Hidalgo,2025-08-26,Sí
143,ELE-00143,Bocina Inteligente Marea Select,Electrónica,Marea,1264.78,86,Distribuidora del Norte,2025-06-06,Sí
144,CUI-00144,Secadora Iónica Prisma Prime,Cuidado personal,Prisma,2048.2,330,Distribuidora Mexicana,2024-08-29,Sí
145,OFI-00145,Mochila Ejecutiva Vitta Plus,Oficina,Vitta,1091.5,321,Distribuidora Bajío,2025-04-20,Sí
146,CUI-00146,Rasuradora Corporal Marea Pro,Cuidado personal,Marea,1256.11,240,Distribuidora Bajío,2025-10-08,Sí
147,OFI-00147,Memoria USB 32 GB Prisma Lite,Oficina,Prisma,477.47,236,Distribuidora Bajío,2024-02-08,Sí
148,OFI-00148,Cuaderno Profesional Zenit Max,Oficina,Zenit,3496.08,21,Distribuidora Bajío,2026-07-19,Sí
149,ALI-00149,Cereal con Frutos 450 g Nativa Lite,Alimentos,Nativa,141.77,31,Distribuidora Bajío,2024-04-15,Sí
150,OFI-00150,Cuaderno de Notas Altura Select,Oficina,Altura,4255.26,224,Distribuidora Mexicana,2025-01-07,Sí
151,OFI-00151,Silla con Soporte Lumbar Marea Advance,Oficina,Marea,347.31,323,Distribuidora Metropolitana,2024-03-08,Sí
152,CUI-00152,Rasuradora Corporal Terra Advance,Cuidado personal,Terra,2450.01,170,Distribuidora del Norte,2025-08-19,Sí
153,OFI-00153,Calculadora Financiera Vitta Advance,Oficina,Vitta,4262.49,43,Distribuidora Pacífico,2025-07-26,Sí
154,OFI-00154,Mochila para Laptop 15.6 Urban Lite,Oficina,Urban,2192.94,185,Distribuidora Pacífico,2024-07-03,Sí
155,OFI-00155,Silla Ejecutiva Brava Pro,Oficina,Brava,959.09,151,Distribuidora del Norte,2025-06-03,Sí
156,ALI-00156,Galletas de Avena 300 g Marea Advance,Alimentos,Marea,126.43,192,Distribuidora Mexicana,2024-06-15,Sí
157,ALI-00157,Galletas de Avena 300 g Cobalto Essential,Alimentos,Cobalto,343.0,346,Distribuidora Nova,2025-03-30,Sí
158,ALI-00158,Aceite de Oliva 500 ml Brava Classic,Alimentos,Brava,772.37,240,Distribuidora Nova,2025-01-11,Sí
159,CUI-00159,Rasuradora de Precisión Kairo Eco,Cuidado personal,Kairo,1430.01,214,Distribuidora Mexicana,2026-04-16,Sí
160,CUI-00160,Crema Corporal con Aloe 500 ml Altura Max,Cuidado personal,Altura,2452.32,283,Distribuidora del Norte,2025-12-29,Sí
161,ELE-00161,Mouse Inalámbrico Nexo Classic,Electrónica,Nexo,1654.22,262,Distribuidora Mexicana,2026-04-30,Sí
162,HOG-00162,Juego de Toallas 6 Piezas Nova Eco,Hogar,Nova,207.88,257,Distribuidora Metropolitana,2024-08-29,Sí
163,ELE-00163,Mouse Ergonómico Nova Prime,Electrónica,Nova,3267.27,332,Distribuidora Metropolitana,2026-03-21,Sí
164,ELE-00164,Mouse Óptico Vitta Max,Electrónica,Vitta,1651.81,2,Distribuidora del Norte,2024-01-20,Sí
165,HOG-00165,Termo Térmico Orion Classic,Hogar,Orion,654.09,62,Distribuidora Central,2024-09-01,Sí
166,CUI-00166,Rasuradora Recargable Orion Max,Cuidado personal,Orion,1688.42,8,Distribuidora Nova,2026-01-05,Sí
167,DEP-00167,Botella Deportiva con Popote Brava Advance,Deportes,Brava,1301.21,340,Distribuidora del Norte,2025-06-20,Sí
168,ELE-00168,Cargador USB-C 20W Zenit Max,Electrónica,Zenit,294.84,198,Distribuidora Metropolitana,2024-09-16,Sí
169,OFI-00169,Cuaderno Pasta Dura Brava Plus,Oficina,Brava,4636.23,170,Distribuidora Mexicana,2024-02-15,Sí
170,OFI-00170,Mochila Impermeable Nativa Pro,Oficina,Nativa,4874.77,32,Distribuidora Bajío,2024-02-07,Sí
171,ELE-00171,Teclado Mecánico Marea Classic,Electrónica,Marea,1875.54,278,Distribuidora Bajío,2024-09-16,No
172,ALI-00172,Cereal con Frutos 450 g Prisma Essential,Alimentos,Prisma,695.13,169,Distribuidora Pacífico,2024-05-07,Sí
173,DEP-00173,Balón Entrenamiento Zenit Prime,Deportes,Zenit,2922.54,254,Distribuidora Bajío,2025-01-11,Sí
174,CUI-00174,Cepillo Dental Suave Urban Plus,Cuidado personal,Urban,1230.89,92,Distribuidora Pacífico,2024-11-24,Sí
175,OFI-00175,Calculadora Básica Cobalto Advance,Oficina,Cobalto,4315.14,85,Distribuidora Bajío,2024-12-25,Sí
176,ALI-00176,Pasta Fusilli 500 g Urban Classic,Alimentos,Urban,519.95,29,Distribuidora del Norte,2025-11-18,Sí
177,OFI-00177,Memoria USB 64 GB Nova Pro,Oficina,Nova,5096.46,347,Distribuidora Bajío,2024-02-05,Sí
178,HOG-00178,Sartén Antiadherente 28 cm Zenit Advance,Hogar,Zenit,157.37,78,Distribuidora Bajío,2026-08-29,Sí
179,DEP-00179,Botella Deportiva 1 L Prisma Eco,Deportes,Prisma,1003.86,142,Distribuidora Nova,2024-04-26,No
180,HOG-00180,Juego de Toallas Microfibra Orion Classic,Hogar,Orion,1954.41,228,Distribuidora Nova,2025-09-18,Sí
181,DEP-00181,Tapete de Yoga 6 mm Vitta Plus,Deportes,Vitta,1404.44,227,Distribuidora del Norte,2026-04-09,Sí
182,OFI-00182,Calculadora Científica Kairo Classic,Oficina,Kairo,5112.52,326,Distribuidora Mexicana,2026-03-23,Sí
183,HOG-00183,Lámpara LED Vitta Select,Hogar,Vitta,1991.7,13,Distribuidora Metropolitana,2025-07-21,Sí
184,DEP-00184,Guantes de Ciclismo Lumina Plus,Deportes,Lumina,989.04,245,Distribuidora Hidalgo,2026-02-26,Sí
185,CUI-00185,Shampoo Hidratante 750 ml Marea Plus,Cuidado personal,Marea,1284.23,348,Distribuidora Metropolitana,2024-05-11,Sí
186,CUI-00186,Secadora Iónica Vitta Eco,Cuidado personal,Vitta,1429.89,28,Distribuidora del Norte,2025-06-14,Sí
187,HOG-00187,Organizador Multiusos Brava Prime,Hogar,Brava,2371.91,265,Distribuidora Pacífico,2026-05-16,Sí
188,HOG-00188,Termo de Acero Inoxidable Vitta Classic,Hogar,Vitta,1565.92,47,Distribuidora Mexicana,2025-08-29,Sí
189,HOG-00189,Organizador Multiusos Altura Essential,Hogar,Altura,275.56,328,Distribuidora Pacífico,2025-10-28,Sí
190,CUI-00190,Rasuradora Recargable Nativa Lite,Cuidado personal,Nativa,842.76,154,Distribuidora Bajío,2024-09-07,Sí
191,ALI-00191,Aceite de Aguacate 500 ml Cobalto Plus,Alimentos,Cobalto,557.99,80,Distribuidora Bajío,2025-03-01,Sí
192,HOG-00192,Sartén de Acero 26 cm Vitta Prime,Hogar,Vitta,2163.79,163,Distribuidora Metropolitana,2025-02-12,Sí
193,OFI-00193,Memoria USB 32 GB Marea Select,Oficina,Marea,2817.04,136,Distribuidora Bajío,2024-09-10,Sí
194,ELE-00194,Mouse Óptico Urban Select,Electrónica,Urban,3374.0,81,Distribuidora Metropolitana,2026-08-14,Sí
195,OFI-00195,Mochila Ejecutiva Nativa Lite,Oficina,Nativa,2819.09,157,Distribuidora Bajío,2024-01-24,Sí
196,DEP-00196,Guantes con Muñequera Brava Select,Deportes,Brava,1786.53,24,Distribuidora Central,2024-10-15,Sí
197,ALI-00197,Aceite de Aguacate 500 ml Nova Plus,Alimentos,Nova,358.54,135,Distribuidora Metropolitana,2026-02-21,Sí
198,ELE-00198,Bocina Bluetooth Aurea Prime,Electrónica,Aurea,2002.3,37,Distribuidora Hidalgo,2025-05-31,Sí
199,CUI-00199,Cepillo Dental Suave Vitta Plus,Cuidado personal,Vitta,1129.81,173,Distribuidora Metropolitana,2026-02-12,Sí
200,CUI-00200,Secadora Profesional Altura Essential,Cuidado personal,Altura,152.17,170,Distribuidora Bajío,2025-06-15,Sí
201,CUI-00201,Secadora Iónica Marea Advance,Cuidado personal,Marea,922.23,201,Distribuidora Pacífico,2025-08-30,Sí
202,CUI-00202,Secadora Profesional Kairo Max,Cuidado personal,Kairo,2291.57,188,Distribuidora Metropolitana,2025-11-20,Sí
203,DEP-00203,Guantes Deportivos Nova Advance,Deportes,Nova,1470.06,335,Distribuidora Nova,2026-01-08,Sí
204,DEP-00204,Tapete de Yoga con Correa Vitta Select,Deportes,Vitta,180.87,56,Distribuidora Nova,2024-01-20,Sí
205,DEP-00205,Tapete de Yoga con Correa Aurea Eco,Deportes,Aurea,1549.29,313,Distribuidora Bajío,2026-06-12,Sí
206,ALI-00206,Café en Grano 1 kg Aurea Lite,Alimentos,Aurea,276.59,339,Distribuidora Bajío,2025-06-22,Sí
207,HOG-00207,Juego de Toallas 6 Piezas Prisma Classic,Hogar,Prisma,1555.39,98,Distribuidora Nova,2024-10-12,Sí
208,HOG-00208,Sartén Antiadherente 28 cm Aurea Max,Hogar,Aurea,846.24,178,Distribuidora Pacífico,2024-10-21,Sí
209,ALI-00209,Galletas Integrales 350 g Zenit Prime,Alimentos,Zenit,763.87,74,Distribuidora Pacífico,2024-02-13,Sí
210,ALI-00210,Café Americano 500 g Cobalto Classic,Alimentos,Cobalto,603.44,109,Distribuidora Nova,2026-04-27,Sí
211,CUI-00211,Cepillo Dental Medio Orion Advance,Cuidado personal,Orion,2085.41,122,Distribuidora Nova,2024-02-21,Sí
212,CUI-00212,Crema Corporal Nutritiva 400 ml Brava Essential,Cuidado personal,Brava,320.95,169,Distribuidora Bajío,2024-04-12,Sí
213,HOG-00213,Lámpara LED Urban Max,Hogar,Urban,1234.43,102,Distribuidora Pacífico,2024-11-24,Sí
214,ELE-00214,Audífonos Inalámbricos Altura Pro,Electrónica,Altura,1548.91,90,Distribuidora Central,2026-05-06,Sí
215,DEP-00215,Tapete de Yoga Antideslizante Altura Essential,Deportes,Altura,957.32,308,Distribuidora del Norte,2026-08-08,Sí
216,OFI-00216,Silla con Soporte Lumbar Vitta Lite,Oficina,Vitta,2826.28,98,Distribuidora del Norte,2024-12-04,Sí
217,DEP-00217,Mancuerna 10 kg Nova Prime,Deportes,Nova,2390.13,290,Distribuidora Nova,2024-06-28,Sí
218,ALI-00218,Aceite de Aguacate 500 ml Marea Plus,Alimentos,Marea,335.24,48,Distribuidora Mexicana,2024-05-23,Sí
219,HOG-00219,Lámpara de Noche Zenit Select,Hogar,Zenit,1160.1,136,Distribuidora Metropolitana,2024-11-05,Sí
220,CUI-00220,Shampoo Anticaspa 650 ml Prisma Select,Cuidado personal,Prisma,216.09,60,Distribuidora Bajío,2024-11-10,Sí
221,ALI-00221,Galletas con Chocolate 300 g Kairo Plus,Alimentos,Kairo,519.36,151,Distribuidora Metropolitana,2025-09-21,Sí
222,HOG-00222,Juego de Toallas 4 Piezas Cobalto Advance,Hogar,Cobalto,983.17,281,Distribuidora Bajío,2026-02-14,Sí
223,ALI-00223,Cereal Integral 500 g Lumina Lite,Alimentos,Lumina,370.78,185,Distribuidora del Norte,2026-07-28,Sí
224,ELE-00224,Cargador USB-C 45W Vitta Pro,Electrónica,Vitta,1248.19,266,Distribuidora Bajío,2024-04-29,Sí
225,ALI-00225,Galletas Integrales 350 g Lumina Lite,Alimentos,Lumina,369.8,28,Distribuidora Bajío,2024-05-15,Sí
226,DEP-00226,Guantes de Gimnasio Cobalto Classic,Deportes,Cobalto,2193.75,202,Distribuidora Pacífico,2026-04-16,No
227,HOG-00227,Termo 500 ml Altura Eco,Hogar,Altura,912.76,32,Distribuidora Central,2026-08-15,Sí
228,DEP-00228,Botella Deportiva con Popote Urban Pro,Deportes,Urban,2326.71,328,Distribuidora Hidalgo,2025-01-18,Sí
229,DEP-00229,Balón Entrenamiento Zenit Plus,Deportes,Zenit,2075.75,338,Distribuidora Mexicana,2025-10-31,Sí
230,ELE-00230,Teclado RGB Vitta Select,Electrónica,Vitta,2945.65,11,Distribuidora Pacífico,2025-04-19,Sí
231,CUI-00231,Rasuradora de Precisión Brava Select,Cuidado personal,Brava,1313.56,79,Distribuidora Pacífico,2024-07-12,Sí
232,ALI-00232,Café Molido 500 g Urban Advance,Alimentos,Urban,617.93,8,Distribuidora Nova,2024-07-30,Sí
233,CUI-00233,Shampoo Anticaspa 650 ml Altura Select,Cuidado personal,Altura,2084.45,205,Distribuidora Bajío,2024-08-27,Sí
234,ELE-00234,Teclado Compacto Brava Advance,Electrónica,Brava,1217.33,306,Distribuidora Metropolitana,2024-08-30,Sí
235,HOG-00235,Termo 750 ml Urban Classic,Hogar,Urban,744.87,285,Distribuidora Mexicana,2025-10-03,Sí
236,CUI-00236,Rasuradora Recargable Prisma Eco,Cuidado personal,Prisma,2209.11,163,Distribuidora Hidalgo,2025-02-22,Sí
237,DEP-00237,Tapete de Yoga con Correa Brava Select,Deportes,Brava,964.14,73,Distribuidora Bajío,2026-07-25,Sí
238,DEP-00238,Balón de Básquetbol Zenit Select,Deportes,Zenit,831.04,169,Distribuidora del Norte,2026-08-02,Sí
239,OFI-00239,Cuaderno de Notas Altura Classic,Oficina,Altura,2284.43,309,Distribuidora Central,2026-06-13,Sí
240,CUI-00240,Secadora Iónica Nativa Select,Cuidado personal,Nativa,2439.53,170,Distribuidora Pacífico,2026-09-06,Sí
241,HOG-00241,Organizador de Cocina Nativa Select,Hogar,Nativa,1762.42,104,Distribuidora Hidalgo,2026-07-26,Sí
242,OFI-00242,Calculadora Financiera Cobalto Lite,Oficina,Cobalto,3903.97,157,Distribuidora Pacífico,2025-01-03,Sí
243,DEP-00243,Balón de Fútbol Nativa Prime,Deportes,Nativa,2749.7,189,Distribuidora Metropolitana,2025-02-27,No
244,HOG-00244,Organizador de Cocina Terra Lite,Hogar,Terra,2341.11,296,Distribuidora Hidalgo,2024-10-29,Sí
245,OFI-00245,Mochila Impermeable Brava Max,Oficina,Brava,3319.03,350,Distribuidora Metropolitana,2024-09-20,Sí
246,DEP-00246,Balón Entrenamiento Nexo Prime,Deportes,Nexo,581.56,279,Distribuidora Bajío,2024-07-07,Sí
247,CUI-00247,Shampoo Reparador 700 ml Altura Plus,Cuidado personal,Altura,2648.05,342,Distribuidora Central,2026-02-21,No
248,HOG-00248,Organizador de Cocina Vitta Essential,Hogar,Vitta,608.3,233,Distribuidora Metropolitana,2024-03-02,Sí
249,ALI-00249,Galletas Integrales 350 g Nativa Essential,Alimentos,Nativa,30.12,282,Distribuidora Hidalgo,2024-01-13,No
250,ALI-00250,Pasta Fusilli 500 g Kairo Essential,Alimentos,Kairo,413.72,345,Distribuidora Hidalgo,2026-04-05,Sí
251,HOG-00251,Lámpara de Escritorio Vitta Select,Hogar,Vitta,543.48,269,Distribuidora Pacífico,2026-04-14,Sí
252,DEP-00252,Botella Deportiva con Popote Zenit Max,Deportes,Zenit,1733.16,115,Distribuidora Pacífico,2025-12-01,Sí
253,ELE-00253,Webcam Full HD Lumina Eco,Electrónica,Lumina,1419.53,282,Distribuidora Bajío,2024-02-27,Sí
254,ALI-00254,Cereal Integral 500 g Nativa Eco,Alimentos,Nativa,524.16,169,Distribuidora del Norte,2026-07-05,Sí
255,ELE-00255,Teclado Inalámbrico Nativa Classic,Electrónica,Nativa,304.98,38,Distribuidora Pacífico,2026-07-09,Sí
256,ALI-00256,Café en Grano 1 kg Marea Essential,Alimentos,Marea,769.18,300,Distribuidora Mexicana,2026-02-09,Sí
257,DEP-00257,Botella Deportiva con Popote Nexo Advance,Deportes,Nexo,788.77,199,Distribuidora Metropolitana,2025-01-28,Sí
258,HOG-00258,Lámpara de Noche Altura Plus,Hogar,Altura,1136.75,38,Distribuidora Metropolitana,2025-09-11,Sí
259,CUI-00259,Rasuradora Corporal Nova Classic,Cuidado personal,Nova,2202.89,230,Distribuidora Bajío,2024-08-21,Sí
260,DEP-00260,Balón de Básquetbol Zenit Plus,Deportes,Zenit,2336.01,151,Distribuidora Nova,2025-12-31,Sí
261,OFI-00261,Mochila Impermeable Vitta Eco,Oficina,Vitta,1923.67,54,Distribuidora del Norte,2024-01-06,Sí
262,DEP-00262,Mancuerna Ajustable Orion Pro,Deportes,Orion,343.03,220,Distribuidora Bajío,2025-07-24,Sí
263,DEP-00263,Botella Deportiva 750 ml Lumina Prime,Deportes,Lumina,1701.78,305,Distribuidora Metropolitana,2026-06-03,Sí
264,OFI-00264,Silla con Soporte Lumbar Lumina Lite,Oficina,Lumina,5433.66,124,Distribuidora Mexicana,2025-12-02,Sí
265,HOG-00265,Sartén Antiadherente 28 cm Terra Max,Hogar,Terra,432.16,85,Distribuidora Hidalgo,2024-10-09,Sí
266,DEP-00266,Botella Deportiva con Popote Terra Select,Deportes,Terra,2186.82,253,Distribuidora Nova,2025-04-13,Sí
267,OFI-00267,Cuaderno Cuadriculado Marea Advance,Oficina,Marea,2300.66,168,Distribuidora Bajío,2024-12-08,Sí
268,ALI-00268,Galletas de Avena 300 g Kairo Prime,Alimentos,Kairo,491.89,102,Distribuidora Bajío,2024-11-17,Sí
269,DEP-00269,Mancuerna Ajustable Nativa Advance,Deportes,Nativa,2364.55,166,Distribuidora Hidalgo,2024-10-14,Sí
270,DEP-00270,Mancuerna 5 kg Aurea Advance,Deportes,Aurea,2991.04,92,Distribuidora Central,2026-09-02,Sí
271,ALI-00271,Cereal con Frutos 450 g Kairo Plus,Alimentos,Kairo,658.88,209,Distribuidora Bajío,2024-05-22,Sí
272,HOG-00272,Sartén de Acero 26 cm Vitta Eco,Hogar,Vitta,1988.57,37,Distribuidora Bajío,2025-09-04,Sí
273,DEP-00273,Guantes con Muñequera Altura Prime,Deportes,Altura,2130.76,274,Distribuidora del Norte,2024-04-21,Sí
274,ALI-00274,Pasta Spaghetti 500 g Altura Advance,Alimentos,Altura,786.31,346,Distribuidora Hidalgo,2026-02-09,Sí
275,DEP-00275,Botella Deportiva 750 ml Orion Classic,Deportes,Orion,735.02,265,Distribuidora Nova,2025-04-01,Sí
276,DEP-00276,Guantes de Ciclismo Prisma Essential,Deportes,Prisma,1493.86,151,Distribuidora Hidalgo,2026-07-31,Sí
277,ELE-00277,Webcam 2K Prisma Classic,Electrónica,Prisma,1298.27,105,Distribuidora Bajío,2024-12-22,Sí
278,DEP-00278,Balón de Voleibol Lumina Classic,Deportes,Lumina,219.03,58,Distribuidora Central,2026-05-19,Sí
279,ELE-00279,Webcam 2K Brava Lite,Electrónica,Brava,733.42,81,Distribuidora Metropolitana,2025-07-27,Sí
280,DEP-00280,Tapete de Yoga con Correa Nexo Pro,Deportes,Nexo,1952.79,221,Distribuidora Hidalgo,2024-01-30,Sí
281,HOG-00281,Juego de Toallas Microfibra Zenit Essential,Hogar,Zenit,1784.46,105,Distribuidora Pacífico,2026-02-09,Sí
282,ELE-00282,Cargador USB-C 20W Nexo Prime,Electrónica,Nexo,1241.05,234,Distribuidora del Norte,2024-09-25,Sí
283,DEP-00283,Guantes Deportivos Zenit Advance,Deportes,Zenit,1231.3,58,Distribuidora Metropolitana,2024-12-26,Sí
284,CUI-00284,Crema Corporal Nutritiva 400 ml Kairo Advance,Cuidado personal,Kairo,1670.32,344,Distribuidora Mexicana,2024-11-16,Sí
285,OFI-00285,Cuaderno de Notas Prisma Pro,Oficina,Prisma,3081.56,214,Distribuidora Mexicana,2025-08-11,Sí
286,HOG-00286,Juego de Toallas 4 Piezas Nexo Max,Hogar,Nexo,777.98,95,Distribuidora Metropolitana,2026-05-12,Sí
287,ELE-00287,Mouse Inalámbrico Nativa Pro,Electrónica,Nativa,802.68,196,Distribuidora Bajío,2025-02-22,Sí
288,DEP-00288,Balón Entrenamiento Nexo Plus,Deportes,Nexo,1734.31,112,Distribuidora Pacífico,2024-02-03,Sí
289,CUI-00289,Cepillo Dental Medio Cobalto Advance,Cuidado personal,Cobalto,2089.9,253,Distribuidora del Norte,2025-08-09,Sí
290,CUI-00290,Cepillo Dental Suave Cobalto Lite,Cuidado personal,Cobalto,646.86,217,Distribuidora del Norte,2026-01-23,Sí
291,HOG-00291,Sartén Antiadherente 24 cm Cobalto Classic,Hogar,Cobalto,922.56,44,Distribuidora Bajío,2026-06-05,Sí
292,HOG-00292,Organizador Multiusos Urban Pro,Hogar,Urban,1570.09,105,Distribuidora Nova,2026-04-04,Sí
293,OFI-00293,Memoria USB 128 GB Nexo Prime,Oficina,Nexo,5873.76,149,Distribuidora Pacífico,2025-08-09,Sí
294,CUI-00294,Shampoo Hidratante 750 ml Urban Essential,Cuidado personal,Urban,2778.31,335,Distribuidora Mexicana,2025-12-19,Sí
295,HOG-00295,Organizador Multiusos Brava Eco,Hogar,Brava,1263.49,295,Distribuidora Pacífico,2025-10-04,Sí
296,DEP-00296,Botella Deportiva 750 ml Zenit Lite,Deportes,Zenit,2270.92,188,Distribuidora Bajío,2026-08-31,Sí
297,CUI-00297,Shampoo Reparador 700 ml Lumina Max,Cuidado personal,Lumina,1793.35,183,Distribuidora del Norte,2026-03-25,Sí
298,HOG-00298,Juego de Toallas 4 Piezas Nativa Classic,Hogar,Nativa,860.33,145,Distribuidora Metropolitana,2025-07-14,Sí
299,CUI-00299,Rasuradora Corporal Altura Essential,Cuidado personal,Altura,319.23,235,Distribuidora Central,2024-05-07,Sí
300,HOG-00300,Juego de Toallas Microfibra Nova Eco,Hogar,Nova,568.61,67,Distribuidora Pacífico,2024-06-11,Sí
301,OFI-00301,Cuaderno Pasta Dura Terra Plus,Oficina,Terra,2252.68,332,Distribuidora Mexicana,2024-02-23,Sí
302,OFI-00302,Mochila Impermeable Lumina Plus,Oficina,Lumina,41.48,244,Distribuidora del Norte,2024-05-15,Sí
303,CUI-00303,Rasuradora Recargable Nova Prime,Cuidado personal,Nova,2295.32,216,Distribuidora Mexicana,2025-05-04,Sí
304,DEP-00304,Botella Deportiva 750 ml Orion Prime,Deportes,Orion,1158.6,153,Distribuidora Mexicana,2025-01-26,Sí
305,HOG-00305,Organizador de Cocina Nova Advance,Hogar,Nova,1652.05,225,Distribuidora Metropolitana,2026-01-09,Sí
306,ALI-00306,Cereal con Frutos 450 g Cobalto Select,Alimentos,Cobalto,92.1,51,Distribuidora Mexicana,2026-02-09,Sí
307,ALI-00307,Aceite de Aguacate 500 ml Urban Prime,Alimentos,Urban,637.29,126,Distribuidora Pacífico,2025-10-22,Sí
308,CUI-00308,Secadora 2000 W Nova Classic,Cuidado personal,Nova,610.8,310,Distribuidora Nova,2026-02-04,Sí
309,ALI-00309,Café en Grano 1 kg Nativa Eco,Alimentos,Nativa,112.26,255,Distribuidora del Norte,2025-06-24,Sí
310,ELE-00310,Mouse Gaming Vitta Eco,Electrónica,Vitta,3032.73,291,Distribuidora Hidalgo,2025-01-09,Sí
311,HOG-00311,Juego de Toallas Algodón Nova Advance,Hogar,Nova,242.43,134,Distribuidora Nova,2024-02-10,Sí
312,DEP-00312,Guantes Deportivos Urban Eco,Deportes,Urban,2131.27,42,Distribuidora Mexicana,2024-10-11,Sí
313,ELE-00313,Cargador USB-C 45W Vitta Lite,Electrónica,Vitta,1243.61,300,Distribuidora del Norte,2024-11-13,Sí
314,ALI-00314,Cereal Integral 500 g Brava Plus,Alimentos,Brava,740.66,59,Distribuidora Bajío,2025-09-18,Sí
315,OFI-00315,Mochila para Laptop 15.6 Nova Pro,Oficina,Nova,4218.74,83,Distribuidora Bajío,2026-09-02,Sí
316,CUI-00316,Cepillo Dental Medio Prisma Pro,Cuidado personal,Prisma,2109.88,137,Distribuidora del Norte,2026-02-28,Sí
317,OFI-00317,Silla de Oficina Lumina Classic,Oficina,Lumina,4283.3,295,Distribuidora del Norte,2025-05-23,Sí
318,OFI-00318,Cuaderno Cuadriculado Nexo Prime,Oficina,Nexo,973.2,52,Distribuidora del Norte,2024-08-21,Sí
319,ELE-00319,Audífonos Bluetooth Brava Essential,Electrónica,Brava,1729.41,196,Distribuidora Mexicana,2024-07-02,Sí
320,ELE-00320,Cargador Doble Puerto Brava Prime,Electrónica,Brava,980.68,163,Distribuidora Pacífico,2026-04-25,Sí
321,OFI-00321,Cuaderno Profesional Nexo Select,Oficina,Nexo,4832.07,23,Distribuidora Hidalgo,2024-03-11,Sí
322,OFI-00322,Calculadora Básica Lumina Lite,Oficina,Lumina,2759.03,188,Distribuidora Nova,2024-10-25,Sí
323,OFI-00323,Memoria USB 64 GB Cobalto Prime,Oficina,Cobalto,3563.84,252,Distribuidora Nova,2026-01-20,Sí
324,HOG-00324,Organizador de Cocina Urban Essential,Hogar,Urban,642.85,177,Distribuidora Central,2026-08-31,Sí
325,ALI-00325,Aceite Vegetal 1 L Kairo Plus,Alimentos,Kairo,183.82,121,Distribuidora Hidalgo,2025-05-18,Sí
326,HOG-00326,Sartén Antiadherente 24 cm Altura Select,Hogar,Altura,2250.44,266,Distribuidora Hidalgo,2025-12-18,Sí
327,DEP-00327,Botella Deportiva 750 ml Vitta Eco,Deportes,Vitta,306.76,290,Distribuidora Central,2025-03-21,Sí
328,HOG-00328,Organizador Multiusos Terra Prime,Hogar,Terra,2320.02,201,Distribuidora Metropolitana,2024-11-21,Sí
329,HOG-00329,Lámpara LED Vitta Advance,Hogar,Vitta,342.71,54,Distribuidora Mexicana,2025-04-05,Sí
330,DEP-00330,Botella Deportiva con Popote Aurea Max,Deportes,Aurea,986.18,135,Distribuidora del Norte,2024-04-02,Sí
331,ALI-00331,Pasta Fusilli 500 g Altura Select,Alimentos,Altura,672.01,167,Distribuidora Mexicana,2024-04-03,Sí
332,OFI-00332,Silla Ergonómica Kairo Classic,Oficina,Kairo,4926.01,89,Distribuidora Central,2026-09-01,Sí
333,DEP-00333,Guantes de Ciclismo Orion Max,Deportes,Orion,385.55,71,Distribuidora del Norte,2024-01-13,Sí
334,HOG-00334,Organizador de Escritorio Zenit Prime,Hogar,Zenit,1739.81,330,Distribuidora del Norte,2025-08-19,Sí
335,ELE-00335,Audífonos Bluetooth Aurea Max,Electrónica,Aurea,2860.15,47,Distribuidora Metropolitana,2024-05-05,No
336,DEP-00336,Botella Deportiva 1 L Urban Eco,Deportes,Urban,1532.73,195,Distribuidora Hidalgo,2024-06-25,Sí
337,HOG-00337,Sartén Antiadherente 28 cm Cobalto Pro,Hogar,Cobalto,162.85,317,Distribuidora Nova,2025-10-24,Sí
338,DEP-00338,Guantes con Muñequera Altura Plus,Deportes,Altura,903.15,70,Distribuidora Hidalgo,2024-07-23,Sí
339,CUI-00339,Crema Corporal Nutritiva 400 ml Nova Eco,Cuidado personal,Nova,2198.4,183,Distribuidora Bajío,2025-07-11,Sí
340,OFI-00340,Memoria USB 128 GB Zenit Classic,Oficina,Zenit,1107.42,163,Distribuidora Nova,2024-01-31,Sí
341,OFI-00341,Cuaderno Cuadriculado Prisma Advance,Oficina,Prisma,5996.65,81,Distribuidora del Norte,2024-09-10,Sí
342,OFI-00342,Memoria USB 32 GB Brava Advance,Oficina,Brava,5083.56,198,Distribuidora Metropolitana,2026-08-15,Sí
343,HOG-00343,Organizador de Escritorio Marea Prime,Hogar,Marea,2290.83,14,Distribuidora Metropolitana,2026-08-28,Sí
344,HOG-00344,Termo 750 ml Nativa Lite,Hogar,Nativa,826.91,251,Distribuidora Central,2024-04-02,Sí
345,CUI-00345,Crema Corporal Hidratante 400 ml Nativa Essential,Cuidado personal,Nativa,958.6,314,Distribuidora Nova,2026-04-05,Sí
346,ALI-00346,Cereal con Frutos 450 g Altura Essential,Alimentos,Altura,139.33,72,Distribuidora del Norte,2026-05-16,Sí
347,OFI-00347,Cuaderno Pasta Dura Zenit Advance,Oficina,Zenit,637.56,154,Distribuidora Metropolitana,2024-05-19,Sí
348,ALI-00348,Aceite Vegetal 1 L Nativa Prime,Alimentos,Nativa,159.83,287,Distribuidora Metropolitana,2024-08-16,Sí
349,HOG-00349,Juego de Toallas 6 Piezas Kairo Pro,Hogar,Kairo,509.05,0,Distribuidora Hidalgo,2026-05-21,Sí
350,CUI-00350,Shampoo Hidratante 750 ml Marea Advance,Cuidado personal,Marea,653.35,289,Distribuidora del Norte,2026-08-17,Sí
351,OFI-00351,Cuaderno de Notas Prisma Prime,Oficina,Prisma,1036.28,45,Distribuidora Metropolitana,2025-04-02,No
352,HOG-00352,Organizador de Cocina Prisma Classic,Hogar,Prisma,1983.59,0,Distribuidora Central,2025-01-30,Sí
353,DEP-00353,Tapete de Yoga con Correa Nativa Eco,Deportes,Nativa,1111.08,192,Distribuidora del Norte,2026-04-28,Sí
354,CUI-00354,Crema Corporal Hidratante 400 ml Cobalto Plus,Cuidado personal,Cobalto,2245.98,17,Distribuidora Pacífico,2024-01-21,Sí
355,ELE-00355,Audífonos USB-C Nexo Eco,Electrónica,Nexo,688.03,38,Distribuidora del Norte,2024-12-12,Sí
356,CUI-00356,Rasuradora Recargable Urban Pro,Cuidado personal,Urban,1717.55,222,Distribuidora Mexicana,2024-02-24,Sí
357,HOG-00357,Organizador de Baño Terra Classic,Hogar,Terra,798.71,49,Distribuidora Central,2025-02-06,Sí
358,DEP-00358,Tapete de Yoga 6 mm Prisma Essential,Deportes,Prisma,1333.33,150,Distribuidora Bajío,2024-07-23,Sí
359,HOG-00359,Organizador Multiusos Lumina Max,Hogar,Lumina,2120.92,157,Distribuidora Hidalgo,2025-04-27,Sí
360,ALI-00360,Pasta Spaghetti 500 g Zenit Pro,Alimentos,Zenit,312.17,195,Distribuidora Metropolitana,2024-07-10,Sí
361,OFI-00361,Silla con Soporte Lumbar Terra Select,Oficina,Terra,5027.34,288,Distribuidora Central,2024-06-03,Sí
362,ALI-00362,Café Molido 500 g Prisma Lite,Alimentos,Prisma,345.43,301,Distribuidora Nova,2025-07-20,Sí
363,DEP-00363,Guantes con Muñequera Nativa Advance,Deportes,Nativa,2654.61,243,Distribuidora Pacífico,2024-03-21,Sí
364,ALI-00364,Café en Grano 1 kg Orion Max,Alimentos,Orion,158.81,85,Distribuidora Nova,2026-04-07,Sí
365,ELE-00365,Bocina Bluetooth Urban Select,Electrónica,Urban,3489.85,321,Distribuidora Mexicana,2026-05-04,Sí
366,OFI-00366,Cuaderno Profesional Zenit Lite,Oficina,Zenit,2404.83,166,Distribuidora Pacífico,2025-06-16,Sí
367,ELE-00367,Webcam Autofocus Orion Eco,Electrónica,Orion,650.3,290,Distribuidora del Norte,2026-08-05,Sí
368,ELE-00368,Mouse Gaming Urban Classic,Electrónica,Urban,1432.2,248,Distribuidora Bajío,2024-02-08,Sí
369,DEP-00369,Tapete de Yoga con Correa Altura Eco,Deportes,Altura,2677.66,169,Distribuidora Nova,2024-02-20,Sí
370,OFI-00370,Calculadora Científica Marea Classic,Oficina,Marea,1889.5,251,Distribuidora del Norte,2026-06-08,Sí
371,OFI-00371,Silla de Oficina Terra Eco,Oficina,Terra,3643.1,45,Distribuidora Nova,2025-03-28,Sí
372,DEP-00372,Balón de Voleibol Altura Lite,Deportes,Altura,2392.24,33,Distribuidora Pacífico,2025-12-27,Sí
373,HOG-00373,Termo 500 ml Nexo Select,Hogar,Nexo,2196.94,102,Distribuidora Central,2024-09-12,No
374,ELE-00374,Mouse Ergonómico Terra Prime,Electrónica,Terra,2907.75,258,Distribuidora Hidalgo,2025-10-12,Sí
375,ALI-00375,Café en Grano 1 kg Prisma Max,Alimentos,Prisma,484.79,90,Distribuidora Bajío,2025-08-23,Sí
376,OFI-00376,Mochila Antirrobo Lumina Classic,Oficina,Lumina,198.71,25,Distribuidora Mexicana,2026-05-24,Sí
377,HOG-00377,Organizador de Escritorio Aurea Classic,Hogar,Aurea,1655.84,262,Distribuidora Central,2026-06-04,Sí
378,ALI-00378,Café Descafeinado 400 g Vitta Pro,Alimentos,Vitta,490.28,4,Distribuidora Nova,2024-09-15,Sí
379,OFI-00379,Calculadora Financiera Zenit Prime,Oficina,Zenit,2772.46,111,Distribuidora Bajío,2024-11-05,Sí
380,CUI-00380,Rasuradora Recargable Nova Lite,Cuidado personal,Nova,2797.43,191,Distribuidora Pacífico,2024-11-01,Sí
381,DEP-00381,Botella Deportiva con Popote Terra Prime,Deportes,Terra,2595.94,133,Distribuidora Pacífico,2024-07-11,Sí
382,HOG-00382,Lámpara Minimalista Marea Pro,Hogar,Marea,1824.51,335,Distribuidora Bajío,2024-10-29,Sí
383,DEP-00383,Balón Entrenamiento Altura Advance,Deportes,Altura,2149.48,292,Distribuidora Nova,2024-12-17,Sí
384,HOG-00384,Termo Térmico Prisma Lite,Hogar,Prisma,805.47,87,Distribuidora Mexicana,2024-10-27,Sí
385,HOG-00385,Sartén de Acero 26 cm Nexo Prime,Hogar,Nexo,1662.73,113,Distribuidora Metropolitana,2024-08-16,Sí
386,OFI-00386,Silla de Oficina Prisma Classic,Oficina,Prisma,3527.34,237,Distribuidora del Norte,2025-04-26,Sí
387,ALI-00387,Galletas con Chocolate 300 g Lumina Max,Alimentos,Lumina,713.42,256,Distribuidora del Norte,2026-06-07,Sí
388,CUI-00388,Cepillo Dental Eléctrico Altura Pro,Cuidado personal,Altura,423.3,102,Distribuidora Metropolitana,2025-02-23,Sí
389,DEP-00389,Tapete de Yoga Antideslizante Nexo Plus,Deportes,Nexo,1507.86,323,Distribuidora Mexicana,2024-11-16,Sí
390,ELE-00390,Bocina Inteligente Aurea Pro,Electrónica,Aurea,2079.53,81,Distribuidora Bajío,2026-03-15,Sí
391,ELE-00391,Teclado RGB Urban Eco,Electrónica,Urban,1586.24,244,Distribuidora Hidalgo,2024-01-05,No
392,HOG-00392,Sartén Antiadherente 24 cm Marea Lite,Hogar,Marea,540.2,346,Distribuidora Central,2025-10-03,Sí
393,HOG-00393,Sartén Antiadherente 28 cm Vitta Plus,Hogar,Vitta,1007.19,301,Distribuidora Pacífico,2024-06-20,Sí
394,ELE-00394,Mouse Gaming Cobalto Lite,Electrónica,Cobalto,2146.84,172,Distribuidora Hidalgo,2026-06-28,Sí
395,HOG-00395,Sartén Antiadherente 28 cm Prisma Select,Hogar,Prisma,478.02,206,Distribuidora Central,2024-08-21,Sí
396,HOG-00396,Organizador de Cocina Nexo Plus,Hogar,Nexo,966.15,333,Distribuidora Central,2025-01-19,Sí
397,OFI-00397,Memoria USB 32 GB Altura Plus,Oficina,Altura,3932.88,10,Distribuidora Central,2025-12-07,Sí
398,DEP-00398,Balón de Fútbol Terra Max,Deportes,Terra,2131.44,105,Distribuidora Central,2024-11-04,Sí
399,ELE-00399,Webcam con Micrófono Vitta Eco,Electrónica,Vitta,2931.69,53,Distribuidora del Norte,2024-10-16,Sí
400,ELE-00400,Bocina Portátil Aurea Classic,Electrónica,Aurea,2934.52,103,Distribuidora Metropolitana,2025-12-21,Sí
401,HOG-00401,Lámpara Minimalista Aurea Max,Hogar,Aurea,879.06,1,Distribuidora Central,2025-11-18,Sí
402,ELE-00402,Cargador Doble Puerto Vitta Plus,Electrónica,Vitta,2760.41,38,Distribuidora del Norte,2026-07-15,Sí
403,HOG-00403,Juego de Toallas 6 Piezas Terra Max,Hogar,Terra,200.19,89,Distribuidora Central,2026-05-22,Sí
404,ALI-00404,Pasta Penne 500 g Orion Plus,Alimentos,Orion,683.86,23,Distribuidora Central,2026-05-22,Sí
405,ALI-00405,Cereal con Frutos 450 g Prisma Max,Alimentos,Prisma,764.24,137,Distribuidora del Norte,2025-01-16,Sí
406,HOG-00406,Lámpara Minimalista Zenit Max,Hogar,Zenit,736.84,197,Distribuidora Bajío,2026-03-30,Sí
407,HOG-00407,Lámpara LED Altura Pro,Hogar,Altura,329.99,302,Distribuidora Bajío,2026-04-01,Sí
408,DEP-00408,Tapete de Yoga con Correa Prisma Advance,Deportes,Prisma,172.86,350,Distribuidora Mexicana,2025-05-09,Sí
409,ELE-00409,Bocina Resistente al Agua Altura Plus,Electrónica,Altura,1025.4,160,Distribuidora Central,2025-12-22,Sí
410,CUI-00410,Secadora Iónica Marea Lite,Cuidado personal,Marea,1485.63,316,Distribuidora del Norte,2025-03-19,Sí
411,HOG-00411,Juego de Toallas 6 Piezas Zenit Pro,Hogar,Zenit,2109.46,285,Distribuidora Central,2024-01-12,Sí
412,HOG-00412,Termo Térmico Nativa Pro,Hogar,Nativa,260.17,251,Distribuidora Metropolitana,2024-09-03,Sí
413,OFI-00413,Cuaderno de Notas Zenit Eco,Oficina,Zenit,4908.2,40,Distribuidora Bajío,2025-03-30,Sí
414,DEP-00414,Botella Deportiva Térmica Cobalto Prime,Deportes,Cobalto,434.44,254,Distribuidora Central,2024-04-15,Sí
415,ELE-00415,Cargador USB-C 20W Lumina Advance,Electrónica,Lumina,3375.62,326,Distribuidora Pacífico,2026-06-30,Sí
416,HOG-00416,Juego de Toallas 6 Piezas Prisma Essential,Hogar,Prisma,2055.14,232,Distribuidora Metropolitana,2025-07-27,Sí
417,CUI-00417,Rasuradora Corporal Cobalto Plus,Cuidado personal,Cobalto,313.34,337,Distribuidora Nova,2024-01-03,Sí
418,ALI-00418,Pasta Fusilli 500 g Prisma Plus,Alimentos,Prisma,60.43,84,Distribuidora Bajío,2024-05-23,Sí
419,ALI-00419,Aceite de Oliva 500 ml Terra Advance,Alimentos,Terra,176.64,61,Distribuidora Hidalgo,2024-08-08,Sí
420,HOG-00420,Sartén Antiadherente 24 cm Urban Essential,Hogar,Urban,2321.44,344,Distribuidora del Norte,2026-03-01,Sí
421,DEP-00421,Guantes de Ciclismo Nativa Essential,Deportes,Nativa,1632.36,24,Distribuidora Hidalgo,2026-05-08,Sí
422,CUI-00422,Crema Corporal Nutritiva 400 ml Nexo Pro,Cuidado personal,Nexo,330.19,336,Distribuidora Metropolitana,2025-05-31,Sí
423,DEP-00423,Guantes de Ciclismo Terra Eco,Deportes,Terra,2893.06,150,Distribuidora Bajío,2026-04-04,Sí
424,DEP-00424,Guantes Deportivos Marea Lite,Deportes,Marea,1929.82,102,Distribuidora Nova,2025-10-01,Sí
425,ALI-00425,Pasta Fusilli 500 g Vitta Pro,Alimentos,Vitta,415.01,326,Distribuidora Metropolitana,2025-12-28,Sí
426,OFI-00426,Memoria USB USB 3.2 Urban Lite,Oficina,Urban,1740.27,216,Distribuidora Central,2025-06-19,Sí
427,DEP-00427,Tapete de Yoga 6 mm Altura Select,Deportes,Altura,865.91,82,Distribuidora Pacífico,2025-11-30,Sí
428,ELE-00428,Webcam con Micrófono Aurea Lite,Electrónica,Aurea,257.23,231,Distribuidora del Norte,2025-09-22,Sí
429,ALI-00429,Galletas de Avena 300 g Zenit Select,Alimentos,Zenit,420.45,147,Distribuidora Central,2026-08-06,Sí
430,DEP-00430,Mancuerna 5 kg Nova Classic,Deportes,Nova,679.98,226,Distribuidora Nova,2026-07-22,Sí
431,ALI-00431,Pasta Fusilli 500 g Aurea Select,Alimentos,Aurea,252.69,90,Distribuidora del Norte,2024-07-10,Sí
432,ALI-00432,Galletas de Avena 300 g Zenit Essential,Alimentos,Zenit,356.67,284,Distribuidora Pacífico,2024-05-13,Sí
433,OFI-00433,Cuaderno Pasta Dura Cobalto Pro,Oficina,Cobalto,273.21,165,Distribuidora Central,2026-03-03,Sí
434,CUI-00434,Cepillo Dental Eléctrico Prisma Plus,Cuidado personal,Prisma,2204.22,162,Distribuidora Nova,2026-09-06,Sí
435,ELE-00435,Cargador USB-C 45W Urban Lite,Electrónica,Urban,1948.07,47,Distribuidora Metropolitana,2024-08-14,Sí
436,ALI-00436,Pasta Penne 500 g Prisma Classic,Alimentos,Prisma,194.08,316,Distribuidora Bajío,2025-07-28,Sí
437,ALI-00437,Café Molido 500 g Prisma Max,Alimentos,Prisma,211.03,328,Distribuidora Nova,2024-02-10,Sí
438,OFI-00438,Silla Ergonómica Zenit Classic,Oficina,Zenit,3256.98,144,Distribuidora Central,2026-07-22,Sí
439,OFI-00439,Memoria USB USB 3.2 Nativa Essential,Oficina,Nativa,1802.93,333,Distribuidora Nova,2024-11-24,Sí
440,ELE-00440,Teclado Mecánico Lumina Select,Electrónica,Lumina,2394.62,109,Distribuidora Hidalgo,2026-05-05,Sí
441,CUI-00441,Rasuradora Recargable Vitta Essential,Cuidado personal,Vitta,1309.71,169,Distribuidora Central,2024-03-30,Sí
442,HOG-00442,Sartén de Acero 26 cm Lumina Advance,Hogar,Lumina,2067.32,132,Distribuidora Hidalgo,2025-02-01,Sí
443,DEP-00443,Balón de Voleibol Nova Eco,Deportes,Nova,2048.3,273,Distribuidora Central,2025-10-18,Sí
444,ELE-00444,Webcam Full HD Lumina Prime,Electrónica,Lumina,3257.96,54,Distribuidora Pacífico,2026-03-16,Sí
445,CUI-00445,Shampoo Anticaspa 650 ml Cobalto Eco,Cuidado personal,Cobalto,1133.14,338,Distribuidora Central,2025-04-30,Sí
446,HOG-00446,Organizador de Baño Kairo Pro,Hogar,Kairo,800.3,331,Distribuidora Metropolitana,2026-09-07,Sí
447,CUI-00447,Secadora Iónica Orion Essential,Cuidado personal,Orion,58.85,305,Distribuidora Hidalgo,2025-07-04,Sí
448,ELE-00448,Mouse Ergonómico Prisma Select,Electrónica,Prisma,1531.39,330,Distribuidora Mexicana,2024-06-13,Sí
449,CUI-00449,Cepillo Dental Medio Orion Pro,Cuidado personal,Orion,1892.87,290,Distribuidora Central,2026-05-21,Sí
450,CUI-00450,Rasuradora Recargable Kairo Plus,Cuidado personal,Kairo,735.39,101,Distribuidora Bajío,2026-09-01,Sí
451,HOG-00451,Organizador de Cocina Kairo Advance,Hogar,Kairo,247.94,99,Distribuidora Metropolitana,2025-05-12,Sí
452,CUI-00452,Cepillo Dental Medio Prisma Prime,Cuidado personal,Prisma,2685.15,86,Distribuidora Central,2024-11-16,Sí
453,HOG-00453,Juego de Toallas 6 Piezas Prisma Pro,Hogar,Prisma,1723.58,169,Distribuidora Bajío,2025-04-18,Sí
454,OFI-00454,Silla Ergonómica Nexo Advance,Oficina,Nexo,523.89,143,Distribuidora Mexicana,2026-07-01,Sí
455,OFI-00455,Cuaderno Profesional Nova Lite,Oficina,Nova,3802.02,297,Distribuidora Hidalgo,2026-02-26,Sí
456,ELE-00456,Cargador Inalámbrico Nativa Pro,Electrónica,Nativa,1374.49,114,Distribuidora Pacífico,2024-05-17,Sí
457,CUI-00457,Shampoo Anticaspa 650 ml Prisma Lite,Cuidado personal,Prisma,74.17,122,Distribuidora Mexicana,2026-02-14,Sí
458,DEP-00458,Tapete de Yoga 8 mm Vitta Max,Deportes,Vitta,2822.0,20,Distribuidora Nova,2026-02-18,Sí
459,ELE-00459,Mouse Gaming Brava Essential,Electrónica,Brava,2388.76,265,Distribuidora Metropolitana,2025-02-01,Sí
460,DEP-00460,Botella Deportiva 750 ml Marea Plus,Deportes,Marea,2136.87,266,Distribuidora Pacífico,2026-05-04,Sí
461,CUI-00461,Secadora Iónica Zenit Eco,Cuidado personal,Zenit,1051.03,334,Distribuidora del Norte,2025-06-13,Sí
462,HOG-00462,Termo Térmico Prisma Prime,Hogar,Prisma,1257.2,246,Distribuidora Central,2025-05-28,Sí
463,DEP-00463,Tapete de Yoga 8 mm Lumina Lite,Deportes,Lumina,1961.52,108,Distribuidora Mexicana,2024-07-10,Sí
464,CUI-00464,Shampoo Reparador 700 ml Brava Eco,Cuidado personal,Brava,2278.97,58,Distribuidora Bajío,2025-11-22,Sí
465,HOG-00465,Termo 750 ml Urban Essential,Hogar,Urban,668.68,65,Distribuidora Mexicana,2024-05-17,Sí
466,ELE-00466,Cargador USB-C 45W Altura Pro,Electrónica,Altura,1014.17,92,Distribuidora Hidalgo,2025-09-05,Sí
467,ALI-00467,Café Americano 500 g Lumina Select,Alimentos,Lumina,372.68,241,Distribuidora Bajío,2024-06-23,Sí
468,DEP-00468,Guantes de Ciclismo Nexo Advance,Deportes,Nexo,2008.58,135,Distribuidora Mexicana,2026-01-11,Sí
469,DEP-00469,Guantes de Gimnasio Brava Eco,Deportes,Brava,1210.69,55,Distribuidora Central,2024-07-26,Sí
470,CUI-00470,Rasuradora 3 Cabezas Orion Pro,Cuidado personal,Orion,1355.54,314,Distribuidora Central,2026-06-17,Sí
471,CUI-00471,Shampoo Hidratante 750 ml Nativa Pro,Cuidado personal,Nativa,2529.07,276,Distribuidora Central,2026-07-07,Sí
472,ALI-00472,Aceite Vegetal 1 L Urban Prime,Alimentos,Urban,702.11,271,Distribuidora Hidalgo,2024-08-22,Sí
473,DEP-00473,Balón de Voleibol Orion Eco,Deportes,Orion,478.6,244,Distribuidora Nova,2026-07-20,Sí
474,OFI-00474,Memoria USB USB 3.2 Terra Select,Oficina,Terra,67.62,3,Distribuidora del Norte,2025-06-16,No
475,ALI-00475,Cereal de Avena 500 g Marea Eco,Alimentos,Marea,305.4,79,Distribuidora Hidalgo,2025-10-29,Sí
476,OFI-00476,Memoria USB USB 3.2 Prisma Advance,Oficina,Prisma,1678.44,348,Distribuidora Hidalgo,2026-02-12,Sí
477,CUI-00477,Secadora Profesional Nexo Prime,Cuidado personal,Nexo,1584.74,247,Distribuidora Pacífico,2024-11-10,Sí
478,ALI-00478,Aceite Vegetal 1 L Vitta Plus,Alimentos,Vitta,603.81,228,Distribuidora Mexicana,2024-04-12,Sí
479,DEP-00479,Mancuerna 5 kg Nexo Eco,Deportes,Nexo,2895.9,2,Distribuidora del Norte,2026-04-23,Sí
480,CUI-00480,Rasuradora Recargable Lumina Classic,Cuidado personal,Lumina,655.76,40,Distribuidora Central,2026-01-11,Sí
481,DEP-00481,Guantes Deportivos Altura Pro,Deportes,Altura,1952.25,224,Distribuidora Central,2024-07-25,Sí
482,CUI-00482,Cepillo Dental Medio Altura Advance,Cuidado personal,Altura,1451.05,118,Distribuidora Mexicana,2025-11-21,No
483,HOG-00483,Lámpara LED Lumina Classic,Hogar,Lumina,1965.81,180,Distribuidora Hidalgo,2025-02-19,Sí
484,CUI-00484,Shampoo Reparador 700 ml Lumina Plus,Cuidado personal,Lumina,1558.58,286,Distribuidora Metropolitana,2024-12-21,Sí
485,OFI-00485,Mochila Ejecutiva Cobalto Eco,Oficina,Cobalto,3463.74,133,Distribuidora Mexicana,2025-02-20,Sí
486,CUI-00486,Shampoo Reparador 700 ml Kairo Prime,Cuidado personal,Kairo,2653.08,262,Distribuidora Pacífico,2026-06-16,Sí
487,CUI-00487,Cepillo Dental Eléctrico Zenit Advance,Cuidado personal,Zenit,1376.92,124,Distribuidora Metropolitana,2026-03-05,Sí
488,DEP-00488,Guantes de Gimnasio Nativa Plus,Deportes,Nativa,839.26,195,Distribuidora Nova,2025-11-24,Sí
489,OFI-00489,Silla de Oficina Nova Classic,Oficina,Nova,1515.61,47,Distribuidora Hidalgo,2025-11-20,Sí
490,OFI-00490,Cuaderno de Notas Nativa Prime,Oficina,Nativa,2143.5,293,Distribuidora Pacífico,2024-07-06,Sí
491,ALI-00491,Cereal con Frutos 450 g Aurea Select,Alimentos,Aurea,594.22,135,Distribuidora Nova,2024-08-22,Sí
492,HOG-00492,Termo de Acero Inoxidable Vitta Plus,Hogar,Vitta,369.11,40,Distribuidora Bajío,2025-09-20,No
493,CUI-00493,Shampoo Anticaspa 650 ml Prisma Advance,Cuidado personal,Prisma,913.66,294,Distribuidora Pacífico,2025-05-17,Sí
494,CUI-00494,Cepillo Dental Eléctrico Brava Advance,Cuidado personal,Brava,398.19,269,Distribuidora Hidalgo,2025-05-04,Sí
495,ELE-00495,Cargador Inalámbrico Zenit Pro,Electrónica,Zenit,1680.61,61,Distribuidora Bajío,2024-11-19,Sí
496,ELE-00496,Webcam 2K Zenit Advance,Electrónica,Zenit,486.51,185,Distribuidora Pacífico,2024-07-10,Sí
497,HOG-00497,Sartén Antiadherente 28 cm Marea Prime,Hogar,Marea,524.07,217,Distribuidora Nova,2025-03-05,Sí
498,OFI-00498,Calculadora Financiera Terra Max,Oficina,Terra,1107.86,67,Distribuidora Nova,2026-04-13,Sí
499,OFI-00499,Mochila Impermeable Zenit Select,Oficina,Zenit,904.81,76,Distribuidora Bajío,2026-04-05,No
500,DEP-00500,Balón de Básquetbol Marea Max,Deportes,Marea,962.1,287,Distribuidora Central,2025-02-11,Sí
501,HOG-00501,Lámpara LED Terra Max,Hogar,Terra,2109.31,49,Distribuidora Bajío,2026-02-01,Sí
502,OFI-00502,Calculadora Básica Prisma Essential,Oficina,Prisma,2490.74,179,Distribuidora Nova,2025-08-13,Sí
503,ALI-00503,Galletas de Avena 300 g Kairo Prime,Alimentos,Kairo,276.62,261,Distribuidora Bajío,2026-03-04,Sí
504,ELE-00504,Bocina Inteligente Cobalto Pro,Electrónica,Cobalto,3057.66,327,Distribuidora Metropolitana,2025-03-07,Sí
505,CUI-00505,Rasuradora Recargable Lumina Pro,Cuidado personal,Lumina,991.34,160,Distribuidora Metropolitana,2025-10-30,Sí
506,OFI-00506,Memoria USB USB 3.2 Terra Max,Oficina,Terra,4692.73,185,Distribuidora Bajío,2025-02-27,Sí
507,ELE-00507,Teclado Inalámbrico Terra Plus,Electrónica,Terra,854.41,203,Distribuidora del Norte,2024-04-07,Sí
508,DEP-00508,Guantes de Gimnasio Nova Eco,Deportes,Nova,1613.79,42,Distribuidora del Norte,2024-09-25,Sí
509,ELE-00509,Webcam Autofocus Kairo Select,Electrónica,Kairo,977.78,145,Distribuidora Bajío,2025-10-03,Sí
510,CUI-00510,Crema Corporal Hidratante 400 ml Altura Prime,Cuidado personal,Altura,2414.46,166,Distribuidora Bajío,2025-04-23,Sí
511,CUI-00511,Cepillo Dental Eléctrico Vitta Lite,Cuidado personal,Vitta,532.56,305,Distribuidora Bajío,2025-10-08,Sí
512,CUI-00512,Rasuradora Corporal Prisma Max,Cuidado personal,Prisma,1531.25,45,Distribuidora Bajío,2024-11-11,Sí
513,OFI-00513,Mochila Antirrobo Nova Essential,Oficina,Nova,3156.06,69,Distribuidora Metropolitana,2024-10-20,Sí
514,ELE-00514,Webcam Autofocus Nativa Classic,Electrónica,Nativa,179.59,220,Distribuidora Pacífico,2025-09-03,Sí
515,ELE-00515,Cargador Inalámbrico Aurea Eco,Electrónica,Aurea,3104.24,223,Distribuidora Hidalgo,2024-09-12,Sí
516,ALI-00516,Aceite de Aguacate 500 ml Brava Classic,Alimentos,Brava,86.31,320,Distribuidora Nova,2025-06-13,Sí
517,CUI-00517,Cepillo Dental Pack 3 Terra Eco,Cuidado personal,Terra,562.75,35,Distribuidora Mexicana,2024-05-19,Sí
518,ALI-00518,Aceite Vegetal 1 L Cobalto Classic,Alimentos,Cobalto,567.17,251,Distribuidora Nova,2024-11-24,No
519,ELE-00519,Cargador USB-C 20W Nexo Plus,Electrónica,Nexo,1094.08,64,Distribuidora Bajío,2026-01-14,No
520,ELE-00520,Teclado Mecánico Nativa Select,Electrónica,Nativa,1294.41,159,Distribuidora Bajío,2025-01-15,Sí
521,ELE-00521,Mouse Inalámbrico Vitta Essential,Electrónica,Vitta,1041.79,200,Distribuidora del Norte,2025-07-10,Sí
522,HOG-00522,Sartén Antiadherente 28 cm Nova Plus,Hogar,Nova,2437.53,127,Distribuidora Hidalgo,2026-02-28,Sí
523,HOG-00523,Lámpara LED Cobalto Plus,Hogar,Cobalto,1340.16,106,Distribuidora Bajío,2025-02-02,Sí
524,OFI-00524,Calculadora de Escritorio Altura Lite,Oficina,Altura,3141.8,129,Distribuidora Bajío,2025-10-15,Sí
525,OFI-00525,Cuaderno de Notas Orion Select,Oficina,Orion,3809.67,166,Distribuidora Central,2024-06-20,Sí
526,CUI-00526,Shampoo Anticaspa 650 ml Brava Essential,Cuidado personal,Brava,2713.17,297,Distribuidora Bajío,2025-12-05,Sí
527,OFI-00527,Cuaderno de Notas Nexo Max,Oficina,Nexo,580.12,316,Distribuidora Metropolitana,2026-08-11,Sí
528,ALI-00528,Café Molido 500 g Prisma Pro,Alimentos,Prisma,567.83,54,Distribuidora Mexicana,2025-05-14,Sí
529,CUI-00529,Cepillo Dental Eléctrico Aurea Essential,Cuidado personal,Aurea,1943.19,183,Distribuidora Mexicana,2024-09-13,Sí
530,DEP-00530,Balón de Voleibol Nativa Select,Deportes,Nativa,1738.1,278,Distribuidora Metropolitana,2024-11-27,Sí
531,OFI-00531,Memoria USB 64 GB Lumina Lite,Oficina,Lumina,959.57,151,Distribuidora Pacífico,2025-07-08,Sí
532,ELE-00532,Webcam Autofocus Nexo Essential,Electrónica,Nexo,2225.11,186,Distribuidora Nova,2024-11-24,Sí
533,ALI-00533,Galletas Integrales 350 g Aurea Lite,Alimentos,Aurea,553.82,282,Distribuidora Mexicana,2025-09-19,Sí
534,DEP-00534,Mancuerna 5 kg Orion Lite,Deportes,Orion,2006.37,22,Distribuidora Mexicana,2024-07-01,Sí
535,HOG-00535,Lámpara Minimalista Aurea Plus,Hogar,Aurea,156.0,328,Distribuidora Hidalgo,2025-11-04,Sí
536,CUI-00536,Secadora 2000 W Altura Prime,Cuidado personal,Altura,652.87,36,Distribuidora Central,2026-08-10,Sí
537,ALI-00537,Aceite de Oliva 500 ml Cobalto Essential,Alimentos,Cobalto,304.36,212,Distribuidora Metropolitana,2026-03-24,Sí
538,CUI-00538,Cepillo Dental Suave Lumina Classic,Cuidado personal,Lumina,259.63,110,Distribuidora del Norte,2024-04-13,Sí
539,CUI-00539,Rasuradora 3 Cabezas Aurea Lite,Cuidado personal,Aurea,1854.04,291,Distribuidora Mexicana,2025-07-25,Sí
540,DEP-00540,Botella Deportiva con Popote Cobalto Eco,Deportes,Cobalto,2658.02,85,Distribuidora Mexicana,2025-07-17,Sí
541,OFI-00541,Mochila Impermeable Prisma Prime,Oficina,Prisma,3315.69,166,Distribuidora Metropolitana,2025-02-26,Sí
542,DEP-00542,Mancuerna 10 kg Aurea Eco,Deportes,Aurea,2317.21,130,Distribuidora Metropolitana,2025-04-08,Sí
543,DEP-00543,Botella Deportiva 750 ml Kairo Advance,Deportes,Kairo,136.44,69,Distribuidora Pacífico,2024-01-07,Sí
544,HOG-00544,Organizador Multiusos Nova Classic,Hogar,Nova,2303.25,261,Distribuidora Mexicana,2024-04-06,No
545,OFI-00545,Mochila Ejecutiva Terra Prime,Oficina,Terra,5340.73,127,Distribuidora Nova,2024-09-19,Sí
546,ELE-00546,Cargador Doble Puerto Aurea Plus,Electrónica,Aurea,2572.99,247,Distribuidora Mexicana,2025-05-14,Sí
547,ALI-00547,Galletas de Avena 300 g Kairo Essential,Alimentos,Kairo,590.63,295,Distribuidora Hidalgo,2024-03-21,Sí
548,OFI-00548,Calculadora Financiera Urban Plus,Oficina,Urban,5222.41,116,Distribuidora Central,2025-10-11,Sí
549,DEP-00549,Botella Deportiva con Popote Altura Prime,Deportes,Altura,1660.2,76,Distribuidora Metropolitana,2025-05-29,Sí
550,HOG-00550,Lámpara Minimalista Cobalto Advance,Hogar,Cobalto,1471.12,46,Distribuidora Nova,2025-03-18,Sí
551,DEP-00551,Tapete de Yoga 8 mm Marea Plus,Deportes,Marea,1473.74,25,Distribuidora Hidalgo,2024-09-25,Sí
552,CUI-00552,Rasuradora 3 Cabezas Vitta Max,Cuidado personal,Vitta,1585.3,249,Distribuidora Hidalgo,2025-10-29,Sí
553,CUI-00553,Secadora Iónica Brava Plus,Cuidado personal,Brava,778.27,220,Distribuidora Metropolitana,2025-12-02,Sí
554,ELE-00554,Audífonos con Micrófono Urban Prime,Electrónica,Urban,1315.83,164,Distribuidora Metropolitana,2025-08-31,Sí
555,OFI-00555,Mochila Antirrobo Cobalto Advance,Oficina,Cobalto,904.66,22,Distribuidora Nova,2024-07-23,Sí
556,HOG-00556,Lámpara de Escritorio Altura Select,Hogar,Altura,2375.44,75,Distribuidora Pacífico,2024-01-15,Sí
557,ELE-00557,Mouse Óptico Nativa Essential,Electrónica,Nativa,1260.79,275,Distribuidora Nova,2024-07-27,Sí
558,OFI-00558,Memoria USB USB 3.2 Vitta Essential,Oficina,Vitta,2281.08,339,Distribuidora Central,2024-09-18,Sí
559,OFI-00559,Mochila Antirrobo Altura Max,Oficina,Altura,3939.98,4,Distribuidora del Norte,2025-02-01,Sí
560,ALI-00560,Pasta Spaghetti 500 g Nova Classic,Alimentos,Nova,696.38,332,Distribuidora Hidalgo,2024-08-24,Sí
561,CUI-00561,Shampoo Anticaspa 650 ml Nativa Advance,Cuidado personal,Nativa,1508.92,95,Distribuidora Nova,2025-05-27,Sí
562,CUI-00562,Shampoo Hidratante 750 ml Brava Lite,Cuidado personal,Brava,884.77,250,Distribuidora Hidalgo,2026-02-01,Sí
563,OFI-00563,Calculadora Básica Kairo Select,Oficina,Kairo,5975.11,256,Distribuidora Pacífico,2026-04-11,Sí
564,OFI-00564,Silla Ergonómica Terra Select,Oficina,Terra,939.79,201,Distribuidora Mexicana,2024-03-30,Sí
565,CUI-00565,Secadora Iónica Urban Select,Cuidado personal,Urban,1622.76,218,Distribuidora Pacífico,2026-07-20,Sí
566,DEP-00566,Guantes de Ciclismo Aurea Pro,Deportes,Aurea,1779.8,350,Distribuidora Nova,2026-06-02,Sí
567,ALI-00567,Galletas de Avena 300 g Urban Pro,Alimentos,Urban,532.92,289,Distribuidora Mexicana,2024-11-21,Sí
568,CUI-00568,Shampoo Hidratante 750 ml Marea Pro,Cuidado personal,Marea,2047.38,163,Distribuidora Hidalgo,2025-02-25,Sí
569,ALI-00569,Pasta Spaghetti 500 g Aurea Plus,Alimentos,Aurea,126.82,13,Distribuidora Pacífico,2025-09-12,Sí
570,HOG-00570,Termo 750 ml Brava Essential,Hogar,Brava,948.41,244,Distribuidora Mexicana,2025-05-29,Sí
571,DEP-00571,Mancuerna 10 kg Zenit Max,Deportes,Zenit,1467.89,83,Distribuidora Nova,2024-08-19,No
572,ELE-00572,Mouse Óptico Brava Select,Electrónica,Brava,2687.55,33,Distribuidora Mexicana,2026-08-07,Sí
573,DEP-00573,Guantes con Muñequera Marea Max,Deportes,Marea,2671.88,218,Distribuidora Hidalgo,2026-03-05,No
574,ALI-00574,Aceite Vegetal 1 L Marea Eco,Alimentos,Marea,498.3,292,Distribuidora Central,2025-06-17,Sí
575,DEP-00575,Botella Deportiva 1 L Zenit Essential,Deportes,Zenit,1711.91,264,Distribuidora Central,2024-07-13,Sí
576,DEP-00576,Mancuerna Ajustable Cobalto Pro,Deportes,Cobalto,1318.36,313,Distribuidora Central,2025-12-07,Sí
577,HOG-00577,Juego de Toallas Microfibra Lumina Lite,Hogar,Lumina,352.88,299,Distribuidora Mexicana,2025-02-06,Sí
578,DEP-00578,Botella Deportiva 1 L Cobalto Advance,Deportes,Cobalto,2698.16,103,Distribuidora Bajío,2024-04-02,Sí
579,ALI-00579,Cereal de Avena 500 g Orion Plus,Alimentos,Orion,113.36,230,Distribuidora Metropolitana,2024-03-28,Sí
580,DEP-00580,Guantes de Ciclismo Zenit Lite,Deportes,Zenit,1196.57,87,Distribuidora Metropolitana,2025-08-02,Sí
581,HOG-00581,Organizador de Escritorio Nexo Essential,Hogar,Nexo,1094.39,158,Distribuidora Bajío,2024-10-22,Sí
582,ELE-00582,Teclado Inalámbrico Nova Advance,Electrónica,Nova,2713.08,6,Distribuidora Bajío,2025-05-24,Sí
583,CUI-00583,Shampoo Reparador 700 ml Nativa Select,Cuidado personal,Nativa,642.27,337,Distribuidora Bajío,2025-04-09,Sí
584,ELE-00584,Cargador USB-C 20W Brava Lite,Electrónica,Brava,1080.68,321,Distribuidora Nova,2024-02-20,Sí
585,ELE-00585,Webcam con Micrófono Altura Pro,Electrónica,Altura,3009.33,341,Distribuidora Pacífico,2024-12-05,Sí
586,ELE-00586,Audífonos con Micrófono Nexo Pro,Electrónica,Nexo,2400.5,312,Distribuidora Mexicana,2025-04-11,Sí
587,OFI-00587,Cuaderno Profesional Kairo Prime,Oficina,Kairo,2233.15,194,Distribuidora del Norte,2026-02-15,Sí
588,CUI-00588,Shampoo Anticaspa 650 ml Nativa Pro,Cuidado personal,Nativa,381.05,140,Distribuidora Metropolitana,2025-06-23,Sí
589,HOG-00589,Organizador de Cocina Orion Advance,Hogar,Orion,1844.94,322,Distribuidora del Norte,2025-05-10,Sí
590,CUI-00590,Cepillo Dental Eléctrico Marea Classic,Cuidado personal,Marea,1491.93,319,Distribuidora Metropolitana,2026-08-07,Sí
591,CUI-00591,Rasuradora de Precisión Nativa Pro,Cuidado personal,Nativa,2478.61,119,Distribuidora Pacífico,2024-07-17,No
592,ELE-00592,Bocina Bluetooth Aurea Advance,Electrónica,Aurea,3495.61,211,Distribuidora Central,2024-12-07,Sí
593,ALI-00593,Cereal Integral 500 g Aurea Classic,Alimentos,Aurea,221.92,34,Distribuidora Pacífico,2024-11-03,Sí
594,OFI-00594,Cuaderno Profesional Marea Prime,Oficina,Marea,2397.04,291,Distribuidora Central,2026-05-02,Sí
595,OFI-00595,Calculadora Financiera Nativa Essential,Oficina,Nativa,3885.67,246,Distribuidora Mexicana,2025-10-04,Sí
596,CUI-00596,Cepillo Dental Eléctrico Urban Essential,Cuidado personal,Urban,2344.88,153,Distribuidora Metropolitana,2025-07-22,Sí
597,HOG-00597,Termo de Acero Inoxidable Prisma Plus,Hogar,Prisma,2425.46,143,Distribuidora Central,2024-12-13,Sí
598,ALI-00598,Galletas de Avena 300 g Zenit Pro,Alimentos,Zenit,485.68,157,Distribuidora Metropolitana,2025-12-27,No
599,DEP-00599,Botella Deportiva Térmica Brava Prime,Deportes,Brava,1404.05,154,Distribuidora Nova,2025-06-21,Sí
600,ELE-00600,Mouse Inalámbrico Aurea Plus,Electrónica,Aurea,1635.64,12,Distribuidora Bajío,2026-07-15,Sí
601,HOG-00601,Sartén Antiadherente 28 cm Kairo Prime,Hogar,Kairo,425.77,50,Distribuidora Mexicana,2024-07-29,Sí
602,DEP-00602,Balón de Fútbol Nova Classic,Deportes,Nova,2802.1,304,Distribuidora del Norte,2024-12-07,Sí
603,ELE-00603,Audífonos USB-C Nova Advance,Electrónica,Nova,2689.95,327,Distribuidora Nova,2024-11-24,Sí
604,OFI-00604,Calculadora Básica Cobalto Plus,Oficina,Cobalto,1661.11,80,Distribuidora Pacífico,2024-04-27,No
605,CUI-00605,Secadora Compacta Aurea Lite,Cuidado personal,Aurea,1009.78,163,Distribuidora Pacífico,2024-05-24,Sí
606,OFI-00606,Memoria USB 64 GB Nexo Plus,Oficina,Nexo,1892.06,173,Distribuidora Bajío,2024-02-21,Sí
607,DEP-00607,Botella Deportiva 750 ml Zenit Essential,Deportes,Zenit,339.61,200,Distribuidora Mexicana,2025-12-22,Sí
608,CUI-00608,Rasuradora Corporal Kairo Prime,Cuidado personal,Kairo,2296.24,343,Distribuidora del Norte,2026-08-02,Sí
609,DEP-00609,Guantes de Ciclismo Lumina Max,Deportes,Lumina,372.04,158,Distribuidora Bajío,2025-04-26,Sí
610,HOG-00610,Organizador Multiusos Prisma Eco,Hogar,Prisma,522.71,340,Distribuidora Metropolitana,2026-03-18,Sí
611,OFI-00611,Silla con Soporte Lumbar Nova Plus,Oficina,Nova,2869.89,179,Distribuidora Bajío,2025-04-17,Sí
612,OFI-00612,Calculadora de Escritorio Orion Eco,Oficina,Orion,4910.89,54,Distribuidora Metropolitana,2025-07-23,Sí
613,OFI-00613,Memoria USB USB 3.2 Zenit Advance,Oficina,Zenit,2500.77,317,Distribuidora Nova,2025-07-15,Sí
614,DEP-00614,Balón de Fútbol Marea Select,Deportes,Marea,2457.49,302,Distribuidora Hidalgo,2026-03-14,Sí
615,CUI-00615,Cepillo Dental Medio Nexo Plus,Cuidado personal,Nexo,2081.22,293,Distribuidora Bajío,2024-04-27,Sí
616,DEP-00616,Mancuerna 5 kg Cobalto Pro,Deportes,Cobalto,985.38,207,Distribuidora del Norte,2025-09-04,Sí
617,CUI-00617,Rasuradora Corporal Nativa Essential,Cuidado personal,Nativa,294.33,71,Distribuidora Central,2026-02-14,Sí
618,HOG-00618,Juego de Toallas 6 Piezas Zenit Advance,Hogar,Zenit,1477.59,100,Distribuidora Nova,2025-11-28,Sí
619,OFI-00619,Memoria USB 128 GB Urban Prime,Oficina,Urban,5941.09,298,Distribuidora Central,2025-09-18,Sí
620,DEP-00620,Tapete de Yoga Antideslizante Altura Prime,Deportes,Altura,2711.13,27,Distribuidora Central,2025-12-21,Sí
621,OFI-00621,Cuaderno Pasta Dura Nova Select,Oficina,Nova,2609.75,302,Distribuidora Hidalgo,2025-10-02,Sí
622,DEP-00622,Balón Entrenamiento Urban Lite,Deportes,Urban,703.64,88,Distribuidora Bajío,2024-05-22,Sí
623,DEP-00623,Mancuerna Hexagonal Vitta Classic,Deportes,Vitta,2991.6,343,Distribuidora Mexicana,2024-05-17,No
624,ALI-00624,Café en Grano 1 kg Nativa Eco,Alimentos,Nativa,779.63,69,Distribuidora del Norte,2024-05-20,Sí
625,DEP-00625,Balón Entrenamiento Nexo Max,Deportes,Nexo,1571.4,282,Distribuidora Bajío,2025-01-28,Sí
626,HOG-00626,Juego de Toallas Algodón Nativa Select,Hogar,Nativa,1802.35,137,Distribuidora Hidalgo,2026-08-06,Sí
627,OFI-00627,Cuaderno Profesional Nativa Prime,Oficina,Nativa,709.91,246,Distribuidora del Norte,2024-05-25,Sí
628,CUI-00628,Cepillo Dental Eléctrico Lumina Lite,Cuidado personal,Lumina,2495.83,45,Distribuidora Nova,2025-04-28,Sí
629,ALI-00629,Café Americano 500 g Altura Prime,Alimentos,Altura,439.12,5,Distribuidora Bajío,2025-04-09,Sí
630,DEP-00630,Guantes Deportivos Urban Prime,Deportes,Urban,2884.29,150,Distribuidora Pacífico,2024-06-20,No
631,CUI-00631,Cepillo Dental Pack 3 Altura Max,Cuidado personal,Altura,1637.2,293,Distribuidora Central,2025-11-03,Sí
632,ALI-00632,Galletas de Avena 300 g Kairo Max,Alimentos,Kairo,88.86,258,Distribuidora del Norte,2026-05-21,Sí
633,OFI-00633,Mochila Antirrobo Terra Classic,Oficina,Terra,119.71,57,Distribuidora Mexicana,2026-07-20,Sí
634,HOG-00634,Juego de Toallas 6 Piezas Nexo Classic,Hogar,Nexo,1972.72,120,Distribuidora Bajío,2024-07-04,Sí
635,ELE-00635,Mouse Inalámbrico Vitta Advance,Electrónica,Vitta,3277.71,78,Distribuidora Bajío,2026-02-09,Sí
636,DEP-00636,Tapete de Yoga con Correa Nexo Select,Deportes,Nexo,1770.27,176,Distribuidora Central,2025-10-19,Sí
637,ELE-00637,Audífonos Inalámbricos Cobalto Eco,Electrónica,Cobalto,1744.38,243,Distribuidora Nova,2025-01-23,Sí
638,DEP-00638,Balón de Voleibol Vitta Lite,Deportes,Vitta,2621.51,6,Distribuidora Pacífico,2026-08-07,Sí
639,DEP-00639,Mancuerna 5 kg Orion Lite,Deportes,Orion,1943.9,221,Distribuidora Pacífico,2024-12-09,Sí
640,ELE-00640,Mouse Óptico Cobalto Select,Electrónica,Cobalto,2608.95,301,Distribuidora Nova,2025-06-16,Sí
641,ALI-00641,Cereal con Frutos 450 g Nova Essential,Alimentos,Nova,668.73,6,Distribuidora Hidalgo,2024-04-10,Sí
642,ALI-00642,Aceite de Aguacate 500 ml Brava Classic,Alimentos,Brava,219.97,17,Distribuidora Central,2025-09-26,Sí
643,CUI-00643,Crema Corporal Nutritiva 400 ml Orion Plus,Cuidado personal,Orion,282.91,309,Distribuidora Mexicana,2025-01-19,Sí
644,ALI-00644,Galletas de Avena 300 g Orion Pro,Alimentos,Orion,221.08,239,Distribuidora del Norte,2025-10-16,Sí
645,OFI-00645,Silla de Oficina Terra Pro,Oficina,Terra,4691.28,141,Distribuidora Central,2025-01-26,Sí
646,ELE-00646,Mouse Gaming Nexo Max,Electrónica,Nexo,381.48,102,Distribuidora Hidalgo,2024-07-01,Sí
647,ELE-00647,Teclado RGB Aurea Advance,Electrónica,Aurea,2304.18,226,Distribuidora Pacífico,2024-04-15,No
648,ELE-00648,Cargador Inalámbrico Cobalto Essential,Electrónica,Cobalto,3152.32,76,Distribuidora Central,2026-08-13,No
649,DEP-00649,Mancuerna 10 kg Marea Eco,Deportes,Marea,1761.2,263,Distribuidora Bajío,2025-05-04,Sí
650,ALI-00650,Café en Grano 1 kg Nova Eco,Alimentos,Nova,763.52,246,Distribuidora del Norte,2025-08-03,Sí
651,OFI-00651,Calculadora Básica Zenit Essential,Oficina,Zenit,3805.87,331,Distribuidora del Norte,2025-01-09,Sí
652,OFI-00652,Cuaderno Cuadriculado Kairo Select,Oficina,Kairo,1088.35,20,Distribuidora Hidalgo,2025-11-07,Sí
653,ALI-00653,Aceite de Oliva 500 ml Prisma Max,Alimentos,Prisma,90.68,323,Distribuidora Bajío,2026-01-22,Sí
654,ELE-00654,Teclado Mecánico Brava Max,Electrónica,Brava,1451.37,276,Distribuidora Pacífico,2025-05-26,Sí
655,DEP-00655,Botella Deportiva 750 ml Marea Essential,Deportes,Marea,1071.76,21,Distribuidora Hidalgo,2024-05-01,Sí
656,ALI-00656,Galletas Integrales 350 g Vitta Advance,Alimentos,Vitta,205.33,36,Distribuidora Central,2026-01-23,Sí
657,ALI-00657,Café Descafeinado 400 g Altura Select,Alimentos,Altura,567.8,66,Distribuidora Central,2024-06-25,Sí
658,OFI-00658,Cuaderno Cuadriculado Nexo Advance,Oficina,Nexo,416.44,54,Distribuidora del Norte,2025-05-24,Sí
659,CUI-00659,Crema Corporal Hidratante 400 ml Aurea Eco,Cuidado personal,Aurea,974.04,347,Distribuidora Hidalgo,2024-11-28,Sí
660,ALI-00660,Galletas con Chocolate 300 g Vitta Prime,Alimentos,Vitta,672.39,109,Distribuidora Central,2025-08-30,Sí
661,ELE-00661,Audífonos USB-C Vitta Eco,Electrónica,Vitta,711.97,189,Distribuidora Mexicana,2025-03-25,Sí
662,CUI-00662,Shampoo Hidratante 750 ml Orion Advance,Cuidado personal,Orion,1080.86,80,Distribuidora Central,2026-06-19,Sí
663,ELE-00663,Audífonos Inalámbricos Lumina Advance,Electrónica,Lumina,3120.17,213,Distribuidora Bajío,2025-12-09,Sí
664,HOG-00664,Sartén de Acero 26 cm Cobalto Eco,Hogar,Cobalto,657.99,89,Distribuidora Central,2025-09-02,Sí
665,DEP-00665,Guantes de Gimnasio Kairo Prime,Deportes,Kairo,1307.67,285,Distribuidora Nova,2024-07-15,Sí
666,CUI-00666,Shampoo Reparador 700 ml Prisma Lite,Cuidado personal,Prisma,1442.77,237,Distribuidora Nova,2024-10-10,Sí
667,ELE-00667,Teclado RGB Nativa Pro,Electrónica,Nativa,684.19,22,Distribuidora Central,2025-10-22,Sí
668,HOG-00668,Juego de Toallas 6 Piezas Marea Advance,Hogar,Marea,2027.47,232,Distribuidora Central,2024-04-16,Sí
669,CUI-00669,Crema Corporal Hidratante 400 ml Nova Max,Cuidado personal,Nova,1463.04,36,Distribuidora Nova,2026-01-08,Sí
670,CUI-00670,Cepillo Dental Eléctrico Aurea Prime,Cuidado personal,Aurea,678.59,56,Distribuidora Metropolitana,2024-08-21,Sí
671,ALI-00671,Aceite de Oliva 500 ml Zenit Select,Alimentos,Zenit,81.91,299,Distribuidora Bajío,2024-02-25,Sí
672,HOG-00672,Organizador de Baño Nexo Eco,Hogar,Nexo,982.83,234,Distribuidora Nova,2025-10-09,Sí
673,OFI-00673,Mochila Antirrobo Vitta Essential,Oficina,Vitta,4163.34,30,Distribuidora Pacífico,2024-05-19,Sí
674,DEP-00674,Balón Entrenamiento Nexo Prime,Deportes,Nexo,728.77,151,Distribuidora Mexicana,2026-03-19,Sí
675,CUI-00675,Crema Corporal Nutritiva 400 ml Brava Plus,Cuidado personal,Brava,1178.81,267,Distribuidora Bajío,2026-06-01,Sí
676,CUI-00676,Rasuradora de Precisión Terra Essential,Cuidado personal,Terra,2055.47,126,Distribuidora Nova,2024-12-01,Sí
677,HOG-00677,Termo 750 ml Nova Eco,Hogar,Nova,2451.05,20,Distribuidora Bajío,2026-01-21,Sí
678,ELE-00678,Bocina Resistente al Agua Nativa Plus,Electrónica,Nativa,1664.68,123,Distribuidora del Norte,2025-07-25,Sí
679,ALI-00679,Aceite de Oliva 500 ml Vitta Prime,Alimentos,Vitta,253.94,331,Distribuidora del Norte,2024-01-17,Sí
680,OFI-00680,Mochila Impermeable Nova Max,Oficina,Nova,2800.87,70,Distribuidora Hidalgo,2024-07-08,Sí
681,OFI-00681,Silla Ergonómica Lumina Eco,Oficina,Lumina,5363.44,170,Distribuidora Central,2024-10-30,Sí
682,OFI-00682,Memoria USB 64 GB Lumina Advance,Oficina,Lumina,5288.37,28,Distribuidora Metropolitana,2026-06-28,Sí
683,DEP-00683,Mancuerna Hexagonal Altura Prime,Deportes,Altura,1155.32,331,Distribuidora del Norte,2025-07-28,Sí
684,HOG-00684,Organizador Multiusos Brava Lite,Hogar,Brava,353.81,244,Distribuidora Nova,2026-02-10,Sí
685,HOG-00685,Sartén Antiadherente 28 cm Terra Lite,Hogar,Terra,1725.15,141,Distribuidora Central,2024-03-05,Sí
686,DEP-00686,Balón de Fútbol Nativa Lite,Deportes,Nativa,2062.88,272,Distribuidora Pacífico,2025-04-07,Sí
687,ALI-00687,Café en Grano 1 kg Cobalto Plus,Alimentos,Cobalto,87.05,91,Distribuidora Pacífico,2026-09-06,Sí
688,HOG-00688,Sartén Antiadherente 24 cm Vitta Max,Hogar,Vitta,443.21,104,Distribuidora Central,2024-10-27,Sí
689,ALI-00689,Galletas de Avena 300 g Nativa Prime,Alimentos,Nativa,350.18,330,Distribuidora Central,2024-10-25,Sí
690,ELE-00690,Teclado Compacto Urban Advance,Electrónica,Urban,1297.35,330,Distribuidora Metropolitana,2025-05-12,Sí
691,ALI-00691,Galletas con Chocolate 300 g Cobalto Max,Alimentos,Cobalto,260.36,67,Distribuidora Pacífico,2024-06-24,Sí
692,HOG-00692,Juego de Toallas 6 Piezas Kairo Essential,Hogar,Kairo,437.98,145,Distribuidora Bajío,2026-09-06,Sí
693,HOG-00693,Termo de Acero Inoxidable Nexo Pro,Hogar,Nexo,2110.18,341,Distribuidora Mexicana,2024-06-14,Sí
694,ELE-00694,Mouse Ergonómico Cobalto Classic,Electrónica,Cobalto,1387.4,105,Distribuidora Central,2025-11-12,Sí
695,OFI-00695,Mochila Antirrobo Cobalto Lite,Oficina,Cobalto,5852.68,273,Distribuidora Pacífico,2024-05-04,Sí
696,DEP-00696,Balón de Básquetbol Cobalto Prime,Deportes,Cobalto,543.12,279,Distribuidora Metropolitana,2025-10-24,Sí
697,DEP-00697,Mancuerna 10 kg Cobalto Prime,Deportes,Cobalto,2094.42,245,Distribuidora Central,2024-05-22,Sí
698,ELE-00698,Mouse Inalámbrico Zenit Advance,Electrónica,Zenit,2965.94,228,Distribuidora Metropolitana,2024-04-04,Sí
699,CUI-00699,Crema Corporal Nutritiva 400 ml Brava Classic,Cuidado personal,Brava,584.0,42,Distribuidora Bajío,2025-11-24,Sí
700,ELE-00700,Cargador Doble Puerto Aurea Max,Electrónica,Aurea,1213.49,309,Distribuidora Central,2026-07-19,Sí
701,DEP-00701,Tapete de Yoga con Correa Prisma Eco,Deportes,Prisma,1173.94,145,Distribuidora Metropolitana,2024-12-25,Sí
702,DEP-00702,Guantes de Gimnasio Aurea Max,Deportes,Aurea,2246.85,212,Distribuidora Bajío,2024-10-22,Sí
703,ALI-00703,Aceite Vegetal 1 L Urban Pro,Alimentos,Urban,671.69,306,Distribuidora del Norte,2024-05-27,Sí
704,DEP-00704,Guantes Deportivos Lumina Advance,Deportes,Lumina,2289.29,45,Distribuidora Central,2025-02-23,Sí
705,OFI-00705,Silla Ejecutiva Cobalto Advance,Oficina,Cobalto,4539.27,70,Distribuidora Nova,2024-07-09,Sí
706,OFI-00706,Memoria USB USB 3.2 Altura Classic,Oficina,Altura,5012.47,155,Distribuidora Bajío,2025-07-26,Sí
707,HOG-00707,Lámpara de Escritorio Vitta Classic,Hogar,Vitta,805.41,327,Distribuidora Bajío,2024-05-07,Sí
708,OFI-00708,Silla Ejecutiva Nativa Select,Oficina,Nativa,204.63,141,Distribuidora Bajío,2024-03-09,Sí
709,OFI-00709,Memoria USB USB 3.2 Urban Classic,Oficina,Urban,3780.37,243,Distribuidora del Norte,2025-01-17,Sí
710,CUI-00710,Shampoo Anticaspa 650 ml Nexo Advance,Cuidado personal,Nexo,206.14,163,Distribuidora Bajío,2026-06-18,Sí
711,OFI-00711,Mochila para Laptop 15.6 Terra Prime,Oficina,Terra,2536.98,182,Distribuidora Central,2024-10-23,Sí
712,ALI-00712,Café en Grano 1 kg Nexo Plus,Alimentos,Nexo,488.44,85,Distribuidora Metropolitana,2026-06-12,Sí
713,ALI-00713,Pasta Penne 500 g Prisma Plus,Alimentos,Prisma,438.64,180,Distribuidora Mexicana,2024-01-14,Sí
714,OFI-00714,Calculadora Financiera Urban Prime,Oficina,Urban,5527.29,83,Distribuidora del Norte,2024-08-11,Sí
715,HOG-00715,Organizador de Cocina Urban Max,Hogar,Urban,2295.8,59,Distribuidora Mexicana,2026-08-03,No
716,OFI-00716,Calculadora Básica Vitta Max,Oficina,Vitta,5341.33,305,Distribuidora Metropolitana,2024-06-25,Sí
717,ELE-00717,Webcam Full HD Brava Pro,Electrónica,Brava,3019.33,72,Distribuidora Nova,2024-11-10,Sí
718,HOG-00718,Lámpara Minimalista Orion Plus,Hogar,Orion,124.51,247,Distribuidora Hidalgo,2024-02-13,Sí
719,ELE-00719,Webcam Full HD Nativa Plus,Electrónica,Nativa,3192.57,22,Distribuidora del Norte,2024-11-04,Sí
720,ELE-00720,Audífonos Inalámbricos Aurea Pro,Electrónica,Aurea,2395.51,14,Distribuidora del Norte,2024-05-29,Sí
721,OFI-00721,Memoria USB 128 GB Prisma Pro,Oficina,Prisma,5135.04,313,Distribuidora Nova,2025-06-01,Sí
722,ELE-00722,Cargador USB-C 20W Aurea Select,Electrónica,Aurea,3379.28,87,Distribuidora Central,2026-01-12,Sí
723,HOG-00723,Termo Térmico Prisma Advance,Hogar,Prisma,527.0,344,Distribuidora del Norte,2024-07-04,Sí
724,DEP-00724,Balón de Básquetbol Brava Eco,Deportes,Brava,417.38,160,Distribuidora del Norte,2025-04-22,Sí
725,HOG-00725,Juego de Toallas 6 Piezas Kairo Lite,Hogar,Kairo,1826.57,42,Distribuidora Metropolitana,2025-05-20,Sí
726,OFI-00726,Silla de Oficina Cobalto Select,Oficina,Cobalto,3338.55,148,Distribuidora Hidalgo,2024-07-12,Sí
727,DEP-00727,Mancuerna 10 kg Nova Max,Deportes,Nova,2044.8,202,Distribuidora Bajío,2025-06-19,Sí
728,ELE-00728,Audífonos Inalámbricos Zenit Eco,Electrónica,Zenit,2477.37,52,Distribuidora Mexicana,2024-03-07,Sí
729,HOG-00729,Sartén Antiadherente 24 cm Zenit Plus,Hogar,Zenit,642.54,217,Distribuidora Bajío,2024-10-12,Sí
730,CUI-00730,Secadora 2000 W Zenit Prime,Cuidado personal,Zenit,1355.43,308,Distribuidora Hidalgo,2025-05-11,Sí
731,HOG-00731,Juego de Toallas Algodón Orion Classic,Hogar,Orion,1263.21,118,Distribuidora Mexicana,2024-01-31,Sí
732,ELE-00732,Audífonos con Micrófono Nova Pro,Electrónica,Nova,1430.82,347,Distribuidora Metropolitana,2024-06-05,Sí
733,CUI-00733,Shampoo Hidratante 750 ml Nativa Max,Cuidado personal,Nativa,601.12,338,Distribuidora Bajío,2025-05-17,Sí
734,CUI-00734,Cepillo Dental Suave Altura Eco,Cuidado personal,Altura,2468.87,60,Distribuidora Hidalgo,2025-04-05,Sí
735,DEP-00735,Balón Entrenamiento Altura Essential,Deportes,Altura,603.69,337,Distribuidora Pacífico,2026-06-24,Sí
736,DEP-00736,Balón de Básquetbol Kairo Eco,Deportes,Kairo,1507.49,56,Distribuidora Bajío,2025-11-06,Sí
737,CUI-00737,Secadora Profesional Nativa Lite,Cuidado personal,Nativa,2397.88,259,Distribuidora Central,2025-02-04,Sí
738,CUI-00738,Rasuradora Corporal Kairo Prime,Cuidado personal,Kairo,214.16,302,Distribuidora Central,2024-05-11,Sí
739,OFI-00739,Memoria USB 32 GB Marea Eco,Oficina,Marea,615.6,176,Distribuidora Metropolitana,2025-02-25,Sí
740,ALI-00740,Cereal Integral 500 g Brava Classic,Alimentos,Brava,483.62,33,Distribuidora Pacífico,2024-04-27,Sí
741,ELE-00741,Cargador Inalámbrico Altura Max,Electrónica,Altura,2352.52,216,Distribuidora Hidalgo,2024-09-30,No
742,DEP-00742,Guantes de Gimnasio Marea Eco,Deportes,Marea,1748.73,165,Distribuidora del Norte,2026-04-07,Sí
743,ALI-00743,Cereal con Frutos 450 g Nativa Lite,Alimentos,Nativa,653.07,341,Distribuidora Metropolitana,2024-06-19,Sí
744,OFI-00744,Silla Ejecutiva Nativa Plus,Oficina,Nativa,5047.03,274,Distribuidora Nova,2024-10-21,Sí
745,OFI-00745,Memoria USB USB 3.2 Brava Advance,Oficina,Brava,4465.58,47,Distribuidora del Norte,2025-08-29,Sí
746,ELE-00746,Cargador Doble Puerto Urban Select,Electrónica,Urban,1312.51,39,Distribuidora Pacífico,2025-05-31,Sí
747,DEP-00747,Guantes Deportivos Aurea Eco,Deportes,Aurea,1259.7,319,Distribuidora Bajío,2025-11-18,Sí
748,HOG-00748,Lámpara LED Nativa Select,Hogar,Nativa,1678.15,239,Distribuidora Pacífico,2026-08-17,Sí
749,CUI-00749,Rasuradora Recargable Aurea Prime,Cuidado personal,Aurea,1318.69,123,Distribuidora Mexicana,2026-02-03,Sí
750,OFI-00750,Silla con Soporte Lumbar Marea Plus,Oficina,Marea,3815.74,211,Distribuidora Pacífico,2026-04-23,Sí
751,HOG-00751,Sartén de Acero 26 cm Brava Eco,Hogar,Brava,656.13,76,Distribuidora Nova,2024-01-29,Sí
752,OFI-00752,Silla con Soporte Lumbar Urban Eco,Oficina,Urban,3893.24,18,Distribuidora Nova,2024-06-12,Sí
753,ELE-00753,Mouse Gaming Nexo Essential,Electrónica,Nexo,3377.69,248,Distribuidora Central,2024-02-26,Sí
754,ELE-00754,Mouse Gaming Lumina Eco,Electrónica,Lumina,3153.19,343,Distribuidora del Norte,2025-02-10,Sí
755,ALI-00755,Cereal Integral 500 g Orion Advance,Alimentos,Orion,593.49,61,Distribuidora Pacífico,2025-05-23,Sí
756,HOG-00756,Termo 500 ml Marea Prime,Hogar,Marea,2093.25,199,Distribuidora Nova,2026-08-15,Sí
757,HOG-00757,Lámpara LED Aurea Classic,Hogar,Aurea,1142.53,130,Distribuidora Central,2025-05-17,Sí
758,ALI-00758,Café Americano 500 g Urban Max,Alimentos,Urban,553.44,142,Distribuidora Mexicana,2025-01-06,Sí
759,OFI-00759,Calculadora Científica Altura Essential,Oficina,Altura,4154.23,343,Distribuidora Nova,2024-09-16,Sí
760,OFI-00760,Calculadora Científica Brava Max,Oficina,Brava,2351.84,201,Distribuidora Pacífico,2024-11-04,Sí
761,HOG-00761,Sartén Antiadherente 24 cm Nexo Max,Hogar,Nexo,1606.87,329,Distribuidora Hidalgo,2026-03-19,No
762,ELE-00762,Bocina Resistente al Agua Urban Prime,Electrónica,Urban,2552.24,51,Distribuidora Mexicana,2025-12-16,Sí
763,ELE-00763,Mouse Óptico Marea Max,Electrónica,Marea,2477.95,26,Distribuidora Mexicana,2025-10-07,Sí
764,ALI-00764,Cereal Integral 500 g Zenit Select,Alimentos,Zenit,511.3,160,Distribuidora del Norte,2024-04-23,Sí
765,CUI-00765,Crema Corporal Nutritiva 400 ml Urban Prime,Cuidado personal,Urban,1288.4,68,Distribuidora Pacífico,2024-06-26,Sí
766,OFI-00766,Calculadora de Escritorio Lumina Eco,Oficina,Lumina,2227.36,201,Distribuidora Hidalgo,2026-08-25,Sí
767,CUI-00767,Crema Corporal Hidratante 400 ml Nova Lite,Cuidado personal,Nova,1827.13,320,Distribuidora Nova,2026-07-17,Sí
768,DEP-00768,Tapete de Yoga Antideslizante Nexo Essential,Deportes,Nexo,1256.01,219,Distribuidora Pacífico,2024-06-01,Sí
769,OFI-00769,Mochila para Laptop 15.6 Nova Lite,Oficina,Nova,2630.29,232,Distribuidora Bajío,2024-05-01,Sí
770,HOG-00770,Organizador Multiusos Kairo Max,Hogar,Kairo,1003.62,220,Distribuidora Nova,2025-09-06,Sí
771,OFI-00771,Mochila Impermeable Nexo Eco,Oficina,Nexo,4761.25,14,Distribuidora Pacífico,2024-09-25,Sí
772,DEP-00772,Tapete de Yoga Antideslizante Cobalto Plus,Deportes,Cobalto,119.03,68,Distribuidora Metropolitana,2025-12-10,Sí
773,HOG-00773,Juego de Toallas Microfibra Terra Plus,Hogar,Terra,309.58,30,Distribuidora Central,2024-12-06,Sí
774,DEP-00774,Mancuerna 5 kg Nova Classic,Deportes,Nova,1557.22,195,Distribuidora Pacífico,2025-02-08,Sí
775,HOG-00775,Termo 500 ml Nexo Classic,Hogar,Nexo,490.08,252,Distribuidora Metropolitana,2026-06-17,Sí
776,ELE-00776,Mouse Óptico Vitta Classic,Electrónica,Vitta,540.42,22,Distribuidora Mexicana,2025-05-26,Sí
777,OFI-00777,Calculadora Financiera Kairo Classic,Oficina,Kairo,3690.52,135,Distribuidora Metropolitana,2025-03-22,Sí
778,OFI-00778,Silla Ejecutiva Cobalto Essential,Oficina,Cobalto,1161.72,27,Distribuidora Nova,2024-07-06,No
779,OFI-00779,Mochila Impermeable Urban Plus,Oficina,Urban,5970.38,253,Distribuidora Central,2025-03-28,Sí
780,ALI-00780,Galletas Integrales 350 g Cobalto Max,Alimentos,Cobalto,112.07,75,Distribuidora del Norte,2024-12-23,Sí
781,OFI-00781,Mochila Ejecutiva Terra Advance,Oficina,Terra,5348.29,299,Distribuidora Nova,2025-08-20,Sí
782,ELE-00782,Cargador USB-C 45W Urban Plus,Electrónica,Urban,973.63,255,Distribuidora del Norte,2026-06-27,Sí
783,OFI-00783,Cuaderno Cuadriculado Prisma Advance,Oficina,Prisma,5576.44,54,Distribuidora Metropolitana,2024-06-06,No
784,DEP-00784,Balón Entrenamiento Terra Advance,Deportes,Terra,2003.8,168,Distribuidora Central,2025-11-02,Sí
785,DEP-00785,Mancuerna 10 kg Aurea Essential,Deportes,Aurea,2421.53,144,Distribuidora Metropolitana,2026-03-28,Sí
786,ELE-00786,Cargador Doble Puerto Lumina Eco,Electrónica,Lumina,1003.8,122,Distribuidora Hidalgo,2024-04-01,No
787,HOG-00787,Organizador de Baño Zenit Classic,Hogar,Zenit,1645.15,334,Distribuidora Mexicana,2024-05-03,Sí
788,DEP-00788,Mancuerna 10 kg Prisma Plus,Deportes,Prisma,2510.27,262,Distribuidora Nova,2025-05-16,Sí
789,DEP-00789,Balón de Voleibol Urban Plus,Deportes,Urban,2290.39,188,Distribuidora Mexicana,2025-03-20,Sí
790,ELE-00790,Audífonos USB-C Cobalto Select,Electrónica,Cobalto,2318.5,79,Distribuidora Bajío,2025-06-23,Sí
791,CUI-00791,Shampoo Anticaspa 650 ml Cobalto Eco,Cuidado personal,Cobalto,263.07,244,Distribuidora Pacífico,2024-06-01,Sí
792,ALI-00792,Pasta Spaghetti 500 g Urban Classic,Alimentos,Urban,465.05,282,Distribuidora del Norte,2026-07-28,No
793,ELE-00793,Cargador Doble Puerto Urban Plus,Electrónica,Urban,1705.6,291,Distribuidora Pacífico,2024-12-29,Sí
794,ELE-00794,Cargador USB-C 20W Orion Max,Electrónica,Orion,750.5,93,Distribuidora Hidalgo,2024-02-16,Sí
795,ALI-00795,Pasta Penne 500 g Cobalto Max,Alimentos,Cobalto,507.83,135,Distribuidora Metropolitana,2026-07-29,Sí
796,HOG-00796,Organizador de Escritorio Lumina Advance,Hogar,Lumina,706.55,344,Distribuidora del Norte,2025-03-20,Sí
797,ELE-00797,Bocina Bluetooth Nova Pro,Electrónica,Nova,2345.93,235,Distribuidora Hidalgo,2026-06-08,Sí
798,ALI-00798,Galletas con Chocolate 300 g Nativa Classic,Alimentos,Nativa,503.72,315,Distribuidora Metropolitana,2025-12-08,Sí
799,ALI-00799,Aceite de Aguacate 500 ml Lumina Pro,Alimentos,Lumina,129.58,97,Distribuidora del Norte,2026-04-15,No
800,HOG-00800,Lámpara LED Nativa Pro,Hogar,Nativa,1651.37,223,Distribuidora Nova,2024-03-29,Sí
801,DEP-00801,Tapete de Yoga con Correa Urban Essential,Deportes,Urban,427.9,78,Distribuidora Bajío,2025-05-11,Sí
802,DEP-00802,Guantes de Ciclismo Aurea Classic,Deportes,Aurea,1746.04,200,Distribuidora Central,2024-12-07,No
803,ALI-00803,Aceite de Aguacate 500 ml Nativa Advance,Alimentos,Nativa,486.18,283,Distribuidora Pacífico,2024-02-07,Sí
804,DEP-00804,Guantes con Muñequera Brava Essential,Deportes,Brava,1626.38,216,Distribuidora Metropolitana,2025-07-20,Sí
805,ALI-00805,Aceite de Aguacate 500 ml Orion Max,Alimentos,Orion,506.97,330,Distribuidora Metropolitana,2025-04-04,Sí
806,ELE-00806,Teclado Compacto Aurea Max,Electrónica,Aurea,1300.89,118,Distribuidora Nova,2025-08-24,Sí
807,OFI-00807,Memoria USB USB 3.2 Vitta Classic,Oficina,Vitta,4346.94,199,Distribuidora Hidalgo,2026-05-03,Sí
808,ALI-00808,Pasta Penne 500 g Nexo Advance,Alimentos,Nexo,185.38,44,Distribuidora Bajío,2024-05-12,Sí
809,HOG-00809,Termo Térmico Orion Eco,Hogar,Orion,2361.19,252,Distribuidora Pacífico,2024-08-28,Sí
810,ELE-00810,Audífonos USB-C Terra Prime,Electrónica,Terra,2416.71,89,Distribuidora Central,2026-04-06,Sí
811,DEP-00811,Botella Deportiva 1 L Orion Lite,Deportes,Orion,741.12,132,Distribuidora Metropolitana,2026-03-14,Sí
812,ELE-00812,Cargador Inalámbrico Vitta Lite,Electrónica,Vitta,2173.37,53,Distribuidora Central,2026-08-06,Sí
813,DEP-00813,Botella Deportiva 750 ml Orion Lite,Deportes,Orion,211.13,53,Distribuidora Mexicana,2025-10-07,Sí
814,HOG-00814,Sartén Antiadherente 24 cm Kairo Max,Hogar,Kairo,1922.95,255,Distribuidora del Norte,2024-06-06,Sí
815,OFI-00815,Mochila para Laptop 15.6 Aurea Max,Oficina,Aurea,5817.91,3,Distribuidora Nova,2026-05-04,Sí
816,OFI-00816,Calculadora de Escritorio Lumina Classic,Oficina,Lumina,2256.21,212,Distribuidora Metropolitana,2025-10-06,Sí
817,HOG-00817,Termo Térmico Brava Pro,Hogar,Brava,2019.28,211,Distribuidora Hidalgo,2026-07-08,Sí
818,CUI-00818,Cepillo Dental Suave Cobalto Pro,Cuidado personal,Cobalto,2166.0,264,Distribuidora del Norte,2024-03-27,Sí
819,DEP-00819,Tapete de Yoga con Correa Altura Eco,Deportes,Altura,2298.25,338,Distribuidora Mexicana,2026-07-13,Sí
820,ALI-00820,Galletas Integrales 350 g Urban Eco,Alimentos,Urban,710.6,283,Distribuidora Pacífico,2026-01-08,Sí
821,OFI-00821,Cuaderno Pasta Dura Vitta Eco,Oficina,Vitta,2696.07,105,Distribuidora Bajío,2025-12-15,Sí
822,ALI-00822,Aceite de Oliva 500 ml Kairo Plus,Alimentos,Kairo,53.61,171,Distribuidora Hidalgo,2026-01-12,Sí
823,HOG-00823,Termo de Acero Inoxidable Aurea Plus,Hogar,Aurea,1317.25,159,Distribuidora Metropolitana,2026-02-14,Sí
824,ELE-00824,Audífonos USB-C Brava Classic,Electrónica,Brava,2582.81,258,Distribuidora del Norte,2026-01-19,Sí
825,OFI-00825,Calculadora Básica Orion Essential,Oficina,Orion,4547.12,63,Distribuidora Bajío,2024-11-01,Sí
826,ELE-00826,Bocina Inteligente Brava Advance,Electrónica,Brava,2043.75,321,Distribuidora Nova,2024-12-24,Sí
827,ALI-00827,Galletas con Chocolate 300 g Vitta Eco,Alimentos,Vitta,427.22,126,Distribuidora del Norte,2024-12-01,Sí
828,HOG-00828,Sartén Antiadherente 28 cm Orion Pro,Hogar,Orion,1801.17,210,Distribuidora del Norte,2024-04-04,Sí
829,HOG-00829,Juego de Toallas 4 Piezas Cobalto Plus,Hogar,Cobalto,972.69,269,Distribuidora Hidalgo,2025-08-25,Sí
830,DEP-00830,Mancuerna Hexagonal Urban Max,Deportes,Urban,2094.04,250,Distribuidora Hidalgo,2026-04-23,Sí
831,CUI-00831,Crema Corporal con Aloe 500 ml Cobalto Pro,Cuidado personal,Cobalto,2710.96,262,Distribuidora del Norte,2025-12-12,Sí
832,DEP-00832,Botella Deportiva 1 L Prisma Plus,Deportes,Prisma,1839.66,209,Distribuidora del Norte,2024-05-03,Sí
833,OFI-00833,Cuaderno de Notas Orion Prime,Oficina,Orion,1853.57,191,Distribuidora Pacífico,2024-10-28,Sí
834,HOG-00834,Organizador de Baño Altura Classic,Hogar,Altura,2230.52,110,Distribuidora Mexicana,2026-04-18,Sí
835,ELE-00835,Audífonos USB-C Lumina Essential,Electrónica,Lumina,1547.88,293,Distribuidora Pacífico,2025-08-02,Sí
836,OFI-00836,Silla con Soporte Lumbar Vitta Pro,Oficina,Vitta,3045.41,235,Distribuidora Bajío,2025-11-14,Sí
837,ALI-00837,Pasta Spaghetti 500 g Urban Eco,Alimentos,Urban,205.2,202,Distribuidora Metropolitana,2025-07-07,No
838,ALI-00838,Aceite Vegetal 1 L Terra Plus,Alimentos,Terra,695.25,12,Distribuidora Pacífico,2025-07-28,Sí
839,ALI-00839,Galletas de Avena 300 g Aurea Advance,Alimentos,Aurea,444.38,27,Distribuidora Nova,2026-02-07,Sí
840,ELE-00840,Audífonos Inalámbricos Nova Classic,Electrónica,Nova,2784.64,125,Distribuidora Bajío,2024-03-27,Sí
841,CUI-00841,Cepillo Dental Eléctrico Altura Max,Cuidado personal,Altura,2418.88,11,Distribuidora Metropolitana,2025-03-23,Sí
842,ELE-00842,Cargador Inalámbrico Zenit Classic,Electrónica,Zenit,453.93,50,Distribuidora Mexicana,2024-10-19,Sí
843,OFI-00843,Cuaderno de Notas Kairo Eco,Oficina,Kairo,4082.22,30,Distribuidora Metropolitana,2024-07-04,No
844,ELE-00844,Mouse Óptico Orion Prime,Electrónica,Orion,626.24,165,Distribuidora Pacífico,2025-01-19,Sí
845,ELE-00845,Audífonos Inalámbricos Brava Advance,Electrónica,Brava,2112.2,252,Distribuidora Hidalgo,2026-08-30,Sí
846,ELE-00846,Mouse Óptico Urban Plus,Electrónica,Urban,1770.97,208,Distribuidora Nova,2026-07-24,Sí
847,OFI-00847,Memoria USB 32 GB Brava Lite,Oficina,Brava,3920.85,64,Distribuidora Pacífico,2025-08-04,Sí
848,ELE-00848,Webcam 2K Vitta Prime,Electrónica,Vitta,1959.47,86,Distribuidora Nova,2025-07-04,Sí
849,CUI-00849,Rasuradora Recargable Nova Max,Cuidado personal,Nova,2691.91,317,Distribuidora Pacífico,2025-10-30,Sí
850,ELE-00850,Audífonos con Micrófono Terra Advance,Electrónica,Terra,989.48,348,Distribuidora Hidalgo,2024-12-25,Sí
851,HOG-00851,Termo de Acero Inoxidable Altura Pro,Hogar,Altura,1867.82,288,Distribuidora del Norte,2024-11-03,Sí
852,ALI-00852,Café en Grano 1 kg Terra Eco,Alimentos,Terra,188.2,258,Distribuidora Metropolitana,2026-06-24,Sí
853,OFI-00853,Calculadora Financiera Terra Select,Oficina,Terra,3984.82,164,Distribuidora Metropolitana,2024-08-03,Sí
854,CUI-00854,Cepillo Dental Suave Vitta Essential,Cuidado personal,Vitta,1721.6,2,Distribuidora Central,2025-11-19,Sí
855,CUI-00855,Rasuradora de Precisión Lumina Plus,Cuidado personal,Lumina,1528.44,343,Distribuidora Bajío,2025-11-19,Sí
856,DEP-00856,Guantes Deportivos Zenit Pro,Deportes,Zenit,2530.91,4,Distribuidora del Norte,2025-04-18,Sí
857,HOG-00857,Juego de Toallas Algodón Brava Essential,Hogar,Brava,1914.38,348,Distribuidora Metropolitana,2024-07-15,Sí
858,CUI-00858,Cepillo Dental Medio Brava Max,Cuidado personal,Brava,2708.93,18,Distribuidora Pacífico,2025-05-19,Sí
859,ALI-00859,Galletas de Avena 300 g Nova Select,Alimentos,Nova,786.82,326,Distribuidora Hidalgo,2024-04-23,Sí
860,CUI-00860,Secadora Profesional Nexo Lite,Cuidado personal,Nexo,578.64,289,Distribuidora Mexicana,2024-03-07,Sí
861,ALI-00861,Café en Grano 1 kg Terra Advance,Alimentos,Terra,687.14,267,Distribuidora Pacífico,2024-07-15,Sí
862,ELE-00862,Webcam con Micrófono Cobalto Essential,Electrónica,Cobalto,3290.93,328,Distribuidora Central,2026-05-24,Sí
863,DEP-00863,Balón de Voleibol Orion Lite,Deportes,Orion,1446.77,185,Distribuidora Central,2026-06-24,Sí
864,ELE-00864,Mouse Óptico Cobalto Prime,Electrónica,Cobalto,166.28,99,Distribuidora Metropolitana,2024-03-24,Sí
865,ELE-00865,Webcam 2K Urban Plus,Electrónica,Urban,3220.93,100,Distribuidora Mexicana,2024-12-03,Sí
866,ALI-00866,Café Molido 500 g Nativa Eco,Alimentos,Nativa,650.44,303,Distribuidora Metropolitana,2026-05-10,Sí
867,ELE-00867,Bocina Portátil Marea Essential,Electrónica,Marea,2901.47,266,Distribuidora Nova,2026-08-24,Sí
868,CUI-00868,Secadora Profesional Orion Max,Cuidado personal,Orion,1639.39,43,Distribuidora Central,2026-07-27,No
869,OFI-00869,Cuaderno de Notas Altura Max,Oficina,Altura,361.76,312,Distribuidora Hidalgo,2024-03-08,Sí
870,ELE-00870,Cargador USB-C 20W Kairo Eco,Electrónica,Kairo,1494.64,316,Distribuidora Hidalgo,2024-08-26,Sí
871,ALI-00871,Galletas de Avena 300 g Cobalto Eco,Alimentos,Cobalto,384.3,219,Distribuidora del Norte,2024-12-13,Sí
872,ALI-00872,Café Descafeinado 400 g Marea Advance,Alimentos,Marea,173.98,52,Distribuidora Central,2025-09-01,Sí
873,CUI-00873,Crema Corporal Nutritiva 400 ml Vitta Lite,Cuidado personal,Vitta,750.81,215,Distribuidora Bajío,2026-01-12,Sí
874,HOG-00874,Organizador de Escritorio Altura Essential,Hogar,Altura,387.99,299,Distribuidora Hidalgo,2025-06-09,Sí
875,OFI-00875,Calculadora de Escritorio Vitta Max,Oficina,Vitta,1875.93,175,Distribuidora Pacífico,2025-01-12,Sí
876,CUI-00876,Secadora Iónica Altura Select,Cuidado personal,Altura,1441.58,286,Distribuidora Central,2025-03-08,Sí
877,HOG-00877,Organizador de Cocina Marea Select,Hogar,Marea,1695.22,239,Distribuidora Metropolitana,2026-05-22,Sí
878,OFI-00878,Memoria USB 128 GB Urban Prime,Oficina,Urban,1002.84,232,Distribuidora Central,2025-05-22,Sí
879,ELE-00879,Webcam 2K Brava Max,Electrónica,Brava,2239.13,122,Distribuidora Bajío,2026-01-22,Sí
880,OFI-00880,Silla Ejecutiva Zenit Pro,Oficina,Zenit,4961.77,3,Distribuidora Metropolitana,2024-01-11,Sí
881,ELE-00881,Cargador USB-C 20W Vitta Classic,Electrónica,Vitta,1624.37,323,Distribuidora Metropolitana,2024-02-14,Sí
882,HOG-00882,Organizador Multiusos Nexo Select,Hogar,Nexo,2221.62,89,Distribuidora Metropolitana,2026-05-17,Sí
883,HOG-00883,Organizador de Cocina Nexo Classic,Hogar,Nexo,2282.77,10,Distribuidora Mexicana,2025-01-23,Sí
884,ELE-00884,Mouse Ergonómico Kairo Max,Electrónica,Kairo,953.5,190,Distribuidora Mexicana,2026-08-21,Sí
885,CUI-00885,Rasuradora Recargable Orion Pro,Cuidado personal,Orion,2476.02,66,Distribuidora Nova,2024-07-15,Sí
886,ALI-00886,Pasta Penne 500 g Urban Select,Alimentos,Urban,737.86,315,Distribuidora Nova,2026-05-24,Sí
887,HOG-00887,Sartén Antiadherente 24 cm Altura Classic,Hogar,Altura,2191.3,260,Distribuidora Bajío,2024-08-02,Sí
888,DEP-00888,Guantes de Gimnasio Nexo Lite,Deportes,Nexo,1218.42,330,Distribuidora Metropolitana,2025-05-25,Sí
889,HOG-00889,Sartén de Acero 26 cm Prisma Lite,Hogar,Prisma,1759.71,253,Distribuidora Bajío,2024-10-01,Sí
890,ALI-00890,Galletas con Chocolate 300 g Altura Select,Alimentos,Altura,194.91,103,Distribuidora Bajío,2026-06-02,Sí
891,HOG-00891,Sartén Antiadherente 28 cm Zenit Advance,Hogar,Zenit,459.45,191,Distribuidora Pacífico,2025-07-17,Sí
892,ELE-00892,Mouse Óptico Prisma Select,Electrónica,Prisma,2105.27,238,Distribuidora Metropolitana,2025-03-12,Sí
893,DEP-00893,Balón de Voleibol Nativa Prime,Deportes,Nativa,883.49,12,Distribuidora Mexicana,2025-03-28,Sí
894,ALI-00894,Café Americano 500 g Lumina Classic,Alimentos,Lumina,677.18,262,Distribuidora del Norte,2026-03-15,Sí
895,HOG-00895,Lámpara de Escritorio Lumina Prime,Hogar,Lumina,171.64,102,Distribuidora Metropolitana,2024-07-20,Sí
896,OFI-00896,Calculadora Básica Aurea Advance,Oficina,Aurea,5987.05,278,Distribuidora Pacífico,2024-01-09,Sí
897,OFI-00897,Calculadora Financiera Zenit Advance,Oficina,Zenit,4554.56,6,Distribuidora Bajío,2025-10-31,Sí
898,HOG-00898,Juego de Toallas 4 Piezas Brava Select,Hogar,Brava,1227.14,264,Distribuidora Bajío,2026-01-09,Sí
899,OFI-00899,Cuaderno Pasta Dura Aurea Eco,Oficina,Aurea,4628.06,213,Distribuidora Nova,2025-03-25,Sí
900,CUI-00900,Shampoo Anticaspa 650 ml Vitta Advance,Cuidado personal,Vitta,2451.31,156,Distribuidora Central,2025-05-26,Sí
901,OFI-00901,Calculadora de Escritorio Urban Eco,Oficina,Urban,4124.89,206,Distribuidora Pacífico,2024-11-29,Sí
902,CUI-00902,Shampoo Hidratante 750 ml Vitta Prime,Cuidado personal,Vitta,1609.8,308,Distribuidora Hidalgo,2025-01-25,Sí
903,DEP-00903,Botella Deportiva Térmica Aurea Max,Deportes,Aurea,405.14,291,Distribuidora Bajío,2025-10-16,Sí
904,ELE-00904,Teclado Mecánico Nexo Essential,Electrónica,Nexo,2917.69,308,Distribuidora Bajío,2024-01-28,Sí
905,ELE-00905,Bocina Inteligente Aurea Select,Electrónica,Aurea,1124.2,268,Distribuidora del Norte,2025-04-10,Sí
906,CUI-00906,Shampoo Hidratante 750 ml Marea Eco,Cuidado personal,Marea,1122.1,56,Distribuidora Mexicana,2025-07-03,Sí
907,ALI-00907,Café Descafeinado 400 g Aurea Pro,Alimentos,Aurea,698.73,158,Distribuidora Hidalgo,2026-04-17,Sí
908,DEP-00908,Tapete de Yoga Antideslizante Aurea Lite,Deportes,Aurea,2174.81,234,Distribuidora Pacífico,2024-07-25,No
909,HOG-00909,Juego de Toallas Algodón Zenit Advance,Hogar,Zenit,2033.31,269,Distribuidora Metropolitana,2026-07-21,Sí
910,DEP-00910,Balón Entrenamiento Altura Plus,Deportes,Altura,926.82,233,Distribuidora Metropolitana,2025-12-18,Sí
911,OFI-00911,Silla Ejecutiva Urban Select,Oficina,Urban,1106.0,316,Distribuidora Hidalgo,2025-04-13,Sí
912,ALI-00912,Cereal de Avena 500 g Orion Eco,Alimentos,Orion,565.75,22,Distribuidora Nova,2026-06-25,Sí
913,OFI-00913,Memoria USB 128 GB Lumina Select,Oficina,Lumina,5454.7,210,Distribuidora del Norte,2025-01-12,Sí
914,ELE-00914,Cargador Inalámbrico Urban Max,Electrónica,Urban,701.21,106,Distribuidora Central,2025-04-18,No
915,ALI-00915,Aceite de Aguacate 500 ml Marea Eco,Alimentos,Marea,687.37,203,Distribuidora Central,2024-01-11,Sí
916,ALI-00916,Cereal con Frutos 450 g Cobalto Max,Alimentos,Cobalto,382.09,42,Distribuidora Nova,2025-12-31,Sí
917,HOG-00917,Juego de Toallas 6 Piezas Nexo Pro,Hogar,Nexo,2108.16,310,Distribuidora del Norte,2024-06-30,Sí
918,CUI-00918,Rasuradora 3 Cabezas Lumina Essential,Cuidado personal,Lumina,1910.51,78,Distribuidora Bajío,2025-01-01,Sí
919,ALI-00919,Café en Grano 1 kg Cobalto Essential,Alimentos,Cobalto,672.45,267,Distribuidora del Norte,2025-02-03,Sí
920,DEP-00920,Botella Deportiva 750 ml Altura Eco,Deportes,Altura,2321.3,127,Distribuidora Metropolitana,2026-07-19,Sí
921,ELE-00921,Audífonos con Micrófono Nova Essential,Electrónica,Nova,1278.34,98,Distribuidora del Norte,2024-08-13,Sí
922,ELE-00922,Webcam 2K Nexo Essential,Electrónica,Nexo,1541.53,55,Distribuidora Metropolitana,2024-11-26,Sí
923,HOG-00923,Termo 750 ml Zenit Eco,Hogar,Zenit,371.35,109,Distribuidora del Norte,2024-12-31,Sí
924,ELE-00924,Bocina Inteligente Nova Eco,Electrónica,Nova,861.77,112,Distribuidora del Norte,2025-11-04,Sí
925,ALI-00925,Galletas Integrales 350 g Altura Plus,Alimentos,Altura,710.35,210,Distribuidora Pacífico,2026-02-24,Sí
926,ELE-00926,Webcam 2K Terra Plus,Electrónica,Terra,2158.55,323,Distribuidora Hidalgo,2025-11-25,Sí
927,ALI-00927,Cereal con Frutos 450 g Nexo Prime,Alimentos,Nexo,781.99,341,Distribuidora Bajío,2024-03-10,Sí
928,CUI-00928,Secadora Profesional Zenit Lite,Cuidado personal,Zenit,1809.19,119,Distribuidora Central,2024-08-26,No
929,ELE-00929,Mouse Ergonómico Urban Select,Electrónica,Urban,2225.22,30,Distribuidora Mexicana,2025-01-18,Sí
930,HOG-00930,Organizador de Baño Aurea Essential,Hogar,Aurea,655.11,306,Distribuidora Bajío,2026-01-26,Sí
931,HOG-00931,Sartén Antiadherente 28 cm Altura Lite,Hogar,Altura,1995.11,212,Distribuidora Pacífico,2026-02-07,No
932,ALI-00932,Pasta Penne 500 g Brava Select,Alimentos,Brava,442.43,340,Distribuidora Nova,2026-03-31,Sí
933,ALI-00933,Cereal de Avena 500 g Zenit Lite,Alimentos,Zenit,273.95,226,Distribuidora Central,2024-03-07,Sí
934,ELE-00934,Teclado Mecánico Vitta Select,Electrónica,Vitta,569.63,88,Distribuidora Nova,2024-08-29,Sí
935,DEP-00935,Balón de Voleibol Nexo Select,Deportes,Nexo,801.73,90,Distribuidora Nova,2024-11-06,Sí
936,DEP-00936,Tapete de Yoga Antideslizante Nativa Plus,Deportes,Nativa,2856.45,184,Distribuidora Hidalgo,2025-01-21,Sí
937,DEP-00937,Balón Entrenamiento Vitta Max,Deportes,Vitta,146.65,195,Distribuidora Hidalgo,2026-05-24,Sí
938,OFI-00938,Memoria USB 64 GB Nexo Classic,Oficina,Nexo,2304.01,156,Distribuidora Bajío,2024-10-17,Sí
939,CUI-00939,Rasuradora Recargable Marea Pro,Cuidado personal,Marea,2013.73,100,Distribuidora Mexicana,2026-07-27,Sí
940,ELE-00940,Cargador Inalámbrico Nativa Eco,Electrónica,Nativa,3250.07,202,Distribuidora Metropolitana,2025-01-28,Sí
941,ALI-00941,Galletas de Avena 300 g Urban Essential,Alimentos,Urban,793.17,63,Distribuidora Hidalgo,2026-08-12,Sí
942,HOG-00942,Juego de Toallas 6 Piezas Prisma Lite,Hogar,Prisma,1795.09,325,Distribuidora Metropolitana,2025-12-14,Sí
943,DEP-00943,Balón de Básquetbol Brava Max,Deportes,Brava,189.42,185,Distribuidora Central,2025-12-15,Sí
944,HOG-00944,Sartén de Acero 26 cm Cobalto Pro,Hogar,Cobalto,694.38,308,Distribuidora Mexicana,2024-01-13,Sí
945,ELE-00945,Webcam Autofocus Zenit Advance,Electrónica,Zenit,3412.39,41,Distribuidora Nova,2026-06-16,Sí
946,DEP-00946,Mancuerna Ajustable Zenit Advance,Deportes,Zenit,985.22,210,Distribuidora del Norte,2024-04-21,Sí
947,OFI-00947,Mochila Antirrobo Aurea Eco,Oficina,Aurea,4203.89,3,Distribuidora Mexicana,2026-04-15,Sí
948,ELE-00948,Audífonos con Micrófono Urban Classic,Electrónica,Urban,2604.69,87,Distribuidora Mexicana,2025-01-18,Sí
949,HOG-00949,Organizador de Baño Nexo Lite,Hogar,Nexo,2374.33,230,Distribuidora Nova,2024-07-09,Sí
950,ALI-00950,Cereal Integral 500 g Terra Eco,Alimentos,Terra,366.13,319,Distribuidora del Norte,2026-06-08,Sí
951,ELE-00951,Mouse Inalámbrico Zenit Plus,Electrónica,Zenit,1076.15,175,Distribuidora Central,2025-08-22,Sí
952,DEP-00952,Botella Deportiva 750 ml Altura Classic,Deportes,Altura,2276.73,3,Distribuidora Central,2024-04-09,Sí
953,ELE-00953,Bocina Inteligente Nativa Max,Electrónica,Nativa,2684.65,309,Distribuidora Hidalgo,2024-12-10,Sí
954,OFI-00954,Calculadora de Escritorio Prisma Eco,Oficina,Prisma,2291.99,29,Distribuidora Metropolitana,2026-06-13,Sí
955,ELE-00955,Audífonos con Micrófono Zenit Pro,Electrónica,Zenit,235.03,62,Distribuidora Pacífico,2026-08-31,Sí
956,HOG-00956,Sartén Antiadherente 28 cm Nativa Lite,Hogar,Nativa,1078.77,96,Distribuidora Central,2025-10-15,Sí
957,OFI-00957,Cuaderno Pasta Dura Altura Prime,Oficina,Altura,4078.17,119,Distribuidora Bajío,2025-02-13,Sí
958,ELE-00958,Mouse Óptico Nativa Plus,Electrónica,Nativa,2608.83,150,Distribuidora Nova,2025-12-30,Sí
959,CUI-00959,Secadora Compacta Vitta Max,Cuidado personal,Vitta,2239.44,154,Distribuidora Bajío,2024-06-21,Sí
960,ELE-00960,Bocina Portátil Brava Select,Electrónica,Brava,719.95,337,Distribuidora del Norte,2024-04-18,Sí
961,ALI-00961,Café en Grano 1 kg Marea Eco,Alimentos,Marea,618.12,112,Distribuidora Pacífico,2025-11-12,Sí
962,ALI-00962,Café en Grano 1 kg Nativa Plus,Alimentos,Nativa,640.75,170,Distribuidora Nova,2026-08-12,Sí
963,CUI-00963,Shampoo Reparador 700 ml Marea Eco,Cuidado personal,Marea,2551.6,195,Distribuidora Hidalgo,2026-04-07,Sí
964,OFI-00964,Cuaderno Pasta Dura Lumina Plus,Oficina,Lumina,566.63,303,Distribuidora Nova,2026-02-01,Sí
965,CUI-00965,Cepillo Dental Medio Marea Eco,Cuidado personal,Marea,1633.83,0,Distribuidora Pacífico,2024-03-04,Sí
966,HOG-00966,Juego de Toallas Microfibra Marea Prime,Hogar,Marea,2008.99,64,Distribuidora Nova,2024-04-19,Sí
967,CUI-00967,Rasuradora Corporal Vitta Classic,Cuidado personal,Vitta,2350.69,255,Distribuidora Bajío,2024-05-30,Sí
968,HOG-00968,Lámpara de Noche Kairo Lite,Hogar,Kairo,2475.61,63,Distribuidora Pacífico,2026-05-18,Sí
969,DEP-00969,Tapete de Yoga con Correa Kairo Eco,Deportes,Kairo,260.14,170,Distribuidora Mexicana,2026-04-27,Sí
970,ALI-00970,Cereal de Avena 500 g Altura Pro,Alimentos,Altura,688.15,200,Distribuidora Pacífico,2026-04-14,Sí
971,HOG-00971,Lámpara Minimalista Marea Eco,Hogar,Marea,1719.51,178,Distribuidora Hidalgo,2025-02-04,Sí
972,ALI-00972,Pasta Penne 500 g Aurea Lite,Alimentos,Aurea,329.78,67,Distribuidora Metropolitana,2026-02-09,Sí
973,ELE-00973,Webcam con Micrófono Cobalto Pro,Electrónica,Cobalto,2082.48,226,Distribuidora Bajío,2024-10-25,Sí
974,HOG-00974,Organizador de Escritorio Nova Prime,Hogar,Nova,1835.82,294,Distribuidora del Norte,2025-11-25,Sí
975,HOG-00975,Juego de Toallas Microfibra Nexo Essential,Hogar,Nexo,311.44,242,Distribuidora Mexicana,2026-08-25,Sí
976,CUI-00976,Cepillo Dental Eléctrico Vitta Eco,Cuidado personal,Vitta,719.73,60,Distribuidora Nova,2025-02-10,Sí
977,ALI-00977,Galletas de Avena 300 g Zenit Plus,Alimentos,Zenit,626.96,332,Distribuidora Hidalgo,2024-10-08,Sí
978,DEP-00978,Mancuerna 5 kg Orion Plus,Deportes,Orion,329.47,250,Distribuidora Nova,2024-01-24,Sí
979,CUI-00979,Rasuradora Corporal Orion Advance,Cuidado personal,Orion,543.74,247,Distribuidora Hidalgo,2024-11-01,Sí
980,ELE-00980,Mouse Inalámbrico Nexo Eco,Electrónica,Nexo,2872.11,10,Distribuidora Hidalgo,2025-07-23,Sí
981,CUI-00981,Rasuradora Recargable Orion Select,Cuidado personal,Orion,2704.49,60,Distribuidora Mexicana,2026-06-01,Sí
982,HOG-00982,Lámpara Minimalista Marea Plus,Hogar,Marea,173.73,294,Distribuidora Nova,2025-10-30,Sí
983,CUI-00983,Cepillo Dental Suave Lumina Plus,Cuidado personal,Lumina,1438.93,186,Distribuidora Mexicana,2025-03-09,Sí
984,ALI-00984,Café en Grano 1 kg Kairo Essential,Alimentos,Kairo,757.37,265,Distribuidora Pacífico,2025-11-05,Sí
985,HOG-00985,Termo Térmico Marea Lite,Hogar,Marea,2283.1,180,Distribuidora Nova,2025-12-05,Sí
986,ELE-00986,Teclado Mecánico Aurea Pro,Electrónica,Aurea,1153.03,110,Distribuidora Mexicana,2025-09-08,Sí
987,CUI-00987,Cepillo Dental Pack 3 Vitta Advance,Cuidado personal,Vitta,1207.23,281,Distribuidora Pacífico,2024-09-23,Sí
988,HOG-00988,Juego de Toallas Microfibra Lumina Classic,Hogar,Lumina,1716.19,73,Distribuidora Nova,2024-03-13,Sí
989,OFI-00989,Mochila Antirrobo Nexo Eco,Oficina,Nexo,4934.83,161,Distribuidora Hidalgo,2025-01-23,No
990,CUI-00990,Crema Corporal Hidratante 400 ml Terra Plus,Cuidado personal,Terra,1508.67,350,Distribuidora Hidalgo,2024-03-08,Sí
991,ELE-00991,Mouse Gaming Terra Pro,Electrónica,Terra,3059.67,115,Distribuidora Pacífico,2024-01-11,Sí
992,HOG-00992,Juego de Toallas Algodón Orion Pro,Hogar,Orion,1353.07,156,Distribuidora Bajío,2024-04-07,Sí
993,ALI-00993,Galletas Integrales 350 g Terra Advance,Alimentos,Terra,101.68,24,Distribuidora Mexicana,2024-11-21,Sí
994,DEP-00994,Tapete de Yoga Antideslizante Zenit Max,Deportes,Zenit,1812.62,132,Distribuidora Central,2025-12-04,Sí
995,HOG-00995,Organizador de Escritorio Zenit Advance,Hogar,Zenit,1858.72,27,Distribuidora Metropolitana,2025-12-25,Sí
996,ALI-00996,Galletas Integrales 350 g Cobalto Pro,Alimentos,Cobalto,364.76,181,Distribuidora Bajío,2025-05-29,Sí
997,DEP-00997,Guantes de Ciclismo Kairo Plus,Deportes,Kairo,2846.09,208,Distribuidora Metropolitana,2026-05-15,Sí
998,ELE-00998,Audífonos Inalámbricos Lumina Pro,Electrónica,Lumina,2076.31,43,Distribuidora Pacífico,2025-07-21,Sí
999,ELE-00999,Bocina Portátil Nativa Max,Electrónica,Nativa,1874.29,346,Distribuidora del Norte,2025-02-19,No
1000,HOG-01000,Lámpara Minimalista Prisma Select,Hogar,Prisma,2485.02,338,Distribuidora Central,2025-09-13,Sí
1001,HOG-01001,Termo 750 ml Nexo Plus,Hogar,Nexo,967.26,68,Distribuidora Metropolitana,2026-09-02,Sí
1002,DEP-01002,Balón de Básquetbol Prisma Plus,Deportes,Prisma,1072.46,347,Distribuidora Nova,2026-05-01,Sí
1003,ELE-01003,Mouse Gaming Nativa Classic,Electrónica,Nativa,1035.92,1,Distribuidora Hidalgo,2024-08-10,Sí
1004,ALI-01004,Galletas de Avena 300 g Cobalto Advance,Alimentos,Cobalto,681.62,29,Distribuidora Metropolitana,2024-01-07,Sí
1005,OFI-01005,Calculadora Básica Orion Essential,Oficina,Orion,2120.74,95,Distribuidora Hidalgo,2024-12-29,No
1006,DEP-01006,Balón de Básquetbol Lumina Lite,Deportes,Lumina,1585.67,78,Distribuidora Hidalgo,2024-05-06,Sí
1007,ELE-01007,Teclado Compacto Brava Max,Electrónica,Brava,1473.45,153,Distribuidora Metropolitana,2025-03-14,Sí
1008,CUI-01008,Cepillo Dental Suave Cobalto Max,Cuidado personal,Cobalto,490.69,181,Distribuidora Hidalgo,2024-01-06,Sí
1009,ALI-01009,Cereal Integral 500 g Aurea Classic,Alimentos,Aurea,56.16,202,Distribuidora Hidalgo,2026-01-31,Sí
1010,ELE-01010,Teclado Inalámbrico Nativa Classic,Electrónica,Nativa,546.95,250,Distribuidora Bajío,2026-03-30,Sí
1011,HOG-01011,Sartén Antiadherente 28 cm Zenit Pro,Hogar,Zenit,344.55,55,Distribuidora Central,2024-05-09,Sí
1012,CUI-01012,Shampoo Reparador 700 ml Brava Essential,Cuidado personal,Brava,1913.07,175,Distribuidora Hidalgo,2025-09-03,Sí
1013,DEP-01013,Balón de Voleibol Kairo Max,Deportes,Kairo,329.41,219,Distribuidora Nova,2025-09-24,Sí
1014,CUI-01014,Crema Corporal Hidratante 400 ml Terra Plus,Cuidado personal,Terra,2424.92,126,Distribuidora Hidalgo,2024-07-22,Sí
1015,ELE-01015,Webcam 2K Aurea Advance,Electrónica,Aurea,2255.84,76,Distribuidora Nova,2024-05-03,Sí
1016,ELE-01016,Mouse Ergonómico Vitta Eco,Electrónica,Vitta,208.17,102,Distribuidora del Norte,2026-06-04,Sí
1017,DEP-01017,Guantes Deportivos Brava Select,Deportes,Brava,1067.28,245,Distribuidora Central,2025-06-06,Sí
1018,ELE-01018,Mouse Inalámbrico Terra Prime,Electrónica,Terra,1088.86,179,Distribuidora Hidalgo,2024-09-09,Sí
1019,ELE-01019,Teclado Mecánico Nova Essential,Electrónica,Nova,2361.44,164,Distribuidora Nova,2024-10-19,Sí
1020,CUI-01020,Shampoo Anticaspa 650 ml Nexo Classic,Cuidado personal,Nexo,2656.7,186,Distribuidora Metropolitana,2024-11-07,Sí
1021,ALI-01021,Café en Grano 1 kg Marea Prime,Alimentos,Marea,598.76,185,Distribuidora Metropolitana,2024-08-31,Sí
1022,HOG-01022,Termo Térmico Lumina Plus,Hogar,Lumina,394.77,308,Distribuidora del Norte,2024-02-12,Sí
1023,ALI-01023,Cereal Integral 500 g Cobalto Plus,Alimentos,Cobalto,82.96,279,Distribuidora Metropolitana,2024-11-04,Sí
1024,HOG-01024,Termo 750 ml Altura Pro,Hogar,Altura,542.93,281,Distribuidora Pacífico,2026-07-01,Sí
1025,CUI-01025,Cepillo Dental Pack 3 Cobalto Plus,Cuidado personal,Cobalto,2553.48,34,Distribuidora Bajío,2025-03-05,Sí
1026,CUI-01026,Shampoo Hidratante 750 ml Terra Pro,Cuidado personal,Terra,842.71,289,Distribuidora Central,2026-03-24,Sí
1027,HOG-01027,Juego de Toallas Microfibra Lumina Pro,Hogar,Lumina,1138.34,260,Distribuidora Hidalgo,2025-07-29,Sí
1028,DEP-01028,Guantes Deportivos Aurea Pro,Deportes,Aurea,99.48,292,Distribuidora Nova,2025-08-29,Sí
1029,CUI-01029,Rasuradora Corporal Kairo Select,Cuidado personal,Kairo,861.19,137,Distribuidora del Norte,2024-06-24,Sí
1030,CUI-01030,Crema Corporal con Aloe 500 ml Altura Pro,Cuidado personal,Altura,2639.39,142,Distribuidora Mexicana,2024-10-03,Sí
1031,ELE-01031,Webcam 2K Aurea Lite,Electrónica,Aurea,538.22,332,Distribuidora Metropolitana,2025-10-09,Sí
1032,OFI-01032,Calculadora Científica Terra Pro,Oficina,Terra,2470.36,313,Distribuidora Pacífico,2024-11-28,Sí
1033,ALI-01033,Café Americano 500 g Brava Classic,Alimentos,Brava,161.79,8,Distribuidora del Norte,2026-01-09,Sí
1034,DEP-01034,Mancuerna 10 kg Cobalto Select,Deportes,Cobalto,1032.61,104,Distribuidora Hidalgo,2024-06-08,Sí
1035,ALI-01035,Aceite de Aguacate 500 ml Vitta Max,Alimentos,Vitta,97.52,92,Distribuidora Bajío,2024-07-08,Sí
1036,HOG-01036,Organizador de Baño Nexo Classic,Hogar,Nexo,129.93,83,Distribuidora Mexicana,2026-04-17,Sí
1037,CUI-01037,Crema Corporal Hidratante 400 ml Vitta Plus,Cuidado personal,Vitta,1219.29,232,Distribuidora Hidalgo,2024-04-12,Sí
1038,HOG-01038,Lámpara de Escritorio Zenit Eco,Hogar,Zenit,129.13,6,Distribuidora Central,2024-05-15,Sí
1039,ELE-01039,Mouse Ergonómico Nova Essential,Electrónica,Nova,3357.02,54,Distribuidora Metropolitana,2026-05-23,Sí
1040,HOG-01040,Organizador de Baño Cobalto Pro,Hogar,Cobalto,822.87,245,Distribuidora Mexicana,2024-09-06,Sí
1041,ALI-01041,Pasta Fusilli 500 g Orion Essential,Alimentos,Orion,663.49,52,Distribuidora Pacífico,2024-04-15,Sí
1042,DEP-01042,Tapete de Yoga 6 mm Brava Essential,Deportes,Brava,748.62,197,Distribuidora Mexicana,2024-12-27,Sí
1043,HOG-01043,Juego de Toallas Algodón Nativa Pro,Hogar,Nativa,2476.66,114,Distribuidora del Norte,2026-09-06,Sí
1044,OFI-01044,Cuaderno Pasta Dura Orion Prime,Oficina,Orion,5541.68,43,Distribuidora Central,2025-09-11,Sí
1045,DEP-01045,Guantes Deportivos Nexo Eco,Deportes,Nexo,526.14,341,Distribuidora Pacífico,2025-10-01,Sí
1046,OFI-01046,Cuaderno Pasta Dura Nativa Prime,Oficina,Nativa,5598.71,39,Distribuidora Central,2026-06-01,Sí
1047,HOG-01047,Organizador Multiusos Vitta Eco,Hogar,Vitta,1160.0,244,Distribuidora del Norte,2024-04-25,Sí
1048,ALI-01048,Pasta Spaghetti 500 g Lumina Prime,Alimentos,Lumina,794.95,93,Distribuidora Hidalgo,2024-12-27,Sí
1049,DEP-01049,Balón Entrenamiento Marea Pro,Deportes,Marea,2423.23,334,Distribuidora Nova,2025-01-27,Sí
1050,DEP-01050,Guantes con Muñequera Brava Eco,Deportes,Brava,332.33,215,Distribuidora Nova,2025-12-20,Sí
1051,OFI-01051,Cuaderno de Notas Nova Prime,Oficina,Nova,3365.15,68,Distribuidora del Norte,2024-03-02,Sí
1052,OFI-01052,Mochila Antirrobo Cobalto Pro,Oficina,Cobalto,5016.44,282,Distribuidora Hidalgo,2024-09-05,Sí
1053,HOG-01053,Lámpara LED Orion Pro,Hogar,Orion,992.46,13,Distribuidora Hidalgo,2025-01-15,Sí
1054,ELE-01054,Webcam Full HD Nativa Advance,Electrónica,Nativa,3065.1,15,Distribuidora Mexicana,2025-01-09,Sí
1055,HOG-01055,Lámpara de Escritorio Urban Pro,Hogar,Urban,1931.31,240,Distribuidora Mexicana,2026-02-05,Sí
1056,OFI-01056,Silla con Soporte Lumbar Marea Max,Oficina,Marea,4695.25,6,Distribuidora Pacífico,2024-04-23,Sí
1057,ALI-01057,Café en Grano 1 kg Nexo Essential,Alimentos,Nexo,331.81,216,Distribuidora Bajío,2025-07-21,Sí
1058,OFI-01058,Memoria USB 128 GB Brava Eco,Oficina,Brava,5590.17,139,Distribuidora del Norte,2025-06-18,Sí
1059,HOG-01059,Organizador de Baño Altura Select,Hogar,Altura,1028.34,286,Distribuidora del Norte,2026-04-16,Sí
1060,DEP-01060,Mancuerna Hexagonal Zenit Pro,Deportes,Zenit,248.09,190,Distribuidora Hidalgo,2024-07-18,Sí
1061,ELE-01061,Audífonos USB-C Marea Essential,Electrónica,Marea,951.43,83,Distribuidora del Norte,2024-03-07,Sí
1062,ELE-01062,Mouse Ergonómico Aurea Essential,Electrónica,Aurea,954.12,43,Distribuidora Central,2025-07-31,Sí
1063,DEP-01063,Botella Deportiva 750 ml Marea Plus,Deportes,Marea,2834.61,4,Distribuidora Metropolitana,2026-02-08,Sí
1064,DEP-01064,Guantes de Ciclismo Marea Eco,Deportes,Marea,2200.75,66,Distribuidora del Norte,2024-12-05,Sí
1065,ALI-01065,Galletas de Avena 300 g Vitta Essential,Alimentos,Vitta,479.47,195,Distribuidora Bajío,2025-08-23,Sí
1066,ELE-01066,Mouse Ergonómico Vitta Max,Electrónica,Vitta,412.82,320,Distribuidora del Norte,2026-09-02,Sí
1067,HOG-01067,Organizador de Escritorio Marea Max,Hogar,Marea,1979.55,173,Distribuidora Pacífico,2025-01-03,Sí
1068,DEP-01068,Botella Deportiva Térmica Brava Select,Deportes,Brava,2990.3,310,Distribuidora del Norte,2024-06-05,Sí
1069,DEP-01069,Botella Deportiva 750 ml Vitta Classic,Deportes,Vitta,1681.17,44,Distribuidora Bajío,2024-04-06,Sí
1070,HOG-01070,Sartén Antiadherente 24 cm Lumina Classic,Hogar,Lumina,1474.16,180,Distribuidora del Norte,2024-03-13,Sí
1071,DEP-01071,Mancuerna Hexagonal Terra Max,Deportes,Terra,1981.35,71,Distribuidora del Norte,2025-08-05,Sí
1072,OFI-01072,Calculadora Financiera Urban Advance,Oficina,Urban,5504.82,66,Distribuidora Bajío,2025-01-10,Sí
1073,CUI-01073,Cepillo Dental Pack 3 Lumina Eco,Cuidado personal,Lumina,1438.37,134,Distribuidora Central,2025-09-27,Sí
1074,ELE-01074,Webcam 2K Nova Pro,Electrónica,Nova,3006.75,148,Distribuidora Hidalgo,2024-06-11,Sí
1075,ELE-01075,Teclado RGB Cobalto Plus,Electrónica,Cobalto,1317.94,239,Distribuidora Bajío,2024-04-21,Sí
1076,ALI-01076,Café Descafeinado 400 g Urban Select,Alimentos,Urban,335.78,33,Distribuidora Metropolitana,2024-12-16,Sí
1077,DEP-01077,Tapete de Yoga con Correa Orion Classic,Deportes,Orion,1411.82,279,Distribuidora Mexicana,2026-08-29,Sí
1078,ALI-01078,Cereal con Frutos 450 g Altura Advance,Alimentos,Altura,624.24,31,Distribuidora Metropolitana,2026-03-19,Sí
1079,DEP-01079,Tapete de Yoga 6 mm Aurea Essential,Deportes,Aurea,2861.2,350,Distribuidora Hidalgo,2024-10-03,Sí
1080,HOG-01080,Lámpara LED Lumina Classic,Hogar,Lumina,1059.27,152,Distribuidora Bajío,2026-06-11,Sí
1081,HOG-01081,Sartén Antiadherente 24 cm Altura Plus,Hogar,Altura,2244.79,219,Distribuidora Metropolitana,2026-02-10,Sí
1082,HOG-01082,Sartén Antiadherente 28 cm Nativa Max,Hogar,Nativa,1374.93,82,Distribuidora Hidalgo,2024-12-29,Sí
1083,CUI-01083,Rasuradora Recargable Aurea Plus,Cuidado personal,Aurea,2035.38,296,Distribuidora Mexicana,2024-11-27,Sí
1084,ALI-01084,Pasta Spaghetti 500 g Vitta Max,Alimentos,Vitta,747.78,255,Distribuidora Metropolitana,2024-04-26,Sí
1085,ALI-01085,Aceite de Aguacate 500 ml Nova Max,Alimentos,Nova,755.13,64,Distribuidora Bajío,2025-10-16,Sí
1086,ELE-01086,Audífonos Inalámbricos Aurea Eco,Electrónica,Aurea,2482.09,85,Distribuidora Hidalgo,2024-08-09,Sí
1087,HOG-01087,Termo 500 ml Prisma Prime,Hogar,Prisma,118.18,157,Distribuidora del Norte,2025-12-17,Sí
1088,DEP-01088,Balón Entrenamiento Prisma Prime,Deportes,Prisma,2499.02,218,Distribuidora Metropolitana,2024-04-26,Sí
1089,DEP-01089,Balón de Voleibol Nexo Lite,Deportes,Nexo,1820.14,277,Distribuidora Hidalgo,2025-01-25,Sí
1090,ALI-01090,Aceite Vegetal 1 L Kairo Advance,Alimentos,Kairo,750.94,50,Distribuidora del Norte,2026-04-05,Sí
1091,ELE-01091,Webcam Full HD Urban Plus,Electrónica,Urban,1811.96,319,Distribuidora del Norte,2025-10-10,Sí
1092,CUI-01092,Shampoo Reparador 700 ml Kairo Eco,Cuidado personal,Kairo,628.49,232,Distribuidora Hidalgo,2024-04-27,Sí
1093,DEP-01093,Botella Deportiva con Popote Cobalto Eco,Deportes,Cobalto,2731.26,330,Distribuidora Hidalgo,2024-01-08,Sí
1094,HOG-01094,Termo de Acero Inoxidable Terra Classic,Hogar,Terra,822.9,212,Distribuidora Nova,2024-01-05,Sí
1095,DEP-01095,Botella Deportiva 750 ml Nova Pro,Deportes,Nova,2389.38,265,Distribuidora Metropolitana,2024-12-09,Sí
1096,CUI-01096,Rasuradora 3 Cabezas Zenit Select,Cuidado personal,Zenit,1742.2,201,Distribuidora Central,2026-03-31,Sí
1097,DEP-01097,Tapete de Yoga con Correa Nexo Eco,Deportes,Nexo,2720.14,264,Distribuidora Mexicana,2025-03-23,Sí
1098,ALI-01098,Cereal de Avena 500 g Orion Advance,Alimentos,Orion,632.03,321,Distribuidora Pacífico,2026-05-07,Sí
1099,OFI-01099,Mochila para Laptop 15.6 Lumina Essential,Oficina,Lumina,2643.78,321,Distribuidora Mexicana,2024-01-29,Sí
1100,CUI-01100,Shampoo Reparador 700 ml Zenit Essential,Cuidado personal,Zenit,2089.4,66,Distribuidora Bajío,2025-10-11,Sí
1101,OFI-01101,Mochila Ejecutiva Brava Classic,Oficina,Brava,1191.0,125,Distribuidora Hidalgo,2026-02-27,Sí
1102,ELE-01102,Mouse Inalámbrico Vitta Essential,Electrónica,Vitta,2287.6,296,Distribuidora del Norte,2024-04-23,Sí
1103,CUI-01103,Shampoo Hidratante 750 ml Vitta Classic,Cuidado personal,Vitta,766.53,92,Distribuidora del Norte,2024-03-20,Sí
1104,OFI-01104,Mochila Impermeable Orion Max,Oficina,Orion,4779.01,211,Distribuidora del Norte,2025-05-13,Sí
1105,ELE-01105,Teclado RGB Zenit Prime,Electrónica,Zenit,2271.4,230,Distribuidora Mexicana,2024-07-03,Sí
1106,HOG-01106,Termo 500 ml Orion Prime,Hogar,Orion,2483.85,247,Distribuidora Central,2024-06-11,Sí
1107,OFI-01107,Cuaderno de Notas Nova Lite,Oficina,Nova,172.4,262,Distribuidora Mexicana,2024-08-09,Sí
1108,ELE-01108,Teclado Mecánico Marea Pro,Electrónica,Marea,885.2,64,Distribuidora Pacífico,2024-10-07,Sí
1109,ELE-01109,Mouse Gaming Cobalto Max,Electrónica,Cobalto,1609.81,204,Distribuidora Nova,2024-09-13,Sí
1110,ALI-01110,Pasta Penne 500 g Orion Advance,Alimentos,Orion,638.9,300,Distribuidora Pacífico,2024-06-18,Sí
1111,ALI-01111,Aceite de Aguacate 500 ml Cobalto Eco,Alimentos,Cobalto,486.56,139,Distribuidora Metropolitana,2025-09-29,Sí
1112,DEP-01112,Balón de Básquetbol Prisma Prime,Deportes,Prisma,2701.87,32,Distribuidora Bajío,2024-06-20,Sí
1113,CUI-01113,Cepillo Dental Eléctrico Kairo Advance,Cuidado personal,Kairo,2321.69,330,Distribuidora Metropolitana,2025-02-11,No
1114,HOG-01114,Sartén Antiadherente 28 cm Nexo Prime,Hogar,Nexo,672.67,110,Distribuidora Metropolitana,2025-01-15,Sí
1115,OFI-01115,Cuaderno Profesional Marea Essential,Oficina,Marea,4310.01,109,Distribuidora Bajío,2025-08-04,Sí
1116,HOG-01116,Termo 500 ml Zenit Classic,Hogar,Zenit,1535.36,269,Distribuidora Nova,2024-04-15,Sí
1117,ALI-01117,Galletas con Chocolate 300 g Lumina Advance,Alimentos,Lumina,715.92,215,Distribuidora Hidalgo,2024-11-21,Sí
1118,HOG-01118,Organizador de Cocina Nativa Max,Hogar,Nativa,192.24,140,Distribuidora Hidalgo,2024-05-02,Sí
1119,HOG-01119,Termo de Acero Inoxidable Zenit Select,Hogar,Zenit,1473.92,145,Distribuidora Central,2025-10-21,Sí
1120,CUI-01120,Shampoo Anticaspa 650 ml Kairo Pro,Cuidado personal,Kairo,2362.88,206,Distribuidora Central,2026-07-06,Sí
1121,CUI-01121,Shampoo Anticaspa 650 ml Nova Plus,Cuidado personal,Nova,1339.09,212,Distribuidora Pacífico,2024-10-08,Sí
1122,OFI-01122,Silla Ergonómica Marea Max,Oficina,Marea,3686.88,201,Distribuidora Pacífico,2025-12-14,Sí
1123,DEP-01123,Botella Deportiva con Popote Orion Essential,Deportes,Orion,740.88,5,Distribuidora Mexicana,2024-04-17,Sí
1124,ALI-01124,Aceite de Oliva 500 ml Nexo Plus,Alimentos,Nexo,172.96,188,Distribuidora Central,2026-08-14,Sí
1125,ELE-01125,Mouse Inalámbrico Orion Essential,Electrónica,Orion,3321.94,38,Distribuidora Pacífico,2024-12-03,Sí
1126,DEP-01126,Mancuerna 10 kg Vitta Advance,Deportes,Vitta,1429.62,64,Distribuidora Metropolitana,2026-06-01,Sí
1127,CUI-01127,Rasuradora de Precisión Orion Lite,Cuidado personal,Orion,1497.98,295,Distribuidora Bajío,2025-11-08,Sí
1128,OFI-01128,Calculadora Financiera Brava Plus,Oficina,Brava,1608.37,151,Distribuidora del Norte,2024-12-27,Sí
1129,HOG-01129,Organizador de Cocina Lumina Max,Hogar,Lumina,224.85,6,Distribuidora Nova,2025-04-24,Sí
1130,HOG-01130,Juego de Toallas Algodón Marea Select,Hogar,Marea,2048.87,270,Distribuidora Metropolitana,2026-02-17,Sí
1131,ALI-01131,Aceite Vegetal 1 L Vitta Lite,Alimentos,Vitta,106.78,66,Distribuidora Nova,2026-07-27,Sí
1132,DEP-01132,Guantes de Ciclismo Zenit Select,Deportes,Zenit,288.74,216,Distribuidora Mexicana,2025-12-03,Sí
1133,CUI-01133,Shampoo Hidratante 750 ml Cobalto Plus,Cuidado personal,Cobalto,2096.8,123,Distribuidora Central,2026-07-04,Sí
1134,OFI-01134,Cuaderno Cuadriculado Cobalto Prime,Oficina,Cobalto,1618.91,281,Distribuidora del Norte,2024-12-28,Sí
1135,HOG-01135,Juego de Toallas Microfibra Marea Essential,Hogar,Marea,1147.04,189,Distribuidora del Norte,2024-02-20,Sí
1136,ALI-01136,Aceite de Oliva 500 ml Kairo Select,Alimentos,Kairo,336.68,304,Distribuidora Pacífico,2025-06-26,Sí
1137,CUI-01137,Rasuradora Recargable Altura Select,Cuidado personal,Altura,2686.01,112,Distribuidora del Norte,2024-02-24,Sí
1138,CUI-01138,Cepillo Dental Medio Lumina Lite,Cuidado personal,Lumina,323.24,115,Distribuidora Hidalgo,2025-02-05,Sí
1139,HOG-01139,Sartén Antiadherente 28 cm Aurea Pro,Hogar,Aurea,1980.46,177,Distribuidora Pacífico,2025-12-23,Sí
1140,ALI-01140,Café Molido 500 g Nexo Lite,Alimentos,Nexo,727.62,318,Distribuidora Bajío,2026-01-26,Sí
1141,ALI-01141,Cereal Integral 500 g Marea Plus,Alimentos,Marea,153.98,170,Distribuidora Bajío,2024-05-25,Sí
1142,ALI-01142,Aceite de Aguacate 500 ml Marea Essential,Alimentos,Marea,162.4,135,Distribuidora del Norte,2024-06-23,Sí
1143,ELE-01143,Cargador Inalámbrico Nativa Advance,Electrónica,Nativa,152.37,126,Distribuidora Bajío,2024-04-22,No
1144,ELE-01144,Cargador Inalámbrico Brava Lite,Electrónica,Brava,1834.54,75,Distribuidora del Norte,2024-04-12,Sí
1145,ALI-01145,Pasta Penne 500 g Nativa Prime,Alimentos,Nativa,791.1,131,Distribuidora Bajío,2024-09-16,Sí
1146,ELE-01146,Mouse Gaming Marea Lite,Electrónica,Marea,2743.66,305,Distribuidora Bajío,2024-04-25,Sí
1147,CUI-01147,Shampoo Hidratante 750 ml Urban Select,Cuidado personal,Urban,1860.9,72,Distribuidora Metropolitana,2025-05-24,No
1148,CUI-01148,Rasuradora Corporal Aurea Plus,Cuidado personal,Aurea,578.84,193,Distribuidora del Norte,2024-10-07,Sí
1149,ALI-01149,Galletas Integrales 350 g Nexo Classic,Alimentos,Nexo,729.59,178,Distribuidora Metropolitana,2025-02-04,Sí
1150,OFI-01150,Calculadora de Escritorio Altura Advance,Oficina,Altura,3136.74,175,Distribuidora del Norte,2025-03-19,Sí
1151,CUI-01151,Cepillo Dental Pack 3 Orion Essential,Cuidado personal,Orion,1419.05,350,Distribuidora Mexicana,2025-04-22,Sí
1152,CUI-01152,Cepillo Dental Medio Kairo Max,Cuidado personal,Kairo,838.87,150,Distribuidora Central,2025-04-09,No
1153,OFI-01153,Memoria USB 32 GB Altura Max,Oficina,Altura,1858.92,220,Distribuidora Metropolitana,2025-11-07,Sí
1154,ELE-01154,Mouse Ergonómico Prisma Classic,Electrónica,Prisma,2779.63,257,Distribuidora Mexicana,2026-09-03,Sí
1155,OFI-01155,Mochila Ejecutiva Urban Advance,Oficina,Urban,5511.5,148,Distribuidora Nova,2024-02-02,Sí
1156,OFI-01156,Mochila Impermeable Urban Eco,Oficina,Urban,5801.63,50,Distribuidora Pacífico,2026-07-31,Sí
1157,OFI-01157,Mochila Impermeable Marea Advance,Oficina,Marea,865.05,102,Distribuidora Pacífico,2024-05-18,Sí
1158,HOG-01158,Sartén Antiadherente 28 cm Lumina Classic,Hogar,Lumina,1450.33,321,Distribuidora Bajío,2025-07-12,Sí
1159,DEP-01159,Botella Deportiva 1 L Cobalto Prime,Deportes,Cobalto,1555.1,350,Distribuidora Metropolitana,2025-04-24,Sí
1160,DEP-01160,Balón Entrenamiento Cobalto Essential,Deportes,Cobalto,2744.54,13,Distribuidora Hidalgo,2024-03-31,Sí
1161,CUI-01161,Cepillo Dental Medio Prisma Pro,Cuidado personal,Prisma,1754.93,289,Distribuidora Pacífico,2024-02-24,Sí
1162,DEP-01162,Tapete de Yoga con Correa Nova Max,Deportes,Nova,2438.77,265,Distribuidora Bajío,2026-05-09,Sí
1163,ELE-01163,Mouse Inalámbrico Marea Advance,Electrónica,Marea,475.29,148,Distribuidora Bajío,2025-12-08,Sí
1164,ELE-01164,Audífonos Bluetooth Aurea Lite,Electrónica,Aurea,631.91,253,Distribuidora Mexicana,2024-08-16,Sí
1165,ALI-01165,Cereal con Frutos 450 g Kairo Essential,Alimentos,Kairo,648.55,319,Distribuidora Nova,2024-04-27,Sí
1166,HOG-01166,Termo 500 ml Orion Select,Hogar,Orion,573.39,242,Distribuidora Central,2026-05-02,Sí
1167,DEP-01167,Botella Deportiva 750 ml Kairo Eco,Deportes,Kairo,1496.62,94,Distribuidora Nova,2026-05-11,Sí
1168,OFI-01168,Memoria USB USB 3.2 Orion Eco,Oficina,Orion,907.21,11,Distribuidora Mexicana,2024-05-25,Sí
1169,ALI-01169,Cereal Integral 500 g Aurea Max,Alimentos,Aurea,396.88,148,Distribuidora del Norte,2025-08-25,Sí
1170,ALI-01170,Pasta Penne 500 g Zenit Plus,Alimentos,Zenit,384.11,217,Distribuidora Mexicana,2024-01-29,Sí
1171,ELE-01171,Cargador Doble Puerto Nova Advance,Electrónica,Nova,1163.25,330,Distribuidora Bajío,2024-02-13,Sí
1172,OFI-01172,Mochila Impermeable Cobalto Classic,Oficina,Cobalto,89.39,81,Distribuidora Metropolitana,2025-05-27,Sí
1173,CUI-01173,Crema Corporal con Aloe 500 ml Zenit Lite,Cuidado personal,Zenit,217.86,335,Distribuidora Mexicana,2024-12-26,Sí
1174,CUI-01174,Cepillo Dental Eléctrico Vitta Classic,Cuidado personal,Vitta,2206.78,337,Distribuidora Pacífico,2026-08-03,Sí
1175,ALI-01175,Aceite de Aguacate 500 ml Nativa Advance,Alimentos,Nativa,535.04,294,Distribuidora Pacífico,2024-05-12,Sí
1176,CUI-01176,Secadora 2000 W Zenit Plus,Cuidado personal,Zenit,168.73,81,Distribuidora Nova,2024-04-08,Sí
1177,DEP-01177,Balón de Voleibol Brava Select,Deportes,Brava,395.81,89,Distribuidora Hidalgo,2026-02-12,Sí
1178,ELE-01178,Audífonos USB-C Orion Essential,Electrónica,Orion,2985.79,37,Distribuidora Bajío,2026-02-20,Sí
1179,ALI-01179,Café en Grano 1 kg Marea Plus,Alimentos,Marea,565.81,193,Distribuidora Mexicana,2025-10-14,Sí
1180,HOG-01180,Organizador Multiusos Nativa Max,Hogar,Nativa,1721.81,115,Distribuidora Nova,2026-01-29,Sí
1181,CUI-01181,Crema Corporal Hidratante 400 ml Nova Plus,Cuidado personal,Nova,605.55,71,Distribuidora Central,2025-01-03,Sí
1182,CUI-01182,Secadora Compacta Marea Pro,Cuidado personal,Marea,1924.22,328,Distribuidora Bajío,2024-07-13,Sí
1183,CUI-01183,Rasuradora Corporal Prisma Advance,Cuidado personal,Prisma,2522.93,70,Distribuidora del Norte,2025-03-25,Sí
1184,DEP-01184,Botella Deportiva 750 ml Vitta Lite,Deportes,Vitta,956.84,60,Distribuidora Bajío,2024-08-24,Sí
1185,CUI-01185,Cepillo Dental Suave Brava Classic,Cuidado personal,Brava,2584.94,128,Distribuidora Hidalgo,2025-12-21,Sí
1186,HOG-01186,Sartén Antiadherente 24 cm Brava Lite,Hogar,Brava,2333.98,256,Distribuidora Pacífico,2025-02-12,Sí
1187,CUI-01187,Shampoo Reparador 700 ml Nativa Classic,Cuidado personal,Nativa,1844.0,16,Distribuidora Metropolitana,2025-03-07,Sí
1188,OFI-01188,Cuaderno de Notas Aurea Lite,Oficina,Aurea,4906.17,168,Distribuidora Central,2024-08-29,Sí
1189,CUI-01189,Secadora Compacta Prisma Plus,Cuidado personal,Prisma,2661.05,306,Distribuidora del Norte,2026-06-27,Sí
1190,HOG-01190,Sartén de Acero 26 cm Altura Plus,Hogar,Altura,165.15,259,Distribuidora Nova,2025-10-27,Sí
1191,DEP-01191,Mancuerna 10 kg Nova Essential,Deportes,Nova,165.69,100,Distribuidora Hidalgo,2025-11-29,Sí
1192,ELE-01192,Cargador Doble Puerto Altura Eco,Electrónica,Altura,2714.03,64,Distribuidora Hidalgo,2025-12-19,Sí
1193,HOG-01193,Lámpara Minimalista Orion Advance,Hogar,Orion,2456.73,188,Distribuidora Metropolitana,2024-07-17,Sí
1194,ELE-01194,Teclado Inalámbrico Lumina Advance,Electrónica,Lumina,182.67,211,Distribuidora Central,2026-04-01,No
1195,ALI-01195,Cereal Integral 500 g Lumina Essential,Alimentos,Lumina,123.08,92,Distribuidora Pacífico,2024-02-14,Sí
1196,CUI-01196,Crema Corporal con Aloe 500 ml Vitta Advance,Cuidado personal,Vitta,1140.59,336,Distribuidora del Norte,2025-11-03,Sí
1197,OFI-01197,Memoria USB 64 GB Nativa Prime,Oficina,Nativa,5388.53,112,Distribuidora Bajío,2025-12-31,Sí
1198,OFI-01198,Memoria USB 128 GB Brava Lite,Oficina,Brava,5360.72,163,Distribuidora del Norte,2024-02-25,Sí
1199,DEP-01199,Guantes con Muñequera Terra Plus,Deportes,Terra,681.34,70,Distribuidora Nova,2024-11-08,Sí
1200,HOG-01200,Lámpara de Noche Vitta Essential,Hogar,Vitta,2445.54,225,Distribuidora Bajío,2026-09-02,Sí
1201,DEP-01201,Botella Deportiva con Popote Terra Advance,Deportes,Terra,1206.95,43,Distribuidora Central,2024-10-12,Sí
1202,DEP-01202,Balón de Fútbol Zenit Eco,Deportes,Zenit,1381.1,114,Distribuidora Nova,2025-01-23,Sí
1203,DEP-01203,Guantes de Gimnasio Kairo Essential,Deportes,Kairo,1664.91,178,Distribuidora Central,2026-07-20,Sí
1204,OFI-01204,Calculadora de Escritorio Nova Prime,Oficina,Nova,4363.59,318,Distribuidora Hidalgo,2026-06-05,Sí
1205,ALI-01205,Café Molido 500 g Zenit Classic,Alimentos,Zenit,689.49,273,Distribuidora Bajío,2025-03-10,Sí
1206,CUI-01206,Secadora 2000 W Nexo Eco,Cuidado personal,Nexo,1332.03,121,Distribuidora Mexicana,2026-07-18,No
1207,ALI-01207,Pasta Spaghetti 500 g Brava Lite,Alimentos,Brava,253.97,292,Distribuidora Hidalgo,2024-02-09,Sí
1208,OFI-01208,Calculadora Básica Nova Plus,Oficina,Nova,1865.32,338,Distribuidora Metropolitana,2026-05-06,Sí
1209,HOG-01209,Juego de Toallas Microfibra Nova Max,Hogar,Nova,100.47,18,Distribuidora Metropolitana,2025-05-06,Sí
1210,CUI-01210,Crema Corporal con Aloe 500 ml Altura Advance,Cuidado personal,Altura,2630.55,141,Distribuidora Metropolitana,2026-09-03,Sí
1211,HOG-01211,Sartén Antiadherente 28 cm Terra Max,Hogar,Terra,386.88,322,Distribuidora Mexicana,2024-05-30,Sí
1212,ALI-01212,Café en Grano 1 kg Orion Essential,Alimentos,Orion,167.61,259,Distribuidora Bajío,2025-08-16,Sí
1213,CUI-01213,Crema Corporal Hidratante 400 ml Terra Classic,Cuidado personal,Terra,89.39,180,Distribuidora Central,2025-09-06,Sí
1214,ELE-01214,Audífonos con Micrófono Orion Lite,Electrónica,Orion,408.46,104,Distribuidora Metropolitana,2025-08-07,Sí
1215,ALI-01215,Aceite de Oliva 500 ml Urban Classic,Alimentos,Urban,135.74,167,Distribuidora Metropolitana,2024-12-09,Sí
1216,ALI-01216,Pasta Penne 500 g Kairo Advance,Alimentos,Kairo,49.12,188,Distribuidora Central,2024-10-24,Sí
1217,CUI-01217,Shampoo Hidratante 750 ml Aurea Prime,Cuidado personal,Aurea,1451.73,260,Distribuidora Metropolitana,2026-08-20,Sí
1218,CUI-01218,Shampoo Reparador 700 ml Vitta Eco,Cuidado personal,Vitta,2145.23,332,Distribuidora del Norte,2026-09-05,Sí
1219,HOG-01219,Termo Térmico Orion Lite,Hogar,Orion,2010.66,310,Distribuidora Bajío,2025-11-06,Sí
1220,DEP-01220,Mancuerna Ajustable Aurea Advance,Deportes,Aurea,941.82,124,Distribuidora Metropolitana,2024-09-05,Sí
1221,OFI-01221,Mochila Impermeable Marea Plus,Oficina,Marea,4168.49,227,Distribuidora Hidalgo,2025-01-05,Sí
1222,CUI-01222,Secadora Compacta Prisma Max,Cuidado personal,Prisma,1711.77,229,Distribuidora Hidalgo,2024-08-23,Sí
1223,HOG-01223,Termo 750 ml Urban Advance,Hogar,Urban,1690.48,310,Distribuidora Pacífico,2026-03-25,Sí
1224,OFI-01224,Cuaderno Profesional Urban Eco,Oficina,Urban,3046.97,75,Distribuidora Bajío,2025-10-09,Sí
1225,HOG-01225,Organizador de Baño Nova Pro,Hogar,Nova,371.31,134,Distribuidora Bajío,2026-01-30,Sí
1226,ELE-01226,Bocina Bluetooth Nexo Plus,Electrónica,Nexo,592.47,271,Distribuidora Hidalgo,2026-07-14,Sí
1227,HOG-01227,Juego de Toallas 4 Piezas Kairo Plus,Hogar,Kairo,894.08,172,Distribuidora del Norte,2026-01-09,No
1228,ALI-01228,Pasta Penne 500 g Urban Max,Alimentos,Urban,598.3,223,Distribuidora Pacífico,2026-02-14,Sí
1229,HOG-01229,Organizador de Cocina Vitta Essential,Hogar,Vitta,1515.4,189,Distribuidora Bajío,2025-01-23,Sí
1230,HOG-01230,Termo de Acero Inoxidable Orion Select,Hogar,Orion,798.58,174,Distribuidora Central,2025-07-31,Sí
1231,CUI-01231,Secadora Profesional Kairo Prime,Cuidado personal,Kairo,1102.72,91,Distribuidora Mexicana,2024-02-12,Sí
1232,ALI-01232,Cereal con Frutos 450 g Terra Advance,Alimentos,Terra,705.8,160,Distribuidora del Norte,2024-12-21,Sí
1233,ELE-01233,Mouse Gaming Nativa Max,Electrónica,Nativa,898.17,86,Distribuidora Pacífico,2026-08-19,Sí
1234,CUI-01234,Shampoo Hidratante 750 ml Terra Pro,Cuidado personal,Terra,309.32,282,Distribuidora Mexicana,2024-01-29,Sí
1235,ELE-01235,Cargador USB-C 45W Nova Max,Electrónica,Nova,2937.89,13,Distribuidora Metropolitana,2024-07-27,Sí
1236,CUI-01236,Rasuradora de Precisión Vitta Max,Cuidado personal,Vitta,857.27,56,Distribuidora del Norte,2025-03-31,Sí
1237,DEP-01237,Mancuerna 5 kg Vitta Classic,Deportes,Vitta,2218.05,59,Distribuidora Metropolitana,2026-04-02,Sí
1238,HOG-01238,Lámpara de Noche Nexo Lite,Hogar,Nexo,890.52,232,Distribuidora del Norte,2025-12-24,Sí
1239,ELE-01239,Bocina Bluetooth Marea Select,Electrónica,Marea,2967.79,338,Distribuidora Central,2026-08-29,Sí
1240,ELE-01240,Teclado Inalámbrico Zenit Select,Electrónica,Zenit,2404.71,135,Distribuidora Bajío,2024-06-04,Sí
1241,HOG-01241,Juego de Toallas 6 Piezas Vitta Select,Hogar,Vitta,1615.15,45,Distribuidora Nova,2024-01-04,Sí
1242,DEP-01242,Guantes de Ciclismo Nexo Essential,Deportes,Nexo,1305.84,134,Distribuidora Hidalgo,2025-10-08,Sí
1243,ALI-01243,Pasta Penne 500 g Nexo Classic,Alimentos,Nexo,675.7,149,Distribuidora Bajío,2025-05-16,Sí
1244,DEP-01244,Guantes Deportivos Nativa Classic,Deportes,Nativa,369.91,57,Distribuidora Pacífico,2025-03-05,Sí
1245,OFI-01245,Mochila Impermeable Orion Pro,Oficina,Orion,2806.69,163,Distribuidora del Norte,2024-12-21,Sí
1246,ALI-01246,Cereal con Frutos 450 g Nativa Advance,Alimentos,Nativa,343.89,120,Distribuidora Central,2024-10-24,Sí
1247,HOG-01247,Juego de Toallas Algodón Marea Classic,Hogar,Marea,1712.47,210,Distribuidora Hidalgo,2026-04-08,Sí
1248,DEP-01248,Mancuerna 5 kg Terra Max,Deportes,Terra,2208.02,173,Distribuidora Central,2024-11-11,Sí
1249,HOG-01249,Termo 750 ml Aurea Plus,Hogar,Aurea,2372.86,314,Distribuidora Metropolitana,2024-05-12,Sí
1250,ELE-01250,Webcam Full HD Zenit Plus,Electrónica,Zenit,2763.45,170,Distribuidora Metropolitana,2026-02-24,Sí
1251,ELE-01251,Webcam Full HD Aurea Prime,Electrónica,Aurea,1942.83,80,Distribuidora Hidalgo,2026-05-30,Sí
1252,OFI-01252,Mochila Antirrobo Marea Eco,Oficina,Marea,1320.93,127,Distribuidora Central,2024-02-06,Sí
1253,CUI-01253,Shampoo Reparador 700 ml Zenit Max,Cuidado personal,Zenit,161.45,144,Distribuidora Pacífico,2024-01-25,Sí
1254,ALI-01254,Cereal Integral 500 g Terra Plus,Alimentos,Terra,654.26,193,Distribuidora Hidalgo,2024-05-14,Sí
1255,OFI-01255,Cuaderno Profesional Lumina Lite,Oficina,Lumina,4341.68,212,Distribuidora Central,2024-01-16,Sí
1256,CUI-01256,Secadora Iónica Orion Advance,Cuidado personal,Orion,2227.88,99,Distribuidora Pacífico,2026-03-14,Sí
1257,CUI-01257,Shampoo Anticaspa 650 ml Terra Max,Cuidado personal,Terra,603.14,135,Distribuidora Bajío,2025-01-20,Sí
1258,ELE-01258,Teclado RGB Terra Max,Electrónica,Terra,1101.82,273,Distribuidora Nova,2025-01-26,No
1259,DEP-01259,Balón de Voleibol Orion Max,Deportes,Orion,741.02,12,Distribuidora Hidalgo,2026-02-28,Sí
1260,OFI-01260,Silla Ergonómica Kairo Prime,Oficina,Kairo,892.45,322,Distribuidora del Norte,2024-04-07,Sí
1261,HOG-01261,Juego de Toallas 4 Piezas Lumina Pro,Hogar,Lumina,1054.73,242,Distribuidora Nova,2024-03-01,Sí
1262,OFI-01262,Silla de Oficina Marea Pro,Oficina,Marea,252.74,289,Distribuidora Hidalgo,2026-06-11,No
1263,ALI-01263,Cereal de Avena 500 g Nativa Lite,Alimentos,Nativa,411.86,333,Distribuidora Nova,2024-11-25,Sí
1264,DEP-01264,Guantes de Gimnasio Orion Eco,Deportes,Orion,2123.83,192,Distribuidora Mexicana,2026-02-14,No
1265,CUI-01265,Shampoo Hidratante 750 ml Aurea Max,Cuidado personal,Aurea,2440.29,58,Distribuidora Central,2026-06-25,Sí
1266,HOG-01266,Termo Térmico Vitta Lite,Hogar,Vitta,1090.92,4,Distribuidora Pacífico,2024-04-30,Sí
1267,OFI-01267,Calculadora Básica Prisma Advance,Oficina,Prisma,3912.92,72,Distribuidora Pacífico,2025-06-19,Sí
1268,CUI-01268,Cepillo Dental Pack 3 Nativa Max,Cuidado personal,Nativa,625.04,169,Distribuidora Mexicana,2024-06-17,Sí
1269,DEP-01269,Botella Deportiva con Popote Urban Pro,Deportes,Urban,526.52,34,Distribuidora Central,2024-11-15,Sí
1270,HOG-01270,Lámpara Minimalista Marea Plus,Hogar,Marea,226.88,239,Distribuidora Mexicana,2024-03-09,Sí
1271,CUI-01271,Crema Corporal con Aloe 500 ml Nova Select,Cuidado personal,Nova,801.2,218,Distribuidora Pacífico,2025-01-11,Sí
1272,DEP-01272,Mancuerna 10 kg Lumina Advance,Deportes,Lumina,532.55,110,Distribuidora Pacífico,2024-07-01,Sí
1273,ELE-01273,Teclado RGB Marea Advance,Electrónica,Marea,2735.13,303,Distribuidora Pacífico,2026-04-06,Sí
1274,CUI-01274,Rasuradora 3 Cabezas Nexo Essential,Cuidado personal,Nexo,2202.39,110,Distribuidora del Norte,2026-08-09,Sí
1275,HOG-01275,Organizador de Escritorio Nativa Essential,Hogar,Nativa,861.48,26,Distribuidora Mexicana,2025-06-07,Sí
1276,DEP-01276,Balón de Voleibol Kairo Lite,Deportes,Kairo,2300.62,123,Distribuidora Hidalgo,2025-01-21,Sí
1277,ALI-01277,Aceite de Aguacate 500 ml Kairo Lite,Alimentos,Kairo,270.34,40,Distribuidora Nova,2026-09-05,Sí
1278,ALI-01278,Pasta Fusilli 500 g Vitta Eco,Alimentos,Vitta,458.82,250,Distribuidora Pacífico,2025-12-02,Sí
1279,DEP-01279,Mancuerna 10 kg Nova Prime,Deportes,Nova,2578.13,343,Distribuidora Metropolitana,2026-01-15,Sí
1280,CUI-01280,Secadora Iónica Zenit Prime,Cuidado personal,Zenit,537.98,5,Distribuidora Nova,2025-03-28,Sí
1281,HOG-01281,Lámpara de Noche Marea Plus,Hogar,Marea,2283.72,129,Distribuidora Central,2025-09-13,Sí
1282,ALI-01282,Pasta Fusilli 500 g Nativa Eco,Alimentos,Nativa,58.99,129,Distribuidora Pacífico,2025-10-02,Sí
1283,CUI-01283,Shampoo Reparador 700 ml Nativa Advance,Cuidado personal,Nativa,1786.19,251,Distribuidora Mexicana,2025-04-29,Sí
1284,ALI-01284,Galletas de Avena 300 g Altura Prime,Alimentos,Altura,47.32,78,Distribuidora Mexicana,2026-06-10,Sí
1285,ELE-01285,Bocina Bluetooth Altura Max,Electrónica,Altura,2284.55,31,Distribuidora Metropolitana,2024-04-09,Sí
1286,OFI-01286,Mochila para Laptop 15.6 Marea Prime,Oficina,Marea,5389.1,86,Distribuidora Metropolitana,2025-06-12,No
1287,ALI-01287,Aceite de Aguacate 500 ml Altura Plus,Alimentos,Altura,174.34,256,Distribuidora Mexicana,2026-01-16,Sí
1288,HOG-01288,Juego de Toallas Algodón Terra Advance,Hogar,Terra,559.81,258,Distribuidora Hidalgo,2024-06-26,Sí
1289,ELE-01289,Mouse Gaming Prisma Plus,Electrónica,Prisma,1292.87,290,Distribuidora del Norte,2025-08-02,Sí
1290,ELE-01290,Audífonos Bluetooth Nexo Plus,Electrónica,Nexo,770.96,302,Distribuidora Central,2026-02-24,Sí
1291,ELE-01291,Teclado Compacto Cobalto Plus,Electrónica,Cobalto,3087.61,126,Distribuidora Pacífico,2026-05-07,Sí
1292,HOG-01292,Organizador Multiusos Altura Eco,Hogar,Altura,1787.31,91,Distribuidora Pacífico,2024-05-23,Sí
1293,DEP-01293,Tapete de Yoga 8 mm Terra Select,Deportes,Terra,604.4,151,Distribuidora Pacífico,2025-12-15,Sí
1294,ELE-01294,Bocina Inteligente Prisma Prime,Electrónica,Prisma,2736.44,267,Distribuidora Bajío,2026-04-29,Sí
1295,HOG-01295,Lámpara Minimalista Vitta Lite,Hogar,Vitta,1455.28,222,Distribuidora Metropolitana,2025-10-23,Sí
1296,OFI-01296,Mochila Antirrobo Terra Plus,Oficina,Terra,3096.16,107,Distribuidora Pacífico,2024-08-11,Sí
1297,ELE-01297,Audífonos Inalámbricos Nativa Pro,Electrónica,Nativa,1714.28,165,Distribuidora Metropolitana,2025-07-31,Sí
1298,CUI-01298,Shampoo Anticaspa 650 ml Orion Prime,Cuidado personal,Orion,2439.13,4,Distribuidora Mexicana,2025-03-07,Sí
1299,OFI-01299,Cuaderno de Notas Prisma Classic,Oficina,Prisma,1005.62,279,Distribuidora Mexicana,2026-02-09,No
1300,CUI-01300,Rasuradora de Precisión Zenit Max,Cuidado personal,Zenit,2342.1,129,Distribuidora Metropolitana,2025-09-07,Sí
1301,ALI-01301,Aceite de Aguacate 500 ml Altura Select,Alimentos,Altura,615.7,259,Distribuidora del Norte,2025-03-07,Sí
1302,OFI-01302,Memoria USB USB 3.2 Nova Pro,Oficina,Nova,3089.79,153,Distribuidora Nova,2026-09-01,Sí
1303,HOG-01303,Organizador Multiusos Altura Plus,Hogar,Altura,827.44,72,Distribuidora Metropolitana,2025-04-14,Sí
1304,DEP-01304,Botella Deportiva 1 L Aurea Pro,Deportes,Aurea,965.73,41,Distribuidora Mexicana,2024-08-29,Sí
1305,DEP-01305,Botella Deportiva 1 L Vitta Lite,Deportes,Vitta,2549.9,191,Distribuidora Central,2025-05-03,Sí
1306,ELE-01306,Bocina Resistente al Agua Aurea Max,Electrónica,Aurea,2388.26,237,Distribuidora Nova,2026-02-20,Sí
1307,DEP-01307,Tapete de Yoga Antideslizante Vitta Eco,Deportes,Vitta,2339.19,144,Distribuidora Hidalgo,2025-09-03,Sí
1308,ELE-01308,Mouse Óptico Nova Select,Electrónica,Nova,3115.72,91,Distribuidora Nova,2025-01-12,Sí
1309,CUI-01309,Shampoo Reparador 700 ml Zenit Plus,Cuidado personal,Zenit,1822.92,70,Distribuidora Bajío,2024-07-11,No
1310,OFI-01310,Silla Ergonómica Marea Eco,Oficina,Marea,3935.72,217,Distribuidora Mexicana,2024-10-18,Sí
1311,ALI-01311,Aceite de Oliva 500 ml Terra Eco,Alimentos,Terra,163.95,203,Distribuidora del Norte,2025-04-21,Sí
1312,OFI-01312,Cuaderno Cuadriculado Nova Pro,Oficina,Nova,1937.67,294,Distribuidora Hidalgo,2025-12-03,Sí
1313,DEP-01313,Balón Entrenamiento Altura Classic,Deportes,Altura,1325.7,324,Distribuidora del Norte,2025-09-10,Sí
1314,DEP-01314,Guantes Deportivos Nativa Prime,Deportes,Nativa,2545.53,186,Distribuidora del Norte,2026-03-15,Sí
1315,DEP-01315,Guantes con Muñequera Lumina Pro,Deportes,Lumina,109.24,302,Distribuidora Pacífico,2024-07-21,Sí
1316,CUI-01316,Rasuradora de Precisión Altura Max,Cuidado personal,Altura,820.84,62,Distribuidora Bajío,2025-04-16,Sí
1317,CUI-01317,Cepillo Dental Pack 3 Urban Prime,Cuidado personal,Urban,1903.94,12,Distribuidora Pacífico,2024-07-02,Sí
1318,DEP-01318,Botella Deportiva Térmica Marea Classic,Deportes,Marea,1939.71,305,Distribuidora del Norte,2024-12-31,Sí
1319,CUI-01319,Rasuradora 3 Cabezas Nexo Plus,Cuidado personal,Nexo,1518.35,64,Distribuidora Mexicana,2025-10-10,Sí
1320,OFI-01320,Calculadora Financiera Brava Lite,Oficina,Brava,3428.92,20,Distribuidora del Norte,2024-11-30,Sí
1321,HOG-01321,Termo 500 ml Zenit Lite,Hogar,Zenit,2451.24,40,Distribuidora Metropolitana,2026-08-07,Sí
1322,OFI-01322,Silla con Soporte Lumbar Nova Pro,Oficina,Nova,5702.94,131,Distribuidora del Norte,2026-05-06,Sí
1323,ELE-01323,Teclado Compacto Kairo Advance,Electrónica,Kairo,1871.03,124,Distribuidora Central,2025-01-18,Sí
1324,HOG-01324,Juego de Toallas 6 Piezas Nexo Classic,Hogar,Nexo,1292.78,23,Distribuidora Hidalgo,2026-07-20,Sí
1325,OFI-01325,Calculadora Científica Urban Select,Oficina,Urban,146.64,212,Distribuidora Mexicana,2024-10-08,Sí
1326,CUI-01326,Cepillo Dental Suave Brava Select,Cuidado personal,Brava,94.77,166,Distribuidora Nova,2024-03-06,Sí
1327,ALI-01327,Galletas Integrales 350 g Urban Advance,Alimentos,Urban,279.45,199,Distribuidora Bajío,2026-08-10,Sí
1328,OFI-01328,Calculadora Básica Prisma Max,Oficina,Prisma,940.21,255,Distribuidora Nova,2025-06-29,Sí
1329,ALI-01329,Aceite de Aguacate 500 ml Zenit Essential,Alimentos,Zenit,536.38,292,Distribuidora del Norte,2025-10-08,Sí
1330,OFI-01330,Cuaderno de Notas Prisma Classic,Oficina,Prisma,1775.43,161,Distribuidora Bajío,2025-11-21,Sí
1331,HOG-01331,Termo 750 ml Prisma Advance,Hogar,Prisma,1123.3,11,Distribuidora Pacífico,2025-07-23,Sí
1332,HOG-01332,Juego de Toallas 4 Piezas Zenit Advance,Hogar,Zenit,2375.14,63,Distribuidora del Norte,2025-02-09,Sí
1333,ELE-01333,Cargador Inalámbrico Nexo Pro,Electrónica,Nexo,2718.03,205,Distribuidora Hidalgo,2024-12-26,Sí
1334,DEP-01334,Guantes Deportivos Marea Prime,Deportes,Marea,1923.1,340,Distribuidora Metropolitana,2025-05-29,Sí
1335,DEP-01335,Tapete de Yoga con Correa Nativa Max,Deportes,Nativa,922.08,230,Distribuidora Mexicana,2026-08-04,Sí
1336,DEP-01336,Mancuerna 5 kg Marea Max,Deportes,Marea,1998.51,349,Distribuidora del Norte,2025-01-27,Sí
1337,DEP-01337,Balón Entrenamiento Aurea Essential,Deportes,Aurea,1889.93,70,Distribuidora del Norte,2025-09-05,Sí
1338,DEP-01338,Botella Deportiva con Popote Brava Pro,Deportes,Brava,1745.68,241,Distribuidora del Norte,2026-09-01,Sí
1339,ALI-01339,Galletas con Chocolate 300 g Zenit Lite,Alimentos,Zenit,420.77,98,Distribuidora Mexicana,2025-04-13,Sí
1340,HOG-01340,Organizador de Baño Aurea Prime,Hogar,Aurea,400.01,33,Distribuidora Central,2024-07-30,Sí
1341,DEP-01341,Tapete de Yoga con Correa Brava Pro,Deportes,Brava,2919.86,256,Distribuidora del Norte,2026-04-02,Sí
1342,OFI-01342,Mochila Ejecutiva Cobalto Plus,Oficina,Cobalto,76.05,16,Distribuidora Hidalgo,2026-06-06,Sí
1343,DEP-01343,Balón de Fútbol Urban Classic,Deportes,Urban,2659.57,275,Distribuidora del Norte,2026-01-02,Sí
1344,ALI-01344,Galletas con Chocolate 300 g Nova Max,Alimentos,Nova,397.15,30,Distribuidora Pacífico,2026-04-11,Sí
1345,ALI-01345,Café Americano 500 g Zenit Lite,Alimentos,Zenit,512.05,225,Distribuidora Hidalgo,2026-03-17,Sí
1346,HOG-01346,Sartén de Acero 26 cm Orion Pro,Hogar,Orion,965.84,336,Distribuidora Metropolitana,2024-05-25,Sí
1347,DEP-01347,Tapete de Yoga Antideslizante Orion Prime,Deportes,Orion,1957.32,37,Distribuidora Bajío,2026-07-09,Sí
1348,HOG-01348,Sartén Antiadherente 28 cm Kairo Max,Hogar,Kairo,879.2,230,Distribuidora Pacífico,2025-08-04,Sí
1349,ELE-01349,Teclado Inalámbrico Kairo Essential,Electrónica,Kairo,889.42,189,Distribuidora Metropolitana,2025-12-31,Sí
1350,ALI-01350,Cereal de Avena 500 g Kairo Max,Alimentos,Kairo,576.92,344,Distribuidora Pacífico,2024-06-07,Sí
1351,ALI-01351,Cereal Integral 500 g Kairo Eco,Alimentos,Kairo,224.15,116,Distribuidora Central,2026-05-21,Sí
1352,OFI-01352,Mochila para Laptop 15.6 Terra Prime,Oficina,Terra,4335.88,264,Distribuidora Hidalgo,2025-05-03,Sí
1353,HOG-01353,Sartén de Acero 26 cm Vitta Advance,Hogar,Vitta,2142.32,160,Distribuidora Metropolitana,2025-01-22,Sí
1354,DEP-01354,Tapete de Yoga con Correa Nexo Max,Deportes,Nexo,2699.66,7,Distribuidora del Norte,2024-12-16,Sí
1355,HOG-01355,Organizador de Escritorio Terra Advance,Hogar,Terra,1961.79,61,Distribuidora Nova,2024-12-31,Sí
1356,CUI-01356,Shampoo Reparador 700 ml Brava Select,Cuidado personal,Brava,1046.25,16,Distribuidora Hidalgo,2025-10-03,Sí
1357,OFI-01357,Memoria USB 32 GB Terra Lite,Oficina,Terra,5770.32,275,Distribuidora del Norte,2026-03-28,Sí
1358,CUI-01358,Secadora Iónica Brava Classic,Cuidado personal,Brava,2240.68,93,Distribuidora Nova,2024-08-21,Sí
1359,DEP-01359,Tapete de Yoga 6 mm Terra Lite,Deportes,Terra,896.46,97,Distribuidora del Norte,2026-07-16,Sí
1360,CUI-01360,Cepillo Dental Suave Aurea Select,Cuidado personal,Aurea,716.81,297,Distribuidora Bajío,2025-04-20,Sí
1361,ELE-01361,Mouse Inalámbrico Aurea Max,Electrónica,Aurea,538.96,42,Distribuidora Bajío,2024-07-21,Sí
1362,CUI-01362,Crema Corporal Nutritiva 400 ml Nativa Classic,Cuidado personal,Nativa,1612.93,297,Distribuidora Hidalgo,2026-05-31,Sí
1363,ALI-01363,Aceite Vegetal 1 L Aurea Advance,Alimentos,Aurea,648.66,314,Distribuidora Bajío,2024-01-01,Sí
1364,DEP-01364,Guantes Deportivos Nativa Pro,Deportes,Nativa,1045.34,247,Distribuidora Pacífico,2026-09-01,Sí
1365,OFI-01365,Memoria USB 64 GB Marea Classic,Oficina,Marea,4077.65,257,Distribuidora Pacífico,2025-10-02,Sí
1366,HOG-01366,Juego de Toallas Algodón Marea Lite,Hogar,Marea,1217.63,83,Distribuidora Mexicana,2024-03-08,Sí
1367,ALI-01367,Pasta Spaghetti 500 g Cobalto Prime,Alimentos,Cobalto,518.72,275,Distribuidora Mexicana,2024-07-17,Sí
1368,HOG-01368,Organizador Multiusos Kairo Prime,Hogar,Kairo,1933.74,241,Distribuidora del Norte,2025-12-02,Sí
1369,CUI-01369,Crema Corporal Nutritiva 400 ml Vitta Prime,Cuidado personal,Vitta,475.69,202,Distribuidora Mexicana,2026-05-22,Sí
1370,ALI-01370,Cereal con Frutos 450 g Nativa Advance,Alimentos,Nativa,635.49,137,Distribuidora Nova,2026-08-13,Sí
1371,OFI-01371,Calculadora de Escritorio Kairo Prime,Oficina,Kairo,4369.1,161,Distribuidora Bajío,2024-11-11,Sí
1372,DEP-01372,Balón de Fútbol Zenit Essential,Deportes,Zenit,2907.86,181,Distribuidora Mexicana,2025-04-12,Sí
1373,ELE-01373,Webcam 2K Aurea Classic,Electrónica,Aurea,1136.57,191,Distribuidora Central,2024-11-25,Sí
1374,DEP-01374,Mancuerna 10 kg Aurea Advance,Deportes,Aurea,1552.57,140,Distribuidora del Norte,2024-03-17,Sí
1375,OFI-01375,Silla con Soporte Lumbar Altura Eco,Oficina,Altura,4137.04,249,Distribuidora Nova,2024-10-13,Sí
1376,CUI-01376,Rasuradora Recargable Orion Essential,Cuidado personal,Orion,1806.54,141,Distribuidora Metropolitana,2025-03-24,Sí
1377,ELE-01377,Bocina Portátil Lumina Prime,Electrónica,Lumina,3422.55,211,Distribuidora Mexicana,2026-06-13,Sí
1378,OFI-01378,Memoria USB 64 GB Lumina Max,Oficina,Lumina,1497.53,293,Distribuidora Pacífico,2025-07-24,Sí
1379,OFI-01379,Cuaderno de Notas Lumina Prime,Oficina,Lumina,5743.74,184,Distribuidora Bajío,2026-02-04,Sí
1380,HOG-01380,Sartén Antiadherente 28 cm Brava Max,Hogar,Brava,955.53,101,Distribuidora Pacífico,2024-09-18,Sí
1381,ELE-01381,Teclado Mecánico Urban Eco,Electrónica,Urban,1476.63,249,Distribuidora Central,2026-05-01,Sí
1382,CUI-01382,Cepillo Dental Suave Urban Essential,Cuidado personal,Urban,2688.26,167,Distribuidora Bajío,2024-10-16,Sí
1383,ALI-01383,Café Molido 500 g Lumina Lite,Alimentos,Lumina,629.18,272,Distribuidora Mexicana,2026-03-28,Sí
1384,ELE-01384,Cargador Doble Puerto Aurea Plus,Electrónica,Aurea,2718.84,220,Distribuidora Pacífico,2025-04-21,Sí
1385,ALI-01385,Cereal de Avena 500 g Marea Plus,Alimentos,Marea,165.62,294,Distribuidora Metropolitana,2025-04-09,Sí
1386,ALI-01386,Aceite de Oliva 500 ml Zenit Advance,Alimentos,Zenit,252.41,319,Distribuidora Hidalgo,2024-01-20,No
1387,OFI-01387,Silla Ejecutiva Terra Select,Oficina,Terra,3520.22,167,Distribuidora Bajío,2025-10-31,Sí
1388,CUI-01388,Cepillo Dental Medio Aurea Pro,Cuidado personal,Aurea,612.72,92,Distribuidora del Norte,2024-01-27,Sí
1389,ELE-01389,Teclado Compacto Lumina Prime,Electrónica,Lumina,3065.36,117,Distribuidora Nova,2024-07-25,Sí
1390,DEP-01390,Mancuerna 10 kg Aurea Prime,Deportes,Aurea,168.43,225,Distribuidora del Norte,2026-05-04,Sí
1391,ELE-01391,Bocina Portátil Zenit Essential,Electrónica,Zenit,1645.82,204,Distribuidora Nova,2024-07-29,Sí
1392,CUI-01392,Shampoo Hidratante 750 ml Nexo Lite,Cuidado personal,Nexo,2560.18,264,Distribuidora del Norte,2024-06-15,Sí
1393,ELE-01393,Bocina Inteligente Marea Eco,Electrónica,Marea,788.79,46,Distribuidora Metropolitana,2025-05-04,Sí
1394,ELE-01394,Bocina Bluetooth Nova Eco,Electrónica,Nova,2840.43,204,Distribuidora del Norte,2024-12-29,Sí
1395,OFI-01395,Cuaderno Cuadriculado Kairo Select,Oficina,Kairo,5997.25,43,Distribuidora Hidalgo,2026-06-15,Sí
1396,OFI-01396,Calculadora Científica Vitta Select,Oficina,Vitta,1092.77,4,Distribuidora Mexicana,2025-06-15,Sí
1397,ALI-01397,Aceite de Oliva 500 ml Altura Advance,Alimentos,Altura,646.04,338,Distribuidora Pacífico,2025-01-15,Sí
1398,HOG-01398,Juego de Toallas 4 Piezas Nexo Lite,Hogar,Nexo,2415.03,342,Distribuidora Mexicana,2025-01-08,Sí
1399,ELE-01399,Teclado Mecánico Nativa Select,Electrónica,Nativa,1174.32,320,Distribuidora Metropolitana,2026-07-19,Sí
1400,CUI-01400,Cepillo Dental Suave Nova Prime,Cuidado personal,Nova,123.48,240,Distribuidora Central,2026-01-22,Sí
1401,DEP-01401,Botella Deportiva Térmica Nexo Pro,Deportes,Nexo,380.34,178,Distribuidora Nova,2024-04-04,Sí
1402,ELE-01402,Audífonos con Micrófono Cobalto Eco,Electrónica,Cobalto,3017.07,274,Distribuidora Bajío,2024-05-17,Sí
1403,ALI-01403,Café Americano 500 g Nativa Max,Alimentos,Nativa,721.25,131,Distribuidora Mexicana,2024-11-26,Sí
1404,OFI-01404,Memoria USB 32 GB Nativa Max,Oficina,Nativa,4500.36,292,Distribuidora Nova,2024-05-08,Sí
1405,HOG-01405,Organizador de Escritorio Lumina Plus,Hogar,Lumina,1814.79,144,Distribuidora del Norte,2024-09-12,Sí
1406,HOG-01406,Sartén Antiadherente 28 cm Cobalto Advance,Hogar,Cobalto,1337.2,295,Distribuidora Pacífico,2026-02-17,Sí
1407,OFI-01407,Silla de Oficina Vitta Advance,Oficina,Vitta,4426.95,17,Distribuidora Hidalgo,2025-10-09,No
1408,HOG-01408,Organizador de Cocina Vitta Essential,Hogar,Vitta,2100.62,121,Distribuidora Mexicana,2025-02-10,Sí
1409,CUI-01409,Rasuradora de Precisión Prisma Select,Cuidado personal,Prisma,1776.48,295,Distribuidora Hidalgo,2025-04-07,Sí
1410,DEP-01410,Guantes Deportivos Cobalto Plus,Deportes,Cobalto,2256.83,335,Distribuidora Metropolitana,2024-12-11,Sí
1411,HOG-01411,Sartén Antiadherente 28 cm Nativa Lite,Hogar,Nativa,1183.28,49,Distribuidora Metropolitana,2026-02-20,Sí
1412,ELE-01412,Mouse Óptico Nova Lite,Electrónica,Nova,571.86,116,Distribuidora Bajío,2026-04-29,Sí
1413,CUI-01413,Cepillo Dental Medio Prisma Classic,Cuidado personal,Prisma,1291.36,283,Distribuidora del Norte,2026-06-06,Sí
1414,HOG-01414,Juego de Toallas 4 Piezas Vitta Select,Hogar,Vitta,1956.71,101,Distribuidora Metropolitana,2025-06-22,Sí
1415,HOG-01415,Termo 500 ml Prisma Lite,Hogar,Prisma,636.62,271,Distribuidora Mexicana,2025-01-18,Sí
1416,ALI-01416,Cereal de Avena 500 g Brava Pro,Alimentos,Brava,443.6,312,Distribuidora Hidalgo,2026-05-28,Sí
1417,ELE-01417,Bocina Inteligente Zenit Lite,Electrónica,Zenit,3405.23,243,Distribuidora Bajío,2024-11-25,Sí
1418,OFI-01418,Cuaderno Profesional Terra Lite,Oficina,Terra,4019.67,106,Distribuidora del Norte,2024-03-01,Sí
1419,HOG-01419,Organizador de Baño Nexo Select,Hogar,Nexo,1025.8,81,Distribuidora Hidalgo,2025-02-04,Sí
1420,HOG-01420,Sartén Antiadherente 24 cm Brava Classic,Hogar,Brava,418.87,205,Distribuidora del Norte,2026-01-13,Sí
1421,ALI-01421,Cereal Integral 500 g Cobalto Pro,Alimentos,Cobalto,545.31,167,Distribuidora Central,2025-10-14,Sí
1422,OFI-01422,Memoria USB 32 GB Nativa Select,Oficina,Nativa,3973.75,152,Distribuidora del Norte,2025-07-08,Sí
1423,DEP-01423,Tapete de Yoga 6 mm Marea Classic,Deportes,Marea,2852.01,20,Distribuidora Hidalgo,2026-05-08,Sí
1424,ELE-01424,Webcam Autofocus Urban Advance,Electrónica,Urban,713.33,249,Distribuidora Pacífico,2024-08-18,Sí
1425,ELE-01425,Webcam con Micrófono Brava Max,Electrónica,Brava,2951.98,221,Distribuidora Hidalgo,2024-02-28,Sí
1426,OFI-01426,Calculadora Básica Marea Eco,Oficina,Marea,4012.86,128,Distribuidora Metropolitana,2024-03-26,No
1427,ALI-01427,Aceite de Oliva 500 ml Nativa Select,Alimentos,Nativa,482.5,340,Distribuidora Pacífico,2024-04-16,Sí
1428,ALI-01428,Aceite Vegetal 1 L Zenit Advance,Alimentos,Zenit,426.68,341,Distribuidora Hidalgo,2024-02-13,Sí
1429,CUI-01429,Shampoo Reparador 700 ml Orion Plus,Cuidado personal,Orion,2707.37,122,Distribuidora Metropolitana,2025-08-17,Sí
1430,CUI-01430,Rasuradora de Precisión Altura Prime,Cuidado personal,Altura,1827.08,225,Distribuidora Bajío,2025-08-10,Sí
1431,ELE-01431,Bocina Resistente al Agua Nova Select,Electrónica,Nova,2048.22,12,Distribuidora Metropolitana,2024-04-11,Sí
1432,DEP-01432,Botella Deportiva Térmica Terra Prime,Deportes,Terra,2470.45,176,Distribuidora Metropolitana,2024-09-11,Sí
1433,ELE-01433,Mouse Óptico Terra Pro,Electrónica,Terra,850.43,280,Distribuidora Metropolitana,2026-01-28,Sí
1434,OFI-01434,Mochila Impermeable Lumina Prime,Oficina,Lumina,2133.16,275,Distribuidora Nova,2024-11-20,Sí
1435,ELE-01435,Webcam Full HD Zenit Prime,Electrónica,Zenit,2232.03,327,Distribuidora Mexicana,2026-02-13,Sí
1436,OFI-01436,Silla de Oficina Marea Max,Oficina,Marea,5377.43,81,Distribuidora Mexicana,2024-11-26,No
1437,HOG-01437,Termo de Acero Inoxidable Kairo Lite,Hogar,Kairo,1381.58,203,Distribuidora del Norte,2024-07-22,Sí
1438,ALI-01438,Galletas con Chocolate 300 g Zenit Classic,Alimentos,Zenit,137.82,174,Distribuidora Metropolitana,2025-02-10,Sí
1439,DEP-01439,Botella Deportiva con Popote Lumina Prime,Deportes,Lumina,2997.37,226,Distribuidora Central,2024-09-08,Sí
1440,ALI-01440,Pasta Spaghetti 500 g Nativa Select,Alimentos,Nativa,669.93,112,Distribuidora Nova,2026-06-15,Sí
1441,ALI-01441,Cereal Integral 500 g Nova Classic,Alimentos,Nova,213.61,10,Distribuidora Bajío,2026-05-08,Sí
1442,CUI-01442,Secadora Iónica Urban Pro,Cuidado personal,Urban,2380.13,297,Distribuidora Hidalgo,2025-10-04,Sí
1443,DEP-01443,Mancuerna Ajustable Terra Eco,Deportes,Terra,1166.36,120,Distribuidora Metropolitana,2025-07-07,Sí
1444,ALI-01444,Cereal con Frutos 450 g Brava Lite,Alimentos,Brava,473.11,49,Distribuidora Bajío,2025-07-02,Sí
1445,CUI-01445,Crema Corporal Nutritiva 400 ml Prisma Lite,Cuidado personal,Prisma,2306.25,114,Distribuidora Bajío,2024-10-02,Sí
1446,ELE-01446,Bocina Resistente al Agua Nativa Advance,Electrónica,Nativa,1610.22,87,Distribuidora Central,2025-07-27,Sí
1447,ALI-01447,Café Americano 500 g Nativa Pro,Alimentos,Nativa,74.36,181,Distribuidora del Norte,2026-09-04,Sí
1448,CUI-01448,Cepillo Dental Suave Nativa Eco,Cuidado personal,Nativa,1984.42,68,Distribuidora Hidalgo,2024-08-08,Sí
1449,OFI-01449,Memoria USB 128 GB Marea Select,Oficina,Marea,3433.63,260,Distribuidora Hidalgo,2024-05-27,Sí
1450,ALI-01450,Galletas Integrales 350 g Nova Advance,Alimentos,Nova,66.0,183,Distribuidora del Norte,2026-03-04,Sí
1451,CUI-01451,Shampoo Reparador 700 ml Urban Pro,Cuidado personal,Urban,2062.46,127,Distribuidora Mexicana,2026-05-05,Sí
1452,ALI-01452,Aceite Vegetal 1 L Orion Prime,Alimentos,Orion,93.97,206,Distribuidora Hidalgo,2026-04-04,Sí
1453,ALI-01453,Aceite de Oliva 500 ml Marea Pro,Alimentos,Marea,99.2,181,Distribuidora Mexicana,2025-12-25,Sí
1454,OFI-01454,Silla Ergonómica Nexo Classic,Oficina,Nexo,2429.12,116,Distribuidora Metropolitana,2025-10-24,Sí
1455,OFI-01455,Silla Ergonómica Terra Essential,Oficina,Terra,5279.15,31,Distribuidora Central,2025-11-30,Sí
1456,HOG-01456,Lámpara de Escritorio Nova Prime,Hogar,Nova,1010.1,14,Distribuidora Metropolitana,2026-05-29,Sí
1457,HOG-01457,Organizador de Baño Nexo Lite,Hogar,Nexo,607.46,176,Distribuidora del Norte,2026-06-12,Sí
1458,HOG-01458,Termo de Acero Inoxidable Nexo Max,Hogar,Nexo,1788.41,90,Distribuidora Mexicana,2026-04-13,Sí
1459,ELE-01459,Cargador USB-C 20W Orion Classic,Electrónica,Orion,3281.36,55,Distribuidora Metropolitana,2025-11-30,Sí
1460,CUI-01460,Crema Corporal Hidratante 400 ml Nativa Select,Cuidado personal,Nativa,1707.05,313,Distribuidora Metropolitana,2026-08-18,Sí
1461,ALI-01461,Galletas Integrales 350 g Cobalto Plus,Alimentos,Cobalto,542.58,33,Distribuidora Metropolitana,2024-09-09,Sí
1462,HOG-01462,Juego de Toallas 4 Piezas Zenit Essential,Hogar,Zenit,946.14,245,Distribuidora del Norte,2026-05-18,Sí
1463,ALI-01463,Pasta Fusilli 500 g Zenit Lite,Alimentos,Zenit,522.84,144,Distribuidora Metropolitana,2024-05-18,Sí
1464,HOG-01464,Sartén de Acero 26 cm Urban Eco,Hogar,Urban,1132.04,42,Distribuidora Bajío,2024-01-25,Sí
1465,OFI-01465,Memoria USB USB 3.2 Zenit Classic,Oficina,Zenit,3002.77,147,Distribuidora Central,2025-06-24,Sí
1466,HOG-01466,Lámpara de Noche Nexo Prime,Hogar,Nexo,1868.0,273,Distribuidora Central,2024-02-18,Sí
1467,DEP-01467,Tapete de Yoga Antideslizante Altura Eco,Deportes,Altura,2238.15,268,Distribuidora Mexicana,2025-06-04,Sí
1468,ALI-01468,Café en Grano 1 kg Orion Max,Alimentos,Orion,760.27,113,Distribuidora Metropolitana,2024-03-15,Sí
1469,DEP-01469,Tapete de Yoga 6 mm Altura Eco,Deportes,Altura,688.55,59,Distribuidora Pacífico,2024-01-05,Sí
1470,ALI-01470,Pasta Spaghetti 500 g Zenit Select,Alimentos,Zenit,312.76,205,Distribuidora Central,2024-06-08,Sí
1471,HOG-01471,Termo de Acero Inoxidable Urban Advance,Hogar,Urban,1797.62,320,Distribuidora Pacífico,2024-07-28,Sí
1472,ALI-01472,Pasta Penne 500 g Nova Eco,Alimentos,Nova,662.43,193,Distribuidora Pacífico,2026-05-12,Sí
1473,DEP-01473,Mancuerna 5 kg Zenit Essential,Deportes,Zenit,2114.37,229,Distribuidora Mexicana,2025-11-09,Sí
1474,ELE-01474,Webcam Full HD Orion Pro,Electrónica,Orion,3171.43,250,Distribuidora del Norte,2024-07-06,Sí
1475,HOG-01475,Sartén de Acero 26 cm Zenit Classic,Hogar,Zenit,1376.75,145,Distribuidora Pacífico,2024-04-21,Sí
1476,DEP-01476,Tapete de Yoga 6 mm Nativa Select,Deportes,Nativa,458.9,18,Distribuidora Bajío,2025-05-05,Sí
1477,HOG-01477,Lámpara Minimalista Nexo Plus,Hogar,Nexo,1924.35,34,Distribuidora Nova,2025-03-22,Sí
1478,DEP-01478,Tapete de Yoga con Correa Altura Lite,Deportes,Altura,2320.36,96,Distribuidora Nova,2026-01-12,Sí
1479,CUI-01479,Shampoo Hidratante 750 ml Marea Classic,Cuidado personal,Marea,2583.75,179,Distribuidora Bajío,2024-07-24,Sí
1480,ELE-01480,Bocina Resistente al Agua Vitta Classic,Electrónica,Vitta,1842.74,115,Distribuidora Mexicana,2025-10-04,Sí
1481,ALI-01481,Aceite de Oliva 500 ml Cobalto Plus,Alimentos,Cobalto,677.81,308,Distribuidora Pacífico,2025-07-24,Sí
1482,CUI-01482,Cepillo Dental Suave Orion Plus,Cuidado personal,Orion,1173.93,273,Distribuidora Central,2025-09-25,Sí
1483,ALI-01483,Pasta Penne 500 g Altura Pro,Alimentos,Altura,722.78,350,Distribuidora Nova,2024-01-07,Sí
1484,CUI-01484,Shampoo Anticaspa 650 ml Orion Select,Cuidado personal,Orion,2144.03,18,Distribuidora del Norte,2024-01-21,Sí
1485,DEP-01485,Guantes con Muñequera Kairo Advance,Deportes,Kairo,1214.49,121,Distribuidora Bajío,2025-09-19,Sí
1486,ALI-01486,Aceite de Aguacate 500 ml Vitta Max,Alimentos,Vitta,440.22,184,Distribuidora Nova,2024-05-27,Sí
1487,ALI-01487,Cereal con Frutos 450 g Terra Pro,Alimentos,Terra,309.89,10,Distribuidora Hidalgo,2026-04-04,Sí
1488,ELE-01488,Bocina Resistente al Agua Brava Eco,Electrónica,Brava,567.83,320,Distribuidora Metropolitana,2024-08-01,Sí
1489,DEP-01489,Balón Entrenamiento Cobalto Max,Deportes,Cobalto,2860.41,237,Distribuidora Metropolitana,2024-12-11,Sí
1490,DEP-01490,Tapete de Yoga 8 mm Brava Select,Deportes,Brava,2162.64,291,Distribuidora Nova,2026-08-28,Sí
1491,ALI-01491,Galletas Integrales 350 g Cobalto Lite,Alimentos,Cobalto,692.53,209,Distribuidora Metropolitana,2025-10-21,Sí
1492,DEP-01492,Tapete de Yoga con Correa Orion Lite,Deportes,Orion,1987.01,153,Distribuidora Hidalgo,2024-02-22,Sí
1493,OFI-01493,Memoria USB 64 GB Zenit Lite,Oficina,Zenit,2610.16,226,Distribuidora Central,2025-12-11,Sí
1494,CUI-01494,Crema Corporal con Aloe 500 ml Vitta Eco,Cuidado personal,Vitta,1628.74,101,Distribuidora Mexicana,2025-02-25,Sí
1495,HOG-01495,Organizador de Baño Marea Advance,Hogar,Marea,2336.91,313,Distribuidora Central,2025-11-23,Sí
1496,ELE-01496,Audífonos Bluetooth Nova Essential,Electrónica,Nova,1259.55,46,Distribuidora Metropolitana,2026-08-11,Sí
1497,HOG-01497,Organizador de Escritorio Kairo Plus,Hogar,Kairo,957.31,161,Distribuidora Bajío,2025-05-01,Sí
1498,HOG-01498,Sartén Antiadherente 28 cm Orion Lite,Hogar,Orion,465.75,77,Distribuidora Mexicana,2025-03-01,Sí
1499,CUI-01499,Rasuradora 3 Cabezas Nativa Classic,Cuidado personal,Nativa,1945.16,127,Distribuidora del Norte,2025-11-10,Sí
1500,DEP-01500,Botella Deportiva 750 ml Vitta Eco,Deportes,Vitta,1464.89,244,Distribuidora Mexicana,2026-02-24,No
1501,ALI-01501,Pasta Penne 500 g Nexo Max,Alimentos,Nexo,716.95,251,Distribuidora Metropolitana,2026-06-25,Sí
1502,ELE-01502,Mouse Inalámbrico Nexo Pro,Electrónica,Nexo,2239.5,346,Distribuidora Hidalgo,2026-07-27,Sí
1503,ALI-01503,Cereal de Avena 500 g Marea Classic,Alimentos,Marea,575.63,42,Distribuidora Metropolitana,2025-09-09,Sí
1504,DEP-01504,Botella Deportiva Térmica Nexo Prime,Deportes,Nexo,2566.15,98,Distribuidora Pacífico,2025-06-16,Sí
1505,ELE-01505,Bocina Inteligente Nexo Essential,Electrónica,Nexo,2324.51,156,Distribuidora Pacífico,2025-04-04,Sí
1506,OFI-01506,Cuaderno Pasta Dura Cobalto Plus,Oficina,Cobalto,2020.53,16,Distribuidora Mexicana,2026-06-11,Sí
1507,CUI-01507,Shampoo Reparador 700 ml Nova Classic,Cuidado personal,Nova,1093.37,240,Distribuidora Hidalgo,2025-02-01,No
1508,ALI-01508,Pasta Fusilli 500 g Zenit Prime,Alimentos,Zenit,308.9,262,Distribuidora Hidalgo,2025-02-20,Sí
1509,HOG-01509,Sartén de Acero 26 cm Terra Lite,Hogar,Terra,545.83,144,Distribuidora Pacífico,2024-03-26,Sí
1510,ALI-01510,Café Americano 500 g Orion Essential,Alimentos,Orion,652.52,54,Distribuidora Nova,2024-03-17,Sí
1511,ELE-01511,Teclado Inalámbrico Lumina Plus,Electrónica,Lumina,181.31,6,Distribuidora Metropolitana,2026-06-10,Sí
1512,ELE-01512,Teclado RGB Marea Plus,Electrónica,Marea,2201.09,28,Distribuidora Mexicana,2024-07-23,Sí
1513,ELE-01513,Teclado Mecánico Lumina Essential,Electrónica,Lumina,1599.45,119,Distribuidora Nova,2024-02-21,Sí
1514,DEP-01514,Mancuerna 10 kg Nativa Select,Deportes,Nativa,2149.97,253,Distribuidora Mexicana,2025-04-25,Sí
1515,ALI-01515,Galletas de Avena 300 g Cobalto Pro,Alimentos,Cobalto,417.87,40,Distribuidora Mexicana,2024-07-21,Sí
1516,CUI-01516,Secadora Iónica Orion Plus,Cuidado personal,Orion,563.3,164,Distribuidora Nova,2024-06-15,Sí
1517,CUI-01517,Cepillo Dental Eléctrico Kairo Select,Cuidado personal,Kairo,1219.65,176,Distribuidora Nova,2025-06-27,No
1518,ALI-01518,Pasta Penne 500 g Nexo Plus,Alimentos,Nexo,72.69,252,Distribuidora Metropolitana,2026-07-13,Sí
1519,CUI-01519,Rasuradora Recargable Cobalto Essential,Cuidado personal,Cobalto,2736.12,345,Distribuidora del Norte,2024-11-22,Sí
1520,OFI-01520,Memoria USB 32 GB Terra Prime,Oficina,Terra,2723.49,245,Distribuidora Metropolitana,2025-05-26,Sí
1521,DEP-01521,Mancuerna 10 kg Brava Advance,Deportes,Brava,585.31,180,Distribuidora Hidalgo,2025-04-21,Sí
1522,OFI-01522,Silla con Soporte Lumbar Cobalto Max,Oficina,Cobalto,945.61,197,Distribuidora Hidalgo,2026-08-30,No
1523,HOG-01523,Sartén Antiadherente 28 cm Vitta Eco,Hogar,Vitta,964.02,222,Distribuidora Mexicana,2024-06-03,Sí
1524,HOG-01524,Organizador de Cocina Nova Eco,Hogar,Nova,1221.94,138,Distribuidora Metropolitana,2024-07-21,No
1525,DEP-01525,Tapete de Yoga Antideslizante Terra Select,Deportes,Terra,641.74,310,Distribuidora Bajío,2025-03-19,Sí
1526,HOG-01526,Juego de Toallas Algodón Prisma Plus,Hogar,Prisma,240.91,165,Distribuidora Bajío,2025-09-14,Sí
1527,HOG-01527,Termo Térmico Aurea Eco,Hogar,Aurea,1266.03,157,Distribuidora Mexicana,2024-12-12,Sí
1528,ALI-01528,Galletas Integrales 350 g Orion Advance,Alimentos,Orion,125.18,144,Distribuidora Metropolitana,2026-01-12,Sí
1529,ALI-01529,Cereal con Frutos 450 g Nativa Plus,Alimentos,Nativa,38.71,189,Distribuidora Hidalgo,2024-09-09,Sí
1530,OFI-01530,Mochila Antirrobo Nativa Classic,Oficina,Nativa,3344.99,295,Distribuidora Metropolitana,2025-12-16,Sí
1531,HOG-01531,Sartén de Acero 26 cm Brava Advance,Hogar,Brava,1553.72,127,Distribuidora Bajío,2025-07-30,Sí
1532,ELE-01532,Mouse Inalámbrico Zenit Pro,Electrónica,Zenit,2238.08,41,Distribuidora Bajío,2025-04-18,Sí
1533,ALI-01533,Pasta Spaghetti 500 g Cobalto Eco,Alimentos,Cobalto,626.73,141,Distribuidora Mexicana,2025-01-07,Sí
1534,ELE-01534,Bocina Portátil Brava Essential,Electrónica,Brava,1245.17,317,Distribuidora Bajío,2025-07-29,Sí
1535,OFI-01535,Calculadora Financiera Marea Advance,Oficina,Marea,5302.49,102,Distribuidora Nova,2026-09-07,Sí
1536,CUI-01536,Shampoo Anticaspa 650 ml Altura Select,Cuidado personal,Altura,1486.73,258,Distribuidora Pacífico,2024-09-11,Sí
1537,DEP-01537,Botella Deportiva con Popote Terra Select,Deportes,Terra,508.21,12,Distribuidora Central,2025-10-29,Sí
1538,DEP-01538,Botella Deportiva con Popote Cobalto Pro,Deportes,Cobalto,1388.85,195,Distribuidora Mexicana,2025-08-31,Sí
1539,OFI-01539,Cuaderno Pasta Dura Cobalto Classic,Oficina,Cobalto,1214.56,310,Distribuidora Bajío,2024-10-18,Sí
1540,HOG-01540,Sartén Antiadherente 24 cm Orion Essential,Hogar,Orion,2178.93,282,Distribuidora Bajío,2025-01-12,Sí
1541,ALI-01541,Aceite Vegetal 1 L Nova Eco,Alimentos,Nova,525.26,202,Distribuidora Mexicana,2024-11-30,Sí
1542,ELE-01542,Webcam con Micrófono Marea Advance,Electrónica,Marea,2683.25,20,Distribuidora Central,2026-01-10,Sí
1543,HOG-01543,Juego de Toallas Algodón Lumina Pro,Hogar,Lumina,445.8,267,Distribuidora Mexicana,2026-08-20,Sí
1544,ELE-01544,Mouse Gaming Marea Plus,Electrónica,Marea,1531.35,35,Distribuidora Bajío,2025-02-14,Sí
1545,CUI-01545,Rasuradora de Precisión Vitta Lite,Cuidado personal,Vitta,2311.12,106,Distribuidora Bajío,2024-06-11,Sí
1546,OFI-01546,Mochila Ejecutiva Altura Lite,Oficina,Altura,179.48,329,Distribuidora Nova,2025-05-05,No
1547,HOG-01547,Organizador de Escritorio Vitta Lite,Hogar,Vitta,852.09,198,Distribuidora Hidalgo,2024-01-20,Sí
1548,OFI-01548,Silla Ergonómica Urban Lite,Oficina,Urban,440.32,102,Distribuidora Central,2024-08-01,Sí
1549,DEP-01549,Botella Deportiva con Popote Lumina Advance,Deportes,Lumina,2654.59,260,Distribuidora Mexicana,2025-02-10,Sí
1550,CUI-01550,Shampoo Reparador 700 ml Kairo Classic,Cuidado personal,Kairo,1576.95,261,Distribuidora Hidalgo,2024-06-12,Sí
1551,CUI-01551,Cepillo Dental Pack 3 Aurea Prime,Cuidado personal,Aurea,2517.89,201,Distribuidora del Norte,2025-10-28,Sí
1552,ELE-01552,Bocina Resistente al Agua Aurea Pro,Electrónica,Aurea,526.52,198,Distribuidora del Norte,2026-01-30,Sí
1553,HOG-01553,Organizador Multiusos Aurea Advance,Hogar,Aurea,2058.22,184,Distribuidora Bajío,2024-02-25,Sí
1554,HOG-01554,Termo de Acero Inoxidable Aurea Lite,Hogar,Aurea,136.63,6,Distribuidora Nova,2026-04-29,Sí
1555,OFI-01555,Mochila Impermeable Zenit Prime,Oficina,Zenit,2765.82,200,Distribuidora Mexicana,2026-07-31,Sí
1556,CUI-01556,Secadora 2000 W Brava Plus,Cuidado personal,Brava,1742.48,0,Distribuidora Central,2025-09-26,Sí
1557,ELE-01557,Mouse Inalámbrico Kairo Max,Electrónica,Kairo,1426.76,290,Distribuidora Mexicana,2024-04-09,Sí
1558,HOG-01558,Organizador de Baño Prisma Plus,Hogar,Prisma,756.55,334,Distribuidora Central,2024-10-31,Sí
1559,ELE-01559,Mouse Ergonómico Terra Max,Electrónica,Terra,3264.92,104,Distribuidora del Norte,2026-07-30,Sí
1560,ALI-01560,Café Descafeinado 400 g Nexo Essential,Alimentos,Nexo,112.14,120,Distribuidora Bajío,2026-06-09,Sí
1561,ALI-01561,Galletas Integrales 350 g Terra Essential,Alimentos,Terra,569.03,245,Distribuidora del Norte,2026-01-18,Sí
1562,HOG-01562,Lámpara Minimalista Zenit Essential,Hogar,Zenit,168.93,221,Distribuidora Bajío,2025-02-26,Sí
1563,ELE-01563,Cargador USB-C 20W Lumina Classic,Electrónica,Lumina,2527.17,245,Distribuidora Nova,2026-04-01,Sí
1564,ALI-01564,Pasta Spaghetti 500 g Brava Max,Alimentos,Brava,652.21,332,Distribuidora Central,2026-06-13,Sí
1565,DEP-01565,Guantes con Muñequera Brava Essential,Deportes,Brava,922.76,45,Distribuidora Metropolitana,2025-04-12,Sí
1566,CUI-01566,Crema Corporal con Aloe 500 ml Prisma Lite,Cuidado personal,Prisma,1534.27,164,Distribuidora Metropolitana,2025-02-20,Sí
1567,DEP-01567,Mancuerna Hexagonal Prisma Classic,Deportes,Prisma,518.61,344,Distribuidora Bajío,2025-11-22,Sí
1568,OFI-01568,Silla Ergonómica Terra Pro,Oficina,Terra,2019.84,183,Distribuidora Bajío,2025-04-06,Sí
1569,ALI-01569,Cereal Integral 500 g Marea Lite,Alimentos,Marea,735.76,320,Distribuidora Mexicana,2025-09-05,Sí
1570,ALI-01570,Cereal de Avena 500 g Vitta Select,Alimentos,Vitta,663.31,202,Distribuidora del Norte,2026-04-23,Sí
1571,ELE-01571,Cargador USB-C 20W Orion Advance,Electrónica,Orion,162.54,281,Distribuidora Mexicana,2026-01-27,Sí
1572,ALI-01572,Pasta Penne 500 g Orion Prime,Alimentos,Orion,591.46,191,Distribuidora Hidalgo,2025-06-19,Sí
1573,DEP-01573,Tapete de Yoga Antideslizante Urban Plus,Deportes,Urban,746.12,329,Distribuidora Bajío,2024-06-08,Sí
1574,HOG-01574,Lámpara de Escritorio Nativa Pro,Hogar,Nativa,2295.34,156,Distribuidora Nova,2026-02-12,Sí
1575,HOG-01575,Termo 500 ml Aurea Essential,Hogar,Aurea,118.25,151,Distribuidora del Norte,2024-07-31,Sí
1576,ALI-01576,Café Molido 500 g Terra Max,Alimentos,Terra,761.08,216,Distribuidora Metropolitana,2025-11-08,Sí
1577,ALI-01577,Galletas Integrales 350 g Marea Eco,Alimentos,Marea,315.18,155,Distribuidora Hidalgo,2025-09-26,Sí
1578,DEP-01578,Guantes de Gimnasio Nativa Essential,Deportes,Nativa,1543.99,179,Distribuidora Central,2024-09-18,Sí
1579,DEP-01579,Guantes de Gimnasio Urban Advance,Deportes,Urban,1893.87,179,Distribuidora Bajío,2024-01-28,Sí
1580,DEP-01580,Botella Deportiva Térmica Terra Lite,Deportes,Terra,356.86,125,Distribuidora del Norte,2025-04-10,Sí
1581,OFI-01581,Mochila Impermeable Altura Prime,Oficina,Altura,1882.73,231,Distribuidora Nova,2025-09-20,Sí
1582,ELE-01582,Webcam 2K Nova Lite,Electrónica,Nova,1637.84,257,Distribuidora Mexicana,2025-04-19,Sí
1583,CUI-01583,Rasuradora Recargable Terra Advance,Cuidado personal,Terra,369.06,264,Distribuidora Bajío,2024-06-27,Sí
1584,OFI-01584,Mochila para Laptop 15.6 Kairo Advance,Oficina,Kairo,2011.56,56,Distribuidora Mexicana,2026-05-07,Sí
1585,DEP-01585,Balón de Básquetbol Nova Eco,Deportes,Nova,2346.4,334,Distribuidora Mexicana,2026-03-02,Sí
1586,OFI-01586,Mochila Ejecutiva Marea Advance,Oficina,Marea,5077.79,117,Distribuidora Bajío,2026-04-07,Sí
1587,ELE-01587,Audífonos Inalámbricos Vitta Pro,Electrónica,Vitta,2629.19,309,Distribuidora Central,2025-03-24,Sí
1588,ALI-01588,Aceite de Oliva 500 ml Prisma Lite,Alimentos,Prisma,107.3,242,Distribuidora Central,2024-10-12,Sí
1589,ALI-01589,Aceite de Oliva 500 ml Lumina Plus,Alimentos,Lumina,228.39,340,Distribuidora Metropolitana,2025-05-01,Sí
1590,HOG-01590,Organizador de Cocina Nova Pro,Hogar,Nova,288.03,95,Distribuidora Nova,2025-04-01,Sí
1591,CUI-01591,Cepillo Dental Pack 3 Nativa Plus,Cuidado personal,Nativa,2718.76,336,Distribuidora Mexicana,2025-08-19,Sí
1592,CUI-01592,Shampoo Hidratante 750 ml Aurea Pro,Cuidado personal,Aurea,872.14,200,Distribuidora Central,2025-01-15,Sí
1593,ELE-01593,Audífonos USB-C Nova Classic,Electrónica,Nova,3098.29,70,Distribuidora Metropolitana,2026-07-31,Sí
1594,DEP-01594,Tapete de Yoga 8 mm Nativa Max,Deportes,Nativa,1482.12,50,Distribuidora Mexicana,2025-02-01,Sí
1595,ALI-01595,Galletas de Avena 300 g Vitta Pro,Alimentos,Vitta,688.97,74,Distribuidora del Norte,2025-05-04,Sí
1596,ELE-01596,Cargador USB-C 45W Brava Eco,Electrónica,Brava,2962.23,185,Distribuidora Nova,2026-04-27,Sí
1597,ELE-01597,Bocina Bluetooth Marea Eco,Electrónica,Marea,241.68,343,Distribuidora Metropolitana,2025-02-04,Sí
1598,HOG-01598,Organizador de Baño Urban Pro,Hogar,Urban,663.04,266,Distribuidora Pacífico,2025-05-24,Sí
1599,DEP-01599,Guantes de Gimnasio Urban Plus,Deportes,Urban,1723.51,74,Distribuidora Central,2025-01-13,Sí
1600,OFI-01600,Silla de Oficina Kairo Lite,Oficina,Kairo,3644.98,157,Distribuidora Bajío,2025-06-07,Sí
1601,ALI-01601,Galletas con Chocolate 300 g Vitta Max,Alimentos,Vitta,285.9,250,Distribuidora Metropolitana,2025-06-29,Sí
1602,ALI-01602,Café Americano 500 g Terra Classic,Alimentos,Terra,702.06,304,Distribuidora Nova,2024-11-16,Sí
1603,OFI-01603,Mochila Ejecutiva Prisma Classic,Oficina,Prisma,1179.17,171,Distribuidora Hidalgo,2024-10-12,Sí
1604,DEP-01604,Tapete de Yoga 8 mm Kairo Select,Deportes,Kairo,2088.47,185,Distribuidora Metropolitana,2024-07-28,Sí
1605,CUI-01605,Secadora Iónica Orion Classic,Cuidado personal,Orion,1803.69,105,Distribuidora Metropolitana,2024-07-06,Sí
1606,DEP-01606,Mancuerna 10 kg Zenit Max,Deportes,Zenit,2175.59,290,Distribuidora Bajío,2025-07-04,Sí
1607,OFI-01607,Memoria USB 32 GB Terra Plus,Oficina,Terra,5799.29,281,Distribuidora Hidalgo,2024-01-04,Sí
1608,OFI-01608,Silla con Soporte Lumbar Terra Lite,Oficina,Terra,3419.29,101,Distribuidora Pacífico,2024-02-22,Sí
1609,ALI-01609,Aceite Vegetal 1 L Orion Max,Alimentos,Orion,363.37,160,Distribuidora del Norte,2024-05-23,Sí
1610,OFI-01610,Cuaderno Profesional Lumina Classic,Oficina,Lumina,675.9,274,Distribuidora Pacífico,2024-05-10,Sí
1611,ALI-01611,Aceite de Oliva 500 ml Altura Advance,Alimentos,Altura,71.35,57,Distribuidora Metropolitana,2025-10-01,Sí
1612,OFI-01612,Silla Ejecutiva Brava Select,Oficina,Brava,3722.61,292,Distribuidora Pacífico,2026-08-08,Sí
1613,HOG-01613,Organizador de Cocina Marea Select,Hogar,Marea,494.86,196,Distribuidora Nova,2025-07-08,Sí
1614,HOG-01614,Lámpara de Noche Nativa Plus,Hogar,Nativa,310.55,208,Distribuidora Nova,2024-09-04,Sí
1615,HOG-01615,Organizador de Escritorio Terra Plus,Hogar,Terra,86.67,343,Distribuidora Pacífico,2025-03-21,Sí
1616,CUI-01616,Rasuradora de Precisión Aurea Select,Cuidado personal,Aurea,321.41,41,Distribuidora Hidalgo,2025-12-30,Sí
1617,HOG-01617,Juego de Toallas Microfibra Nova Lite,Hogar,Nova,1930.44,105,Distribuidora Bajío,2025-03-23,Sí
1618,CUI-01618,Cepillo Dental Pack 3 Nova Max,Cuidado personal,Nova,1442.82,198,Distribuidora Bajío,2025-09-13,Sí
1619,HOG-01619,Lámpara Minimalista Nexo Eco,Hogar,Nexo,580.26,160,Distribuidora Metropolitana,2025-02-18,Sí
1620,ALI-01620,Pasta Spaghetti 500 g Zenit Advance,Alimentos,Zenit,704.36,12,Distribuidora Nova,2025-10-22,Sí
1621,DEP-01621,Botella Deportiva Térmica Prisma Prime,Deportes,Prisma,1197.63,251,Distribuidora Hidalgo,2026-01-11,Sí
1622,DEP-01622,Botella Deportiva Térmica Terra Prime,Deportes,Terra,754.1,187,Distribuidora Pacífico,2025-05-05,Sí
1623,HOG-01623,Termo 750 ml Altura Eco,Hogar,Altura,961.26,117,Distribuidora del Norte,2025-12-25,Sí
1624,ELE-01624,Cargador USB-C 20W Terra Plus,Electrónica,Terra,1908.6,130,Distribuidora Bajío,2024-06-01,Sí
1625,DEP-01625,Mancuerna 10 kg Brava Eco,Deportes,Brava,995.75,266,Distribuidora del Norte,2024-08-25,Sí
1626,CUI-01626,Shampoo Reparador 700 ml Nexo Classic,Cuidado personal,Nexo,1554.02,216,Distribuidora Mexicana,2024-08-29,No
1627,HOG-01627,Termo 500 ml Lumina Plus,Hogar,Lumina,730.09,91,Distribuidora del Norte,2026-03-08,Sí
1628,OFI-01628,Mochila Ejecutiva Nexo Select,Oficina,Nexo,4728.12,166,Distribuidora Mexicana,2026-02-23,Sí
1629,ELE-01629,Cargador USB-C 20W Zenit Pro,Electrónica,Zenit,708.45,240,Distribuidora Mexicana,2026-05-16,Sí
1630,CUI-01630,Cepillo Dental Pack 3 Cobalto Select,Cuidado personal,Cobalto,1297.92,56,Distribuidora Nova,2024-06-14,Sí
1631,ELE-01631,Audífonos con Micrófono Vitta Essential,Electrónica,Vitta,1111.13,270,Distribuidora Bajío,2025-11-24,Sí
1632,CUI-01632,Secadora Profesional Cobalto Lite,Cuidado personal,Cobalto,1019.74,310,Distribuidora Hidalgo,2026-02-08,Sí
1633,DEP-01633,Tapete de Yoga con Correa Vitta Essential,Deportes,Vitta,691.06,307,Distribuidora Metropolitana,2026-05-12,Sí
1634,CUI-01634,Rasuradora de Precisión Zenit Classic,Cuidado personal,Zenit,1073.96,161,Distribuidora Bajío,2024-07-22,Sí
1635,HOG-01635,Juego de Toallas 4 Piezas Cobalto Advance,Hogar,Cobalto,1992.07,71,Distribuidora Pacífico,2025-02-09,Sí
1636,ELE-01636,Teclado RGB Terra Max,Electrónica,Terra,1486.45,238,Distribuidora Metropolitana,2026-06-22,Sí
1637,HOG-01637,Juego de Toallas Algodón Brava Pro,Hogar,Brava,2249.83,51,Distribuidora Pacífico,2025-01-18,Sí
1638,DEP-01638,Balón Entrenamiento Lumina Advance,Deportes,Lumina,944.4,262,Distribuidora Bajío,2024-02-11,Sí
1639,DEP-01639,Botella Deportiva con Popote Marea Select,Deportes,Marea,992.09,259,Distribuidora Mexicana,2024-01-12,Sí
1640,HOG-01640,Termo de Acero Inoxidable Altura Essential,Hogar,Altura,1312.01,322,Distribuidora Metropolitana,2024-01-25,Sí
1641,OFI-01641,Memoria USB USB 3.2 Prisma Advance,Oficina,Prisma,1982.51,188,Distribuidora Central,2026-03-31,Sí
1642,ELE-01642,Bocina Resistente al Agua Urban Lite,Electrónica,Urban,270.12,280,Distribuidora del Norte,2024-06-06,Sí
1643,DEP-01643,Mancuerna Hexagonal Terra Pro,Deportes,Terra,502.83,100,Distribuidora del Norte,2025-09-23,Sí
1644,DEP-01644,Tapete de Yoga 6 mm Altura Classic,Deportes,Altura,124.25,68,Distribuidora Nova,2025-03-04,Sí
1645,DEP-01645,Tapete de Yoga con Correa Terra Select,Deportes,Terra,90.65,33,Distribuidora Mexicana,2026-05-29,No
1646,ALI-01646,Aceite de Oliva 500 ml Brava Max,Alimentos,Brava,733.31,84,Distribuidora Bajío,2024-04-26,Sí
1647,DEP-01647,Mancuerna Ajustable Nativa Classic,Deportes,Nativa,1768.2,280,Distribuidora Metropolitana,2025-10-08,Sí
1648,CUI-01648,Crema Corporal Nutritiva 400 ml Terra Advance,Cuidado personal,Terra,2188.43,125,Distribuidora Nova,2026-04-14,No
1649,DEP-01649,Mancuerna Ajustable Kairo Max,Deportes,Kairo,2919.73,207,Distribuidora Central,2026-09-01,Sí
1650,OFI-01650,Cuaderno de Notas Brava Select,Oficina,Brava,5287.77,127,Distribuidora Bajío,2026-07-15,Sí
1651,ELE-01651,Webcam con Micrófono Urban Eco,Electrónica,Urban,1553.63,169,Distribuidora Pacífico,2024-03-24,Sí
1652,CUI-01652,Rasuradora Recargable Marea Essential,Cuidado personal,Marea,1244.71,221,Distribuidora Mexicana,2025-02-28,Sí
1653,ELE-01653,Mouse Gaming Orion Classic,Electrónica,Orion,938.54,251,Distribuidora Hidalgo,2025-08-25,Sí
1654,DEP-01654,Tapete de Yoga Antideslizante Brava Advance,Deportes,Brava,2430.18,172,Distribuidora Mexicana,2025-09-04,Sí
1655,DEP-01655,Botella Deportiva 750 ml Lumina Plus,Deportes,Lumina,2405.93,4,Distribuidora Mexicana,2025-07-07,Sí
1656,ELE-01656,Webcam 2K Altura Essential,Electrónica,Altura,1727.55,16,Distribuidora Mexicana,2024-10-25,Sí
1657,OFI-01657,Calculadora Científica Altura Pro,Oficina,Altura,5360.13,169,Distribuidora del Norte,2024-02-09,Sí
1658,ELE-01658,Audífonos Bluetooth Aurea Pro,Electrónica,Aurea,3154.14,251,Distribuidora del Norte,2024-09-30,Sí
1659,CUI-01659,Secadora Compacta Kairo Pro,Cuidado personal,Kairo,223.85,310,Distribuidora Pacífico,2024-06-10,Sí
1660,ALI-01660,Galletas de Avena 300 g Nativa Advance,Alimentos,Nativa,198.21,145,Distribuidora Central,2025-02-06,Sí
1661,ALI-01661,Cereal de Avena 500 g Nativa Max,Alimentos,Nativa,302.67,260,Distribuidora Pacífico,2024-10-27,Sí
1662,DEP-01662,Balón de Básquetbol Kairo Prime,Deportes,Kairo,701.69,236,Distribuidora Mexicana,2025-12-21,Sí
1663,ELE-01663,Audífonos Bluetooth Vitta Plus,Electrónica,Vitta,3493.06,64,Distribuidora Mexicana,2026-01-10,Sí
1664,OFI-01664,Calculadora de Escritorio Nativa Eco,Oficina,Nativa,2479.53,329,Distribuidora Pacífico,2026-08-17,Sí
1665,DEP-01665,Botella Deportiva con Popote Nexo Eco,Deportes,Nexo,646.23,33,Distribuidora Central,2024-02-02,Sí
1666,OFI-01666,Silla Ejecutiva Nativa Max,Oficina,Nativa,3961.28,203,Distribuidora Metropolitana,2025-04-05,Sí
1667,OFI-01667,Silla de Oficina Nexo Essential,Oficina,Nexo,5218.75,84,Distribuidora Pacífico,2025-03-01,Sí
1668,OFI-01668,Mochila para Laptop 15.6 Vitta Select,Oficina,Vitta,3093.25,253,Distribuidora Pacífico,2026-07-18,Sí
1669,HOG-01669,Juego de Toallas Algodón Nova Prime,Hogar,Nova,1800.5,314,Distribuidora Metropolitana,2024-12-11,No
1670,DEP-01670,Guantes de Ciclismo Aurea Pro,Deportes,Aurea,1056.63,337,Distribuidora Pacífico,2025-06-27,Sí
1671,CUI-01671,Secadora Iónica Urban Essential,Cuidado personal,Urban,1297.94,302,Distribuidora Pacífico,2025-07-05,Sí
1672,DEP-01672,Botella Deportiva con Popote Marea Essential,Deportes,Marea,1274.35,321,Distribuidora del Norte,2025-04-30,Sí
1673,DEP-01673,Balón de Básquetbol Marea Advance,Deportes,Marea,737.64,135,Distribuidora Pacífico,2026-07-01,Sí
1674,ELE-01674,Teclado Compacto Zenit Classic,Electrónica,Zenit,163.35,117,Distribuidora Central,2024-08-15,Sí
1675,DEP-01675,Tapete de Yoga con Correa Nova Eco,Deportes,Nova,227.99,38,Distribuidora Pacífico,2025-07-02,Sí
1676,CUI-01676,Rasuradora Recargable Kairo Advance,Cuidado personal,Kairo,1871.77,254,Distribuidora Nova,2025-06-30,Sí
1677,OFI-01677,Cuaderno de Notas Zenit Lite,Oficina,Zenit,4363.2,90,Distribuidora Nova,2024-01-15,Sí
1678,ELE-01678,Mouse Ergonómico Nativa Essential,Electrónica,Nativa,482.19,132,Distribuidora Mexicana,2025-11-04,Sí
1679,OFI-01679,Silla Ejecutiva Urban Select,Oficina,Urban,4383.72,185,Distribuidora del Norte,2026-02-22,Sí
1680,OFI-01680,Memoria USB 32 GB Lumina Pro,Oficina,Lumina,5242.89,1,Distribuidora Nova,2024-03-08,Sí
1681,OFI-01681,Mochila para Laptop 15.6 Cobalto Prime,Oficina,Cobalto,759.26,273,Distribuidora Bajío,2025-06-07,Sí
1682,ALI-01682,Galletas Integrales 350 g Lumina Prime,Alimentos,Lumina,635.69,180,Distribuidora Mexicana,2025-02-01,Sí
1683,CUI-01683,Cepillo Dental Suave Lumina Plus,Cuidado personal,Lumina,491.95,175,Distribuidora Mexicana,2025-06-18,Sí
1684,CUI-01684,Crema Corporal con Aloe 500 ml Prisma Essential,Cuidado personal,Prisma,981.86,199,Distribuidora Hidalgo,2024-04-16,Sí
1685,DEP-01685,Tapete de Yoga 8 mm Aurea Advance,Deportes,Aurea,1944.09,300,Distribuidora del Norte,2026-02-01,Sí
1686,ALI-01686,Aceite Vegetal 1 L Cobalto Eco,Alimentos,Cobalto,274.39,188,Distribuidora Nova,2026-07-10,No
1687,DEP-01687,Tapete de Yoga 6 mm Prisma Essential,Deportes,Prisma,2963.1,190,Distribuidora Metropolitana,2025-03-01,Sí
1688,ELE-01688,Mouse Óptico Lumina Pro,Electrónica,Lumina,2973.12,304,Distribuidora del Norte,2025-08-30,Sí
1689,DEP-01689,Guantes Deportivos Orion Advance,Deportes,Orion,2448.51,326,Distribuidora Metropolitana,2024-09-08,Sí
1690,DEP-01690,Mancuerna 5 kg Orion Essential,Deportes,Orion,2821.63,340,Distribuidora Mexicana,2025-12-13,Sí
1691,DEP-01691,Tapete de Yoga Antideslizante Marea Eco,Deportes,Marea,2944.61,271,Distribuidora Metropolitana,2024-03-17,Sí
1692,ALI-01692,Pasta Penne 500 g Nova Essential,Alimentos,Nova,784.49,167,Distribuidora Mexicana,2025-12-29,Sí
1693,HOG-01693,Termo 500 ml Prisma Plus,Hogar,Prisma,309.28,135,Distribuidora Metropolitana,2024-11-21,Sí
1694,HOG-01694,Termo 750 ml Lumina Select,Hogar,Lumina,197.77,159,Distribuidora del Norte,2026-04-11,Sí
1695,CUI-01695,Secadora 2000 W Kairo Plus,Cuidado personal,Kairo,2510.73,20,Distribuidora Pacífico,2026-07-29,Sí
1696,ELE-01696,Webcam con Micrófono Terra Essential,Electrónica,Terra,607.59,48,Distribuidora Central,2024-04-19,Sí
1697,ELE-01697,Bocina Inteligente Zenit Lite,Electrónica,Zenit,507.08,81,Distribuidora Nova,2024-03-24,Sí
1698,HOG-01698,Termo 500 ml Nova Max,Hogar,Nova,607.57,64,Distribuidora Mexicana,2026-01-25,Sí
1699,ALI-01699,Galletas de Avena 300 g Urban Essential,Alimentos,Urban,552.41,139,Distribuidora Nova,2025-05-19,Sí
1700,ELE-01700,Bocina Portátil Zenit Select,Electrónica,Zenit,2912.84,149,Distribuidora Metropolitana,2024-05-19,Sí
1701,CUI-01701,Rasuradora Corporal Terra Select,Cuidado personal,Terra,1742.52,63,Distribuidora Hidalgo,2024-09-18,Sí
1702,DEP-01702,Botella Deportiva 750 ml Zenit Advance,Deportes,Zenit,645.29,129,Distribuidora Mexicana,2025-08-13,Sí
1703,ALI-01703,Galletas de Avena 300 g Brava Pro,Alimentos,Brava,575.37,118,Distribuidora Nova,2026-02-01,No
1704,ELE-01704,Webcam Autofocus Vitta Select,Electrónica,Vitta,1075.44,57,Distribuidora Central,2025-10-29,Sí
1705,ELE-01705,Webcam Full HD Urban Plus,Electrónica,Urban,1292.55,228,Distribuidora Mexicana,2024-05-30,Sí
1706,ELE-01706,Mouse Gaming Urban Eco,Electrónica,Urban,2358.39,348,Distribuidora Pacífico,2025-03-30,Sí
1707,ALI-01707,Cereal Integral 500 g Zenit Prime,Alimentos,Zenit,170.51,340,Distribuidora Nova,2025-05-16,Sí
1708,OFI-01708,Silla Ergonómica Terra Essential,Oficina,Terra,2619.16,81,Distribuidora Central,2026-03-11,Sí
1709,ELE-01709,Webcam Autofocus Kairo Select,Electrónica,Kairo,1533.9,147,Distribuidora Mexicana,2024-10-17,Sí
1710,DEP-01710,Botella Deportiva Térmica Lumina Advance,Deportes,Lumina,1411.39,155,Distribuidora Nova,2025-04-05,Sí
1711,OFI-01711,Silla con Soporte Lumbar Terra Pro,Oficina,Terra,2899.81,224,Distribuidora Mexicana,2024-01-18,Sí
1712,ALI-01712,Aceite de Aguacate 500 ml Brava Lite,Alimentos,Brava,419.51,74,Distribuidora del Norte,2024-10-01,Sí
1713,CUI-01713,Cepillo Dental Suave Terra Lite,Cuidado personal,Terra,2246.72,206,Distribuidora Central,2024-03-05,Sí
1714,ELE-01714,Teclado Compacto Terra Select,Electrónica,Terra,2687.42,342,Distribuidora Mexicana,2025-10-04,Sí
1715,CUI-01715,Shampoo Hidratante 750 ml Nova Prime,Cuidado personal,Nova,2161.43,283,Distribuidora Hidalgo,2025-08-04,Sí
1716,DEP-01716,Tapete de Yoga 8 mm Orion Classic,Deportes,Orion,2186.76,217,Distribuidora Pacífico,2025-12-13,Sí
1717,CUI-01717,Crema Corporal Nutritiva 400 ml Zenit Advance,Cuidado personal,Zenit,1601.6,182,Distribuidora del Norte,2025-01-24,Sí
1718,HOG-01718,Organizador Multiusos Altura Prime,Hogar,Altura,942.65,123,Distribuidora Metropolitana,2025-05-19,Sí
1719,CUI-01719,Shampoo Reparador 700 ml Lumina Plus,Cuidado personal,Lumina,1601.45,70,Distribuidora Nova,2025-02-24,Sí
1720,HOG-01720,Juego de Toallas Microfibra Lumina Plus,Hogar,Lumina,1726.93,280,Distribuidora Bajío,2026-01-05,Sí
1721,ALI-01721,Cereal Integral 500 g Prisma Plus,Alimentos,Prisma,53.34,5,Distribuidora Hidalgo,2024-05-03,Sí
1722,ALI-01722,Galletas Integrales 350 g Aurea Plus,Alimentos,Aurea,288.79,121,Distribuidora del Norte,2024-04-05,Sí
1723,CUI-01723,Secadora Iónica Altura Max,Cuidado personal,Altura,1942.5,277,Distribuidora Mexicana,2025-11-04,Sí
1724,ALI-01724,Café Descafeinado 400 g Aurea Eco,Alimentos,Aurea,711.9,51,Distribuidora del Norte,2025-05-30,Sí
1725,CUI-01725,Cepillo Dental Suave Urban Prime,Cuidado personal,Urban,2619.04,231,Distribuidora Mexicana,2024-01-28,Sí
1726,ALI-01726,Galletas de Avena 300 g Terra Select,Alimentos,Terra,158.18,80,Distribuidora Nova,2026-01-25,No
1727,HOG-01727,Organizador de Escritorio Aurea Pro,Hogar,Aurea,792.9,31,Distribuidora Bajío,2024-08-19,Sí
1728,ELE-01728,Audífonos Inalámbricos Prisma Classic,Electrónica,Prisma,2945.4,221,Distribuidora Mexicana,2025-12-05,Sí
1729,HOG-01729,Juego de Toallas Microfibra Nova Pro,Hogar,Nova,985.38,272,Distribuidora Mexicana,2025-12-01,Sí
1730,DEP-01730,Botella Deportiva 750 ml Nexo Select,Deportes,Nexo,302.05,212,Distribuidora del Norte,2025-03-21,Sí
1731,HOG-01731,Sartén de Acero 26 cm Marea Max,Hogar,Marea,459.9,304,Distribuidora Nova,2026-09-03,Sí
1732,HOG-01732,Termo Térmico Terra Prime,Hogar,Terra,708.75,109,Distribuidora Central,2024-07-19,Sí
1733,DEP-01733,Guantes con Muñequera Lumina Advance,Deportes,Lumina,424.66,64,Distribuidora Central,2024-08-23,Sí
1734,CUI-01734,Shampoo Reparador 700 ml Nativa Eco,Cuidado personal,Nativa,2549.3,297,Distribuidora Mexicana,2024-02-24,Sí
1735,CUI-01735,Crema Corporal Hidratante 400 ml Brava Essential,Cuidado personal,Brava,1445.18,310,Distribuidora del Norte,2024-09-04,Sí
1736,ELE-01736,Mouse Inalámbrico Terra Classic,Electrónica,Terra,1261.45,69,Distribuidora Mexicana,2024-02-15,Sí
1737,HOG-01737,Organizador de Escritorio Lumina Lite,Hogar,Lumina,436.73,226,Distribuidora del Norte,2025-03-08,Sí
1738,CUI-01738,Shampoo Reparador 700 ml Marea Max,Cuidado personal,Marea,498.4,141,Distribuidora Metropolitana,2024-01-31,No
1739,ELE-01739,Audífonos Bluetooth Nova Plus,Electrónica,Nova,1229.36,326,Distribuidora del Norte,2024-03-25,Sí
1740,DEP-01740,Botella Deportiva Térmica Prisma Essential,Deportes,Prisma,2380.53,309,Distribuidora Central,2026-01-06,Sí
1741,OFI-01741,Calculadora Financiera Orion Lite,Oficina,Orion,3885.4,149,Distribuidora Pacífico,2024-06-12,Sí
1742,HOG-01742,Termo Térmico Kairo Max,Hogar,Kairo,1342.78,39,Distribuidora Mexicana,2024-06-28,Sí
1743,OFI-01743,Memoria USB 32 GB Marea Eco,Oficina,Marea,2831.37,259,Distribuidora Hidalgo,2025-04-23,No
1744,CUI-01744,Shampoo Hidratante 750 ml Terra Select,Cuidado personal,Terra,1085.72,325,Distribuidora Metropolitana,2024-03-31,Sí
1745,CUI-01745,Cepillo Dental Medio Zenit Eco,Cuidado personal,Zenit,1595.51,120,Distribuidora Hidalgo,2024-06-01,Sí
1746,CUI-01746,Crema Corporal con Aloe 500 ml Prisma Essential,Cuidado personal,Prisma,1053.54,87,Distribuidora Hidalgo,2026-01-17,No
1747,ALI-01747,Café Descafeinado 400 g Altura Eco,Alimentos,Altura,185.93,210,Distribuidora Bajío,2025-09-24,Sí
1748,ELE-01748,Cargador USB-C 45W Vitta Plus,Electrónica,Vitta,352.38,24,Distribuidora del Norte,2026-06-05,Sí
1749,CUI-01749,Shampoo Reparador 700 ml Nova Classic,Cuidado personal,Nova,1767.84,132,Distribuidora Mexicana,2025-07-14,Sí
1750,DEP-01750,Tapete de Yoga 8 mm Zenit Select,Deportes,Zenit,1626.41,32,Distribuidora Hidalgo,2024-10-01,Sí
1751,ALI-01751,Café en Grano 1 kg Zenit Advance,Alimentos,Zenit,549.7,87,Distribuidora Pacífico,2025-02-21,Sí
1752,ELE-01752,Teclado RGB Vitta Prime,Electrónica,Vitta,2568.54,270,Distribuidora Hidalgo,2024-08-07,Sí
1753,OFI-01753,Cuaderno Cuadriculado Altura Eco,Oficina,Altura,1774.25,323,Distribuidora Hidalgo,2024-06-09,Sí
1754,OFI-01754,Calculadora Científica Nexo Eco,Oficina,Nexo,4738.56,345,Distribuidora Metropolitana,2024-12-14,Sí
1755,HOG-01755,Sartén Antiadherente 24 cm Nova Plus,Hogar,Nova,1215.99,157,Distribuidora Hidalgo,2026-03-22,Sí
1756,OFI-01756,Memoria USB 32 GB Brava Plus,Oficina,Brava,2231.97,284,Distribuidora Mexicana,2026-04-30,Sí
1757,OFI-01757,Mochila Impermeable Altura Prime,Oficina,Altura,258.89,327,Distribuidora Central,2026-05-23,Sí
1758,HOG-01758,Organizador de Escritorio Prisma Select,Hogar,Prisma,2084.03,131,Distribuidora Metropolitana,2026-06-23,Sí
1759,DEP-01759,Tapete de Yoga 8 mm Orion Plus,Deportes,Orion,364.21,307,Distribuidora Bajío,2025-06-22,Sí
1760,ELE-01760,Cargador USB-C 20W Aurea Select,Electrónica,Aurea,2136.61,323,Distribuidora Nova,2025-05-19,Sí
1761,DEP-01761,Mancuerna 10 kg Altura Eco,Deportes,Altura,2576.51,39,Distribuidora del Norte,2026-07-29,Sí
1762,CUI-01762,Rasuradora Corporal Zenit Plus,Cuidado personal,Zenit,1316.56,256,Distribuidora Hidalgo,2026-03-08,Sí
1763,CUI-01763,Shampoo Hidratante 750 ml Nexo Select,Cuidado personal,Nexo,2304.24,15,Distribuidora del Norte,2024-12-08,Sí
1764,ELE-01764,Cargador USB-C 45W Nova Select,Electrónica,Nova,2455.13,170,Distribuidora Bajío,2025-10-14,Sí
1765,OFI-01765,Calculadora Científica Urban Essential,Oficina,Urban,5296.93,348,Distribuidora Nova,2025-02-05,Sí
1766,OFI-01766,Mochila para Laptop 15.6 Lumina Classic,Oficina,Lumina,3635.42,63,Distribuidora Pacífico,2024-04-21,Sí
1767,HOG-01767,Organizador de Baño Nativa Prime,Hogar,Nativa,2107.12,300,Distribuidora Mexicana,2026-02-13,Sí
1768,HOG-01768,Organizador de Escritorio Aurea Advance,Hogar,Aurea,1535.75,75,Distribuidora del Norte,2024-09-02,Sí
1769,OFI-01769,Calculadora Financiera Lumina Plus,Oficina,Lumina,1556.7,18,Distribuidora Pacífico,2024-05-13,Sí
1770,DEP-01770,Botella Deportiva con Popote Nova Prime,Deportes,Nova,780.56,202,Distribuidora Hidalgo,2025-03-21,Sí
1771,ALI-01771,Café Molido 500 g Orion Pro,Alimentos,Orion,355.12,9,Distribuidora Central,2026-08-24,Sí
1772,ELE-01772,Cargador USB-C 45W Prisma Eco,Electrónica,Prisma,1481.73,311,Distribuidora del Norte,2026-04-17,Sí
1773,ELE-01773,Bocina Portátil Cobalto Plus,Electrónica,Cobalto,1222.27,108,Distribuidora del Norte,2026-09-02,Sí
1774,HOG-01774,Sartén Antiadherente 28 cm Prisma Essential,Hogar,Prisma,2057.1,260,Distribuidora Mexicana,2025-03-22,Sí
1775,DEP-01775,Balón Entrenamiento Vitta Advance,Deportes,Vitta,702.6,268,Distribuidora Pacífico,2024-10-24,Sí
1776,ELE-01776,Audífonos Inalámbricos Kairo Lite,Electrónica,Kairo,165.61,270,Distribuidora Bajío,2026-03-09,Sí
1777,OFI-01777,Mochila Impermeable Vitta Eco,Oficina,Vitta,310.06,119,Distribuidora Metropolitana,2025-09-21,Sí
1778,ELE-01778,Audífonos USB-C Cobalto Essential,Electrónica,Cobalto,2178.03,24,Distribuidora Metropolitana,2025-08-01,Sí
1779,ELE-01779,Mouse Gaming Nexo Essential,Electrónica,Nexo,2543.09,231,Distribuidora Pacífico,2025-08-19,Sí
1780,DEP-01780,Guantes con Muñequera Zenit Classic,Deportes,Zenit,2505.12,328,Distribuidora Bajío,2024-04-01,Sí
1781,OFI-01781,Mochila Antirrobo Zenit Advance,Oficina,Zenit,1515.27,169,Distribuidora del Norte,2024-10-28,No
1782,CUI-01782,Cepillo Dental Medio Nexo Select,Cuidado personal,Nexo,343.41,114,Distribuidora Pacífico,2026-03-10,Sí
1783,DEP-01783,Balón de Fútbol Urban Advance,Deportes,Urban,2125.06,285,Distribuidora Bajío,2024-06-07,Sí
1784,ELE-01784,Bocina Resistente al Agua Nova Max,Electrónica,Nova,731.61,110,Distribuidora Pacífico,2025-07-29,Sí
1785,ALI-01785,Cereal de Avena 500 g Brava Prime,Alimentos,Brava,543.69,308,Distribuidora Metropolitana,2025-10-27,Sí
1786,CUI-01786,Crema Corporal Nutritiva 400 ml Nova Classic,Cuidado personal,Nova,2325.35,176,Distribuidora Hidalgo,2026-06-27,Sí
1787,HOG-01787,Termo Térmico Marea Essential,Hogar,Marea,1408.19,75,Distribuidora Hidalgo,2025-08-27,Sí
1788,CUI-01788,Crema Corporal con Aloe 500 ml Terra Plus,Cuidado personal,Terra,2203.04,195,Distribuidora Hidalgo,2024-12-18,Sí
1789,ELE-01789,Teclado Mecánico Nativa Eco,Electrónica,Nativa,478.15,74,Distribuidora Nova,2026-04-06,Sí
1790,CUI-01790,Cepillo Dental Suave Terra Select,Cuidado personal,Terra,2185.46,204,Distribuidora Mexicana,2024-09-03,Sí
1791,OFI-01791,Memoria USB 128 GB Altura Essential,Oficina,Altura,5000.21,84,Distribuidora Bajío,2026-02-09,Sí
1792,ELE-01792,Webcam Autofocus Zenit Eco,Electrónica,Zenit,358.73,28,Distribuidora del Norte,2026-05-03,Sí
1793,DEP-01793,Guantes de Ciclismo Lumina Plus,Deportes,Lumina,2033.8,313,Distribuidora Metropolitana,2026-04-23,Sí
1794,ELE-01794,Audífonos Bluetooth Zenit Lite,Electrónica,Zenit,336.55,331,Distribuidora Pacífico,2024-03-23,Sí
1795,CUI-01795,Shampoo Reparador 700 ml Marea Essential,Cuidado personal,Marea,1292.94,90,Distribuidora Nova,2026-06-11,Sí
1796,DEP-01796,Balón de Básquetbol Altura Prime,Deportes,Altura,730.69,143,Distribuidora Pacífico,2024-01-18,Sí
1797,DEP-01797,Balón de Voleibol Zenit Pro,Deportes,Zenit,258.31,229,Distribuidora Mexicana,2026-01-13,Sí
1798,DEP-01798,Tapete de Yoga 8 mm Prisma Essential,Deportes,Prisma,1705.4,47,Distribuidora Bajío,2026-01-12,Sí
1799,DEP-01799,Balón de Fútbol Nexo Advance,Deportes,Nexo,2123.91,308,Distribuidora del Norte,2026-02-26,Sí
1800,ELE-01800,Bocina Inteligente Lumina Select,Electrónica,Lumina,813.77,232,Distribuidora Nova,2024-04-01,Sí
1801,OFI-01801,Calculadora de Escritorio Aurea Prime,Oficina,Aurea,5496.95,205,Distribuidora del Norte,2025-04-23,Sí
1802,ELE-01802,Bocina Bluetooth Aurea Pro,Electrónica,Aurea,2420.41,40,Distribuidora Mexicana,2024-01-01,Sí
1803,HOG-01803,Juego de Toallas 4 Piezas Marea Pro,Hogar,Marea,1210.9,279,Distribuidora Metropolitana,2025-01-20,Sí
1804,HOG-01804,Juego de Toallas Algodón Kairo Classic,Hogar,Kairo,719.33,25,Distribuidora Mexicana,2026-06-04,Sí
1805,ELE-01805,Teclado RGB Kairo Lite,Electrónica,Kairo,293.05,48,Distribuidora Hidalgo,2024-10-09,Sí
1806,ELE-01806,Teclado RGB Aurea Classic,Electrónica,Aurea,2936.2,203,Distribuidora Bajío,2025-07-01,Sí
1807,HOG-01807,Juego de Toallas Microfibra Nexo Pro,Hogar,Nexo,260.93,82,Distribuidora del Norte,2026-06-18,Sí
1808,CUI-01808,Secadora Iónica Orion Select,Cuidado personal,Orion,764.06,214,Distribuidora Mexicana,2025-08-09,Sí
1809,ALI-01809,Aceite Vegetal 1 L Cobalto Select,Alimentos,Cobalto,611.6,118,Distribuidora Nova,2026-06-16,Sí
1810,CUI-01810,Crema Corporal Nutritiva 400 ml Marea Eco,Cuidado personal,Marea,125.3,117,Distribuidora Bajío,2026-01-26,No
1811,ALI-01811,Galletas con Chocolate 300 g Urban Eco,Alimentos,Urban,551.9,60,Distribuidora Bajío,2025-05-04,Sí
1812,DEP-01812,Balón de Básquetbol Zenit Lite,Deportes,Zenit,2358.47,75,Distribuidora Central,2025-01-08,Sí
1813,DEP-01813,Guantes de Ciclismo Lumina Pro,Deportes,Lumina,614.11,322,Distribuidora Metropolitana,2024-12-01,Sí
1814,ELE-01814,Bocina Inteligente Nova Prime,Electrónica,Nova,1954.9,229,Distribuidora del Norte,2025-12-04,Sí
1815,CUI-01815,Crema Corporal Nutritiva 400 ml Lumina Lite,Cuidado personal,Lumina,1838.68,89,Distribuidora del Norte,2025-08-07,Sí
1816,CUI-01816,Rasuradora de Precisión Altura Lite,Cuidado personal,Altura,1671.6,349,Distribuidora Pacífico,2024-08-28,Sí
1817,CUI-01817,Secadora 2000 W Nova Pro,Cuidado personal,Nova,394.41,19,Distribuidora Metropolitana,2026-03-28,No
1818,CUI-01818,Crema Corporal Nutritiva 400 ml Urban Advance,Cuidado personal,Urban,2018.93,128,Distribuidora Pacífico,2025-10-25,Sí
1819,CUI-01819,Cepillo Dental Suave Lumina Classic,Cuidado personal,Lumina,1000.03,320,Distribuidora Bajío,2026-04-09,Sí
1820,ELE-01820,Webcam Autofocus Lumina Prime,Electrónica,Lumina,3243.23,120,Distribuidora Hidalgo,2025-04-03,Sí
1821,HOG-01821,Termo 750 ml Nova Advance,Hogar,Nova,1172.86,194,Distribuidora del Norte,2025-09-20,Sí
1822,ALI-01822,Aceite de Aguacate 500 ml Nativa Eco,Alimentos,Nativa,444.49,319,Distribuidora Hidalgo,2025-06-01,Sí
1823,HOG-01823,Organizador Multiusos Aurea Max,Hogar,Aurea,2484.94,19,Distribuidora Metropolitana,2025-11-28,Sí
1824,DEP-01824,Tapete de Yoga 8 mm Prisma Essential,Deportes,Prisma,2112.91,15,Distribuidora Metropolitana,2026-02-12,Sí
1825,DEP-01825,Guantes Deportivos Cobalto Advance,Deportes,Cobalto,200.5,344,Distribuidora del Norte,2024-06-20,Sí
1826,CUI-01826,Crema Corporal Nutritiva 400 ml Marea Prime,Cuidado personal,Marea,783.96,93,Distribuidora Hidalgo,2025-04-16,Sí
1827,HOG-01827,Organizador Multiusos Kairo Pro,Hogar,Kairo,1623.69,324,Distribuidora Mexicana,2025-11-30,Sí
1828,CUI-01828,Cepillo Dental Eléctrico Brava Select,Cuidado personal,Brava,1549.19,293,Distribuidora del Norte,2024-12-14,Sí
1829,OFI-01829,Cuaderno Pasta Dura Nexo Lite,Oficina,Nexo,4576.58,247,Distribuidora Mexicana,2026-07-24,Sí
1830,DEP-01830,Tapete de Yoga 8 mm Zenit Advance,Deportes,Zenit,734.01,113,Distribuidora Metropolitana,2025-06-26,Sí
1831,ALI-01831,Pasta Spaghetti 500 g Brava Lite,Alimentos,Brava,107.21,200,Distribuidora Metropolitana,2025-01-09,No
1832,ALI-01832,Aceite Vegetal 1 L Terra Eco,Alimentos,Terra,759.97,286,Distribuidora Metropolitana,2024-01-17,Sí
1833,DEP-01833,Mancuerna Ajustable Brava Essential,Deportes,Brava,654.0,321,Distribuidora del Norte,2026-06-17,Sí
1834,CUI-01834,Secadora Compacta Orion Max,Cuidado personal,Orion,1694.65,84,Distribuidora Central,2024-07-22,Sí
1835,ALI-01835,Pasta Fusilli 500 g Brava Classic,Alimentos,Brava,639.13,44,Distribuidora Metropolitana,2024-08-03,Sí
1836,ELE-01836,Mouse Gaming Cobalto Plus,Electrónica,Cobalto,1243.67,167,Distribuidora Nova,2024-04-19,Sí
1837,HOG-01837,Sartén de Acero 26 cm Aurea Eco,Hogar,Aurea,1230.57,268,Distribuidora del Norte,2024-08-31,Sí
1838,DEP-01838,Mancuerna 5 kg Nova Advance,Deportes,Nova,862.35,76,Distribuidora del Norte,2024-10-17,Sí
1839,ELE-01839,Audífonos USB-C Nexo Max,Electrónica,Nexo,1431.82,270,Distribuidora del Norte,2025-12-13,Sí
1840,DEP-01840,Guantes de Gimnasio Vitta Max,Deportes,Vitta,108.57,184,Distribuidora Mexicana,2024-08-28,Sí
1841,CUI-01841,Secadora 2000 W Zenit Pro,Cuidado personal,Zenit,2496.57,169,Distribuidora Hidalgo,2025-03-02,Sí
1842,OFI-01842,Memoria USB USB 3.2 Cobalto Lite,Oficina,Cobalto,2672.29,152,Distribuidora Mexicana,2024-05-21,Sí
1843,OFI-01843,Memoria USB 128 GB Terra Lite,Oficina,Terra,3805.28,301,Distribuidora Hidalgo,2025-01-07,Sí
1844,OFI-01844,Memoria USB 128 GB Nexo Lite,Oficina,Nexo,803.74,314,Distribuidora del Norte,2024-03-25,Sí
1845,DEP-01845,Mancuerna 5 kg Vitta Essential,Deportes,Vitta,2657.05,21,Distribuidora Mexicana,2026-03-31,Sí
1846,ALI-01846,Cereal de Avena 500 g Brava Plus,Alimentos,Brava,766.85,67,Distribuidora del Norte,2026-03-29,Sí
1847,OFI-01847,Cuaderno de Notas Nova Prime,Oficina,Nova,2062.34,17,Distribuidora Nova,2025-10-10,Sí
1848,CUI-01848,Crema Corporal Nutritiva 400 ml Orion Classic,Cuidado personal,Orion,880.18,266,Distribuidora Hidalgo,2025-01-30,Sí
1849,ALI-01849,Aceite de Oliva 500 ml Nativa Select,Alimentos,Nativa,352.46,326,Distribuidora Bajío,2026-01-06,Sí
1850,ALI-01850,Aceite de Oliva 500 ml Nova Pro,Alimentos,Nova,308.51,263,Distribuidora Mexicana,2026-07-30,Sí
1851,HOG-01851,Lámpara LED Nexo Lite,Hogar,Nexo,2033.7,54,Distribuidora Mexicana,2024-07-13,Sí
1852,HOG-01852,Organizador de Escritorio Nova Classic,Hogar,Nova,1589.24,30,Distribuidora Hidalgo,2026-01-26,No
1853,ELE-01853,Cargador USB-C 45W Urban Classic,Electrónica,Urban,1788.95,104,Distribuidora Bajío,2024-12-19,No
1854,HOG-01854,Juego de Toallas Microfibra Lumina Max,Hogar,Lumina,507.2,92,Distribuidora Metropolitana,2025-05-06,Sí
1855,OFI-01855,Calculadora Básica Nativa Pro,Oficina,Nativa,2294.82,292,Distribuidora Central,2024-11-29,Sí
1856,ELE-01856,Cargador Doble Puerto Zenit Lite,Electrónica,Zenit,956.65,52,Distribuidora Hidalgo,2024-02-24,Sí
1857,HOG-01857,Juego de Toallas Algodón Nativa Pro,Hogar,Nativa,232.24,110,Distribuidora Nova,2025-03-29,Sí
1858,ALI-01858,Cereal de Avena 500 g Nexo Essential,Alimentos,Nexo,277.19,88,Distribuidora Mexicana,2025-08-13,Sí
1859,CUI-01859,Crema Corporal Nutritiva 400 ml Urban Pro,Cuidado personal,Urban,2676.01,218,Distribuidora Metropolitana,2025-11-04,Sí
1860,ELE-01860,Webcam con Micrófono Brava Lite,Electrónica,Brava,1993.71,121,Distribuidora Mexicana,2024-11-28,Sí
1861,ALI-01861,Cereal de Avena 500 g Aurea Prime,Alimentos,Aurea,455.3,157,Distribuidora Pacífico,2025-03-03,Sí
1862,ALI-01862,Aceite Vegetal 1 L Nativa Select,Alimentos,Nativa,150.05,201,Distribuidora Pacífico,2024-09-10,Sí
1863,CUI-01863,Cepillo Dental Pack 3 Terra Advance,Cuidado personal,Terra,2277.84,255,Distribuidora del Norte,2024-07-03,Sí
1864,CUI-01864,Secadora Profesional Nova Pro,Cuidado personal,Nova,1617.65,225,Distribuidora del Norte,2024-06-14,Sí
1865,HOG-01865,Termo Térmico Nativa Plus,Hogar,Nativa,597.45,167,Distribuidora Mexicana,2025-08-16,Sí
1866,CUI-01866,Crema Corporal Hidratante 400 ml Vitta Essential,Cuidado personal,Vitta,2282.13,50,Distribuidora Mexicana,2026-03-23,Sí
1867,ALI-01867,Café en Grano 1 kg Nexo Essential,Alimentos,Nexo,708.73,135,Distribuidora Bajío,2025-09-13,Sí
1868,ALI-01868,Aceite Vegetal 1 L Cobalto Prime,Alimentos,Cobalto,554.1,190,Distribuidora Metropolitana,2024-07-08,Sí
1869,CUI-01869,Rasuradora Recargable Altura Select,Cuidado personal,Altura,92.75,154,Distribuidora Nova,2026-08-02,Sí
1870,ELE-01870,Cargador Inalámbrico Orion Max,Electrónica,Orion,371.47,83,Distribuidora Nova,2026-06-11,Sí
1871,ELE-01871,Audífonos Inalámbricos Nexo Advance,Electrónica,Nexo,2659.08,339,Distribuidora Central,2024-04-04,Sí
1872,DEP-01872,Mancuerna 10 kg Altura Advance,Deportes,Altura,2484.66,2,Distribuidora Hidalgo,2025-04-26,Sí
1873,ALI-01873,Galletas Integrales 350 g Lumina Advance,Alimentos,Lumina,773.78,74,Distribuidora Hidalgo,2024-02-19,Sí
1874,ALI-01874,Cereal Integral 500 g Aurea Pro,Alimentos,Aurea,116.39,235,Distribuidora Hidalgo,2025-04-22,Sí
1875,HOG-01875,Lámpara de Escritorio Lumina Plus,Hogar,Lumina,351.76,206,Distribuidora del Norte,2024-05-12,Sí
1876,ELE-01876,Audífonos Bluetooth Cobalto Pro,Electrónica,Cobalto,2571.05,338,Distribuidora Bajío,2026-08-12,Sí
1877,CUI-01877,Crema Corporal Hidratante 400 ml Kairo Advance,Cuidado personal,Kairo,574.99,194,Distribuidora Metropolitana,2024-08-01,Sí
1878,ALI-01878,Cereal con Frutos 450 g Kairo Lite,Alimentos,Kairo,105.21,144,Distribuidora Mexicana,2024-04-12,Sí
1879,ELE-01879,Cargador Doble Puerto Vitta Prime,Electrónica,Vitta,3029.48,295,Distribuidora Metropolitana,2024-05-17,Sí
1880,OFI-01880,Silla Ejecutiva Nova Advance,Oficina,Nova,1189.95,187,Distribuidora Metropolitana,2026-01-08,Sí
1881,ELE-01881,Webcam Full HD Aurea Advance,Electrónica,Aurea,2146.28,65,Distribuidora Bajío,2026-04-23,No
1882,ELE-01882,Teclado RGB Orion Pro,Electrónica,Orion,1071.8,217,Distribuidora Metropolitana,2025-07-16,Sí
1883,OFI-01883,Silla de Oficina Vitta Select,Oficina,Vitta,5082.58,132,Distribuidora del Norte,2026-06-28,Sí
1884,HOG-01884,Lámpara LED Nativa Essential,Hogar,Nativa,1101.35,185,Distribuidora Mexicana,2025-05-05,Sí
1885,DEP-01885,Mancuerna 5 kg Nexo Advance,Deportes,Nexo,1891.53,226,Distribuidora del Norte,2025-03-17,Sí
1886,CUI-01886,Shampoo Anticaspa 650 ml Brava Pro,Cuidado personal,Brava,393.33,144,Distribuidora del Norte,2024-12-16,Sí
1887,HOG-01887,Lámpara LED Kairo Essential,Hogar,Kairo,683.27,63,Distribuidora Central,2025-09-22,Sí
1888,DEP-01888,Balón Entrenamiento Prisma Eco,Deportes,Prisma,2687.75,157,Distribuidora del Norte,2025-01-14,Sí
1889,ALI-01889,Pasta Penne 500 g Kairo Eco,Alimentos,Kairo,677.87,126,Distribuidora Pacífico,2025-05-06,Sí
1890,HOG-01890,Sartén Antiadherente 28 cm Urban Essential,Hogar,Urban,346.56,284,Distribuidora Central,2026-02-26,Sí
1891,CUI-01891,Shampoo Hidratante 750 ml Aurea Essential,Cuidado personal,Aurea,2264.99,211,Distribuidora Nova,2024-04-12,Sí
1892,OFI-01892,Cuaderno Cuadriculado Nexo Eco,Oficina,Nexo,3114.09,278,Distribuidora Central,2025-06-13,Sí
1893,ALI-01893,Pasta Penne 500 g Orion Pro,Alimentos,Orion,483.79,55,Distribuidora Metropolitana,2025-12-22,Sí
1894,ELE-01894,Teclado Mecánico Urban Max,Electrónica,Urban,489.58,27,Distribuidora Bajío,2025-12-30,Sí
1895,ELE-01895,Audífonos USB-C Prisma Lite,Electrónica,Prisma,3344.52,251,Distribuidora Pacífico,2024-07-23,Sí
1896,HOG-01896,Lámpara LED Nova Essential,Hogar,Nova,1446.62,93,Distribuidora Metropolitana,2025-06-28,Sí
1897,ALI-01897,Pasta Penne 500 g Urban Eco,Alimentos,Urban,486.43,254,Distribuidora Central,2024-07-28,Sí
1898,ELE-01898,Mouse Ergonómico Aurea Advance,Electrónica,Aurea,1497.64,225,Distribuidora Pacífico,2026-05-08,Sí
1899,DEP-01899,Balón de Básquetbol Lumina Prime,Deportes,Lumina,1791.78,268,Distribuidora Nova,2026-04-30,Sí
1900,DEP-01900,Botella Deportiva 750 ml Altura Classic,Deportes,Altura,1261.68,217,Distribuidora del Norte,2024-11-14,Sí
1901,ALI-01901,Galletas de Avena 300 g Lumina Plus,Alimentos,Lumina,64.15,301,Distribuidora Bajío,2025-11-13,Sí
1902,OFI-01902,Cuaderno Profesional Terra Advance,Oficina,Terra,1442.22,282,Distribuidora del Norte,2026-04-20,Sí
1903,ALI-01903,Pasta Fusilli 500 g Nova Prime,Alimentos,Nova,217.95,33,Distribuidora Metropolitana,2026-03-14,Sí
1904,OFI-01904,Memoria USB 32 GB Kairo Advance,Oficina,Kairo,4935.69,202,Distribuidora Bajío,2025-10-16,Sí
1905,ELE-01905,Teclado RGB Cobalto Plus,Electrónica,Cobalto,2874.78,195,Distribuidora Pacífico,2024-04-14,Sí
1906,DEP-01906,Botella Deportiva 1 L Aurea Max,Deportes,Aurea,923.17,25,Distribuidora Bajío,2025-05-06,Sí
1907,HOG-01907,Organizador de Escritorio Marea Eco,Hogar,Marea,521.9,263,Distribuidora Pacífico,2025-08-19,Sí
1908,ELE-01908,Cargador Doble Puerto Nova Plus,Electrónica,Nova,2532.48,135,Distribuidora Mexicana,2026-06-23,Sí
1909,ALI-01909,Cereal Integral 500 g Aurea Max,Alimentos,Aurea,64.46,235,Distribuidora Mexicana,2024-04-18,Sí
1910,ELE-01910,Teclado Mecánico Terra Plus,Electrónica,Terra,2995.22,279,Distribuidora del Norte,2024-08-28,Sí
1911,ALI-01911,Galletas con Chocolate 300 g Cobalto Pro,Alimentos,Cobalto,719.62,42,Distribuidora Bajío,2024-01-23,Sí
1912,CUI-01912,Secadora 2000 W Nova Plus,Cuidado personal,Nova,2717.78,204,Distribuidora Pacífico,2024-11-07,Sí
1913,HOG-01913,Lámpara Minimalista Prisma Lite,Hogar,Prisma,1320.81,119,Distribuidora Bajío,2025-06-03,Sí
1914,ELE-01914,Cargador USB-C 45W Altura Essential,Electrónica,Altura,1018.33,23,Distribuidora Hidalgo,2025-04-30,Sí
1915,ALI-01915,Café en Grano 1 kg Aurea Eco,Alimentos,Aurea,461.09,153,Distribuidora Hidalgo,2024-04-03,Sí
1916,ALI-01916,Café en Grano 1 kg Nativa Advance,Alimentos,Nativa,234.3,84,Distribuidora Hidalgo,2025-07-27,Sí
1917,HOG-01917,Juego de Toallas Microfibra Nativa Essential,Hogar,Nativa,725.47,301,Distribuidora Metropolitana,2024-08-22,Sí
1918,OFI-01918,Cuaderno Cuadriculado Orion Prime,Oficina,Orion,2582.52,253,Distribuidora Nova,2024-06-30,Sí
1919,ALI-01919,Galletas con Chocolate 300 g Brava Prime,Alimentos,Brava,584.5,181,Distribuidora del Norte,2026-03-08,Sí
1920,CUI-01920,Rasuradora 3 Cabezas Kairo Essential,Cuidado personal,Kairo,2481.65,215,Distribuidora Pacífico,2026-05-05,Sí
1921,DEP-01921,Guantes de Ciclismo Terra Advance,Deportes,Terra,1338.29,136,Distribuidora Bajío,2025-06-07,Sí
1922,ELE-01922,Bocina Bluetooth Vitta Lite,Electrónica,Vitta,1281.36,197,Distribuidora Mexicana,2024-06-12,Sí
1923,OFI-01923,Memoria USB 64 GB Urban Classic,Oficina,Urban,3271.18,64,Distribuidora Central,2025-05-29,Sí
1924,HOG-01924,Sartén de Acero 26 cm Zenit Lite,Hogar,Zenit,1764.98,116,Distribuidora Central,2026-06-20,Sí
1925,OFI-01925,Silla con Soporte Lumbar Vitta Lite,Oficina,Vitta,2690.02,294,Distribuidora del Norte,2025-03-11,No
1926,ELE-01926,Audífonos USB-C Lumina Select,Electrónica,Lumina,3494.68,57,Distribuidora Nova,2025-01-01,Sí
1927,CUI-01927,Crema Corporal Hidratante 400 ml Urban Plus,Cuidado personal,Urban,685.72,243,Distribuidora Hidalgo,2026-07-04,No
1928,HOG-01928,Organizador de Cocina Terra Prime,Hogar,Terra,1425.23,48,Distribuidora Hidalgo,2024-12-06,Sí
1929,ALI-01929,Café en Grano 1 kg Prisma Classic,Alimentos,Prisma,605.87,253,Distribuidora Mexicana,2024-09-25,Sí
1930,ELE-01930,Bocina Inteligente Altura Select,Electrónica,Altura,2484.0,140,Distribuidora Central,2026-03-17,Sí
1931,DEP-01931,Botella Deportiva Térmica Nativa Plus,Deportes,Nativa,2336.68,64,Distribuidora Pacífico,2025-08-31,Sí
1932,CUI-01932,Shampoo Reparador 700 ml Nova Eco,Cuidado personal,Nova,1316.59,282,Distribuidora Mexicana,2024-04-09,Sí
1933,DEP-01933,Mancuerna Hexagonal Orion Select,Deportes,Orion,2532.63,318,Distribuidora Mexicana,2026-07-30,Sí
1934,DEP-01934,Mancuerna Hexagonal Brava Advance,Deportes,Brava,1240.86,316,Distribuidora Bajío,2024-11-15,Sí
1935,DEP-01935,Guantes Deportivos Lumina Prime,Deportes,Lumina,1079.23,133,Distribuidora Metropolitana,2026-04-02,Sí
1936,ELE-01936,Audífonos Inalámbricos Nexo Essential,Electrónica,Nexo,2979.14,244,Distribuidora Metropolitana,2024-09-09,Sí
1937,DEP-01937,Botella Deportiva con Popote Orion Plus,Deportes,Orion,1469.74,216,Distribuidora Central,2024-08-20,Sí
1938,CUI-01938,Secadora Profesional Aurea Eco,Cuidado personal,Aurea,910.82,210,Distribuidora Mexicana,2024-04-12,Sí
1939,OFI-01939,Calculadora Básica Altura Eco,Oficina,Altura,2930.57,25,Distribuidora Central,2025-08-31,Sí
1940,CUI-01940,Cepillo Dental Medio Kairo Lite,Cuidado personal,Kairo,2719.89,128,Distribuidora Mexicana,2024-02-18,Sí
1941,DEP-01941,Balón de Voleibol Urban Eco,Deportes,Urban,1536.74,25,Distribuidora Metropolitana,2026-03-19,Sí
1942,HOG-01942,Lámpara de Noche Marea Eco,Hogar,Marea,2172.73,250,Distribuidora Bajío,2024-12-14,Sí
1943,ELE-01943,Cargador Doble Puerto Kairo Prime,Electrónica,Kairo,3380.94,98,Distribuidora Central,2025-03-11,Sí
1944,OFI-01944,Calculadora Financiera Zenit Pro,Oficina,Zenit,5129.97,94,Distribuidora Hidalgo,2024-12-10,Sí
1945,ELE-01945,Audífonos con Micrófono Marea Advance,Electrónica,Marea,2186.6,117,Distribuidora Central,2024-01-10,Sí
1946,ALI-01946,Aceite de Oliva 500 ml Nexo Plus,Alimentos,Nexo,160.38,150,Distribuidora Mexicana,2026-02-19,Sí
1947,DEP-01947,Balón Entrenamiento Kairo Eco,Deportes,Kairo,479.92,161,Distribuidora del Norte,2025-02-03,No
1948,ELE-01948,Teclado Compacto Orion Plus,Electrónica,Orion,1396.91,257,Distribuidora Pacífico,2025-06-30,Sí
1949,ALI-01949,Aceite de Oliva 500 ml Nova Lite,Alimentos,Nova,36.62,242,Distribuidora Hidalgo,2025-05-07,Sí
1950,CUI-01950,Crema Corporal Hidratante 400 ml Lumina Pro,Cuidado personal,Lumina,1636.37,183,Distribuidora Bajío,2026-08-11,Sí
1951,ELE-01951,Mouse Óptico Vitta Eco,Electrónica,Vitta,2803.97,84,Distribuidora Hidalgo,2024-03-18,Sí
1952,ELE-01952,Teclado Mecánico Aurea Lite,Electrónica,Aurea,990.62,245,Distribuidora Metropolitana,2024-08-21,Sí
1953,ALI-01953,Galletas con Chocolate 300 g Zenit Lite,Alimentos,Zenit,62.22,283,Distribuidora Metropolitana,2026-04-18,Sí
1954,OFI-01954,Calculadora de Escritorio Kairo Pro,Oficina,Kairo,770.99,285,Distribuidora Nova,2025-05-30,Sí
1955,OFI-01955,Calculadora Básica Altura Essential,Oficina,Altura,4065.59,219,Distribuidora Pacífico,2024-11-08,Sí
1956,OFI-01956,Silla de Oficina Vitta Select,Oficina,Vitta,5077.62,39,Distribuidora del Norte,2024-05-23,Sí
1957,HOG-01957,Juego de Toallas 6 Piezas Nativa Advance,Hogar,Nativa,1853.92,43,Distribuidora Bajío,2025-03-24,Sí
1958,DEP-01958,Tapete de Yoga 8 mm Kairo Pro,Deportes,Kairo,1512.82,15,Distribuidora Nova,2026-06-07,Sí
1959,CUI-01959,Rasuradora 3 Cabezas Lumina Max,Cuidado personal,Lumina,1018.9,6,Distribuidora Central,2026-03-31,Sí
1960,CUI-01960,Rasuradora 3 Cabezas Altura Classic,Cuidado personal,Altura,950.93,325,Distribuidora Nova,2024-02-03,Sí
1961,HOG-01961,Sartén de Acero 26 cm Vitta Classic,Hogar,Vitta,1589.39,117,Distribuidora Metropolitana,2026-05-18,Sí
1962,OFI-01962,Cuaderno Profesional Orion Lite,Oficina,Orion,447.25,202,Distribuidora Bajío,2025-04-30,Sí
1963,CUI-01963,Shampoo Anticaspa 650 ml Prisma Pro,Cuidado personal,Prisma,812.96,130,Distribuidora Metropolitana,2024-09-24,Sí
1964,ELE-01964,Cargador USB-C 45W Prisma Plus,Electrónica,Prisma,1740.62,317,Distribuidora Nova,2025-04-06,Sí
1965,CUI-01965,Shampoo Hidratante 750 ml Marea Select,Cuidado personal,Marea,1817.61,63,Distribuidora Mexicana,2025-07-03,Sí
1966,CUI-01966,Secadora 2000 W Zenit Advance,Cuidado personal,Zenit,1608.99,217,Distribuidora Mexicana,2026-06-25,Sí
1967,ALI-01967,Galletas de Avena 300 g Kairo Prime,Alimentos,Kairo,397.48,68,Distribuidora Bajío,2024-04-17,Sí
1968,DEP-01968,Tapete de Yoga Antideslizante Zenit Select,Deportes,Zenit,195.01,45,Distribuidora Hidalgo,2025-12-28,Sí
1969,OFI-01969,Mochila Ejecutiva Brava Advance,Oficina,Brava,2716.0,266,Distribuidora Nova,2024-08-31,Sí
1970,ELE-01970,Teclado Mecánico Nativa Essential,Electrónica,Nativa,1461.86,80,Distribuidora Nova,2024-06-25,Sí
1971,CUI-01971,Shampoo Reparador 700 ml Aurea Pro,Cuidado personal,Aurea,446.27,22,Distribuidora del Norte,2024-01-16,Sí
1972,HOG-01972,Lámpara de Escritorio Lumina Lite,Hogar,Lumina,1012.97,222,Distribuidora Hidalgo,2024-04-27,No
1973,ELE-01973,Cargador Doble Puerto Zenit Plus,Electrónica,Zenit,186.53,42,Distribuidora Pacífico,2024-07-12,Sí
1974,ELE-01974,Mouse Inalámbrico Brava Lite,Electrónica,Brava,1118.37,163,Distribuidora Nova,2025-10-18,Sí
1975,CUI-01975,Secadora Compacta Nativa Classic,Cuidado personal,Nativa,1204.82,281,Distribuidora Mexicana,2024-07-18,Sí
1976,DEP-01976,Guantes Deportivos Orion Essential,Deportes,Orion,99.62,8,Distribuidora Bajío,2026-05-05,Sí
1977,HOG-01977,Lámpara de Noche Terra Prime,Hogar,Terra,2384.04,301,Distribuidora Hidalgo,2025-03-24,Sí
1978,OFI-01978,Cuaderno Profesional Urban Eco,Oficina,Urban,5834.66,342,Distribuidora Hidalgo,2025-03-08,Sí
1979,ELE-01979,Audífonos con Micrófono Prisma Classic,Electrónica,Prisma,3055.14,46,Distribuidora Nova,2024-10-15,No
1980,DEP-01980,Guantes Deportivos Orion Eco,Deportes,Orion,1876.08,302,Distribuidora Pacífico,2026-03-01,Sí
1981,ELE-01981,Cargador USB-C 20W Prisma Lite,Electrónica,Prisma,2695.7,220,Distribuidora Hidalgo,2025-07-15,Sí
1982,CUI-01982,Crema Corporal con Aloe 500 ml Zenit Pro,Cuidado personal,Zenit,1114.69,235,Distribuidora Central,2025-06-24,Sí
1983,DEP-01983,Guantes de Gimnasio Nativa Lite,Deportes,Nativa,2984.47,338,Distribuidora Bajío,2026-03-11,Sí
1984,OFI-01984,Cuaderno Pasta Dura Urban Pro,Oficina,Urban,2200.06,39,Distribuidora Bajío,2026-07-07,Sí
1985,ALI-01985,Galletas de Avena 300 g Vitta Essential,Alimentos,Vitta,755.09,67,Distribuidora Hidalgo,2026-06-21,Sí
1986,OFI-01986,Silla Ejecutiva Zenit Essential,Oficina,Zenit,1840.46,40,Distribuidora Central,2026-02-18,Sí
1987,CUI-01987,Cepillo Dental Medio Lumina Max,Cuidado personal,Lumina,1039.76,261,Distribuidora Metropolitana,2026-09-07,Sí
1988,DEP-01988,Balón de Voleibol Lumina Pro,Deportes,Lumina,1509.89,197,Distribuidora Mexicana,2026-03-13,Sí
1989,CUI-01989,Secadora Iónica Terra Plus,Cuidado personal,Terra,1720.95,303,Distribuidora Hidalgo,2026-08-20,Sí
1990,OFI-01990,Mochila Ejecutiva Vitta Advance,Oficina,Vitta,5659.2,171,Distribuidora del Norte,2025-04-05,Sí
1991,ALI-01991,Pasta Fusilli 500 g Prisma Classic,Alimentos,Prisma,734.18,53,Distribuidora Metropolitana,2025-11-28,Sí
1992,DEP-01992,Botella Deportiva con Popote Urban Lite,Deportes,Urban,456.88,295,Distribuidora Mexicana,2024-05-09,Sí
1993,OFI-01993,Silla Ergonómica Nova Essential,Oficina,Nova,412.93,204,Distribuidora Nova,2026-08-05,Sí
1994,OFI-01994,Silla de Oficina Altura Max,Oficina,Altura,1058.88,69,Distribuidora Pacífico,2026-05-17,Sí
1995,HOG-01995,Termo 750 ml Marea Classic,Hogar,Marea,91.24,45,Distribuidora Bajío,2025-06-16,Sí
1996,CUI-01996,Crema Corporal Hidratante 400 ml Terra Max,Cuidado personal,Terra,706.98,69,Distribuidora Hidalgo,2024-03-15,Sí
1997,CUI-01997,Cepillo Dental Suave Nativa Plus,Cuidado personal,Nativa,207.26,179,Distribuidora Central,2024-04-03,Sí
1998,OFI-01998,Cuaderno de Notas Cobalto Plus,Oficina,Cobalto,5886.01,336,Distribuidora del Norte,2024-11-18,Sí
1999,ELE-01999,Webcam Full HD Prisma Select,Electrónica,Prisma,3321.46,225,Distribuidora Central,2026-04-20,Sí
2000,HOG-02000,Lámpara de Escritorio Cobalto Plus,Hogar,Cobalto,2038.38,303,Distribuidora Metropolitana,2025-11-27,No
2001,DEP-02001,Mancuerna 5 kg Kairo Lite,Deportes,Kairo,2159.11,150,Distribuidora Nova,2026-04-10,Sí
2002,CUI-02002,Secadora Profesional Urban Advance,Cuidado personal,Urban,1574.39,109,Distribuidora Hidalgo,2024-12-18,Sí
2003,OFI-02003,Calculadora Financiera Orion Eco,Oficina,Orion,5022.89,45,Distribuidora Mexicana,2025-04-30,Sí
2004,OFI-02004,Memoria USB 32 GB Aurea Plus,Oficina,Aurea,246.85,170,Distribuidora Central,2024-06-06,Sí
2005,CUI-02005,Secadora Profesional Brava Pro,Cuidado personal,Brava,234.26,151,Distribuidora Nova,2026-06-21,Sí
2006,ALI-02006,Pasta Penne 500 g Terra Lite,Alimentos,Terra,616.29,123,Distribuidora Metropolitana,2026-06-11,Sí
2007,DEP-02007,Guantes de Gimnasio Zenit Classic,Deportes,Zenit,2937.93,222,Distribuidora Central,2026-02-02,Sí
2008,HOG-02008,Termo 750 ml Terra Classic,Hogar,Terra,2331.9,257,Distribuidora Nova,2025-07-14,Sí
2009,HOG-02009,Sartén Antiadherente 24 cm Zenit Classic,Hogar,Zenit,1061.26,70,Distribuidora Central,2024-12-04,Sí
2010,DEP-02010,Balón de Voleibol Altura Eco,Deportes,Altura,1136.91,317,Distribuidora Metropolitana,2024-12-26,Sí
2011,DEP-02011,Tapete de Yoga 8 mm Nexo Essential,Deportes,Nexo,1817.73,276,Distribuidora Metropolitana,2026-07-12,Sí
2012,ELE-02012,Audífonos con Micrófono Kairo Essential,Electrónica,Kairo,2380.38,307,Distribuidora del Norte,2026-06-29,Sí
2013,ELE-02013,Audífonos con Micrófono Zenit Plus,Electrónica,Zenit,2162.44,9,Distribuidora Mexicana,2024-12-02,Sí
2014,ALI-02014,Aceite Vegetal 1 L Zenit Essential,Alimentos,Zenit,556.53,90,Distribuidora Mexicana,2025-10-11,No
2015,ALI-02015,Galletas Integrales 350 g Brava Prime,Alimentos,Brava,657.8,137,Distribuidora del Norte,2025-11-29,Sí
2016,ELE-02016,Audífonos Inalámbricos Nexo Max,Electrónica,Nexo,3167.74,289,Distribuidora Metropolitana,2026-06-11,Sí
2017,ELE-02017,Teclado RGB Altura Plus,Electrónica,Altura,1219.35,172,Distribuidora Nova,2026-06-02,Sí
2018,HOG-02018,Sartén de Acero 26 cm Terra Max,Hogar,Terra,1612.59,316,Distribuidora Metropolitana,2024-02-02,Sí
2019,ELE-02019,Bocina Bluetooth Cobalto Select,Electrónica,Cobalto,2978.16,237,Distribuidora Central,2026-08-11,Sí
2020,ALI-02020,Galletas con Chocolate 300 g Prisma Essential,Alimentos,Prisma,732.01,341,Distribuidora del Norte,2024-02-19,No
2021,DEP-02021,Mancuerna 10 kg Kairo Essential,Deportes,Kairo,680.5,296,Distribuidora del Norte,2024-01-04,Sí
2022,HOG-02022,Lámpara LED Urban Essential,Hogar,Urban,1304.69,145,Distribuidora del Norte,2024-03-14,Sí
2023,ALI-02023,Galletas de Avena 300 g Brava Prime,Alimentos,Brava,706.51,315,Distribuidora Mexicana,2025-07-12,Sí
2024,HOG-02024,Sartén de Acero 26 cm Marea Pro,Hogar,Marea,189.61,198,Distribuidora del Norte,2024-02-04,Sí
2025,DEP-02025,Guantes de Gimnasio Nova Eco,Deportes,Nova,1751.17,280,Distribuidora Central,2024-03-16,Sí
2026,ALI-02026,Aceite de Aguacate 500 ml Terra Essential,Alimentos,Terra,627.4,123,Distribuidora Bajío,2025-05-27,Sí
2027,ALI-02027,Cereal de Avena 500 g Aurea Select,Alimentos,Aurea,466.39,147,Distribuidora Pacífico,2025-08-17,Sí
2028,OFI-02028,Mochila para Laptop 15.6 Nova Eco,Oficina,Nova,2961.99,193,Distribuidora Mexicana,2024-12-08,Sí
2029,HOG-02029,Organizador Multiusos Nova Plus,Hogar,Nova,1272.62,194,Distribuidora Metropolitana,2024-09-18,Sí
2030,DEP-02030,Tapete de Yoga Antideslizante Orion Max,Deportes,Orion,1652.37,94,Distribuidora Central,2025-10-04,Sí
2031,CUI-02031,Crema Corporal Hidratante 400 ml Brava Classic,Cuidado personal,Brava,956.66,48,Distribuidora del Norte,2024-01-16,Sí
2032,ELE-02032,Cargador USB-C 20W Urban Essential,Electrónica,Urban,1342.17,2,Distribuidora Hidalgo,2025-06-06,Sí
2033,ELE-02033,Teclado Mecánico Lumina Eco,Electrónica,Lumina,1464.15,112,Distribuidora Mexicana,2025-09-23,Sí
2034,OFI-02034,Calculadora Financiera Marea Advance,Oficina,Marea,3353.87,278,Distribuidora Bajío,2024-11-27,Sí
2035,HOG-02035,Lámpara LED Urban Classic,Hogar,Urban,484.32,23,Distribuidora Nova,2026-09-03,Sí
2036,DEP-02036,Tapete de Yoga 6 mm Vitta Max,Deportes,Vitta,1165.83,266,Distribuidora Mexicana,2024-03-20,Sí
2037,DEP-02037,Botella Deportiva 1 L Nova Max,Deportes,Nova,422.3,176,Distribuidora Mexicana,2024-08-19,Sí
2038,CUI-02038,Shampoo Hidratante 750 ml Aurea Eco,Cuidado personal,Aurea,1973.97,86,Distribuidora del Norte,2025-10-24,Sí
2039,ALI-02039,Cereal Integral 500 g Prisma Lite,Alimentos,Prisma,633.11,267,Distribuidora Bajío,2026-01-10,No
2040,OFI-02040,Memoria USB 32 GB Urban Plus,Oficina,Urban,4643.99,257,Distribuidora Hidalgo,2024-08-04,Sí
2041,OFI-02041,Memoria USB 32 GB Marea Advance,Oficina,Marea,4505.76,240,Distribuidora Mexicana,2025-12-21,Sí
2042,DEP-02042,Guantes de Gimnasio Altura Prime,Deportes,Altura,2757.96,245,Distribuidora Nova,2024-03-09,Sí
2043,DEP-02043,Guantes de Ciclismo Nativa Pro,Deportes,Nativa,2427.78,141,Distribuidora Metropolitana,2026-06-22,Sí
2044,ELE-02044,Webcam Full HD Vitta Pro,Electrónica,Vitta,2568.98,244,Distribuidora Mexicana,2024-01-02,Sí
2045,CUI-02045,Crema Corporal Nutritiva 400 ml Kairo Lite,Cuidado personal,Kairo,396.03,117,Distribuidora Mexicana,2025-11-09,Sí
2046,ELE-02046,Mouse Inalámbrico Terra Classic,Electrónica,Terra,1781.37,142,Distribuidora Nova,2026-01-18,Sí
2047,ALI-02047,Galletas con Chocolate 300 g Orion Plus,Alimentos,Orion,351.21,184,Distribuidora Nova,2025-12-18,No
2048,HOG-02048,Lámpara LED Altura Select,Hogar,Altura,2447.39,141,Distribuidora Mexicana,2024-08-12,Sí
2049,HOG-02049,Juego de Toallas Microfibra Prisma Pro,Hogar,Prisma,1762.0,52,Distribuidora Nova,2025-01-16,Sí
2050,ELE-02050,Teclado Mecánico Urban Prime,Electrónica,Urban,3118.23,208,Distribuidora Pacífico,2025-02-09,Sí
2051,ALI-02051,Café Americano 500 g Brava Max,Alimentos,Brava,378.65,182,Distribuidora Hidalgo,2026-07-13,Sí
2052,CUI-02052,Secadora Iónica Vitta Plus,Cuidado personal,Vitta,1928.15,333,Distribuidora Mexicana,2025-09-04,Sí
2053,ALI-02053,Café Descafeinado 400 g Kairo Eco,Alimentos,Kairo,694.66,20,Distribuidora Mexicana,2025-08-19,Sí
2054,CUI-02054,Crema Corporal Hidratante 400 ml Nova Classic,Cuidado personal,Nova,727.83,277,Distribuidora Pacífico,2024-03-09,Sí
2055,DEP-02055,Tapete de Yoga 8 mm Lumina Select,Deportes,Lumina,2821.16,214,Distribuidora Bajío,2024-01-15,Sí
2056,OFI-02056,Silla de Oficina Urban Eco,Oficina,Urban,2781.45,20,Distribuidora Hidalgo,2024-08-27,Sí
2057,HOG-02057,Lámpara Minimalista Prisma Prime,Hogar,Prisma,225.28,297,Distribuidora Pacífico,2026-03-08,Sí
2058,OFI-02058,Calculadora Científica Cobalto Eco,Oficina,Cobalto,2370.0,100,Distribuidora Pacífico,2025-09-11,Sí
2059,ALI-02059,Cereal de Avena 500 g Urban Prime,Alimentos,Urban,31.61,331,Distribuidora Hidalgo,2024-06-20,Sí
2060,HOG-02060,Organizador de Baño Vitta Eco,Hogar,Vitta,2213.6,60,Distribuidora del Norte,2024-10-29,Sí
2061,OFI-02061,Mochila Impermeable Vitta Prime,Oficina,Vitta,5646.16,284,Distribuidora Metropolitana,2024-09-29,Sí
2062,ELE-02062,Webcam Full HD Nativa Advance,Electrónica,Nativa,3332.74,316,Distribuidora del Norte,2026-01-27,Sí
2063,DEP-02063,Tapete de Yoga 8 mm Kairo Plus,Deportes,Kairo,2003.82,292,Distribuidora Hidalgo,2024-09-26,Sí
2064,CUI-02064,Cepillo Dental Medio Vitta Classic,Cuidado personal,Vitta,2653.68,95,Distribuidora Metropolitana,2025-11-13,Sí
2065,CUI-02065,Crema Corporal Hidratante 400 ml Brava Classic,Cuidado personal,Brava,2659.19,17,Distribuidora Nova,2024-03-20,Sí
2066,OFI-02066,Memoria USB USB 3.2 Zenit Essential,Oficina,Zenit,2264.71,136,Distribuidora Metropolitana,2026-06-03,Sí
2067,ALI-02067,Aceite Vegetal 1 L Terra Max,Alimentos,Terra,281.06,232,Distribuidora Hidalgo,2025-08-23,Sí
2068,ALI-02068,Pasta Fusilli 500 g Marea Select,Alimentos,Marea,304.02,122,Distribuidora Hidalgo,2025-01-14,Sí
2069,OFI-02069,Silla con Soporte Lumbar Zenit Plus,Oficina,Zenit,2604.94,143,Distribuidora Mexicana,2024-03-21,Sí
2070,OFI-02070,Calculadora Científica Nova Advance,Oficina,Nova,2015.29,316,Distribuidora Pacífico,2025-06-04,Sí
2071,OFI-02071,Mochila Impermeable Vitta Prime,Oficina,Vitta,4725.85,190,Distribuidora Hidalgo,2025-02-10,Sí
2072,DEP-02072,Tapete de Yoga 6 mm Brava Essential,Deportes,Brava,1407.81,141,Distribuidora Mexicana,2024-09-02,Sí
2073,ALI-02073,Galletas de Avena 300 g Terra Pro,Alimentos,Terra,322.84,146,Distribuidora Central,2025-11-14,Sí
2074,ALI-02074,Galletas con Chocolate 300 g Aurea Select,Alimentos,Aurea,638.5,80,Distribuidora Hidalgo,2026-04-16,Sí
2075,OFI-02075,Calculadora de Escritorio Altura Max,Oficina,Altura,3414.03,112,Distribuidora Bajío,2024-08-19,Sí
2076,ALI-02076,Café Molido 500 g Orion Max,Alimentos,Orion,752.67,182,Distribuidora Mexicana,2024-05-25,Sí
2077,ELE-02077,Mouse Óptico Lumina Lite,Electrónica,Lumina,1089.85,80,Distribuidora Nova,2025-01-06,Sí
2078,ALI-02078,Pasta Fusilli 500 g Nexo Eco,Alimentos,Nexo,713.23,258,Distribuidora Bajío,2024-09-22,Sí
2079,ALI-02079,Aceite de Oliva 500 ml Orion Max,Alimentos,Orion,175.15,83,Distribuidora Central,2025-12-09,Sí
2080,OFI-02080,Mochila Ejecutiva Cobalto Max,Oficina,Cobalto,2736.49,295,Distribuidora Hidalgo,2025-02-13,Sí
2081,DEP-02081,Tapete de Yoga 8 mm Cobalto Essential,Deportes,Cobalto,413.39,31,Distribuidora Central,2026-08-05,Sí
2082,ALI-02082,Pasta Spaghetti 500 g Cobalto Lite,Alimentos,Cobalto,73.67,188,Distribuidora Metropolitana,2025-10-26,Sí
2083,ELE-02083,Audífonos Bluetooth Vitta Max,Electrónica,Vitta,3017.72,91,Distribuidora Mexicana,2024-03-08,Sí
2084,OFI-02084,Silla Ejecutiva Orion Eco,Oficina,Orion,192.87,154,Distribuidora Nova,2025-08-10,Sí
2085,ELE-02085,Teclado RGB Lumina Max,Electrónica,Lumina,3477.07,17,Distribuidora Nova,2024-05-04,Sí
2086,CUI-02086,Cepillo Dental Pack 3 Vitta Lite,Cuidado personal,Vitta,2180.91,90,Distribuidora Central,2025-09-07,Sí
2087,CUI-02087,Rasuradora 3 Cabezas Prisma Pro,Cuidado personal,Prisma,2025.5,315,Distribuidora Metropolitana,2026-04-27,Sí
2088,ALI-02088,Cereal Integral 500 g Vitta Pro,Alimentos,Vitta,141.7,226,Distribuidora Nova,2025-12-17,Sí
2089,CUI-02089,Secadora Iónica Nova Classic,Cuidado personal,Nova,1046.33,242,Distribuidora Nova,2026-03-11,Sí
2090,HOG-02090,Organizador de Baño Urban Plus,Hogar,Urban,1306.61,17,Distribuidora Bajío,2025-02-10,Sí
2091,ELE-02091,Cargador Doble Puerto Altura Lite,Electrónica,Altura,776.92,310,Distribuidora Bajío,2026-03-17,Sí
2092,CUI-02092,Crema Corporal Hidratante 400 ml Zenit Essential,Cuidado personal,Zenit,316.74,251,Distribuidora del Norte,2024-06-08,Sí
2093,OFI-02093,Memoria USB 64 GB Nexo Plus,Oficina,Nexo,5782.25,252,Distribuidora Hidalgo,2026-08-03,Sí
2094,OFI-02094,Memoria USB 128 GB Zenit Max,Oficina,Zenit,1229.61,226,Distribuidora Pacífico,2024-05-14,Sí
2095,HOG-02095,Organizador de Escritorio Nexo Lite,Hogar,Nexo,119.87,54,Distribuidora Pacífico,2024-09-16,Sí
2096,OFI-02096,Memoria USB 64 GB Nexo Pro,Oficina,Nexo,4414.08,181,Distribuidora Hidalgo,2024-02-28,Sí
2097,CUI-02097,Cepillo Dental Medio Prisma Essential,Cuidado personal,Prisma,2524.2,124,Distribuidora Bajío,2026-06-04,Sí
2098,ELE-02098,Webcam Full HD Altura Classic,Electrónica,Altura,1478.35,251,Distribuidora Pacífico,2024-04-17,Sí
2099,ELE-02099,Bocina Inteligente Brava Lite,Electrónica,Brava,3330.76,62,Distribuidora Metropolitana,2024-06-01,No
2100,ALI-02100,Café en Grano 1 kg Zenit Pro,Alimentos,Zenit,335.6,29,Distribuidora Pacífico,2025-11-10,Sí
2101,CUI-02101,Rasuradora Corporal Zenit Plus,Cuidado personal,Zenit,909.29,141,Distribuidora Bajío,2024-02-16,Sí
2102,OFI-02102,Memoria USB 32 GB Nexo Plus,Oficina,Nexo,2231.47,219,Distribuidora Pacífico,2024-03-14,Sí
2103,ALI-02103,Pasta Penne 500 g Urban Classic,Alimentos,Urban,38.09,343,Distribuidora del Norte,2025-08-13,Sí
2104,CUI-02104,Crema Corporal Nutritiva 400 ml Marea Max,Cuidado personal,Marea,1551.77,183,Distribuidora Mexicana,2024-03-02,Sí
2105,ELE-02105,Teclado Mecánico Terra Pro,Electrónica,Terra,1604.9,81,Distribuidora Central,2024-03-13,Sí
2106,ALI-02106,Aceite de Oliva 500 ml Vitta Plus,Alimentos,Vitta,140.85,37,Distribuidora Nova,2025-08-08,Sí
2107,ALI-02107,Aceite Vegetal 1 L Zenit Max,Alimentos,Zenit,436.75,331,Distribuidora Bajío,2025-02-19,No
2108,CUI-02108,Rasuradora 3 Cabezas Lumina Pro,Cuidado personal,Lumina,1219.2,247,Distribuidora Nova,2024-03-22,Sí
2109,HOG-02109,Organizador de Baño Zenit Essential,Hogar,Zenit,1193.13,173,Distribuidora Bajío,2025-10-26,Sí
2110,OFI-02110,Mochila Ejecutiva Kairo Select,Oficina,Kairo,722.58,46,Distribuidora Hidalgo,2024-12-02,Sí
2111,ELE-02111,Cargador Inalámbrico Nexo Select,Electrónica,Nexo,566.71,23,Distribuidora Mexicana,2024-05-03,Sí
2112,OFI-02112,Cuaderno Pasta Dura Nativa Eco,Oficina,Nativa,1658.92,144,Distribuidora Bajío,2026-03-29,Sí
2113,DEP-02113,Botella Deportiva 750 ml Nova Pro,Deportes,Nova,1313.72,287,Distribuidora Bajío,2025-02-09,Sí
2114,CUI-02114,Rasuradora de Precisión Zenit Classic,Cuidado personal,Zenit,1621.38,303,Distribuidora Bajío,2026-08-03,Sí
2115,ELE-02115,Bocina Portátil Zenit Prime,Electrónica,Zenit,1578.21,17,Distribuidora Pacífico,2026-05-28,Sí
2116,ELE-02116,Bocina Portátil Prisma Prime,Electrónica,Prisma,2490.76,240,Distribuidora Nova,2024-02-08,Sí
2117,DEP-02117,Mancuerna Hexagonal Nexo Max,Deportes,Nexo,1373.41,56,Distribuidora Metropolitana,2024-05-20,Sí
2118,DEP-02118,Tapete de Yoga Antideslizante Aurea Essential,Deportes,Aurea,2110.64,303,Distribuidora Bajío,2026-01-06,No
2119,OFI-02119,Calculadora Científica Nexo Lite,Oficina,Nexo,995.81,211,Distribuidora Nova,2025-03-12,Sí
2120,ELE-02120,Mouse Gaming Marea Advance,Electrónica,Marea,1467.13,144,Distribuidora Hidalgo,2025-11-04,Sí
2121,OFI-02121,Calculadora Básica Kairo Select,Oficina,Kairo,1868.28,131,Distribuidora del Norte,2026-03-21,Sí
2122,CUI-02122,Shampoo Anticaspa 650 ml Brava Advance,Cuidado personal,Brava,712.73,132,Distribuidora Pacífico,2025-08-15,Sí
2123,HOG-02123,Termo de Acero Inoxidable Urban Classic,Hogar,Urban,120.57,346,Distribuidora Mexicana,2024-05-29,Sí
2124,CUI-02124,Cepillo Dental Eléctrico Vitta Advance,Cuidado personal,Vitta,2036.0,111,Distribuidora Pacífico,2024-04-12,Sí
2125,ELE-02125,Audífonos con Micrófono Vitta Essential,Electrónica,Vitta,2464.76,58,Distribuidora Bajío,2026-02-18,No
2126,OFI-02126,Calculadora Básica Aurea Classic,Oficina,Aurea,3794.09,211,Distribuidora Metropolitana,2024-12-10,Sí
2127,CUI-02127,Crema Corporal Hidratante 400 ml Altura Select,Cuidado personal,Altura,72.98,154,Distribuidora Pacífico,2025-08-03,Sí
2128,OFI-02128,Silla Ergonómica Vitta Advance,Oficina,Vitta,1367.63,27,Distribuidora Central,2024-05-24,Sí
2129,OFI-02129,Cuaderno de Notas Orion Select,Oficina,Orion,4411.61,236,Distribuidora Metropolitana,2026-05-29,Sí
2130,OFI-02130,Memoria USB USB 3.2 Aurea Prime,Oficina,Aurea,3508.14,321,Distribuidora Bajío,2024-01-03,Sí
2131,DEP-02131,Botella Deportiva 1 L Lumina Classic,Deportes,Lumina,2142.93,282,Distribuidora Pacífico,2024-07-12,Sí
2132,OFI-02132,Silla con Soporte Lumbar Brava Plus,Oficina,Brava,467.26,277,Distribuidora Metropolitana,2024-02-19,Sí
2133,OFI-02133,Mochila Ejecutiva Urban Pro,Oficina,Urban,5598.15,69,Distribuidora Central,2026-05-28,Sí
2134,OFI-02134,Silla de Oficina Nexo Classic,Oficina,Nexo,2459.83,335,Distribuidora del Norte,2024-01-20,Sí
2135,ALI-02135,Aceite Vegetal 1 L Urban Lite,Alimentos,Urban,598.88,345,Distribuidora Hidalgo,2026-03-11,Sí
2136,ELE-02136,Audífonos USB-C Vitta Advance,Electrónica,Vitta,3031.19,195,Distribuidora Central,2024-06-05,Sí
2137,ALI-02137,Café Descafeinado 400 g Cobalto Classic,Alimentos,Cobalto,74.85,134,Distribuidora Nova,2024-02-08,Sí
2138,OFI-02138,Cuaderno de Notas Brava Lite,Oficina,Brava,4770.05,187,Distribuidora Central,2024-06-16,Sí
2139,CUI-02139,Secadora 2000 W Urban Eco,Cuidado personal,Urban,976.79,229,Distribuidora Metropolitana,2026-01-17,Sí
2140,HOG-02140,Organizador de Escritorio Vitta Lite,Hogar,Vitta,2484.52,319,Distribuidora Nova,2024-01-10,Sí
2141,HOG-02141,Sartén Antiadherente 28 cm Orion Select,Hogar,Orion,573.68,5,Distribuidora Nova,2024-01-23,Sí
2142,OFI-02142,Silla con Soporte Lumbar Cobalto Plus,Oficina,Cobalto,4412.95,62,Distribuidora Hidalgo,2026-03-13,Sí
2143,ELE-02143,Bocina Resistente al Agua Vitta Max,Electrónica,Vitta,2191.4,177,Distribuidora Metropolitana,2024-09-12,Sí
2144,ELE-02144,Teclado Compacto Prisma Select,Electrónica,Prisma,336.77,88,Distribuidora Nova,2026-01-22,Sí
2145,OFI-02145,Silla Ejecutiva Brava Essential,Oficina,Brava,1327.9,67,Distribuidora Central,2024-05-10,Sí
2146,DEP-02146,Botella Deportiva 750 ml Lumina Max,Deportes,Lumina,2177.51,83,Distribuidora Mexicana,2024-10-26,Sí
2147,OFI-02147,Cuaderno Cuadriculado Urban Classic,Oficina,Urban,3974.54,279,Distribuidora Bajío,2026-01-17,Sí
2148,ELE-02148,Bocina Resistente al Agua Marea Classic,Electrónica,Marea,1535.63,318,Distribuidora Mexicana,2026-08-05,Sí
2149,DEP-02149,Mancuerna 10 kg Cobalto Pro,Deportes,Cobalto,2383.88,240,Distribuidora Mexicana,2024-12-13,Sí
2150,ELE-02150,Teclado Inalámbrico Marea Advance,Electrónica,Marea,283.35,299,Distribuidora Metropolitana,2025-01-29,Sí
2151,CUI-02151,Cepillo Dental Pack 3 Vitta Select,Cuidado personal,Vitta,1381.98,321,Distribuidora Nova,2025-04-07,Sí
2152,ELE-02152,Teclado Mecánico Vitta Plus,Electrónica,Vitta,436.94,24,Distribuidora del Norte,2025-06-27,Sí
2153,CUI-02153,Shampoo Hidratante 750 ml Prisma Lite,Cuidado personal,Prisma,1190.47,314,Distribuidora Central,2025-11-16,Sí
2154,ELE-02154,Bocina Bluetooth Nativa Classic,Electrónica,Nativa,2472.51,322,Distribuidora Nova,2025-09-04,Sí
2155,ELE-02155,Cargador Inalámbrico Prisma Pro,Electrónica,Prisma,2152.9,56,Distribuidora Bajío,2024-04-14,Sí
2156,HOG-02156,Juego de Toallas Microfibra Terra Select,Hogar,Terra,612.16,232,Distribuidora Mexicana,2024-06-16,No
2157,OFI-02157,Mochila Ejecutiva Orion Eco,Oficina,Orion,1085.54,347,Distribuidora Metropolitana,2025-12-02,Sí
2158,CUI-02158,Rasuradora 3 Cabezas Aurea Essential,Cuidado personal,Aurea,1951.75,100,Distribuidora Nova,2024-10-23,Sí
2159,DEP-02159,Botella Deportiva con Popote Nativa Lite,Deportes,Nativa,1832.73,169,Distribuidora Central,2024-10-04,Sí
2160,HOG-02160,Lámpara de Noche Zenit Lite,Hogar,Zenit,1735.14,36,Distribuidora Metropolitana,2024-07-13,Sí
2161,DEP-02161,Balón de Voleibol Nexo Eco,Deportes,Nexo,1331.97,336,Distribuidora Nova,2024-06-12,Sí
2162,CUI-02162,Cepillo Dental Eléctrico Brava Classic,Cuidado personal,Brava,554.45,254,Distribuidora Bajío,2024-11-22,Sí
2163,HOG-02163,Sartén de Acero 26 cm Vitta Essential,Hogar,Vitta,1091.43,204,Distribuidora Metropolitana,2025-07-09,Sí
2164,CUI-02164,Crema Corporal Hidratante 400 ml Prisma Advance,Cuidado personal,Prisma,2042.0,80,Distribuidora Mexicana,2025-08-29,Sí
2165,ELE-02165,Mouse Óptico Aurea Essential,Electrónica,Aurea,656.98,162,Distribuidora Metropolitana,2026-02-14,Sí
2166,CUI-02166,Rasuradora 3 Cabezas Urban Select,Cuidado personal,Urban,1320.85,78,Distribuidora Hidalgo,2024-06-25,Sí
2167,ALI-02167,Pasta Fusilli 500 g Nexo Essential,Alimentos,Nexo,358.95,38,Distribuidora Metropolitana,2025-11-10,Sí
2168,CUI-02168,Shampoo Reparador 700 ml Marea Plus,Cuidado personal,Marea,580.74,54,Distribuidora Nova,2025-11-01,Sí
2169,ELE-02169,Audífonos USB-C Brava Pro,Electrónica,Brava,364.18,328,Distribuidora del Norte,2024-06-30,Sí
2170,ELE-02170,Teclado Mecánico Prisma Classic,Electrónica,Prisma,1862.06,57,Distribuidora Metropolitana,2025-07-05,Sí
2171,DEP-02171,Guantes con Muñequera Nativa Eco,Deportes,Nativa,956.05,4,Distribuidora del Norte,2026-02-20,Sí
2172,CUI-02172,Cepillo Dental Pack 3 Altura Eco,Cuidado personal,Altura,896.82,156,Distribuidora Mexicana,2026-05-07,Sí
2173,ELE-02173,Audífonos con Micrófono Nexo Advance,Electrónica,Nexo,3258.03,254,Distribuidora Bajío,2025-10-15,Sí
2174,HOG-02174,Sartén de Acero 26 cm Marea Eco,Hogar,Marea,1622.49,144,Distribuidora Hidalgo,2026-02-05,Sí
2175,ALI-02175,Café Descafeinado 400 g Vitta Select,Alimentos,Vitta,254.25,92,Distribuidora del Norte,2025-09-17,Sí
2176,DEP-02176,Tapete de Yoga 8 mm Lumina Select,Deportes,Lumina,621.59,156,Distribuidora del Norte,2024-02-16,Sí
2177,CUI-02177,Cepillo Dental Medio Orion Classic,Cuidado personal,Orion,2062.96,261,Distribuidora del Norte,2024-04-02,Sí
2178,CUI-02178,Rasuradora 3 Cabezas Urban Advance,Cuidado personal,Urban,1723.32,313,Distribuidora Pacífico,2025-08-12,Sí
2179,ELE-02179,Webcam 2K Aurea Plus,Electrónica,Aurea,2612.44,10,Distribuidora Central,2024-08-12,Sí
2180,DEP-02180,Balón de Fútbol Nexo Essential,Deportes,Nexo,270.55,178,Distribuidora Nova,2026-02-04,Sí
2181,OFI-02181,Mochila Impermeable Aurea Plus,Oficina,Aurea,57.95,323,Distribuidora Central,2024-11-30,Sí
2182,OFI-02182,Mochila Ejecutiva Nova Prime,Oficina,Nova,3333.99,82,Distribuidora Hidalgo,2026-05-12,Sí
2183,HOG-02183,Termo 500 ml Altura Max,Hogar,Altura,1042.42,221,Distribuidora Mexicana,2026-04-22,Sí
2184,DEP-02184,Tapete de Yoga 8 mm Nexo Lite,Deportes,Nexo,2978.47,105,Distribuidora Hidalgo,2025-11-20,Sí
2185,HOG-02185,Organizador de Baño Urban Plus,Hogar,Urban,1302.69,325,Distribuidora del Norte,2026-06-23,Sí
2186,CUI-02186,Rasuradora 3 Cabezas Zenit Max,Cuidado personal,Zenit,333.49,222,Distribuidora Pacífico,2026-03-06,Sí
2187,ELE-02187,Teclado Inalámbrico Nexo Select,Electrónica,Nexo,3164.23,311,Distribuidora Mexicana,2024-04-11,Sí
2188,CUI-02188,Crema Corporal con Aloe 500 ml Nexo Max,Cuidado personal,Nexo,2075.17,32,Distribuidora Bajío,2024-11-29,Sí
2189,ALI-02189,Café Descafeinado 400 g Nativa Max,Alimentos,Nativa,323.49,333,Distribuidora Central,2025-03-08,Sí
2190,ALI-02190,Pasta Fusilli 500 g Nexo Essential,Alimentos,Nexo,516.34,275,Distribuidora del Norte,2026-05-26,Sí
2191,OFI-02191,Mochila para Laptop 15.6 Vitta Max,Oficina,Vitta,3653.35,209,Distribuidora del Norte,2025-04-16,Sí
2192,ALI-02192,Café Americano 500 g Urban Advance,Alimentos,Urban,685.4,329,Distribuidora Nova,2025-07-08,Sí
2193,OFI-02193,Silla Ejecutiva Nova Pro,Oficina,Nova,4218.72,192,Distribuidora Metropolitana,2025-12-13,Sí
2194,DEP-02194,Guantes con Muñequera Nexo Advance,Deportes,Nexo,2620.34,294,Distribuidora del Norte,2024-05-21,Sí
2195,HOG-02195,Sartén de Acero 26 cm Nexo Prime,Hogar,Nexo,868.28,308,Distribuidora Pacífico,2025-11-18,Sí
2196,ALI-02196,Café Descafeinado 400 g Kairo Pro,Alimentos,Kairo,473.4,311,Distribuidora Central,2025-03-31,Sí
2197,DEP-02197,Tapete de Yoga con Correa Urban Advance,Deportes,Urban,2965.43,155,Distribuidora del Norte,2026-02-21,Sí
2198,CUI-02198,Rasuradora de Precisión Nova Lite,Cuidado personal,Nova,55.6,304,Distribuidora Bajío,2024-11-10,Sí
2199,DEP-02199,Mancuerna Ajustable Kairo Eco,Deportes,Kairo,891.58,260,Distribuidora Nova,2026-04-01,Sí
2200,CUI-02200,Cepillo Dental Suave Urban Max,Cuidado personal,Urban,712.93,234,Distribuidora Metropolitana,2024-07-30,Sí
2201,CUI-02201,Secadora Compacta Zenit Classic,Cuidado personal,Zenit,2183.22,273,Distribuidora Central,2024-09-28,Sí
2202,ELE-02202,Cargador USB-C 45W Zenit Essential,Electrónica,Zenit,1243.33,87,Distribuidora del Norte,2026-05-05,Sí
2203,ELE-02203,Teclado RGB Vitta Max,Electrónica,Vitta,279.93,204,Distribuidora Pacífico,2025-07-20,Sí
2204,ELE-02204,Audífonos Inalámbricos Terra Lite,Electrónica,Terra,2941.44,183,Distribuidora del Norte,2026-02-27,Sí
2205,CUI-02205,Secadora Iónica Altura Prime,Cuidado personal,Altura,1373.72,341,Distribuidora Nova,2025-09-25,Sí
2206,DEP-02206,Mancuerna 5 kg Prisma Eco,Deportes,Prisma,2953.16,121,Distribuidora Central,2024-06-01,Sí
2207,DEP-02207,Mancuerna 5 kg Altura Essential,Deportes,Altura,708.41,347,Distribuidora Metropolitana,2026-01-07,Sí
2208,ALI-02208,Aceite de Oliva 500 ml Prisma Select,Alimentos,Prisma,38.38,183,Distribuidora Hidalgo,2024-10-26,Sí
2209,OFI-02209,Memoria USB 64 GB Cobalto Lite,Oficina,Cobalto,4000.86,150,Distribuidora Hidalgo,2025-04-04,Sí
2210,CUI-02210,Rasuradora Recargable Orion Lite,Cuidado personal,Orion,1345.17,212,Distribuidora Central,2024-02-01,Sí
2211,HOG-02211,Juego de Toallas 6 Piezas Orion Essential,Hogar,Orion,637.84,151,Distribuidora Pacífico,2026-08-30,Sí
2212,HOG-02212,Termo 500 ml Zenit Max,Hogar,Zenit,742.71,175,Distribuidora Hidalgo,2025-07-26,Sí
2213,DEP-02213,Mancuerna 10 kg Kairo Essential,Deportes,Kairo,1188.48,64,Distribuidora del Norte,2024-11-27,Sí
2214,CUI-02214,Secadora Profesional Nativa Pro,Cuidado personal,Nativa,913.68,217,Distribuidora Mexicana,2024-07-07,Sí
2215,HOG-02215,Lámpara de Escritorio Marea Select,Hogar,Marea,600.4,325,Distribuidora Pacífico,2025-03-26,Sí
2216,OFI-02216,Silla de Oficina Nativa Eco,Oficina,Nativa,1845.52,147,Distribuidora Metropolitana,2025-01-16,Sí
2217,CUI-02217,Rasuradora Corporal Nexo Plus,Cuidado personal,Nexo,2380.68,118,Distribuidora Nova,2024-11-16,No
2218,ELE-02218,Teclado Compacto Marea Prime,Electrónica,Marea,879.84,85,Distribuidora Central,2024-01-04,Sí
2219,DEP-02219,Tapete de Yoga 8 mm Lumina Plus,Deportes,Lumina,2793.25,241,Distribuidora Nova,2026-08-03,Sí
2220,HOG-02220,Juego de Toallas Microfibra Nexo Eco,Hogar,Nexo,1948.21,274,Distribuidora Nova,2025-09-24,Sí
2221,OFI-02221,Calculadora Básica Nexo Pro,Oficina,Nexo,3520.7,156,Distribuidora Mexicana,2025-11-28,Sí
2222,HOG-02222,Sartén Antiadherente 24 cm Zenit Plus,Hogar,Zenit,2444.55,167,Distribuidora Bajío,2025-01-12,Sí
2223,DEP-02223,Botella Deportiva 750 ml Marea Essential,Deportes,Marea,1628.66,326,Distribuidora Central,2025-01-06,Sí
2224,ELE-02224,Mouse Óptico Cobalto Classic,Electrónica,Cobalto,1050.97,117,Distribuidora Metropolitana,2025-10-15,Sí
2225,HOG-02225,Sartén Antiadherente 28 cm Kairo Plus,Hogar,Kairo,2095.51,236,Distribuidora del Norte,2024-12-30,Sí
2226,ALI-02226,Galletas Integrales 350 g Aurea Classic,Alimentos,Aurea,248.98,308,Distribuidora Nova,2024-02-07,Sí
2227,DEP-02227,Guantes de Gimnasio Brava Select,Deportes,Brava,452.2,111,Distribuidora Hidalgo,2024-03-26,Sí
2228,ELE-02228,Webcam 2K Brava Lite,Electrónica,Brava,3225.79,93,Distribuidora Hidalgo,2026-08-16,No
2229,DEP-02229,Guantes de Ciclismo Lumina Prime,Deportes,Lumina,2400.72,245,Distribuidora Bajío,2024-07-20,No
2230,CUI-02230,Rasuradora 3 Cabezas Marea Plus,Cuidado personal,Marea,908.27,62,Distribuidora Bajío,2025-12-09,Sí
2231,OFI-02231,Mochila Antirrobo Brava Max,Oficina,Brava,4878.77,262,Distribuidora Central,2024-04-13,Sí
2232,ELE-02232,Mouse Óptico Nativa Select,Electrónica,Nativa,1129.0,195,Distribuidora Bajío,2024-03-30,Sí
2233,DEP-02233,Balón de Básquetbol Zenit Advance,Deportes,Zenit,2801.53,158,Distribuidora Nova,2024-08-02,Sí
2234,HOG-02234,Termo de Acero Inoxidable Zenit Eco,Hogar,Zenit,713.02,174,Distribuidora Central,2025-09-16,Sí
2235,CUI-02235,Shampoo Reparador 700 ml Altura Plus,Cuidado personal,Altura,177.81,304,Distribuidora Metropolitana,2025-05-06,Sí
2236,ELE-02236,Cargador USB-C 45W Marea Pro,Electrónica,Marea,467.92,43,Distribuidora Hidalgo,2025-11-10,Sí
2237,OFI-02237,Mochila Antirrobo Zenit Classic,Oficina,Zenit,4425.23,263,Distribuidora Pacífico,2025-09-26,Sí
2238,ALI-02238,Galletas con Chocolate 300 g Cobalto Advance,Alimentos,Cobalto,311.93,87,Distribuidora Metropolitana,2026-04-23,Sí
2239,DEP-02239,Mancuerna Ajustable Vitta Lite,Deportes,Vitta,2247.92,303,Distribuidora Central,2024-07-02,Sí
2240,DEP-02240,Guantes con Muñequera Lumina Pro,Deportes,Lumina,959.79,276,Distribuidora Nova,2025-10-16,Sí
2241,DEP-02241,Botella Deportiva Térmica Nova Prime,Deportes,Nova,2273.28,270,Distribuidora Pacífico,2026-07-26,Sí
2242,OFI-02242,Cuaderno Pasta Dura Aurea Eco,Oficina,Aurea,2995.17,81,Distribuidora Hidalgo,2025-06-19,Sí
2243,HOG-02243,Organizador de Cocina Aurea Lite,Hogar,Aurea,1295.72,222,Distribuidora del Norte,2026-03-04,Sí
2244,HOG-02244,Termo Térmico Lumina Classic,Hogar,Lumina,2366.53,172,Distribuidora Central,2026-06-27,Sí
2245,ALI-02245,Galletas con Chocolate 300 g Nexo Plus,Alimentos,Nexo,369.66,295,Distribuidora Central,2025-01-14,Sí
2246,CUI-02246,Rasuradora de Precisión Aurea Select,Cuidado personal,Aurea,2311.85,191,Distribuidora del Norte,2025-10-05,Sí
2247,OFI-02247,Memoria USB 32 GB Cobalto Essential,Oficina,Cobalto,4620.14,342,Distribuidora Metropolitana,2024-07-18,Sí
2248,DEP-02248,Botella Deportiva 750 ml Orion Advance,Deportes,Orion,790.69,299,Distribuidora del Norte,2024-01-11,Sí
2249,CUI-02249,Crema Corporal Nutritiva 400 ml Nativa Classic,Cuidado personal,Nativa,415.14,161,Distribuidora Metropolitana,2024-05-04,Sí
2250,DEP-02250,Botella Deportiva 750 ml Marea Lite,Deportes,Marea,2410.02,257,Distribuidora del Norte,2024-02-13,Sí
2251,ELE-02251,Teclado Compacto Aurea Max,Electrónica,Aurea,841.06,35,Distribuidora Metropolitana,2026-08-13,Sí
2252,CUI-02252,Rasuradora 3 Cabezas Zenit Eco,Cuidado personal,Zenit,430.18,225,Distribuidora del Norte,2024-08-10,Sí
2253,CUI-02253,Secadora Profesional Brava Select,Cuidado personal,Brava,1017.8,316,Distribuidora Central,2025-12-22,No
2254,OFI-02254,Memoria USB 128 GB Urban Plus,Oficina,Urban,2222.11,149,Distribuidora Bajío,2025-11-12,Sí
2255,ALI-02255,Pasta Penne 500 g Zenit Select,Alimentos,Zenit,477.62,290,Distribuidora Mexicana,2024-12-31,Sí
2256,ELE-02256,Audífonos con Micrófono Kairo Select,Electrónica,Kairo,1465.17,347,Distribuidora Central,2025-11-06,Sí
2257,CUI-02257,Crema Corporal con Aloe 500 ml Nativa Pro,Cuidado personal,Nativa,1303.4,81,Distribuidora Hidalgo,2026-02-23,Sí
2258,DEP-02258,Botella Deportiva con Popote Brava Classic,Deportes,Brava,604.33,42,Distribuidora Hidalgo,2026-04-06,Sí
2259,ELE-02259,Webcam Autofocus Lumina Essential,Electrónica,Lumina,3141.56,319,Distribuidora Bajío,2026-08-29,Sí
2260,HOG-02260,Sartén de Acero 26 cm Kairo Eco,Hogar,Kairo,2083.33,21,Distribuidora Metropolitana,2024-05-07,No
2261,ALI-02261,Galletas con Chocolate 300 g Nova Pro,Alimentos,Nova,404.58,109,Distribuidora Central,2024-09-27,Sí
2262,DEP-02262,Tapete de Yoga con Correa Vitta Lite,Deportes,Vitta,2627.57,134,Distribuidora Pacífico,2025-11-23,Sí
2263,ELE-02263,Cargador USB-C 45W Marea Select,Electrónica,Marea,3252.99,294,Distribuidora Hidalgo,2025-08-11,Sí
2264,DEP-02264,Balón Entrenamiento Terra Advance,Deportes,Terra,1912.69,1,Distribuidora Mexicana,2024-06-26,Sí
2265,OFI-02265,Memoria USB USB 3.2 Terra Prime,Oficina,Terra,4534.23,179,Distribuidora del Norte,2026-05-26,Sí
2266,OFI-02266,Memoria USB USB 3.2 Vitta Max,Oficina,Vitta,770.28,136,Distribuidora Nova,2024-01-22,Sí
2267,DEP-02267,Guantes de Gimnasio Orion Eco,Deportes,Orion,2530.91,138,Distribuidora Central,2024-07-26,Sí
2268,HOG-02268,Termo 500 ml Nativa Select,Hogar,Nativa,1406.07,226,Distribuidora Metropolitana,2025-06-08,Sí
2269,HOG-02269,Organizador de Baño Kairo Max,Hogar,Kairo,1166.81,128,Distribuidora del Norte,2024-08-26,Sí
2270,CUI-02270,Shampoo Reparador 700 ml Orion Prime,Cuidado personal,Orion,576.53,326,Distribuidora Hidalgo,2024-01-24,Sí
2271,HOG-02271,Juego de Toallas 4 Piezas Prisma Classic,Hogar,Prisma,1984.81,20,Distribuidora Pacífico,2024-03-10,Sí
2272,HOG-02272,Organizador de Cocina Altura Prime,Hogar,Altura,1168.51,68,Distribuidora Central,2024-10-01,Sí
2273,ELE-02273,Audífonos Bluetooth Nativa Advance,Electrónica,Nativa,2959.2,139,Distribuidora del Norte,2025-08-01,Sí
2274,OFI-02274,Calculadora de Escritorio Lumina Essential,Oficina,Lumina,3740.94,315,Distribuidora Pacífico,2024-04-11,Sí
2275,HOG-02275,Organizador Multiusos Cobalto Essential,Hogar,Cobalto,1500.46,285,Distribuidora Bajío,2024-06-03,Sí
2276,OFI-02276,Memoria USB USB 3.2 Aurea Pro,Oficina,Aurea,1093.35,40,Distribuidora Bajío,2026-05-12,Sí
2277,HOG-02277,Organizador Multiusos Nova Classic,Hogar,Nova,2093.36,330,Distribuidora Nova,2024-06-25,Sí
2278,ELE-02278,Cargador USB-C 20W Altura Select,Electrónica,Altura,1172.35,269,Distribuidora Hidalgo,2024-04-11,Sí
2279,HOG-02279,Lámpara Minimalista Nova Pro,Hogar,Nova,1400.7,229,Distribuidora Mexicana,2024-02-27,Sí
2280,HOG-02280,Lámpara de Escritorio Marea Select,Hogar,Marea,1025.04,212,Distribuidora Mexicana,2024-03-12,Sí
2281,HOG-02281,Juego de Toallas Algodón Nova Prime,Hogar,Nova,1203.93,309,Distribuidora Metropolitana,2024-01-31,Sí
2282,DEP-02282,Tapete de Yoga 8 mm Marea Advance,Deportes,Marea,2899.18,13,Distribuidora Bajío,2024-08-09,Sí
2283,ELE-02283,Teclado Mecánico Cobalto Pro,Electrónica,Cobalto,685.83,55,Distribuidora Nova,2025-07-07,Sí
2284,CUI-02284,Shampoo Reparador 700 ml Nativa Plus,Cuidado personal,Nativa,1849.11,253,Distribuidora Mexicana,2024-07-09,Sí
2285,OFI-02285,Calculadora Básica Urban Plus,Oficina,Urban,5991.81,56,Distribuidora Mexicana,2025-07-14,Sí
2286,ELE-02286,Bocina Bluetooth Cobalto Classic,Electrónica,Cobalto,1175.42,208,Distribuidora Central,2024-05-28,Sí
2287,OFI-02287,Calculadora de Escritorio Nexo Prime,Oficina,Nexo,895.16,331,Distribuidora Hidalgo,2024-01-16,Sí
2288,HOG-02288,Organizador Multiusos Lumina Pro,Hogar,Lumina,2388.53,340,Distribuidora Central,2025-08-20,Sí
2289,ALI-02289,Aceite de Aguacate 500 ml Nexo Eco,Alimentos,Nexo,502.58,106,Distribuidora Mexicana,2025-03-06,Sí
2290,OFI-02290,Calculadora Científica Brava Pro,Oficina,Brava,2840.02,40,Distribuidora Bajío,2025-09-09,Sí
2291,ALI-02291,Galletas de Avena 300 g Vitta Classic,Alimentos,Vitta,758.77,183,Distribuidora Metropolitana,2024-04-24,Sí
2292,HOG-02292,Lámpara de Escritorio Orion Prime,Hogar,Orion,2390.3,274,Distribuidora del Norte,2024-06-23,Sí
2293,CUI-02293,Rasuradora Corporal Urban Classic,Cuidado personal,Urban,1364.08,219,Distribuidora Hidalgo,2024-05-09,Sí
2294,DEP-02294,Botella Deportiva 750 ml Terra Classic,Deportes,Terra,1416.5,12,Distribuidora Nova,2025-03-24,Sí
2295,CUI-02295,Shampoo Reparador 700 ml Orion Advance,Cuidado personal,Orion,134.58,149,Distribuidora Mexicana,2024-03-28,Sí
2296,ELE-02296,Audífonos con Micrófono Aurea Eco,Electrónica,Aurea,2185.56,320,Distribuidora Mexicana,2026-05-03,Sí
2297,OFI-02297,Mochila Antirrobo Terra Lite,Oficina,Terra,2641.54,229,Distribuidora Central,2025-05-31,Sí
2298,HOG-02298,Termo Térmico Marea Classic,Hogar,Marea,1123.7,75,Distribuidora Central,2024-06-21,Sí
2299,HOG-02299,Organizador de Baño Vitta Essential,Hogar,Vitta,948.46,168,Distribuidora Central,2026-06-18,Sí
2300,HOG-02300,Lámpara de Escritorio Nova Essential,Hogar,Nova,1406.48,192,Distribuidora Nova,2026-03-23,Sí
2301,ALI-02301,Aceite de Aguacate 500 ml Brava Advance,Alimentos,Brava,111.09,2,Distribuidora Central,2025-06-12,Sí
2302,CUI-02302,Shampoo Hidratante 750 ml Terra Plus,Cuidado personal,Terra,1163.66,1,Distribuidora Central,2025-08-16,Sí
2303,ELE-02303,Bocina Portátil Brava Pro,Electrónica,Brava,2445.46,103,Distribuidora Bajío,2026-01-29,Sí
2304,ALI-02304,Galletas con Chocolate 300 g Cobalto Advance,Alimentos,Cobalto,59.62,4,Distribuidora Metropolitana,2024-11-03,Sí
2305,ELE-02305,Cargador Doble Puerto Nativa Classic,Electrónica,Nativa,1450.5,20,Distribuidora Central,2024-01-24,Sí
2306,CUI-02306,Secadora 2000 W Brava Select,Cuidado personal,Brava,1241.78,49,Distribuidora Nova,2026-09-02,Sí
2307,ELE-02307,Cargador USB-C 20W Marea Plus,Electrónica,Marea,2367.21,284,Distribuidora Metropolitana,2025-12-11,Sí
2308,CUI-02308,Crema Corporal Nutritiva 400 ml Kairo Pro,Cuidado personal,Kairo,2724.03,96,Distribuidora Pacífico,2026-04-04,Sí
2309,ELE-02309,Audífonos USB-C Aurea Prime,Electrónica,Aurea,2703.84,142,Distribuidora Hidalgo,2025-02-24,No
2310,OFI-02310,Silla de Oficina Kairo Advance,Oficina,Kairo,5346.36,139,Distribuidora Hidalgo,2025-03-18,Sí
2311,ALI-02311,Café Molido 500 g Altura Lite,Alimentos,Altura,131.77,329,Distribuidora Central,2026-04-09,Sí
2312,CUI-02312,Shampoo Reparador 700 ml Vitta Pro,Cuidado personal,Vitta,1842.31,262,Distribuidora Bajío,2025-09-02,Sí
2313,OFI-02313,Cuaderno de Notas Zenit Pro,Oficina,Zenit,235.87,177,Distribuidora del Norte,2025-05-23,Sí
2314,OFI-02314,Mochila Impermeable Brava Prime,Oficina,Brava,3835.1,98,Distribuidora Hidalgo,2024-11-15,Sí
2315,HOG-02315,Sartén Antiadherente 28 cm Nova Essential,Hogar,Nova,792.08,81,Distribuidora del Norte,2026-03-01,Sí
2316,HOG-02316,Termo de Acero Inoxidable Orion Lite,Hogar,Orion,360.19,214,Distribuidora del Norte,2025-10-05,Sí
2317,ALI-02317,Pasta Penne 500 g Nova Classic,Alimentos,Nova,540.14,203,Distribuidora del Norte,2026-06-23,No
2318,DEP-02318,Guantes de Ciclismo Brava Essential,Deportes,Brava,858.7,209,Distribuidora Central,2024-02-25,Sí
2319,CUI-02319,Crema Corporal Nutritiva 400 ml Vitta Max,Cuidado personal,Vitta,283.68,45,Distribuidora Mexicana,2024-07-24,Sí
2320,HOG-02320,Termo Térmico Lumina Prime,Hogar,Lumina,295.76,15,Distribuidora Pacífico,2026-08-27,Sí
2321,OFI-02321,Cuaderno Cuadriculado Urban Eco,Oficina,Urban,4516.53,114,Distribuidora Pacífico,2024-11-15,Sí
2322,ELE-02322,Mouse Ergonómico Vitta Max,Electrónica,Vitta,1552.52,112,Distribuidora Pacífico,2025-01-27,Sí
2323,ELE-02323,Audífonos Bluetooth Marea Select,Electrónica,Marea,171.93,255,Distribuidora Nova,2026-01-19,Sí
2324,HOG-02324,Sartén Antiadherente 24 cm Prisma Lite,Hogar,Prisma,2404.87,42,Distribuidora Bajío,2025-02-23,Sí
2325,HOG-02325,Sartén Antiadherente 24 cm Vitta Max,Hogar,Vitta,1695.99,93,Distribuidora Hidalgo,2025-04-08,Sí
2326,CUI-02326,Rasuradora de Precisión Zenit Prime,Cuidado personal,Zenit,2611.4,204,Distribuidora Mexicana,2026-05-26,Sí
2327,ELE-02327,Cargador Doble Puerto Urban Lite,Electrónica,Urban,1629.69,138,Distribuidora Pacífico,2025-04-29,Sí
2328,ELE-02328,Webcam 2K Altura Select,Electrónica,Altura,1360.38,18,Distribuidora Hidalgo,2026-08-13,Sí
2329,CUI-02329,Cepillo Dental Eléctrico Kairo Pro,Cuidado personal,Kairo,390.78,160,Distribuidora Pacífico,2026-04-11,Sí
2330,ELE-02330,Mouse Óptico Zenit Lite,Electrónica,Zenit,659.41,56,Distribuidora Mexicana,2024-03-29,Sí
2331,ALI-02331,Aceite de Aguacate 500 ml Prisma Pro,Alimentos,Prisma,301.25,294,Distribuidora Mexicana,2024-01-18,Sí
2332,ALI-02332,Pasta Penne 500 g Lumina Plus,Alimentos,Lumina,103.23,313,Distribuidora Bajío,2026-03-03,Sí
2333,CUI-02333,Shampoo Reparador 700 ml Vitta Max,Cuidado personal,Vitta,730.96,342,Distribuidora Hidalgo,2024-08-27,Sí
2334,OFI-02334,Memoria USB 128 GB Nexo Plus,Oficina,Nexo,3185.39,141,Distribuidora Hidalgo,2025-07-03,No
2335,DEP-02335,Balón de Voleibol Nova Prime,Deportes,Nova,2553.02,51,Distribuidora Central,2024-07-05,Sí
2336,OFI-02336,Calculadora de Escritorio Terra Plus,Oficina,Terra,4819.01,95,Distribuidora Nova,2026-06-02,No
2337,ALI-02337,Aceite de Oliva 500 ml Kairo Advance,Alimentos,Kairo,600.84,270,Distribuidora Hidalgo,2024-01-05,Sí
2338,HOG-02338,Juego de Toallas 4 Piezas Orion Lite,Hogar,Orion,1010.82,29,Distribuidora Nova,2024-06-16,Sí
2339,ALI-02339,Cereal Integral 500 g Cobalto Lite,Alimentos,Cobalto,665.93,318,Distribuidora Central,2024-03-23,Sí
2340,OFI-02340,Cuaderno Profesional Aurea Classic,Oficina,Aurea,5515.82,243,Distribuidora del Norte,2024-09-03,Sí
2341,ALI-02341,Aceite Vegetal 1 L Orion Advance,Alimentos,Orion,661.72,333,Distribuidora Hidalgo,2024-02-16,Sí
2342,ELE-02342,Webcam Autofocus Vitta Prime,Electrónica,Vitta,2439.54,315,Distribuidora Central,2026-01-09,Sí
2343,ELE-02343,Cargador Inalámbrico Cobalto Lite,Electrónica,Cobalto,1250.0,186,Distribuidora Central,2025-10-05,Sí
2344,HOG-02344,Juego de Toallas 6 Piezas Brava Prime,Hogar,Brava,1361.86,61,Distribuidora Central,2025-04-28,Sí
2345,CUI-02345,Secadora Profesional Nova Max,Cuidado personal,Nova,423.96,239,Distribuidora Central,2026-01-02,Sí
2346,ELE-02346,Bocina Bluetooth Urban Essential,Electrónica,Urban,1999.96,262,Distribuidora del Norte,2026-03-08,Sí
2347,HOG-02347,Organizador de Escritorio Zenit Classic,Hogar,Zenit,1243.31,61,Distribuidora Nova,2025-05-11,Sí
2348,HOG-02348,Lámpara Minimalista Urban Lite,Hogar,Urban,2168.16,3,Distribuidora Mexicana,2026-03-28,Sí
2349,ELE-02349,Webcam con Micrófono Prisma Max,Electrónica,Prisma,3053.89,256,Distribuidora Central,2024-01-16,Sí
2350,OFI-02350,Calculadora de Escritorio Vitta Select,Oficina,Vitta,5261.49,95,Distribuidora Mexicana,2026-04-24,Sí
2351,CUI-02351,Shampoo Anticaspa 650 ml Zenit Lite,Cuidado personal,Zenit,1015.54,233,Distribuidora Pacífico,2025-02-11,Sí
2352,ELE-02352,Bocina Resistente al Agua Prisma Plus,Electrónica,Prisma,1612.72,60,Distribuidora Nova,2025-08-14,Sí
2353,OFI-02353,Mochila para Laptop 15.6 Marea Essential,Oficina,Marea,4423.31,208,Distribuidora Pacífico,2026-04-23,Sí
2354,ELE-02354,Audífonos con Micrófono Nova Select,Electrónica,Nova,811.04,23,Distribuidora Pacífico,2026-07-03,Sí
2355,OFI-02355,Mochila para Laptop 15.6 Brava Advance,Oficina,Brava,851.79,277,Distribuidora Pacífico,2025-05-30,Sí
2356,ELE-02356,Audífonos USB-C Orion Eco,Electrónica,Orion,2161.3,38,Distribuidora Central,2024-11-19,Sí
2357,ELE-02357,Teclado Mecánico Prisma Plus,Electrónica,Prisma,1412.14,186,Distribuidora Hidalgo,2025-12-16,Sí
2358,ALI-02358,Cereal Integral 500 g Marea Select,Alimentos,Marea,264.83,46,Distribuidora del Norte,2024-01-04,Sí
2359,ELE-02359,Mouse Óptico Urban Classic,Electrónica,Urban,2724.17,79,Distribuidora Bajío,2025-06-01,Sí
2360,CUI-02360,Rasuradora Recargable Marea Max,Cuidado personal,Marea,724.64,172,Distribuidora Metropolitana,2026-02-01,Sí
2361,ELE-02361,Teclado Mecánico Cobalto Max,Electrónica,Cobalto,1252.88,50,Distribuidora Mexicana,2024-08-27,Sí
2362,CUI-02362,Rasuradora Recargable Marea Prime,Cuidado personal,Marea,759.93,192,Distribuidora Central,2026-02-19,Sí
2363,CUI-02363,Rasuradora 3 Cabezas Brava Eco,Cuidado personal,Brava,96.94,151,Distribuidora Pacífico,2025-03-21,Sí
2364,OFI-02364,Calculadora Financiera Cobalto Max,Oficina,Cobalto,877.99,183,Distribuidora del Norte,2025-03-28,Sí
2365,DEP-02365,Tapete de Yoga 6 mm Cobalto Plus,Deportes,Cobalto,1141.41,134,Distribuidora Bajío,2025-06-28,Sí
2366,HOG-02366,Juego de Toallas Algodón Aurea Plus,Hogar,Aurea,1256.76,157,Distribuidora Nova,2025-06-26,No
2367,HOG-02367,Juego de Toallas 6 Piezas Lumina Classic,Hogar,Lumina,1296.88,166,Distribuidora Bajío,2025-11-18,Sí
2368,ELE-02368,Teclado Inalámbrico Marea Classic,Electrónica,Marea,2730.44,201,Distribuidora Hidalgo,2024-05-31,Sí
2369,HOG-02369,Termo de Acero Inoxidable Altura Max,Hogar,Altura,1087.22,128,Distribuidora Mexicana,2024-01-11,Sí
2370,DEP-02370,Tapete de Yoga 8 mm Nativa Plus,Deportes,Nativa,2590.63,105,Distribuidora Metropolitana,2024-08-01,Sí
2371,DEP-02371,Balón Entrenamiento Vitta Prime,Deportes,Vitta,1845.89,111,Distribuidora Hidalgo,2026-01-09,Sí
2372,DEP-02372,Guantes de Gimnasio Urban Essential,Deportes,Urban,2409.23,264,Distribuidora Hidalgo,2025-08-28,Sí
2373,HOG-02373,Lámpara de Noche Prisma Select,Hogar,Prisma,707.49,177,Distribuidora Central,2025-12-04,Sí
2374,CUI-02374,Crema Corporal con Aloe 500 ml Aurea Advance,Cuidado personal,Aurea,1196.5,42,Distribuidora Metropolitana,2025-09-02,Sí
2375,DEP-02375,Mancuerna 5 kg Marea Select,Deportes,Marea,2073.07,164,Distribuidora Hidalgo,2025-04-06,Sí
2376,DEP-02376,Guantes con Muñequera Nativa Prime,Deportes,Nativa,1090.8,81,Distribuidora Hidalgo,2026-05-20,Sí
2377,ALI-02377,Café en Grano 1 kg Terra Pro,Alimentos,Terra,679.09,244,Distribuidora Nova,2026-05-30,Sí
2378,HOG-02378,Juego de Toallas 4 Piezas Nexo Essential,Hogar,Nexo,1787.92,89,Distribuidora Mexicana,2025-05-08,Sí
2379,ELE-02379,Bocina Inteligente Nativa Eco,Electrónica,Nativa,2181.6,251,Distribuidora del Norte,2025-03-09,Sí
2380,OFI-02380,Mochila Antirrobo Orion Classic,Oficina,Orion,1634.57,282,Distribuidora Hidalgo,2025-08-13,Sí
2381,ELE-02381,Mouse Ergonómico Orion Eco,Electrónica,Orion,3349.44,4,Distribuidora Nova,2025-08-21,Sí
2382,HOG-02382,Organizador de Cocina Nexo Eco,Hogar,Nexo,2486.66,291,Distribuidora Central,2024-04-07,Sí
2383,OFI-02383,Mochila Impermeable Terra Max,Oficina,Terra,4978.11,31,Distribuidora Hidalgo,2025-07-13,No
2384,ELE-02384,Bocina Resistente al Agua Nova Select,Electrónica,Nova,2849.85,41,Distribuidora Hidalgo,2026-08-04,Sí
2385,ELE-02385,Mouse Inalámbrico Altura Classic,Electrónica,Altura,2103.06,106,Distribuidora Mexicana,2025-02-27,Sí
2386,HOG-02386,Sartén Antiadherente 28 cm Zenit Advance,Hogar,Zenit,620.78,57,Distribuidora Bajío,2024-06-12,Sí
2387,DEP-02387,Balón de Básquetbol Nova Lite,Deportes,Nova,735.87,288,Distribuidora Central,2026-01-29,Sí
2388,OFI-02388,Calculadora Científica Nexo Prime,Oficina,Nexo,3707.53,313,Distribuidora Metropolitana,2024-04-21,Sí
2389,HOG-02389,Termo 750 ml Vitta Max,Hogar,Vitta,1774.73,252,Distribuidora Mexicana,2025-07-07,Sí
2390,HOG-02390,Termo 500 ml Zenit Select,Hogar,Zenit,921.31,24,Distribuidora Pacífico,2026-03-01,Sí
2391,DEP-02391,Botella Deportiva 1 L Urban Eco,Deportes,Urban,1405.96,330,Distribuidora Metropolitana,2026-04-23,Sí
2392,HOG-02392,Termo de Acero Inoxidable Prisma Select,Hogar,Prisma,1502.23,135,Distribuidora Metropolitana,2024-01-24,Sí
2393,ELE-02393,Cargador Doble Puerto Kairo Essential,Electrónica,Kairo,1551.63,253,Distribuidora Metropolitana,2026-02-10,Sí
2394,ELE-02394,Teclado Mecánico Nova Plus,Electrónica,Nova,2041.9,87,Distribuidora Central,2024-06-18,Sí
2395,ELE-02395,Mouse Gaming Brava Advance,Electrónica,Brava,258.12,132,Distribuidora Central,2025-08-21,Sí
2396,HOG-02396,Sartén Antiadherente 24 cm Brava Select,Hogar,Brava,498.42,85,Distribuidora Nova,2025-01-01,Sí
2397,HOG-02397,Sartén de Acero 26 cm Marea Prime,Hogar,Marea,2144.49,30,Distribuidora del Norte,2025-09-25,Sí
2398,HOG-02398,Sartén Antiadherente 28 cm Marea Essential,Hogar,Marea,626.01,207,Distribuidora Pacífico,2025-12-12,Sí
2399,CUI-02399,Crema Corporal Hidratante 400 ml Aurea Pro,Cuidado personal,Aurea,856.17,126,Distribuidora Hidalgo,2026-07-30,Sí
2400,DEP-02400,Tapete de Yoga 6 mm Nova Prime,Deportes,Nova,1731.2,275,Distribuidora Nova,2024-05-05,Sí
2401,OFI-02401,Calculadora Científica Nexo Advance,Oficina,Nexo,378.12,170,Distribuidora Hidalgo,2024-11-16,Sí
2402,CUI-02402,Secadora Iónica Altura Plus,Cuidado personal,Altura,437.84,254,Distribuidora Hidalgo,2024-07-21,Sí
2403,DEP-02403,Mancuerna Ajustable Terra Pro,Deportes,Terra,279.8,7,Distribuidora Hidalgo,2024-07-05,Sí
2404,OFI-02404,Cuaderno de Notas Cobalto Prime,Oficina,Cobalto,3745.41,50,Distribuidora Mexicana,2024-07-04,Sí
2405,ELE-02405,Webcam 2K Orion Max,Electrónica,Orion,1396.46,205,Distribuidora Mexicana,2026-08-24,Sí
2406,OFI-02406,Silla de Oficina Vitta Lite,Oficina,Vitta,3789.67,204,Distribuidora Pacífico,2025-01-27,Sí
2407,HOG-02407,Lámpara Minimalista Orion Max,Hogar,Orion,2035.94,117,Distribuidora Central,2024-01-05,Sí
2408,HOG-02408,Termo de Acero Inoxidable Marea Pro,Hogar,Marea,733.57,97,Distribuidora Mexicana,2025-12-23,Sí
2409,OFI-02409,Mochila Antirrobo Prisma Essential,Oficina,Prisma,1930.33,138,Distribuidora Nova,2026-01-07,Sí
2410,ELE-02410,Cargador USB-C 20W Kairo Select,Electrónica,Kairo,2380.74,25,Distribuidora Bajío,2025-05-11,Sí
2411,DEP-02411,Tapete de Yoga Antideslizante Cobalto Advance,Deportes,Cobalto,2922.83,191,Distribuidora Pacífico,2026-05-30,Sí
2412,ELE-02412,Cargador USB-C 45W Terra Prime,Electrónica,Terra,2495.38,276,Distribuidora del Norte,2025-08-27,Sí
2413,ELE-02413,Mouse Óptico Nativa Essential,Electrónica,Nativa,1594.26,324,Distribuidora Hidalgo,2026-04-29,Sí
2414,HOG-02414,Organizador de Escritorio Urban Prime,Hogar,Urban,309.57,316,Distribuidora Central,2024-06-18,Sí
2415,ALI-02415,Galletas con Chocolate 300 g Kairo Eco,Alimentos,Kairo,237.8,266,Distribuidora Metropolitana,2025-10-13,Sí
2416,OFI-02416,Memoria USB 64 GB Nexo Prime,Oficina,Nexo,4206.64,244,Distribuidora Mexicana,2025-02-18,Sí
2417,ELE-02417,Webcam con Micrófono Zenit Max,Electrónica,Zenit,568.85,299,Distribuidora Mexicana,2025-01-06,Sí
2418,HOG-02418,Sartén de Acero 26 cm Prisma Plus,Hogar,Prisma,1980.48,200,Distribuidora Mexicana,2025-07-22,Sí
2419,HOG-02419,Sartén Antiadherente 24 cm Orion Lite,Hogar,Orion,522.71,339,Distribuidora Hidalgo,2024-06-21,Sí
2420,OFI-02420,Silla Ejecutiva Urban Select,Oficina,Urban,3547.69,128,Distribuidora Mexicana,2025-10-23,No
2421,HOG-02421,Organizador de Escritorio Terra Plus,Hogar,Terra,774.69,293,Distribuidora Mexicana,2025-08-31,No
2422,ELE-02422,Cargador Doble Puerto Zenit Pro,Electrónica,Zenit,2934.44,227,Distribuidora Central,2024-05-17,Sí
2423,ELE-02423,Mouse Gaming Altura Advance,Electrónica,Altura,1359.38,99,Distribuidora Mexicana,2024-03-09,Sí
2424,OFI-02424,Cuaderno Profesional Brava Advance,Oficina,Brava,481.53,43,Distribuidora Nova,2024-09-08,Sí
2425,HOG-02425,Termo 750 ml Vitta Pro,Hogar,Vitta,799.87,237,Distribuidora del Norte,2024-03-29,Sí
2426,HOG-02426,Juego de Toallas Algodón Altura Eco,Hogar,Altura,2414.52,270,Distribuidora Mexicana,2025-04-17,Sí
2427,ELE-02427,Mouse Óptico Terra Eco,Electrónica,Terra,520.51,350,Distribuidora Hidalgo,2026-04-30,Sí
2428,DEP-02428,Balón de Básquetbol Zenit Classic,Deportes,Zenit,724.51,269,Distribuidora Metropolitana,2024-01-11,No
2429,OFI-02429,Mochila Impermeable Nexo Select,Oficina,Nexo,1653.49,46,Distribuidora Bajío,2026-04-25,Sí
2430,HOG-02430,Organizador de Cocina Aurea Select,Hogar,Aurea,1982.33,58,Distribuidora Central,2025-10-20,Sí
2431,CUI-02431,Cepillo Dental Pack 3 Lumina Eco,Cuidado personal,Lumina,870.29,102,Distribuidora del Norte,2025-02-02,Sí
2432,OFI-02432,Cuaderno de Notas Cobalto Pro,Oficina,Cobalto,2801.83,337,Distribuidora Hidalgo,2025-06-19,Sí
2433,DEP-02433,Botella Deportiva Térmica Aurea Classic,Deportes,Aurea,1847.82,92,Distribuidora Central,2026-04-18,Sí
2434,DEP-02434,Botella Deportiva Térmica Marea Prime,Deportes,Marea,380.25,281,Distribuidora Bajío,2024-01-21,Sí
2435,DEP-02435,Guantes de Ciclismo Nexo Classic,Deportes,Nexo,2118.24,21,Distribuidora Mexicana,2024-10-20,Sí
2436,DEP-02436,Mancuerna Ajustable Terra Plus,Deportes,Terra,2325.57,86,Distribuidora Nova,2024-10-02,Sí
2437,OFI-02437,Mochila Impermeable Terra Max,Oficina,Terra,3436.11,5,Distribuidora Mexicana,2025-01-02,Sí
2438,CUI-02438,Cepillo Dental Medio Zenit Pro,Cuidado personal,Zenit,1196.23,290,Distribuidora Central,2024-10-14,Sí
2439,HOG-02439,Organizador de Baño Terra Plus,Hogar,Terra,1658.87,1,Distribuidora Metropolitana,2024-08-20,Sí
2440,OFI-02440,Calculadora Financiera Terra Pro,Oficina,Terra,579.93,142,Distribuidora Nova,2024-11-24,Sí
2441,CUI-02441,Shampoo Hidratante 750 ml Brava Max,Cuidado personal,Brava,1514.62,134,Distribuidora Hidalgo,2024-02-21,Sí
2442,ALI-02442,Aceite Vegetal 1 L Orion Classic,Alimentos,Orion,196.93,258,Distribuidora Pacífico,2024-10-09,Sí
2443,ELE-02443,Bocina Resistente al Agua Lumina Lite,Electrónica,Lumina,2669.68,333,Distribuidora Metropolitana,2026-06-18,Sí
2444,DEP-02444,Balón de Básquetbol Zenit Select,Deportes,Zenit,1265.02,34,Distribuidora Metropolitana,2025-11-05,Sí
2445,ALI-02445,Café Americano 500 g Altura Essential,Alimentos,Altura,140.44,243,Distribuidora Mexicana,2025-08-13,Sí
2446,ELE-02446,Cargador Inalámbrico Marea Essential,Electrónica,Marea,2485.64,332,Distribuidora Hidalgo,2024-01-21,Sí
2447,HOG-02447,Sartén Antiadherente 28 cm Urban Essential,Hogar,Urban,895.66,18,Distribuidora Nova,2025-12-23,Sí
2448,OFI-02448,Silla Ejecutiva Aurea Essential,Oficina,Aurea,2398.88,330,Distribuidora Bajío,2025-11-12,Sí
2449,DEP-02449,Balón de Fútbol Vitta Pro,Deportes,Vitta,2227.55,215,Distribuidora Hidalgo,2026-06-28,Sí
2450,CUI-02450,Cepillo Dental Suave Nova Lite,Cuidado personal,Nova,1290.14,331,Distribuidora Hidalgo,2024-12-02,Sí
2451,OFI-02451,Memoria USB 32 GB Zenit Max,Oficina,Zenit,4516.53,293,Distribuidora Hidalgo,2024-07-28,Sí
2452,HOG-02452,Termo Térmico Zenit Essential,Hogar,Zenit,1874.38,161,Distribuidora Metropolitana,2026-05-18,No
2453,ALI-02453,Pasta Fusilli 500 g Vitta Pro,Alimentos,Vitta,666.21,233,Distribuidora Central,2024-09-25,Sí
2454,CUI-02454,Rasuradora Recargable Zenit Max,Cuidado personal,Zenit,126.9,200,Distribuidora Nova,2024-07-10,Sí
2455,ELE-02455,Bocina Portátil Nova Max,Electrónica,Nova,791.05,297,Distribuidora Mexicana,2026-02-24,Sí
2456,CUI-02456,Shampoo Reparador 700 ml Nexo Max,Cuidado personal,Nexo,375.47,78,Distribuidora Hidalgo,2025-12-20,Sí
2457,HOG-02457,Organizador de Baño Lumina Max,Hogar,Lumina,1863.84,3,Distribuidora Hidalgo,2026-04-22,Sí
2458,CUI-02458,Cepillo Dental Medio Zenit Advance,Cuidado personal,Zenit,848.99,15,Distribuidora Nova,2026-01-05,Sí
2459,CUI-02459,Crema Corporal Hidratante 400 ml Brava Prime,Cuidado personal,Brava,878.05,327,Distribuidora Central,2024-04-25,Sí
2460,CUI-02460,Secadora Profesional Cobalto Essential,Cuidado personal,Cobalto,2782.16,306,Distribuidora Mexicana,2024-03-06,Sí
2461,CUI-02461,Rasuradora 3 Cabezas Nova Prime,Cuidado personal,Nova,756.81,310,Distribuidora Mexicana,2024-10-05,Sí
2462,CUI-02462,Cepillo Dental Medio Altura Pro,Cuidado personal,Altura,2200.86,347,Distribuidora del Norte,2025-04-22,Sí
2463,ELE-02463,Bocina Resistente al Agua Nova Eco,Electrónica,Nova,2272.96,328,Distribuidora Pacífico,2025-11-10,Sí
2464,ELE-02464,Mouse Inalámbrico Orion Eco,Electrónica,Orion,2328.15,129,Distribuidora Mexicana,2026-07-11,Sí
2465,CUI-02465,Shampoo Anticaspa 650 ml Nova Select,Cuidado personal,Nova,2632.33,23,Distribuidora del Norte,2025-05-02,Sí
2466,CUI-02466,Crema Corporal con Aloe 500 ml Kairo Essential,Cuidado personal,Kairo,1274.02,24,Distribuidora Nova,2024-02-01,Sí
2467,CUI-02467,Shampoo Reparador 700 ml Lumina Max,Cuidado personal,Lumina,483.81,76,Distribuidora Mexicana,2025-09-07,Sí
2468,CUI-02468,Crema Corporal Nutritiva 400 ml Kairo Classic,Cuidado personal,Kairo,2365.1,167,Distribuidora Central,2025-11-07,Sí
2469,DEP-02469,Tapete de Yoga Antideslizante Nexo Max,Deportes,Nexo,1926.22,45,Distribuidora del Norte,2025-03-05,Sí
2470,DEP-02470,Guantes de Gimnasio Zenit Plus,Deportes,Zenit,588.04,241,Distribuidora Hidalgo,2025-02-05,Sí
2471,CUI-02471,Shampoo Reparador 700 ml Vitta Essential,Cuidado personal,Vitta,706.26,61,Distribuidora Bajío,2024-02-28,Sí
2472,HOG-02472,Juego de Toallas 4 Piezas Terra Classic,Hogar,Terra,730.76,166,Distribuidora Hidalgo,2025-10-07,Sí
2473,ALI-02473,Pasta Penne 500 g Nativa Essential,Alimentos,Nativa,87.87,5,Distribuidora Pacífico,2026-04-09,Sí
2474,ALI-02474,Cereal con Frutos 450 g Nexo Prime,Alimentos,Nexo,191.37,305,Distribuidora Central,2025-08-22,Sí
2475,HOG-02475,Organizador de Baño Prisma Select,Hogar,Prisma,100.67,282,Distribuidora Pacífico,2025-08-06,Sí
2476,ALI-02476,Café en Grano 1 kg Zenit Max,Alimentos,Zenit,25.6,150,Distribuidora Nova,2025-01-19,Sí
2477,ALI-02477,Pasta Spaghetti 500 g Prisma Prime,Alimentos,Prisma,197.06,217,Distribuidora Pacífico,2025-05-28,Sí
2478,ALI-02478,Galletas Integrales 350 g Prisma Classic,Alimentos,Prisma,551.06,124,Distribuidora Hidalgo,2026-04-26,Sí
2479,CUI-02479,Secadora Iónica Orion Prime,Cuidado personal,Orion,2452.76,291,Distribuidora Bajío,2025-05-25,Sí
2480,OFI-02480,Calculadora Financiera Urban Pro,Oficina,Urban,5993.41,65,Distribuidora Nova,2025-03-14,No
2481,DEP-02481,Balón Entrenamiento Kairo Advance,Deportes,Kairo,303.44,190,Distribuidora Pacífico,2025-08-03,Sí
2482,ALI-02482,Cereal Integral 500 g Altura Classic,Alimentos,Altura,168.96,268,Distribuidora Hidalgo,2024-07-07,Sí
2483,DEP-02483,Guantes de Ciclismo Nova Eco,Deportes,Nova,1302.33,37,Distribuidora Bajío,2026-08-29,Sí
2484,CUI-02484,Rasuradora 3 Cabezas Aurea Prime,Cuidado personal,Aurea,1083.14,302,Distribuidora Mexicana,2025-08-25,Sí
2485,CUI-02485,Secadora Iónica Aurea Prime,Cuidado personal,Aurea,2114.62,244,Distribuidora Hidalgo,2025-07-23,Sí
2486,ALI-02486,Aceite de Aguacate 500 ml Nexo Prime,Alimentos,Nexo,734.27,222,Distribuidora Central,2024-11-04,Sí
2487,OFI-02487,Memoria USB 64 GB Altura Lite,Oficina,Altura,5686.05,128,Distribuidora Nova,2024-04-07,Sí
2488,CUI-02488,Secadora Iónica Lumina Pro,Cuidado personal,Lumina,2774.33,206,Distribuidora Central,2024-01-31,No
2489,ELE-02489,Mouse Gaming Altura Max,Electrónica,Altura,3264.32,75,Distribuidora del Norte,2026-09-06,Sí
2490,ALI-02490,Cereal Integral 500 g Kairo Advance,Alimentos,Kairo,79.73,153,Distribuidora del Norte,2024-01-18,Sí
2491,CUI-02491,Rasuradora Corporal Vitta Lite,Cuidado personal,Vitta,1339.59,16,Distribuidora Hidalgo,2025-10-21,Sí
2492,ALI-02492,Aceite de Aguacate 500 ml Nexo Pro,Alimentos,Nexo,254.76,5,Distribuidora Metropolitana,2025-09-27,Sí
2493,ALI-02493,Cereal Integral 500 g Nexo Select,Alimentos,Nexo,285.71,118,Distribuidora Central,2025-08-06,Sí
2494,DEP-02494,Balón de Fútbol Terra Lite,Deportes,Terra,2724.72,205,Distribuidora Mexicana,2026-07-26,Sí
2495,CUI-02495,Shampoo Reparador 700 ml Prisma Eco,Cuidado personal,Prisma,1515.49,2,Distribuidora del Norte,2025-04-30,Sí
2496,HOG-02496,Lámpara Minimalista Urban Eco,Hogar,Urban,322.22,269,Distribuidora Hidalgo,2025-08-08,Sí
2497,DEP-02497,Tapete de Yoga Antideslizante Nova Classic,Deportes,Nova,810.41,157,Distribuidora Bajío,2024-09-20,Sí
2498,HOG-02498,Sartén Antiadherente 24 cm Lumina Select,Hogar,Lumina,1245.83,316,Distribuidora Metropolitana,2026-05-20,Sí
2499,ELE-02499,Audífonos con Micrófono Nativa Max,Electrónica,Nativa,807.11,86,Distribuidora del Norte,2025-05-23,Sí
2500,OFI-02500,Cuaderno de Notas Urban Plus,Oficina,Urban,4553.14,339,Distribuidora Mexicana,2024-02-16,Sí
2501,OFI-02501,Memoria USB 32 GB Aurea Lite,Oficina,Aurea,2923.24,107,Distribuidora Bajío,2024-02-11,Sí
2502,ALI-02502,Cereal con Frutos 450 g Kairo Classic,Alimentos,Kairo,680.29,146,Distribuidora Central,2026-03-09,Sí
2503,DEP-02503,Botella Deportiva Térmica Urban Pro,Deportes,Urban,2342.7,161,Distribuidora del Norte,2026-08-03,Sí
2504,ELE-02504,Webcam Autofocus Urban Prime,Electrónica,Urban,404.32,311,Distribuidora del Norte,2026-03-16,Sí
2505,ELE-02505,Webcam con Micrófono Lumina Max,Electrónica,Lumina,2477.51,336,Distribuidora Mexicana,2026-06-03,Sí
2506,OFI-02506,Cuaderno Pasta Dura Prisma Eco,Oficina,Prisma,1183.58,130,Distribuidora Central,2025-09-11,Sí
2507,CUI-02507,Cepillo Dental Suave Prisma Prime,Cuidado personal,Prisma,1544.85,40,Distribuidora del Norte,2024-11-24,Sí
2508,DEP-02508,Mancuerna Ajustable Zenit Prime,Deportes,Zenit,813.23,341,Distribuidora del Norte,2026-08-01,Sí
2509,ALI-02509,Aceite de Aguacate 500 ml Nova Essential,Alimentos,Nova,245.63,300,Distribuidora Nova,2026-07-02,Sí
2510,ELE-02510,Webcam con Micrófono Marea Classic,Electrónica,Marea,541.72,141,Distribuidora Central,2026-02-18,Sí
2511,ALI-02511,Galletas de Avena 300 g Nexo Plus,Alimentos,Nexo,647.51,12,Distribuidora Nova,2025-08-25,Sí
2512,HOG-02512,Lámpara LED Prisma Lite,Hogar,Prisma,1421.33,350,Distribuidora Pacífico,2025-10-05,Sí
2513,ALI-02513,Café Descafeinado 400 g Nova Pro,Alimentos,Nova,328.21,80,Distribuidora Metropolitana,2024-04-02,Sí
2514,DEP-02514,Mancuerna Hexagonal Aurea Select,Deportes,Aurea,2191.11,175,Distribuidora Hidalgo,2024-05-15,Sí
2515,HOG-02515,Termo Térmico Kairo Classic,Hogar,Kairo,2136.01,257,Distribuidora Central,2026-02-19,Sí
2516,DEP-02516,Balón de Fútbol Nativa Essential,Deportes,Nativa,1825.05,21,Distribuidora del Norte,2025-09-05,Sí
2517,ELE-02517,Cargador Inalámbrico Brava Plus,Electrónica,Brava,456.78,348,Distribuidora Mexicana,2026-04-10,Sí
2518,ELE-02518,Audífonos USB-C Terra Lite,Electrónica,Terra,1282.99,24,Distribuidora Metropolitana,2024-06-15,Sí
2519,HOG-02519,Organizador de Cocina Orion Advance,Hogar,Orion,1667.0,16,Distribuidora Pacífico,2025-04-10,Sí
2520,ALI-02520,Cereal Integral 500 g Nova Prime,Alimentos,Nova,199.84,240,Distribuidora Central,2025-05-02,Sí
2521,OFI-02521,Calculadora Básica Kairo Max,Oficina,Kairo,4367.31,29,Distribuidora Mexicana,2026-07-29,Sí
2522,HOG-02522,Lámpara Minimalista Lumina Classic,Hogar,Lumina,1023.77,37,Distribuidora Metropolitana,2026-01-16,Sí
2523,OFI-02523,Silla con Soporte Lumbar Zenit Eco,Oficina,Zenit,823.86,208,Distribuidora Mexicana,2024-09-11,Sí
2524,CUI-02524,Rasuradora Recargable Prisma Select,Cuidado personal,Prisma,2733.52,70,Distribuidora Hidalgo,2024-03-16,Sí
2525,OFI-02525,Cuaderno de Notas Prisma Max,Oficina,Prisma,4883.46,229,Distribuidora Central,2024-08-09,Sí
2526,CUI-02526,Rasuradora Recargable Marea Essential,Cuidado personal,Marea,1128.34,21,Distribuidora Hidalgo,2025-02-09,Sí
2527,ELE-02527,Mouse Inalámbrico Vitta Lite,Electrónica,Vitta,3120.78,44,Distribuidora Hidalgo,2024-09-29,Sí
2528,CUI-02528,Secadora Compacta Nova Select,Cuidado personal,Nova,1660.61,303,Distribuidora del Norte,2024-06-17,Sí
2529,ALI-02529,Cereal de Avena 500 g Nova Pro,Alimentos,Nova,307.38,11,Distribuidora Pacífico,2024-12-13,Sí
2530,HOG-02530,Juego de Toallas 6 Piezas Cobalto Advance,Hogar,Cobalto,966.34,57,Distribuidora Mexicana,2025-02-05,No
2531,CUI-02531,Secadora Profesional Altura Pro,Cuidado personal,Altura,2421.81,237,Distribuidora Metropolitana,2026-07-28,Sí
2532,DEP-02532,Mancuerna Ajustable Terra Classic,Deportes,Terra,2945.11,302,Distribuidora Mexicana,2024-02-14,Sí
2533,ALI-02533,Galletas con Chocolate 300 g Kairo Classic,Alimentos,Kairo,741.51,115,Distribuidora del Norte,2024-05-07,Sí
2534,ALI-02534,Galletas de Avena 300 g Zenit Prime,Alimentos,Zenit,512.04,271,Distribuidora Nova,2024-10-17,Sí
2535,OFI-02535,Calculadora Financiera Zenit Pro,Oficina,Zenit,5205.52,305,Distribuidora Metropolitana,2024-06-01,Sí
2536,CUI-02536,Rasuradora Recargable Marea Eco,Cuidado personal,Marea,1091.21,120,Distribuidora Hidalgo,2024-04-15,Sí
2537,HOG-02537,Sartén de Acero 26 cm Urban Essential,Hogar,Urban,1162.3,151,Distribuidora Bajío,2026-06-03,Sí
2538,DEP-02538,Balón de Fútbol Vitta Select,Deportes,Vitta,1117.16,32,Distribuidora Metropolitana,2025-05-31,Sí
2539,ELE-02539,Mouse Ergonómico Nova Plus,Electrónica,Nova,1627.08,347,Distribuidora del Norte,2025-03-09,Sí
2540,ELE-02540,Mouse Óptico Altura Prime,Electrónica,Altura,1912.97,292,Distribuidora Central,2025-01-17,Sí
2541,OFI-02541,Calculadora Científica Aurea Select,Oficina,Aurea,3558.12,157,Distribuidora Bajío,2025-08-03,Sí
2542,ALI-02542,Aceite de Aguacate 500 ml Prisma Select,Alimentos,Prisma,100.14,163,Distribuidora Bajío,2025-08-20,Sí
2543,ALI-02543,Aceite de Oliva 500 ml Lumina Lite,Alimentos,Lumina,518.21,272,Distribuidora Hidalgo,2025-03-21,Sí
2544,OFI-02544,Silla Ejecutiva Urban Prime,Oficina,Urban,2351.08,63,Distribuidora Nova,2024-07-18,Sí
2545,ALI-02545,Galletas Integrales 350 g Terra Lite,Alimentos,Terra,381.04,280,Distribuidora Central,2025-01-18,Sí
2546,ELE-02546,Teclado Inalámbrico Nativa Max,Electrónica,Nativa,2833.32,45,Distribuidora Pacífico,2024-09-07,Sí
2547,ALI-02547,Café en Grano 1 kg Nexo Essential,Alimentos,Nexo,492.09,221,Distribuidora Bajío,2024-09-04,Sí
2548,HOG-02548,Termo Térmico Aurea Pro,Hogar,Aurea,588.01,207,Distribuidora Pacífico,2024-09-22,No
2549,CUI-02549,Crema Corporal con Aloe 500 ml Brava Pro,Cuidado personal,Brava,2290.82,235,Distribuidora Hidalgo,2025-09-24,Sí
2550,ALI-02550,Cereal con Frutos 450 g Nexo Max,Alimentos,Nexo,391.41,121,Distribuidora Mexicana,2024-08-17,Sí
2551,OFI-02551,Mochila para Laptop 15.6 Vitta Select,Oficina,Vitta,4126.37,11,Distribuidora del Norte,2024-09-14,Sí
2552,ELE-02552,Audífonos con Micrófono Aurea Select,Electrónica,Aurea,2698.84,89,Distribuidora Pacífico,2024-10-27,Sí
2553,OFI-02553,Silla Ergonómica Vitta Advance,Oficina,Vitta,89.23,344,Distribuidora Bajío,2024-12-05,Sí
2554,ELE-02554,Mouse Gaming Marea Pro,Electrónica,Marea,3152.94,29,Distribuidora Bajío,2024-11-27,Sí
2555,ALI-02555,Galletas con Chocolate 300 g Lumina Select,Alimentos,Lumina,451.56,113,Distribuidora del Norte,2024-01-31,No
2556,DEP-02556,Mancuerna 10 kg Aurea Pro,Deportes,Aurea,625.33,221,Distribuidora Mexicana,2026-07-24,Sí
2557,DEP-02557,Balón Entrenamiento Aurea Select,Deportes,Aurea,2822.17,212,Distribuidora Central,2026-09-04,Sí
2558,OFI-02558,Silla Ergonómica Cobalto Essential,Oficina,Cobalto,1271.55,185,Distribuidora Central,2024-08-31,Sí
2559,ELE-02559,Mouse Gaming Nexo Advance,Electrónica,Nexo,1835.47,155,Distribuidora Mexicana,2025-10-07,Sí
2560,ALI-02560,Café Descafeinado 400 g Kairo Essential,Alimentos,Kairo,127.38,253,Distribuidora Pacífico,2024-01-19,Sí
2561,DEP-02561,Balón de Voleibol Nexo Eco,Deportes,Nexo,1408.52,70,Distribuidora Metropolitana,2025-08-05,Sí
2562,DEP-02562,Tapete de Yoga 6 mm Altura Select,Deportes,Altura,2145.17,97,Distribuidora Metropolitana,2025-10-11,Sí
2563,DEP-02563,Mancuerna Hexagonal Lumina Classic,Deportes,Lumina,1758.4,136,Distribuidora Metropolitana,2025-09-01,Sí
2564,CUI-02564,Crema Corporal Hidratante 400 ml Aurea Advance,Cuidado personal,Aurea,1970.0,292,Distribuidora Bajío,2026-02-05,Sí
2565,CUI-02565,Cepillo Dental Suave Terra Advance,Cuidado personal,Terra,2561.87,259,Distribuidora Hidalgo,2024-02-05,Sí
2566,CUI-02566,Cepillo Dental Pack 3 Nova Classic,Cuidado personal,Nova,1689.73,338,Distribuidora Nova,2024-05-26,Sí
2567,DEP-02567,Mancuerna 10 kg Vitta Pro,Deportes,Vitta,2257.83,302,Distribuidora Pacífico,2026-07-03,Sí
2568,HOG-02568,Lámpara LED Lumina Plus,Hogar,Lumina,876.5,147,Distribuidora Metropolitana,2024-08-21,Sí
2569,ELE-02569,Webcam Full HD Nexo Max,Electrónica,Nexo,1612.74,83,Distribuidora Mexicana,2026-07-20,Sí
2570,CUI-02570,Secadora 2000 W Nativa Classic,Cuidado personal,Nativa,520.41,326,Distribuidora Mexicana,2024-12-15,Sí
2571,DEP-02571,Guantes con Muñequera Lumina Lite,Deportes,Lumina,2342.36,269,Distribuidora Mexicana,2026-07-19,Sí
2572,HOG-02572,Juego de Toallas Microfibra Altura Prime,Hogar,Altura,1669.58,148,Distribuidora del Norte,2025-02-01,Sí
2573,DEP-02573,Botella Deportiva 1 L Terra Advance,Deportes,Terra,1958.48,205,Distribuidora Pacífico,2025-04-23,Sí
2574,CUI-02574,Secadora 2000 W Zenit Essential,Cuidado personal,Zenit,2118.87,166,Distribuidora Hidalgo,2025-12-04,Sí
2575,OFI-02575,Memoria USB USB 3.2 Aurea Lite,Oficina,Aurea,1474.96,1,Distribuidora Bajío,2024-06-06,Sí
2576,ELE-02576,Audífonos Bluetooth Vitta Eco,Electrónica,Vitta,429.31,205,Distribuidora Mexicana,2024-01-08,Sí
2577,OFI-02577,Calculadora Básica Cobalto Lite,Oficina,Cobalto,2458.48,142,Distribuidora Metropolitana,2025-05-26,Sí
2578,CUI-02578,Rasuradora Corporal Marea Prime,Cuidado personal,Marea,2491.84,180,Distribuidora del Norte,2024-06-25,Sí
2579,DEP-02579,Mancuerna 5 kg Nova Essential,Deportes,Nova,1213.47,228,Distribuidora Metropolitana,2025-06-17,Sí
2580,DEP-02580,Guantes de Ciclismo Kairo Essential,Deportes,Kairo,1129.07,212,Distribuidora Hidalgo,2024-12-27,Sí
2581,ELE-02581,Teclado Inalámbrico Terra Classic,Electrónica,Terra,1020.04,262,Distribuidora Bajío,2026-08-13,Sí
2582,HOG-02582,Organizador de Escritorio Urban Lite,Hogar,Urban,2494.43,8,Distribuidora Nova,2026-05-06,Sí
2583,DEP-02583,Botella Deportiva 750 ml Cobalto Essential,Deportes,Cobalto,2877.74,209,Distribuidora Nova,2024-02-16,Sí
2584,OFI-02584,Calculadora de Escritorio Aurea Lite,Oficina,Aurea,3869.78,31,Distribuidora Mexicana,2024-02-16,Sí
2585,OFI-02585,Cuaderno de Notas Nova Advance,Oficina,Nova,4668.19,142,Distribuidora del Norte,2024-08-05,Sí
2586,CUI-02586,Shampoo Reparador 700 ml Urban Plus,Cuidado personal,Urban,2313.39,243,Distribuidora Bajío,2026-06-07,Sí
2587,CUI-02587,Rasuradora 3 Cabezas Terra Prime,Cuidado personal,Terra,2771.55,284,Distribuidora Pacífico,2024-04-22,Sí
2588,DEP-02588,Guantes Deportivos Nova Classic,Deportes,Nova,1013.72,21,Distribuidora Bajío,2024-07-28,Sí
2589,DEP-02589,Balón de Voleibol Nova Advance,Deportes,Nova,1025.64,327,Distribuidora Nova,2025-08-09,Sí
2590,ELE-02590,Mouse Inalámbrico Vitta Eco,Electrónica,Vitta,152.65,315,Distribuidora Pacífico,2024-10-03,Sí
2591,ELE-02591,Teclado Mecánico Prisma Lite,Electrónica,Prisma,2160.56,71,Distribuidora Metropolitana,2025-06-17,Sí
2592,ELE-02592,Bocina Portátil Kairo Pro,Electrónica,Kairo,285.91,49,Distribuidora Bajío,2025-11-11,Sí
2593,OFI-02593,Memoria USB USB 3.2 Cobalto Prime,Oficina,Cobalto,3671.03,58,Distribuidora Pacífico,2024-03-09,Sí
2594,DEP-02594,Mancuerna 10 kg Aurea Essential,Deportes,Aurea,1546.5,66,Distribuidora Metropolitana,2026-03-16,Sí
2595,DEP-02595,Guantes Deportivos Orion Advance,Deportes,Orion,1312.03,125,Distribuidora Nova,2024-06-21,Sí
2596,DEP-02596,Botella Deportiva con Popote Zenit Advance,Deportes,Zenit,2291.13,84,Distribuidora Bajío,2025-03-06,Sí
2597,OFI-02597,Memoria USB 64 GB Orion Max,Oficina,Orion,1182.89,1,Distribuidora Hidalgo,2025-02-16,Sí
2598,CUI-02598,Crema Corporal Nutritiva 400 ml Lumina Prime,Cuidado personal,Lumina,299.12,271,Distribuidora del Norte,2025-04-24,Sí
2599,HOG-02599,Sartén Antiadherente 24 cm Zenit Prime,Hogar,Zenit,2067.52,288,Distribuidora Pacífico,2025-02-28,Sí
2600,CUI-02600,Shampoo Anticaspa 650 ml Vitta Select,Cuidado personal,Vitta,412.71,73,Distribuidora Nova,2025-10-31,Sí
2601,DEP-02601,Guantes de Gimnasio Vitta Pro,Deportes,Vitta,752.48,347,Distribuidora Central,2024-02-06,Sí
2602,DEP-02602,Mancuerna Ajustable Cobalto Essential,Deportes,Cobalto,2041.9,282,Distribuidora Pacífico,2026-04-09,Sí
2603,DEP-02603,Guantes Deportivos Terra Plus,Deportes,Terra,1913.92,227,Distribuidora Hidalgo,2025-05-23,Sí
2604,HOG-02604,Termo 500 ml Altura Max,Hogar,Altura,1891.45,236,Distribuidora del Norte,2024-12-27,Sí
2605,OFI-02605,Silla Ergonómica Kairo Prime,Oficina,Kairo,3076.21,311,Distribuidora Hidalgo,2024-06-20,Sí
2606,CUI-02606,Crema Corporal Nutritiva 400 ml Terra Lite,Cuidado personal,Terra,1454.29,210,Distribuidora Nova,2025-06-21,No
2607,HOG-02607,Lámpara Minimalista Zenit Plus,Hogar,Zenit,444.27,303,Distribuidora Hidalgo,2025-11-28,Sí
2608,ELE-02608,Webcam Full HD Marea Plus,Electrónica,Marea,1982.06,279,Distribuidora del Norte,2024-06-07,Sí
2609,ALI-02609,Galletas con Chocolate 300 g Zenit Plus,Alimentos,Zenit,420.32,68,Distribuidora Central,2025-10-26,Sí
2610,ELE-02610,Bocina Resistente al Agua Altura Plus,Electrónica,Altura,306.7,300,Distribuidora Mexicana,2024-08-12,Sí
2611,HOG-02611,Termo 750 ml Zenit Lite,Hogar,Zenit,1547.2,118,Distribuidora Nova,2024-10-08,Sí
2612,CUI-02612,Rasuradora Corporal Cobalto Essential,Cuidado personal,Cobalto,713.15,161,Distribuidora Central,2025-03-06,Sí
2613,DEP-02613,Guantes con Muñequera Brava Select,Deportes,Brava,1073.51,228,Distribuidora Central,2026-03-30,Sí
2614,HOG-02614,Lámpara LED Aurea Plus,Hogar,Aurea,860.43,174,Distribuidora Central,2025-11-28,Sí
2615,OFI-02615,Silla Ergonómica Prisma Pro,Oficina,Prisma,3874.07,268,Distribuidora Bajío,2025-09-24,Sí
2616,ALI-02616,Cereal de Avena 500 g Terra Classic,Alimentos,Terra,228.88,159,Distribuidora Metropolitana,2025-06-05,Sí
2617,ELE-02617,Audífonos USB-C Lumina Classic,Electrónica,Lumina,3123.01,26,Distribuidora del Norte,2026-02-09,Sí
2618,HOG-02618,Sartén Antiadherente 24 cm Aurea Eco,Hogar,Aurea,1375.53,227,Distribuidora del Norte,2024-11-28,Sí
2619,DEP-02619,Guantes de Gimnasio Altura Advance,Deportes,Altura,1948.11,230,Distribuidora Bajío,2025-07-04,Sí
2620,HOG-02620,Organizador Multiusos Terra Prime,Hogar,Terra,1110.77,149,Distribuidora Pacífico,2025-02-25,Sí
2621,CUI-02621,Cepillo Dental Suave Brava Eco,Cuidado personal,Brava,2043.38,218,Distribuidora Pacífico,2026-04-13,No
2622,DEP-02622,Tapete de Yoga 8 mm Marea Max,Deportes,Marea,725.21,255,Distribuidora Nova,2026-06-08,Sí
2623,CUI-02623,Rasuradora Corporal Cobalto Pro,Cuidado personal,Cobalto,1701.31,342,Distribuidora Mexicana,2025-11-09,Sí
2624,ELE-02624,Cargador Doble Puerto Aurea Essential,Electrónica,Aurea,606.96,45,Distribuidora Metropolitana,2025-07-26,Sí
2625,ALI-02625,Pasta Fusilli 500 g Nexo Select,Alimentos,Nexo,200.42,153,Distribuidora del Norte,2025-01-19,Sí
2626,ALI-02626,Pasta Spaghetti 500 g Prisma Classic,Alimentos,Prisma,441.06,298,Distribuidora Hidalgo,2026-03-27,Sí
2627,DEP-02627,Tapete de Yoga Antideslizante Kairo Eco,Deportes,Kairo,2552.49,130,Distribuidora Hidalgo,2024-06-29,Sí
2628,OFI-02628,Memoria USB 128 GB Kairo Plus,Oficina,Kairo,5531.29,249,Distribuidora Pacífico,2026-01-28,Sí
2629,CUI-02629,Shampoo Anticaspa 650 ml Lumina Max,Cuidado personal,Lumina,53.09,6,Distribuidora Mexicana,2026-07-08,Sí
2630,CUI-02630,Shampoo Anticaspa 650 ml Lumina Classic,Cuidado personal,Lumina,2499.48,50,Distribuidora Nova,2026-03-17,Sí
2631,OFI-02631,Silla con Soporte Lumbar Altura Advance,Oficina,Altura,1556.69,287,Distribuidora Nova,2025-12-11,Sí
2632,DEP-02632,Mancuerna 5 kg Vitta Advance,Deportes,Vitta,2447.16,64,Distribuidora Hidalgo,2024-10-22,Sí
2633,HOG-02633,Organizador de Cocina Vitta Eco,Hogar,Vitta,2406.42,324,Distribuidora Metropolitana,2026-08-13,Sí
2634,CUI-02634,Secadora Profesional Nexo Plus,Cuidado personal,Nexo,1581.26,96,Distribuidora Hidalgo,2025-01-21,Sí
2635,ELE-02635,Cargador Doble Puerto Urban Eco,Electrónica,Urban,1607.95,39,Distribuidora Central,2024-05-22,Sí
2636,ALI-02636,Aceite de Oliva 500 ml Terra Pro,Alimentos,Terra,652.95,16,Distribuidora Mexicana,2026-03-23,Sí
2637,HOG-02637,Organizador de Escritorio Terra Advance,Hogar,Terra,1502.89,20,Distribuidora del Norte,2026-07-10,Sí
2638,ALI-02638,Aceite de Aguacate 500 ml Brava Eco,Alimentos,Brava,402.88,316,Distribuidora Central,2024-04-06,Sí
2639,DEP-02639,Guantes de Gimnasio Marea Pro,Deportes,Marea,1938.78,141,Distribuidora Hidalgo,2024-05-03,Sí
2640,ELE-02640,Cargador USB-C 45W Aurea Select,Electrónica,Aurea,2751.49,179,Distribuidora del Norte,2025-04-13,Sí
2641,DEP-02641,Mancuerna Hexagonal Kairo Pro,Deportes,Kairo,2616.49,192,Distribuidora Central,2024-04-22,Sí
2642,HOG-02642,Juego de Toallas 4 Piezas Zenit Select,Hogar,Zenit,239.89,299,Distribuidora Metropolitana,2026-01-22,Sí
2643,DEP-02643,Guantes Deportivos Prisma Advance,Deportes,Prisma,2294.59,327,Distribuidora Mexicana,2025-05-12,Sí
2644,DEP-02644,Mancuerna 5 kg Kairo Advance,Deportes,Kairo,219.9,110,Distribuidora Metropolitana,2024-01-03,Sí
2645,ALI-02645,Pasta Penne 500 g Lumina Select,Alimentos,Lumina,668.77,138,Distribuidora Pacífico,2026-08-05,Sí
2646,CUI-02646,Rasuradora de Precisión Vitta Pro,Cuidado personal,Vitta,1514.11,274,Distribuidora Nova,2025-08-09,No
2647,DEP-02647,Tapete de Yoga 8 mm Lumina Classic,Deportes,Lumina,2781.19,141,Distribuidora Hidalgo,2026-01-18,Sí
2648,ELE-02648,Mouse Óptico Kairo Advance,Electrónica,Kairo,2927.69,76,Distribuidora Metropolitana,2024-04-05,Sí
2649,ALI-02649,Galletas Integrales 350 g Cobalto Advance,Alimentos,Cobalto,662.7,109,Distribuidora del Norte,2024-05-17,Sí
2650,ELE-02650,Mouse Inalámbrico Marea Classic,Electrónica,Marea,965.93,253,Distribuidora Hidalgo,2025-03-11,Sí
2651,HOG-02651,Lámpara de Noche Altura Essential,Hogar,Altura,320.77,274,Distribuidora Bajío,2024-09-06,Sí
2652,HOG-02652,Termo 500 ml Marea Plus,Hogar,Marea,2349.73,128,Distribuidora Nova,2025-03-19,Sí
2653,DEP-02653,Tapete de Yoga 6 mm Nova Max,Deportes,Nova,2412.44,39,Distribuidora Bajío,2024-04-09,No
2654,ALI-02654,Aceite Vegetal 1 L Marea Eco,Alimentos,Marea,258.12,169,Distribuidora Bajío,2026-05-09,Sí
2655,ALI-02655,Galletas con Chocolate 300 g Nova Pro,Alimentos,Nova,693.52,296,Distribuidora Nova,2024-09-07,Sí
2656,ALI-02656,Café Americano 500 g Terra Pro,Alimentos,Terra,572.01,100,Distribuidora Central,2025-02-17,No
2657,HOG-02657,Organizador de Cocina Nexo Lite,Hogar,Nexo,1123.8,171,Distribuidora Metropolitana,2026-07-20,Sí
2658,ALI-02658,Pasta Spaghetti 500 g Nexo Classic,Alimentos,Nexo,598.46,49,Distribuidora Pacífico,2026-03-18,Sí
2659,DEP-02659,Balón Entrenamiento Altura Plus,Deportes,Altura,1005.76,131,Distribuidora Metropolitana,2026-01-26,Sí
2660,HOG-02660,Lámpara de Escritorio Zenit Eco,Hogar,Zenit,2239.66,105,Distribuidora Mexicana,2024-05-11,Sí
2661,HOG-02661,Sartén Antiadherente 24 cm Altura Prime,Hogar,Altura,640.7,300,Distribuidora Mexicana,2024-07-07,Sí
2662,ELE-02662,Mouse Óptico Vitta Essential,Electrónica,Vitta,469.28,339,Distribuidora Central,2026-05-20,Sí
2663,HOG-02663,Sartén de Acero 26 cm Kairo Select,Hogar,Kairo,620.18,51,Distribuidora Nova,2024-08-21,Sí
2664,OFI-02664,Mochila Impermeable Orion Select,Oficina,Orion,979.24,306,Distribuidora Pacífico,2024-12-09,Sí
2665,DEP-02665,Mancuerna Ajustable Vitta Select,Deportes,Vitta,974.45,256,Distribuidora Hidalgo,2024-11-01,Sí
2666,OFI-02666,Memoria USB USB 3.2 Urban Essential,Oficina,Urban,1068.34,298,Distribuidora Hidalgo,2025-03-15,Sí
2667,HOG-02667,Lámpara de Noche Brava Eco,Hogar,Brava,1894.86,325,Distribuidora Bajío,2025-10-02,Sí
2668,HOG-02668,Sartén de Acero 26 cm Prisma Pro,Hogar,Prisma,1583.83,118,Distribuidora Metropolitana,2025-02-18,Sí
2669,ELE-02669,Mouse Ergonómico Zenit Eco,Electrónica,Zenit,1391.6,170,Distribuidora del Norte,2024-09-30,Sí
2670,DEP-02670,Tapete de Yoga Antideslizante Brava Lite,Deportes,Brava,265.28,213,Distribuidora Hidalgo,2024-11-03,Sí
2671,DEP-02671,Mancuerna 10 kg Brava Eco,Deportes,Brava,2559.58,189,Distribuidora Mexicana,2024-10-22,Sí
2672,OFI-02672,Silla con Soporte Lumbar Marea Select,Oficina,Marea,2051.21,287,Distribuidora Hidalgo,2024-05-10,Sí
2673,CUI-02673,Secadora 2000 W Brava Pro,Cuidado personal,Brava,842.66,198,Distribuidora Bajío,2026-08-03,Sí
2674,OFI-02674,Cuaderno Pasta Dura Nativa Plus,Oficina,Nativa,969.29,234,Distribuidora Hidalgo,2026-08-31,Sí
2675,ALI-02675,Galletas de Avena 300 g Marea Classic,Alimentos,Marea,189.48,337,Distribuidora Pacífico,2025-02-24,Sí
2676,CUI-02676,Rasuradora 3 Cabezas Nova Eco,Cuidado personal,Nova,2206.32,201,Distribuidora Mexicana,2024-10-30,Sí
2677,CUI-02677,Crema Corporal Nutritiva 400 ml Lumina Eco,Cuidado personal,Lumina,309.88,114,Distribuidora del Norte,2024-04-13,Sí
2678,CUI-02678,Crema Corporal Nutritiva 400 ml Cobalto Plus,Cuidado personal,Cobalto,125.49,11,Distribuidora Bajío,2026-04-05,Sí
2679,HOG-02679,Juego de Toallas Algodón Nativa Pro,Hogar,Nativa,1954.54,2,Distribuidora del Norte,2024-10-07,Sí
2680,DEP-02680,Balón de Fútbol Vitta Eco,Deportes,Vitta,2218.87,293,Distribuidora Nova,2024-04-30,Sí
2681,ELE-02681,Mouse Óptico Aurea Advance,Electrónica,Aurea,2722.52,226,Distribuidora Hidalgo,2024-07-07,Sí
2682,OFI-02682,Mochila Ejecutiva Zenit Classic,Oficina,Zenit,2089.44,207,Distribuidora Nova,2026-07-28,Sí
2683,CUI-02683,Shampoo Anticaspa 650 ml Vitta Advance,Cuidado personal,Vitta,2415.02,301,Distribuidora Pacífico,2024-01-12,Sí
2684,CUI-02684,Cepillo Dental Suave Orion Pro,Cuidado personal,Orion,1813.15,196,Distribuidora Pacífico,2025-08-03,Sí
2685,CUI-02685,Rasuradora de Precisión Nova Eco,Cuidado personal,Nova,1923.03,281,Distribuidora Nova,2024-08-11,Sí
2686,CUI-02686,Shampoo Hidratante 750 ml Orion Eco,Cuidado personal,Orion,340.88,179,Distribuidora Central,2024-04-26,Sí
2687,ALI-02687,Cereal de Avena 500 g Terra Advance,Alimentos,Terra,51.23,41,Distribuidora Nova,2024-08-19,Sí
2688,OFI-02688,Mochila Impermeable Urban Max,Oficina,Urban,3952.1,105,Distribuidora Pacífico,2025-06-30,Sí
2689,OFI-02689,Cuaderno Pasta Dura Lumina Essential,Oficina,Lumina,5730.7,222,Distribuidora Bajío,2025-09-06,Sí
2690,ELE-02690,Mouse Inalámbrico Orion Eco,Electrónica,Orion,183.91,144,Distribuidora del Norte,2026-03-01,No
2691,OFI-02691,Mochila para Laptop 15.6 Vitta Lite,Oficina,Vitta,3385.7,213,Distribuidora Hidalgo,2026-08-06,Sí
2692,CUI-02692,Shampoo Reparador 700 ml Lumina Advance,Cuidado personal,Lumina,1703.52,126,Distribuidora Pacífico,2024-05-27,Sí
2693,HOG-02693,Sartén de Acero 26 cm Marea Classic,Hogar,Marea,1418.51,79,Distribuidora Central,2024-08-02,Sí
2694,ELE-02694,Bocina Bluetooth Nativa Advance,Electrónica,Nativa,3446.64,49,Distribuidora Bajío,2026-05-07,Sí
2695,CUI-02695,Shampoo Hidratante 750 ml Zenit Essential,Cuidado personal,Zenit,264.87,246,Distribuidora del Norte,2026-05-25,Sí
2696,ELE-02696,Bocina Bluetooth Aurea Pro,Electrónica,Aurea,2771.01,50,Distribuidora Pacífico,2026-08-06,Sí
2697,ELE-02697,Teclado Compacto Cobalto Essential,Electrónica,Cobalto,690.27,266,Distribuidora del Norte,2024-10-23,Sí
2698,HOG-02698,Termo Térmico Kairo Prime,Hogar,Kairo,409.86,248,Distribuidora del Norte,2026-03-02,Sí
2699,HOG-02699,Juego de Toallas Microfibra Prisma Max,Hogar,Prisma,999.97,219,Distribuidora Nova,2025-09-11,Sí
2700,CUI-02700,Shampoo Hidratante 750 ml Nativa Classic,Cuidado personal,Nativa,1737.79,56,Distribuidora Hidalgo,2024-05-05,Sí
2701,OFI-02701,Mochila Ejecutiva Vitta Plus,Oficina,Vitta,2112.57,24,Distribuidora del Norte,2025-12-28,Sí
2702,OFI-02702,Mochila Antirrobo Altura Eco,Oficina,Altura,3594.39,221,Distribuidora Mexicana,2025-02-01,Sí
2703,CUI-02703,Cepillo Dental Pack 3 Marea Pro,Cuidado personal,Marea,2794.43,89,Distribuidora Bajío,2026-01-27,Sí
2704,ELE-02704,Audífonos Inalámbricos Prisma Classic,Electrónica,Prisma,1778.97,33,Distribuidora Bajío,2025-08-20,Sí
2705,ALI-02705,Galletas Integrales 350 g Prisma Eco,Alimentos,Prisma,327.19,144,Distribuidora Nova,2024-02-29,No
2706,ELE-02706,Cargador Inalámbrico Urban Max,Electrónica,Urban,1314.36,339,Distribuidora Hidalgo,2024-08-01,Sí
2707,CUI-02707,Cepillo Dental Medio Nexo Max,Cuidado personal,Nexo,1802.47,44,Distribuidora Bajío,2024-06-08,Sí
2708,HOG-02708,Sartén Antiadherente 28 cm Prisma Essential,Hogar,Prisma,705.76,4,Distribuidora Bajío,2024-01-24,Sí
2709,ELE-02709,Mouse Gaming Orion Select,Electrónica,Orion,166.06,193,Distribuidora Hidalgo,2026-05-31,Sí
2710,ELE-02710,Webcam Autofocus Orion Essential,Electrónica,Orion,160.49,326,Distribuidora Hidalgo,2025-02-22,Sí
2711,ELE-02711,Webcam con Micrófono Orion Max,Electrónica,Orion,603.18,72,Distribuidora Central,2025-04-28,Sí
2712,HOG-02712,Termo 500 ml Orion Prime,Hogar,Orion,2184.84,337,Distribuidora Mexicana,2024-05-23,Sí
2713,CUI-02713,Crema Corporal Hidratante 400 ml Nexo Lite,Cuidado personal,Nexo,471.93,6,Distribuidora Pacífico,2025-04-27,Sí
2714,HOG-02714,Termo 750 ml Prisma Advance,Hogar,Prisma,1509.35,152,Distribuidora Central,2024-01-02,Sí
2715,ELE-02715,Webcam con Micrófono Cobalto Advance,Electrónica,Cobalto,2837.49,116,Distribuidora Metropolitana,2026-06-30,Sí
2716,ALI-02716,Café en Grano 1 kg Prisma Essential,Alimentos,Prisma,664.36,160,Distribuidora Nova,2024-11-22,Sí
2717,DEP-02717,Tapete de Yoga 8 mm Vitta Essential,Deportes,Vitta,2392.4,223,Distribuidora Pacífico,2024-04-30,Sí
2718,ALI-02718,Pasta Penne 500 g Altura Advance,Alimentos,Altura,612.6,268,Distribuidora Nova,2024-01-30,Sí
2719,CUI-02719,Shampoo Hidratante 750 ml Nova Classic,Cuidado personal,Nova,326.81,147,Distribuidora Metropolitana,2024-09-05,Sí
2720,CUI-02720,Cepillo Dental Medio Orion Classic,Cuidado personal,Orion,837.91,284,Distribuidora Hidalgo,2026-03-30,Sí
2721,ALI-02721,Cereal de Avena 500 g Altura Pro,Alimentos,Altura,90.79,261,Distribuidora Nova,2024-01-24,Sí
2722,OFI-02722,Silla Ergonómica Brava Max,Oficina,Brava,3364.77,59,Distribuidora Mexicana,2024-04-09,Sí
2723,ALI-02723,Galletas con Chocolate 300 g Cobalto Classic,Alimentos,Cobalto,745.72,122,Distribuidora Hidalgo,2025-09-02,Sí
2724,OFI-02724,Calculadora Básica Prisma Max,Oficina,Prisma,4712.25,303,Distribuidora Pacífico,2025-12-15,Sí
2725,CUI-02725,Cepillo Dental Medio Nova Eco,Cuidado personal,Nova,1704.95,220,Distribuidora Central,2025-12-07,Sí
2726,HOG-02726,Termo Térmico Nova Eco,Hogar,Nova,240.36,24,Distribuidora Hidalgo,2024-12-05,Sí
2727,HOG-02727,Organizador de Baño Terra Prime,Hogar,Terra,1153.61,22,Distribuidora del Norte,2025-02-12,Sí
2728,DEP-02728,Balón de Fútbol Brava Eco,Deportes,Brava,2020.9,35,Distribuidora Pacífico,2025-08-24,Sí
2729,ELE-02729,Teclado Compacto Brava Essential,Electrónica,Brava,1864.29,99,Distribuidora Bajío,2026-01-10,Sí
2730,CUI-02730,Crema Corporal Nutritiva 400 ml Zenit Classic,Cuidado personal,Zenit,786.8,235,Distribuidora Bajío,2026-05-30,Sí
2731,OFI-02731,Cuaderno Pasta Dura Nexo Select,Oficina,Nexo,4471.9,128,Distribuidora Mexicana,2024-08-05,Sí
2732,ELE-02732,Audífonos USB-C Lumina Max,Electrónica,Lumina,2525.62,157,Distribuidora del Norte,2026-01-07,Sí
2733,HOG-02733,Juego de Toallas Algodón Marea Lite,Hogar,Marea,897.05,234,Distribuidora Pacífico,2026-05-16,Sí
2734,ELE-02734,Bocina Portátil Nativa Advance,Electrónica,Nativa,2859.13,7,Distribuidora Mexicana,2024-10-11,Sí
2735,DEP-02735,Botella Deportiva 1 L Aurea Select,Deportes,Aurea,2001.33,317,Distribuidora Metropolitana,2025-11-22,Sí
2736,OFI-02736,Mochila Ejecutiva Lumina Prime,Oficina,Lumina,3852.17,71,Distribuidora Hidalgo,2024-08-19,No
2737,ELE-02737,Teclado RGB Zenit Pro,Electrónica,Zenit,3180.15,316,Distribuidora del Norte,2025-03-29,Sí
2738,DEP-02738,Mancuerna 10 kg Vitta Pro,Deportes,Vitta,165.95,44,Distribuidora Hidalgo,2025-04-20,Sí
2739,HOG-02739,Lámpara de Noche Brava Advance,Hogar,Brava,505.14,207,Distribuidora Hidalgo,2025-09-10,Sí
2740,ELE-02740,Bocina Portátil Vitta Prime,Electrónica,Vitta,2666.61,110,Distribuidora del Norte,2026-05-09,Sí
2741,HOG-02741,Termo 500 ml Kairo Lite,Hogar,Kairo,1967.17,183,Distribuidora Central,2024-07-08,Sí
2742,DEP-02742,Botella Deportiva 750 ml Orion Advance,Deportes,Orion,785.54,124,Distribuidora Nova,2025-01-17,Sí
2743,DEP-02743,Guantes con Muñequera Lumina Advance,Deportes,Lumina,268.82,29,Distribuidora Central,2024-07-07,Sí
2744,ALI-02744,Pasta Penne 500 g Orion Eco,Alimentos,Orion,138.18,174,Distribuidora Hidalgo,2026-01-02,Sí
2745,OFI-02745,Silla Ergonómica Prisma Prime,Oficina,Prisma,5819.05,158,Distribuidora Central,2026-01-14,Sí
2746,CUI-02746,Crema Corporal Hidratante 400 ml Nova Classic,Cuidado personal,Nova,2231.46,176,Distribuidora Nova,2024-05-19,Sí
2747,ELE-02747,Bocina Resistente al Agua Cobalto Lite,Electrónica,Cobalto,2723.07,145,Distribuidora Metropolitana,2025-01-20,Sí
2748,ALI-02748,Pasta Spaghetti 500 g Cobalto Essential,Alimentos,Cobalto,630.56,60,Distribuidora Pacífico,2026-08-25,Sí
2749,HOG-02749,Termo 500 ml Lumina Max,Hogar,Lumina,2436.16,219,Distribuidora Hidalgo,2025-12-29,Sí
2750,ELE-02750,Mouse Ergonómico Nativa Eco,Electrónica,Nativa,373.1,13,Distribuidora Mexicana,2025-07-21,Sí
2751,ALI-02751,Pasta Penne 500 g Altura Eco,Alimentos,Altura,537.53,319,Distribuidora Central,2024-06-08,Sí
2752,ELE-02752,Webcam Full HD Zenit Max,Electrónica,Zenit,2246.31,348,Distribuidora Bajío,2024-01-25,Sí
2753,DEP-02753,Balón de Básquetbol Marea Select,Deportes,Marea,483.26,101,Distribuidora Bajío,2024-05-06,Sí
2754,CUI-02754,Crema Corporal Hidratante 400 ml Vitta Eco,Cuidado personal,Vitta,2299.8,264,Distribuidora Pacífico,2025-10-24,Sí
2755,DEP-02755,Tapete de Yoga con Correa Lumina Plus,Deportes,Lumina,921.45,77,Distribuidora Pacífico,2024-07-16,No
2756,ELE-02756,Webcam 2K Cobalto Prime,Electrónica,Cobalto,2738.25,125,Distribuidora Mexicana,2026-06-13,Sí
2757,ALI-02757,Café en Grano 1 kg Vitta Classic,Alimentos,Vitta,363.51,306,Distribuidora Hidalgo,2025-01-24,Sí
2758,HOG-02758,Juego de Toallas 6 Piezas Orion Max,Hogar,Orion,1674.05,103,Distribuidora Bajío,2025-02-26,Sí
2759,ELE-02759,Mouse Ergonómico Vitta Essential,Electrónica,Vitta,464.73,140,Distribuidora Central,2026-04-14,Sí
2760,OFI-02760,Mochila Impermeable Zenit Classic,Oficina,Zenit,1132.31,227,Distribuidora Nova,2026-06-11,Sí
2761,ELE-02761,Teclado RGB Nexo Classic,Electrónica,Nexo,1207.34,176,Distribuidora Nova,2026-04-07,Sí
2762,DEP-02762,Mancuerna Hexagonal Marea Eco,Deportes,Marea,1874.56,210,Distribuidora Pacífico,2025-06-25,Sí
2763,OFI-02763,Memoria USB USB 3.2 Nexo Pro,Oficina,Nexo,1697.06,295,Distribuidora Pacífico,2025-12-26,Sí
2764,ELE-02764,Audífonos USB-C Urban Pro,Electrónica,Urban,1203.92,211,Distribuidora Mexicana,2025-08-04,Sí
2765,DEP-02765,Guantes Deportivos Orion Pro,Deportes,Orion,2470.61,27,Distribuidora Hidalgo,2026-02-23,Sí
2766,DEP-02766,Balón Entrenamiento Nexo Advance,Deportes,Nexo,2837.95,163,Distribuidora Central,2025-09-20,Sí
2767,HOG-02767,Sartén de Acero 26 cm Terra Pro,Hogar,Terra,255.54,294,Distribuidora del Norte,2024-11-04,Sí
2768,ALI-02768,Pasta Spaghetti 500 g Nexo Pro,Alimentos,Nexo,634.46,149,Distribuidora Bajío,2025-04-17,Sí
2769,ALI-02769,Café Americano 500 g Prisma Max,Alimentos,Prisma,584.63,237,Distribuidora Mexicana,2025-01-17,Sí
2770,CUI-02770,Cepillo Dental Suave Cobalto Essential,Cuidado personal,Cobalto,605.75,332,Distribuidora Mexicana,2024-04-05,Sí
2771,CUI-02771,Crema Corporal Hidratante 400 ml Aurea Max,Cuidado personal,Aurea,1821.63,79,Distribuidora Central,2026-08-06,Sí
2772,ALI-02772,Pasta Penne 500 g Lumina Eco,Alimentos,Lumina,402.9,227,Distribuidora Central,2025-02-08,Sí
2773,ALI-02773,Cereal de Avena 500 g Vitta Lite,Alimentos,Vitta,354.99,2,Distribuidora del Norte,2024-03-09,Sí
2774,HOG-02774,Lámpara de Escritorio Kairo Lite,Hogar,Kairo,2300.82,64,Distribuidora Hidalgo,2026-04-16,Sí
2775,CUI-02775,Crema Corporal Hidratante 400 ml Aurea Eco,Cuidado personal,Aurea,2383.46,345,Distribuidora Hidalgo,2024-01-24,Sí
2776,CUI-02776,Crema Corporal Nutritiva 400 ml Zenit Max,Cuidado personal,Zenit,2038.29,326,Distribuidora del Norte,2025-12-15,Sí
2777,ELE-02777,Mouse Gaming Kairo Eco,Electrónica,Kairo,3085.97,306,Distribuidora Mexicana,2024-01-25,Sí
2778,OFI-02778,Silla de Oficina Altura Plus,Oficina,Altura,5206.31,74,Distribuidora Pacífico,2025-09-28,Sí
2779,ELE-02779,Cargador USB-C 45W Prisma Essential,Electrónica,Prisma,2912.32,0,Distribuidora del Norte,2024-04-20,Sí
2780,OFI-02780,Silla Ergonómica Nativa Prime,Oficina,Nativa,4729.16,271,Distribuidora Central,2025-07-07,Sí
2781,HOG-02781,Termo 500 ml Kairo Classic,Hogar,Kairo,1623.1,31,Distribuidora Pacífico,2024-03-03,Sí
2782,ELE-02782,Mouse Óptico Zenit Lite,Electrónica,Zenit,1287.77,109,Distribuidora Metropolitana,2024-07-14,Sí
2783,ALI-02783,Café Americano 500 g Aurea Max,Alimentos,Aurea,265.17,163,Distribuidora Metropolitana,2025-06-01,No
2784,ELE-02784,Cargador USB-C 20W Orion Eco,Electrónica,Orion,1878.67,162,Distribuidora Hidalgo,2024-10-15,Sí
2785,DEP-02785,Balón de Voleibol Altura Plus,Deportes,Altura,2888.61,311,Distribuidora Central,2024-06-07,Sí
2786,ALI-02786,Café Descafeinado 400 g Aurea Max,Alimentos,Aurea,568.14,223,Distribuidora del Norte,2024-04-19,Sí
2787,DEP-02787,Balón Entrenamiento Orion Plus,Deportes,Orion,1744.06,240,Distribuidora Hidalgo,2025-03-25,Sí
2788,ALI-02788,Galletas de Avena 300 g Aurea Pro,Alimentos,Aurea,345.3,243,Distribuidora Central,2026-01-06,Sí
2789,ELE-02789,Mouse Ergonómico Prisma Select,Electrónica,Prisma,1005.2,329,Distribuidora del Norte,2025-08-25,Sí
2790,OFI-02790,Silla Ejecutiva Prisma Select,Oficina,Prisma,2210.35,122,Distribuidora Nova,2025-08-15,Sí
2791,CUI-02791,Crema Corporal con Aloe 500 ml Nexo Eco,Cuidado personal,Nexo,1147.1,72,Distribuidora del Norte,2025-04-24,Sí
2792,ALI-02792,Aceite de Aguacate 500 ml Altura Plus,Alimentos,Altura,552.34,276,Distribuidora Pacífico,2026-08-09,Sí
2793,CUI-02793,Rasuradora 3 Cabezas Nova Select,Cuidado personal,Nova,62.79,263,Distribuidora Metropolitana,2024-07-28,Sí
2794,DEP-02794,Tapete de Yoga con Correa Zenit Eco,Deportes,Zenit,1813.25,331,Distribuidora Nova,2024-09-18,Sí
2795,ALI-02795,Pasta Fusilli 500 g Altura Pro,Alimentos,Altura,272.63,265,Distribuidora Metropolitana,2026-08-24,Sí
2796,ELE-02796,Teclado Mecánico Cobalto Select,Electrónica,Cobalto,3302.61,3,Distribuidora Bajío,2024-05-08,Sí
2797,ELE-02797,Webcam Autofocus Brava Lite,Electrónica,Brava,3046.85,85,Distribuidora Bajío,2026-03-23,Sí
2798,DEP-02798,Botella Deportiva 750 ml Kairo Pro,Deportes,Kairo,1017.4,246,Distribuidora Hidalgo,2024-07-22,No
2799,CUI-02799,Shampoo Hidratante 750 ml Cobalto Plus,Cuidado personal,Cobalto,448.26,24,Distribuidora Mexicana,2026-01-03,Sí
2800,HOG-02800,Organizador Multiusos Kairo Max,Hogar,Kairo,603.19,347,Distribuidora Central,2024-12-23,Sí
2801,DEP-02801,Balón Entrenamiento Orion Advance,Deportes,Orion,2516.58,218,Distribuidora del Norte,2025-11-25,Sí
2802,ALI-02802,Aceite de Oliva 500 ml Zenit Prime,Alimentos,Zenit,574.37,222,Distribuidora Metropolitana,2026-03-01,Sí
2803,DEP-02803,Balón de Voleibol Altura Advance,Deportes,Altura,1862.35,348,Distribuidora Hidalgo,2025-06-20,Sí
2804,HOG-02804,Sartén Antiadherente 28 cm Nova Essential,Hogar,Nova,1567.28,187,Distribuidora Mexicana,2024-06-14,Sí
2805,OFI-02805,Mochila Impermeable Prisma Select,Oficina,Prisma,4688.9,319,Distribuidora Nova,2026-09-07,Sí
2806,HOG-02806,Lámpara de Escritorio Terra Select,Hogar,Terra,2460.46,6,Distribuidora Bajío,2024-01-22,Sí
2807,OFI-02807,Silla Ejecutiva Urban Essential,Oficina,Urban,4581.14,171,Distribuidora Bajío,2026-03-18,Sí
2808,ELE-02808,Audífonos USB-C Altura Plus,Electrónica,Altura,295.92,203,Distribuidora Mexicana,2025-03-05,No
2809,CUI-02809,Shampoo Hidratante 750 ml Zenit Prime,Cuidado personal,Zenit,1588.69,106,Distribuidora Pacífico,2026-05-14,Sí
2810,OFI-02810,Memoria USB USB 3.2 Aurea Select,Oficina,Aurea,1935.4,259,Distribuidora Nova,2025-01-01,Sí
2811,ELE-02811,Cargador USB-C 45W Orion Classic,Electrónica,Orion,2060.02,241,Distribuidora del Norte,2026-04-17,Sí
2812,HOG-02812,Termo Térmico Zenit Classic,Hogar,Zenit,1721.64,122,Distribuidora Mexicana,2024-01-24,Sí
2813,ELE-02813,Bocina Portátil Urban Eco,Electrónica,Urban,1371.3,265,Distribuidora Mexicana,2024-11-13,Sí
2814,OFI-02814,Calculadora de Escritorio Nativa Pro,Oficina,Nativa,1765.15,20,Distribuidora Central,2025-12-06,Sí
2815,ALI-02815,Cereal Integral 500 g Zenit Essential,Alimentos,Zenit,91.84,341,Distribuidora Hidalgo,2026-03-19,No
2816,ELE-02816,Cargador USB-C 20W Marea Classic,Electrónica,Marea,847.38,73,Distribuidora Bajío,2026-06-17,Sí
2817,ALI-02817,Cereal de Avena 500 g Altura Select,Alimentos,Altura,789.98,163,Distribuidora Hidalgo,2026-05-15,Sí
2818,HOG-02818,Juego de Toallas 4 Piezas Nova Plus,Hogar,Nova,2274.12,29,Distribuidora Central,2025-08-26,Sí
2819,CUI-02819,Secadora Iónica Lumina Lite,Cuidado personal,Lumina,1266.03,58,Distribuidora Central,2026-04-08,Sí
2820,CUI-02820,Shampoo Hidratante 750 ml Brava Prime,Cuidado personal,Brava,1970.1,142,Distribuidora del Norte,2024-12-09,Sí
2821,CUI-02821,Crema Corporal Nutritiva 400 ml Altura Advance,Cuidado personal,Altura,2081.84,25,Distribuidora Pacífico,2025-12-24,Sí
2822,DEP-02822,Balón Entrenamiento Lumina Select,Deportes,Lumina,2330.61,201,Distribuidora Mexicana,2025-06-30,Sí
2823,ELE-02823,Cargador USB-C 20W Vitta Pro,Electrónica,Vitta,2408.17,219,Distribuidora del Norte,2024-12-23,Sí
2824,CUI-02824,Cepillo Dental Eléctrico Terra Max,Cuidado personal,Terra,2377.1,177,Distribuidora Nova,2024-03-16,Sí
2825,ELE-02825,Audífonos USB-C Aurea Select,Electrónica,Aurea,177.03,313,Distribuidora Hidalgo,2025-05-24,Sí
2826,CUI-02826,Rasuradora Corporal Vitta Plus,Cuidado personal,Vitta,1580.9,63,Distribuidora Pacífico,2024-05-23,Sí
2827,CUI-02827,Crema Corporal con Aloe 500 ml Urban Prime,Cuidado personal,Urban,1828.6,53,Distribuidora Hidalgo,2026-04-11,Sí
2828,DEP-02828,Botella Deportiva Térmica Nativa Eco,Deportes,Nativa,2619.92,64,Distribuidora Nova,2025-02-22,Sí
2829,DEP-02829,Guantes Deportivos Nova Plus,Deportes,Nova,2209.55,203,Distribuidora Mexicana,2025-04-15,Sí
2830,HOG-02830,Termo 750 ml Nexo Eco,Hogar,Nexo,1125.06,227,Distribuidora Central,2025-08-06,Sí
2831,HOG-02831,Juego de Toallas Microfibra Lumina Eco,Hogar,Lumina,2473.62,166,Distribuidora Mexicana,2024-07-10,Sí
2832,ALI-02832,Galletas con Chocolate 300 g Nova Max,Alimentos,Nova,250.57,298,Distribuidora Nova,2026-04-07,Sí
2833,CUI-02833,Shampoo Hidratante 750 ml Marea Prime,Cuidado personal,Marea,1759.33,245,Distribuidora Bajío,2024-06-04,Sí
2834,CUI-02834,Rasuradora de Precisión Kairo Essential,Cuidado personal,Kairo,1557.07,96,Distribuidora Metropolitana,2026-01-29,Sí
2835,OFI-02835,Cuaderno Profesional Kairo Plus,Oficina,Kairo,4646.4,55,Distribuidora Hidalgo,2024-12-03,Sí
2836,CUI-02836,Crema Corporal Nutritiva 400 ml Lumina Pro,Cuidado personal,Lumina,1670.5,180,Distribuidora Hidalgo,2024-12-25,Sí
2837,CUI-02837,Secadora Profesional Lumina Plus,Cuidado personal,Lumina,2362.53,157,Distribuidora Hidalgo,2024-02-10,Sí
2838,ALI-02838,Pasta Spaghetti 500 g Nova Advance,Alimentos,Nova,167.13,138,Distribuidora Mexicana,2025-06-19,Sí
2839,CUI-02839,Rasuradora Corporal Cobalto Essential,Cuidado personal,Cobalto,1770.27,328,Distribuidora Central,2026-03-03,Sí
2840,HOG-02840,Lámpara de Escritorio Orion Pro,Hogar,Orion,901.55,6,Distribuidora del Norte,2025-10-21,Sí
2841,ALI-02841,Café Descafeinado 400 g Terra Pro,Alimentos,Terra,467.43,11,Distribuidora Hidalgo,2025-11-08,Sí
2842,OFI-02842,Mochila Ejecutiva Nexo Select,Oficina,Nexo,5110.26,208,Distribuidora Nova,2026-04-20,Sí
2843,CUI-02843,Shampoo Anticaspa 650 ml Nexo Essential,Cuidado personal,Nexo,82.56,255,Distribuidora Nova,2024-01-21,Sí
2844,OFI-02844,Mochila Impermeable Urban Pro,Oficina,Urban,1583.03,293,Distribuidora Bajío,2025-01-07,Sí
2845,ALI-02845,Pasta Spaghetti 500 g Marea Max,Alimentos,Marea,709.32,47,Distribuidora Pacífico,2024-11-08,Sí
2846,ALI-02846,Galletas Integrales 350 g Urban Max,Alimentos,Urban,222.92,194,Distribuidora Bajío,2026-03-18,Sí
2847,ALI-02847,Pasta Penne 500 g Prisma Select,Alimentos,Prisma,221.89,33,Distribuidora Pacífico,2025-01-24,Sí
2848,CUI-02848,Secadora Profesional Prisma Lite,Cuidado personal,Prisma,592.02,137,Distribuidora Nova,2026-03-16,Sí
2849,ALI-02849,Cereal de Avena 500 g Prisma Lite,Alimentos,Prisma,756.2,322,Distribuidora Mexicana,2026-05-25,Sí
2850,DEP-02850,Tapete de Yoga con Correa Zenit Classic,Deportes,Zenit,1595.17,123,Distribuidora Mexicana,2024-01-31,Sí
2851,DEP-02851,Balón de Voleibol Nativa Essential,Deportes,Nativa,2778.75,311,Distribuidora Pacífico,2024-09-06,Sí
2852,ALI-02852,Aceite Vegetal 1 L Aurea Classic,Alimentos,Aurea,257.79,220,Distribuidora Metropolitana,2026-06-06,Sí
2853,OFI-02853,Cuaderno Pasta Dura Marea Essential,Oficina,Marea,2189.07,16,Distribuidora Mexicana,2025-06-28,Sí
2854,DEP-02854,Tapete de Yoga 6 mm Altura Max,Deportes,Altura,662.48,88,Distribuidora Nova,2025-08-03,No
2855,DEP-02855,Balón de Básquetbol Nativa Pro,Deportes,Nativa,2546.6,302,Distribuidora Metropolitana,2024-10-03,Sí
2856,OFI-02856,Cuaderno de Notas Nova Plus,Oficina,Nova,2550.08,171,Distribuidora Metropolitana,2024-04-22,Sí
2857,ALI-02857,Cereal de Avena 500 g Nova Classic,Alimentos,Nova,793.16,11,Distribuidora Mexicana,2025-07-29,Sí
2858,HOG-02858,Sartén Antiadherente 24 cm Lumina Pro,Hogar,Lumina,2278.43,305,Distribuidora Pacífico,2026-03-01,Sí
2859,ALI-02859,Cereal Integral 500 g Nativa Advance,Alimentos,Nativa,689.46,169,Distribuidora Nova,2024-03-21,Sí
2860,ALI-02860,Café Molido 500 g Vitta Select,Alimentos,Vitta,533.38,294,Distribuidora Central,2024-10-08,Sí
2861,HOG-02861,Juego de Toallas 6 Piezas Nexo Max,Hogar,Nexo,2056.42,76,Distribuidora Hidalgo,2026-05-10,Sí
2862,HOG-02862,Sartén Antiadherente 24 cm Altura Lite,Hogar,Altura,958.62,114,Distribuidora Nova,2025-07-21,Sí
2863,OFI-02863,Calculadora Básica Marea Plus,Oficina,Marea,1582.92,220,Distribuidora Central,2026-03-28,Sí
2864,ALI-02864,Café en Grano 1 kg Marea Plus,Alimentos,Marea,85.68,340,Distribuidora Pacífico,2024-12-18,Sí
2865,OFI-02865,Mochila Impermeable Altura Eco,Oficina,Altura,844.39,95,Distribuidora del Norte,2025-03-01,Sí
2866,HOG-02866,Juego de Toallas 6 Piezas Zenit Plus,Hogar,Zenit,2493.4,71,Distribuidora del Norte,2025-11-14,Sí
2867,DEP-02867,Mancuerna Hexagonal Nexo Eco,Deportes,Nexo,837.82,51,Distribuidora Mexicana,2026-02-10,Sí
2868,CUI-02868,Cepillo Dental Suave Cobalto Eco,Cuidado personal,Cobalto,485.04,301,Distribuidora Central,2025-03-10,Sí
2869,ELE-02869,Cargador Doble Puerto Brava Essential,Electrónica,Brava,2795.83,120,Distribuidora Metropolitana,2026-08-30,Sí
2870,ALI-02870,Aceite de Oliva 500 ml Kairo Prime,Alimentos,Kairo,50.14,168,Distribuidora Mexicana,2026-07-28,Sí
2871,ALI-02871,Aceite de Aguacate 500 ml Brava Plus,Alimentos,Brava,758.48,110,Distribuidora Pacífico,2026-03-11,Sí
2872,CUI-02872,Secadora Compacta Kairo Lite,Cuidado personal,Kairo,992.81,46,Distribuidora Pacífico,2025-10-27,Sí
2873,HOG-02873,Sartén de Acero 26 cm Brava Eco,Hogar,Brava,799.63,23,Distribuidora Mexicana,2025-07-20,Sí
2874,ALI-02874,Cereal Integral 500 g Brava Classic,Alimentos,Brava,127.57,185,Distribuidora Metropolitana,2025-03-28,Sí
2875,HOG-02875,Termo 500 ml Orion Prime,Hogar,Orion,787.59,12,Distribuidora Pacífico,2025-10-05,Sí
2876,ELE-02876,Cargador USB-C 45W Kairo Select,Electrónica,Kairo,1609.19,314,Distribuidora Metropolitana,2024-08-18,Sí
2877,ELE-02877,Audífonos Inalámbricos Nativa Max,Electrónica,Nativa,546.65,328,Distribuidora del Norte,2024-11-24,No
2878,HOG-02878,Termo 500 ml Cobalto Advance,Hogar,Cobalto,385.15,173,Distribuidora del Norte,2026-07-20,Sí
2879,HOG-02879,Termo 500 ml Urban Pro,Hogar,Urban,1737.45,42,Distribuidora Central,2026-01-18,Sí
2880,HOG-02880,Termo 750 ml Nexo Plus,Hogar,Nexo,1515.76,126,Distribuidora Hidalgo,2025-08-03,Sí
2881,OFI-02881,Silla Ejecutiva Cobalto Eco,Oficina,Cobalto,4675.08,58,Distribuidora Central,2025-01-02,Sí
2882,CUI-02882,Rasuradora de Precisión Nova Max,Cuidado personal,Nova,1817.11,177,Distribuidora del Norte,2025-01-17,Sí
2883,ELE-02883,Mouse Gaming Marea Essential,Electrónica,Marea,183.68,90,Distribuidora Central,2024-05-14,Sí
2884,DEP-02884,Guantes de Ciclismo Nativa Lite,Deportes,Nativa,1872.59,109,Distribuidora Pacífico,2025-10-15,Sí
2885,ELE-02885,Teclado Compacto Zenit Max,Electrónica,Zenit,2699.13,24,Distribuidora Nova,2025-10-26,Sí
2886,OFI-02886,Cuaderno de Notas Terra Eco,Oficina,Terra,4119.41,235,Distribuidora Metropolitana,2024-10-31,Sí
2887,CUI-02887,Crema Corporal Hidratante 400 ml Urban Lite,Cuidado personal,Urban,1435.74,22,Distribuidora del Norte,2026-06-28,Sí
2888,CUI-02888,Crema Corporal con Aloe 500 ml Nexo Plus,Cuidado personal,Nexo,178.48,160,Distribuidora del Norte,2024-09-06,Sí
2889,DEP-02889,Botella Deportiva 750 ml Kairo Pro,Deportes,Kairo,522.29,50,Distribuidora Nova,2025-07-02,Sí
2890,HOG-02890,Sartén Antiadherente 24 cm Nexo Essential,Hogar,Nexo,1944.69,100,Distribuidora del Norte,2026-06-21,Sí
2891,DEP-02891,Guantes de Gimnasio Urban Select,Deportes,Urban,1297.63,4,Distribuidora Nova,2025-07-04,Sí
2892,ALI-02892,Café Descafeinado 400 g Brava Eco,Alimentos,Brava,489.58,238,Distribuidora Pacífico,2025-10-25,Sí
2893,DEP-02893,Tapete de Yoga 6 mm Altura Essential,Deportes,Altura,1117.94,41,Distribuidora Pacífico,2025-12-16,Sí
2894,ELE-02894,Bocina Bluetooth Cobalto Plus,Electrónica,Cobalto,1601.9,137,Distribuidora Metropolitana,2026-06-11,Sí
2895,ALI-02895,Galletas con Chocolate 300 g Marea Plus,Alimentos,Marea,164.55,234,Distribuidora Central,2025-06-25,Sí
2896,ELE-02896,Cargador USB-C 20W Terra Classic,Electrónica,Terra,1361.05,186,Distribuidora Hidalgo,2025-09-12,Sí
2897,CUI-02897,Rasuradora Corporal Marea Eco,Cuidado personal,Marea,2310.72,307,Distribuidora Mexicana,2025-04-09,Sí
2898,ELE-02898,Teclado RGB Cobalto Plus,Electrónica,Cobalto,2454.13,345,Distribuidora Hidalgo,2026-02-07,Sí
2899,DEP-02899,Tapete de Yoga Antideslizante Zenit Plus,Deportes,Zenit,480.31,205,Distribuidora Hidalgo,2026-08-03,Sí
2900,CUI-02900,Crema Corporal Hidratante 400 ml Prisma Prime,Cuidado personal,Prisma,1406.63,234,Distribuidora del Norte,2024-07-19,Sí
2901,CUI-02901,Rasuradora Corporal Altura Pro,Cuidado personal,Altura,2053.87,111,Distribuidora Pacífico,2025-11-14,Sí
2902,ELE-02902,Mouse Gaming Zenit Eco,Electrónica,Zenit,738.29,217,Distribuidora Nova,2026-01-14,Sí
2903,OFI-02903,Cuaderno Profesional Cobalto Eco,Oficina,Cobalto,4681.76,350,Distribuidora Pacífico,2024-06-27,Sí
2904,ELE-02904,Mouse Ergonómico Kairo Lite,Electrónica,Kairo,908.66,307,Distribuidora Hidalgo,2025-06-28,Sí
2905,HOG-02905,Juego de Toallas 6 Piezas Nativa Essential,Hogar,Nativa,2115.96,198,Distribuidora Metropolitana,2025-01-21,Sí
2906,CUI-02906,Rasuradora de Precisión Nova Select,Cuidado personal,Nova,1084.37,286,Distribuidora Nova,2024-01-04,No
2907,CUI-02907,Crema Corporal con Aloe 500 ml Brava Eco,Cuidado personal,Brava,2052.49,40,Distribuidora Metropolitana,2025-08-13,Sí
2908,ALI-02908,Cereal de Avena 500 g Orion Pro,Alimentos,Orion,398.5,29,Distribuidora Hidalgo,2024-12-03,Sí
2909,OFI-02909,Cuaderno Profesional Terra Essential,Oficina,Terra,2284.15,74,Distribuidora del Norte,2024-03-24,Sí
2910,HOG-02910,Organizador de Escritorio Terra Max,Hogar,Terra,379.27,98,Distribuidora Central,2024-03-30,Sí
2911,DEP-02911,Guantes con Muñequera Altura Max,Deportes,Altura,1062.88,229,Distribuidora Pacífico,2026-05-02,Sí
2912,OFI-02912,Memoria USB USB 3.2 Altura Prime,Oficina,Altura,996.58,69,Distribuidora del Norte,2025-05-17,Sí
2913,OFI-02913,Memoria USB USB 3.2 Marea Eco,Oficina,Marea,2157.86,48,Distribuidora del Norte,2026-08-21,Sí
2914,ELE-02914,Bocina Bluetooth Nativa Select,Electrónica,Nativa,2265.67,350,Distribuidora Metropolitana,2025-02-20,Sí
2915,ELE-02915,Bocina Portátil Orion Pro,Electrónica,Orion,2146.87,187,Distribuidora Metropolitana,2025-04-04,Sí
2916,ALI-02916,Aceite de Oliva 500 ml Urban Advance,Alimentos,Urban,261.14,210,Distribuidora Nova,2025-05-14,Sí
2917,CUI-02917,Shampoo Hidratante 750 ml Aurea Lite,Cuidado personal,Aurea,2394.01,302,Distribuidora Central,2025-02-05,Sí
2918,HOG-02918,Lámpara de Escritorio Aurea Essential,Hogar,Aurea,1288.01,218,Distribuidora Bajío,2024-12-22,Sí
2919,ALI-02919,Cereal Integral 500 g Zenit Select,Alimentos,Zenit,646.12,99,Distribuidora Hidalgo,2026-08-01,Sí
2920,HOG-02920,Lámpara Minimalista Marea Classic,Hogar,Marea,1478.72,23,Distribuidora Pacífico,2025-12-06,Sí
2921,ELE-02921,Teclado RGB Nexo Advance,Electrónica,Nexo,1345.81,151,Distribuidora Metropolitana,2025-06-12,Sí
2922,CUI-02922,Crema Corporal con Aloe 500 ml Urban Select,Cuidado personal,Urban,1917.95,300,Distribuidora del Norte,2024-06-05,Sí
2923,OFI-02923,Mochila Ejecutiva Vitta Prime,Oficina,Vitta,4670.2,175,Distribuidora del Norte,2025-03-24,Sí
2924,ELE-02924,Cargador USB-C 45W Marea Lite,Electrónica,Marea,3098.96,34,Distribuidora Pacífico,2026-05-02,Sí
2925,DEP-02925,Tapete de Yoga 6 mm Nexo Select,Deportes,Nexo,1269.92,19,Distribuidora del Norte,2025-12-13,Sí
2926,HOG-02926,Termo de Acero Inoxidable Prisma Classic,Hogar,Prisma,315.36,106,Distribuidora Pacífico,2024-11-21,Sí
2927,OFI-02927,Silla Ejecutiva Altura Advance,Oficina,Altura,1480.44,240,Distribuidora Hidalgo,2025-06-17,Sí
2928,OFI-02928,Memoria USB 32 GB Urban Classic,Oficina,Urban,2196.13,296,Distribuidora Bajío,2024-05-18,Sí
2929,ALI-02929,Café en Grano 1 kg Orion Max,Alimentos,Orion,399.19,96,Distribuidora Metropolitana,2025-10-28,Sí
2930,ELE-02930,Bocina Resistente al Agua Lumina Plus,Electrónica,Lumina,3088.11,110,Distribuidora Bajío,2024-07-15,Sí
2931,DEP-02931,Botella Deportiva Térmica Vitta Plus,Deportes,Vitta,1482.37,115,Distribuidora Pacífico,2024-01-12,Sí
2932,HOG-02932,Sartén Antiadherente 24 cm Nexo Pro,Hogar,Nexo,1857.64,138,Distribuidora del Norte,2025-12-05,Sí
2933,ALI-02933,Cereal Integral 500 g Urban Select,Alimentos,Urban,168.06,120,Distribuidora Hidalgo,2024-11-16,Sí
2934,ELE-02934,Audífonos Bluetooth Kairo Classic,Electrónica,Kairo,1048.33,151,Distribuidora Pacífico,2024-06-08,Sí
2935,ALI-02935,Café en Grano 1 kg Terra Select,Alimentos,Terra,650.79,188,Distribuidora Central,2025-12-15,Sí
2936,DEP-02936,Balón de Voleibol Lumina Plus,Deportes,Lumina,2033.78,263,Distribuidora Hidalgo,2025-11-04,Sí
2937,OFI-02937,Silla de Oficina Nova Advance,Oficina,Nova,4822.34,145,Distribuidora del Norte,2024-11-12,Sí
2938,HOG-02938,Termo 500 ml Aurea Max,Hogar,Aurea,173.21,159,Distribuidora Mexicana,2024-11-03,Sí
2939,ELE-02939,Webcam Full HD Nexo Eco,Electrónica,Nexo,3030.26,341,Distribuidora del Norte,2024-01-28,Sí
2940,OFI-02940,Silla de Oficina Terra Pro,Oficina,Terra,4504.12,303,Distribuidora Mexicana,2024-02-06,Sí
2941,HOG-02941,Organizador de Baño Zenit Eco,Hogar,Zenit,1126.33,339,Distribuidora Hidalgo,2025-09-06,Sí
2942,HOG-02942,Termo de Acero Inoxidable Brava Select,Hogar,Brava,1379.17,47,Distribuidora Pacífico,2024-04-05,Sí
2943,ALI-02943,Galletas de Avena 300 g Nova Advance,Alimentos,Nova,638.82,156,Distribuidora Mexicana,2024-10-14,Sí
2944,HOG-02944,Sartén Antiadherente 24 cm Zenit Eco,Hogar,Zenit,1708.5,262,Distribuidora Nova,2024-10-03,Sí
2945,HOG-02945,Sartén de Acero 26 cm Brava Select,Hogar,Brava,701.8,241,Distribuidora Metropolitana,2024-04-14,Sí
2946,ALI-02946,Galletas Integrales 350 g Urban Advance,Alimentos,Urban,221.91,19,Distribuidora Hidalgo,2026-03-05,Sí
2947,OFI-02947,Mochila Antirrobo Brava Lite,Oficina,Brava,1088.21,317,Distribuidora Mexicana,2025-07-21,Sí
2948,ELE-02948,Bocina Inteligente Aurea Prime,Electrónica,Aurea,2899.99,11,Distribuidora Metropolitana,2024-06-16,Sí
2949,CUI-02949,Secadora 2000 W Terra Max,Cuidado personal,Terra,2368.08,4,Distribuidora Nova,2025-08-05,Sí
2950,CUI-02950,Rasuradora Corporal Marea Select,Cuidado personal,Marea,933.76,49,Distribuidora Bajío,2025-02-18,Sí
2951,OFI-02951,Silla Ergonómica Aurea Essential,Oficina,Aurea,259.46,303,Distribuidora Metropolitana,2024-10-07,Sí
2952,CUI-02952,Rasuradora 3 Cabezas Terra Classic,Cuidado personal,Terra,2081.78,312,Distribuidora Hidalgo,2025-11-13,Sí
2953,DEP-02953,Balón Entrenamiento Terra Max,Deportes,Terra,136.73,54,Distribuidora Bajío,2025-12-18,Sí
2954,ALI-02954,Café Descafeinado 400 g Altura Plus,Alimentos,Altura,680.02,318,Distribuidora Bajío,2026-07-18,Sí
2955,ELE-02955,Teclado Compacto Cobalto Plus,Electrónica,Cobalto,1277.02,245,Distribuidora Metropolitana,2025-03-04,Sí
2956,OFI-02956,Cuaderno Pasta Dura Lumina Lite,Oficina,Lumina,4376.62,216,Distribuidora Central,2025-12-03,Sí
2957,DEP-02957,Mancuerna Ajustable Nexo Select,Deportes,Nexo,915.69,106,Distribuidora Metropolitana,2025-09-17,Sí
2958,DEP-02958,Guantes Deportivos Nova Classic,Deportes,Nova,1032.44,8,Distribuidora Metropolitana,2026-03-11,Sí
2959,ALI-02959,Galletas de Avena 300 g Nativa Prime,Alimentos,Nativa,265.61,69,Distribuidora Pacífico,2026-07-11,Sí
2960,CUI-02960,Rasuradora Recargable Nativa Lite,Cuidado personal,Nativa,1663.88,169,Distribuidora Bajío,2024-05-07,Sí
2961,ELE-02961,Teclado Compacto Altura Select,Electrónica,Altura,1954.37,251,Distribuidora Hidalgo,2026-02-01,Sí
2962,DEP-02962,Mancuerna 5 kg Urban Select,Deportes,Urban,1594.35,147,Distribuidora Nova,2026-02-15,Sí
2963,CUI-02963,Shampoo Reparador 700 ml Zenit Select,Cuidado personal,Zenit,934.75,179,Distribuidora Nova,2024-01-20,Sí
2964,ELE-02964,Audífonos Bluetooth Vitta Max,Electrónica,Vitta,1989.06,193,Distribuidora Metropolitana,2024-03-27,Sí
2965,CUI-02965,Crema Corporal Hidratante 400 ml Kairo Lite,Cuidado personal,Kairo,2412.49,75,Distribuidora Bajío,2025-04-15,Sí
2966,DEP-02966,Balón de Fútbol Aurea Eco,Deportes,Aurea,1042.16,75,Distribuidora Central,2026-08-26,Sí
2967,DEP-02967,Tapete de Yoga Antideslizante Kairo Classic,Deportes,Kairo,703.84,304,Distribuidora Pacífico,2025-02-16,Sí
2968,CUI-02968,Rasuradora 3 Cabezas Brava Plus,Cuidado personal,Brava,1524.5,345,Distribuidora Mexicana,2024-07-19,Sí
2969,DEP-02969,Balón de Fútbol Nativa Essential,Deportes,Nativa,1394.12,112,Distribuidora del Norte,2026-06-26,Sí
2970,OFI-02970,Calculadora Financiera Cobalto Eco,Oficina,Cobalto,1067.13,211,Distribuidora Mexicana,2025-02-01,Sí
2971,DEP-02971,Balón de Voleibol Altura Lite,Deportes,Altura,1876.48,283,Distribuidora Bajío,2026-04-13,Sí
2972,DEP-02972,Mancuerna Ajustable Kairo Select,Deportes,Kairo,2827.16,257,Distribuidora Metropolitana,2024-05-21,Sí
2973,HOG-02973,Juego de Toallas Microfibra Terra Essential,Hogar,Terra,2407.77,122,Distribuidora Bajío,2025-02-02,Sí
2974,CUI-02974,Rasuradora Corporal Nova Classic,Cuidado personal,Nova,2446.82,11,Distribuidora Bajío,2025-03-07,Sí
2975,ELE-02975,Mouse Óptico Prisma Select,Electrónica,Prisma,1147.46,38,Distribuidora Metropolitana,2026-02-11,Sí
2976,HOG-02976,Organizador de Cocina Altura Essential,Hogar,Altura,1635.91,23,Distribuidora Pacífico,2026-01-26,No
2977,DEP-02977,Mancuerna Hexagonal Prisma Lite,Deportes,Prisma,525.54,148,Distribuidora Pacífico,2024-12-17,Sí
2978,OFI-02978,Silla de Oficina Brava Prime,Oficina,Brava,5723.65,102,Distribuidora Mexicana,2026-08-22,Sí
2979,ELE-02979,Webcam Full HD Altura Classic,Electrónica,Altura,1711.49,292,Distribuidora del Norte,2024-03-12,Sí
2980,HOG-02980,Sartén de Acero 26 cm Prisma Eco,Hogar,Prisma,267.27,307,Distribuidora Hidalgo,2026-05-03,Sí
2981,ELE-02981,Audífonos Bluetooth Marea Lite,Electrónica,Marea,869.37,229,Distribuidora Pacífico,2025-02-15,Sí
2982,OFI-02982,Calculadora Financiera Cobalto Eco,Oficina,Cobalto,5541.66,261,Distribuidora Hidalgo,2025-06-07,Sí
2983,ELE-02983,Mouse Óptico Urban Eco,Electrónica,Urban,2397.57,196,Distribuidora Mexicana,2025-12-26,Sí
2984,ALI-02984,Pasta Fusilli 500 g Vitta Prime,Alimentos,Vitta,337.79,307,Distribuidora Metropolitana,2024-01-18,Sí
2985,CUI-02985,Shampoo Anticaspa 650 ml Nexo Select,Cuidado personal,Nexo,1949.82,1,Distribuidora Mexicana,2025-08-11,Sí
2986,DEP-02986,Balón de Voleibol Nova Prime,Deportes,Nova,898.68,246,Distribuidora Nova,2025-09-30,Sí
2987,HOG-02987,Organizador de Cocina Terra Essential,Hogar,Terra,937.02,110,Distribuidora del Norte,2025-06-28,Sí
2988,ELE-02988,Mouse Óptico Kairo Max,Electrónica,Kairo,3055.51,109,Distribuidora del Norte,2024-09-16,Sí
2989,ALI-02989,Galletas Integrales 350 g Nexo Classic,Alimentos,Nexo,377.33,154,Distribuidora Mexicana,2024-01-03,Sí
2990,CUI-02990,Cepillo Dental Pack 3 Orion Essential,Cuidado personal,Orion,2606.28,344,Distribuidora Mexicana,2026-07-27,Sí
2991,CUI-02991,Rasuradora 3 Cabezas Prisma Plus,Cuidado personal,Prisma,1524.64,349,Distribuidora Hidalgo,2025-02-27,Sí
2992,DEP-02992,Balón de Voleibol Orion Select,Deportes,Orion,351.4,104,Distribuidora Metropolitana,2024-03-19,Sí
2993,HOG-02993,Lámpara LED Prisma Lite,Hogar,Prisma,983.81,136,Distribuidora Hidalgo,2026-03-01,Sí
2994,ELE-02994,Mouse Ergonómico Prisma Pro,Electrónica,Prisma,2473.12,250,Distribuidora Metropolitana,2024-12-17,Sí
2995,CUI-02995,Shampoo Reparador 700 ml Kairo Plus,Cuidado personal,Kairo,2569.52,283,Distribuidora Hidalgo,2024-12-04,Sí
2996,CUI-02996,Shampoo Anticaspa 650 ml Cobalto Prime,Cuidado personal,Cobalto,2132.25,91,Distribuidora Nova,2025-07-04,Sí
2997,ELE-02997,Cargador USB-C 45W Kairo Lite,Electrónica,Kairo,2702.39,292,Distribuidora del Norte,2025-07-14,Sí
2998,ELE-02998,Webcam Full HD Aurea Lite,Electrónica,Aurea,366.85,132,Distribuidora Hidalgo,2024-07-12,Sí
2999,ALI-02999,Galletas de Avena 300 g Kairo Pro,Alimentos,Kairo,104.56,311,Distribuidora Metropolitana,2025-08-11,Sí
3000,HOG-03000,Lámpara de Escritorio Nexo Plus,Hogar,Nexo,1325.33,79,Distribuidora Bajío,2026-07-15,Sí
3001,ELE-03001,Audífonos USB-C Zenit Plus,Electrónica,Zenit,807.75,42,Distribuidora Metropolitana,2026-06-22,Sí
3002,OFI-03002,Mochila para Laptop 15.6 Lumina Prime,Oficina,Lumina,1367.7,97,Distribuidora Central,2026-04-07,Sí
3003,ELE-03003,Bocina Resistente al Agua Lumina Plus,Electrónica,Lumina,3142.91,315,Distribuidora Hidalgo,2025-01-04,Sí
3004,OFI-03004,Calculadora Básica Cobalto Eco,Oficina,Cobalto,4456.84,221,Distribuidora Nova,2026-02-06,Sí
3005,OFI-03005,Calculadora Científica Nexo Advance,Oficina,Nexo,3559.8,72,Distribuidora Hidalgo,2026-08-19,Sí
3006,CUI-03006,Cepillo Dental Pack 3 Vitta Essential,Cuidado personal,Vitta,1193.35,350,Distribuidora del Norte,2026-08-15,Sí
3007,ALI-03007,Café Molido 500 g Urban Plus,Alimentos,Urban,735.31,195,Distribuidora Hidalgo,2025-12-07,Sí
3008,ELE-03008,Audífonos Inalámbricos Nexo Classic,Electrónica,Nexo,597.89,63,Distribuidora Hidalgo,2025-07-02,Sí
3009,CUI-03009,Crema Corporal Hidratante 400 ml Lumina Max,Cuidado personal,Lumina,1024.98,326,Distribuidora Hidalgo,2024-06-23,Sí
3010,DEP-03010,Guantes con Muñequera Vitta Essential,Deportes,Vitta,1628.62,323,Distribuidora Pacífico,2025-05-23,Sí
3011,ALI-03011,Café Molido 500 g Nova Prime,Alimentos,Nova,465.18,71,Distribuidora Metropolitana,2025-05-19,Sí
3012,HOG-03012,Termo Térmico Altura Select,Hogar,Altura,461.12,15,Distribuidora Central,2025-10-22,Sí
3013,OFI-03013,Memoria USB 128 GB Nativa Pro,Oficina,Nativa,1550.38,97,Distribuidora Bajío,2026-08-19,Sí
3014,CUI-03014,Cepillo Dental Suave Kairo Prime,Cuidado personal,Kairo,557.98,22,Distribuidora Metropolitana,2025-11-24,Sí
3015,ALI-03015,Café en Grano 1 kg Zenit Essential,Alimentos,Zenit,648.85,22,Distribuidora Pacífico,2025-07-19,No
3016,HOG-03016,Sartén Antiadherente 24 cm Urban Prime,Hogar,Urban,2129.22,244,Distribuidora Pacífico,2025-04-06,Sí
3017,DEP-03017,Guantes Deportivos Altura Advance,Deportes,Altura,156.78,42,Distribuidora Metropolitana,2025-03-22,Sí
3018,ALI-03018,Pasta Spaghetti 500 g Altura Plus,Alimentos,Altura,722.05,168,Distribuidora Metropolitana,2025-03-17,Sí
3019,HOG-03019,Termo Térmico Cobalto Eco,Hogar,Cobalto,920.18,314,Distribuidora Nova,2024-03-16,Sí
3020,ALI-03020,Café Descafeinado 400 g Vitta Pro,Alimentos,Vitta,677.75,11,Distribuidora del Norte,2024-04-10,Sí
3021,HOG-03021,Termo Térmico Nova Classic,Hogar,Nova,1245.43,301,Distribuidora Pacífico,2025-11-12,Sí
3022,ELE-03022,Cargador USB-C 20W Aurea Lite,Electrónica,Aurea,204.87,168,Distribuidora del Norte,2026-02-17,Sí
3023,OFI-03023,Memoria USB 128 GB Brava Lite,Oficina,Brava,1039.87,291,Distribuidora Pacífico,2024-11-11,Sí
3024,ALI-03024,Café Americano 500 g Cobalto Advance,Alimentos,Cobalto,590.85,185,Distribuidora Nova,2024-11-11,Sí
3025,CUI-03025,Crema Corporal Nutritiva 400 ml Prisma Plus,Cuidado personal,Prisma,2681.44,209,Distribuidora Bajío,2024-08-08,Sí
3026,CUI-03026,Cepillo Dental Medio Vitta Eco,Cuidado personal,Vitta,1403.89,284,Distribuidora Pacífico,2026-06-04,Sí
3027,CUI-03027,Rasuradora de Precisión Marea Eco,Cuidado personal,Marea,1941.86,76,Distribuidora Mexicana,2025-01-11,Sí
3028,ALI-03028,Galletas con Chocolate 300 g Nexo Pro,Alimentos,Nexo,431.77,84,Distribuidora Central,2026-02-17,Sí
3029,CUI-03029,Crema Corporal Hidratante 400 ml Brava Prime,Cuidado personal,Brava,622.43,223,Distribuidora Metropolitana,2025-03-13,Sí
3030,OFI-03030,Silla con Soporte Lumbar Urban Max,Oficina,Urban,3031.21,312,Distribuidora Hidalgo,2024-10-12,Sí
3031,CUI-03031,Crema Corporal con Aloe 500 ml Terra Classic,Cuidado personal,Terra,1627.26,294,Distribuidora Bajío,2024-12-08,Sí
3032,HOG-03032,Sartén de Acero 26 cm Aurea Plus,Hogar,Aurea,2348.06,165,Distribuidora Metropolitana,2025-12-01,Sí
3033,OFI-03033,Memoria USB 64 GB Nativa Classic,Oficina,Nativa,3240.35,234,Distribuidora Pacífico,2024-03-30,Sí
3034,ELE-03034,Webcam con Micrófono Zenit Pro,Electrónica,Zenit,1584.62,165,Distribuidora del Norte,2026-05-09,Sí
3035,ELE-03035,Cargador Doble Puerto Urban Classic,Electrónica,Urban,1270.06,137,Distribuidora Hidalgo,2024-12-30,Sí
3036,ELE-03036,Mouse Óptico Kairo Plus,Electrónica,Kairo,2197.11,225,Distribuidora Hidalgo,2024-08-31,Sí
3037,ELE-03037,Audífonos Inalámbricos Prisma Lite,Electrónica,Prisma,2889.89,31,Distribuidora del Norte,2025-02-09,Sí
3038,ELE-03038,Audífonos USB-C Nativa Pro,Electrónica,Nativa,727.05,143,Distribuidora Mexicana,2024-05-09,Sí
3039,CUI-03039,Crema Corporal con Aloe 500 ml Nexo Max,Cuidado personal,Nexo,1095.84,283,Distribuidora Central,2025-08-04,Sí
3040,OFI-03040,Silla Ergonómica Lumina Lite,Oficina,Lumina,5825.02,140,Distribuidora Central,2026-03-23,Sí
3041,OFI-03041,Memoria USB 32 GB Lumina Prime,Oficina,Lumina,5226.47,224,Distribuidora Nova,2025-01-18,Sí
3042,CUI-03042,Rasuradora de Precisión Nativa Plus,Cuidado personal,Nativa,2602.21,167,Distribuidora Pacífico,2024-10-06,Sí
3043,ELE-03043,Mouse Ergonómico Vitta Eco,Electrónica,Vitta,286.02,223,Distribuidora Bajío,2026-05-26,Sí
3044,ALI-03044,Aceite Vegetal 1 L Vitta Max,Alimentos,Vitta,130.29,322,Distribuidora Metropolitana,2026-02-06,Sí
3045,ALI-03045,Pasta Fusilli 500 g Lumina Plus,Alimentos,Lumina,488.86,78,Distribuidora Metropolitana,2025-02-22,Sí
3046,ALI-03046,Cereal de Avena 500 g Prisma Essential,Alimentos,Prisma,157.13,43,Distribuidora Metropolitana,2024-11-24,Sí
3047,ALI-03047,Cereal de Avena 500 g Brava Essential,Alimentos,Brava,546.35,232,Distribuidora Metropolitana,2026-06-14,Sí
3048,HOG-03048,Lámpara LED Zenit Pro,Hogar,Zenit,1087.62,111,Distribuidora Metropolitana,2025-02-11,Sí
3049,CUI-03049,Cepillo Dental Pack 3 Zenit Essential,Cuidado personal,Zenit,1272.76,312,Distribuidora Central,2026-05-01,Sí
3050,OFI-03050,Cuaderno Profesional Lumina Max,Oficina,Lumina,2917.25,189,Distribuidora del Norte,2024-06-05,Sí
3051,ALI-03051,Pasta Penne 500 g Orion Classic,Alimentos,Orion,492.51,84,Distribuidora Metropolitana,2024-07-29,Sí
3052,DEP-03052,Mancuerna 10 kg Brava Lite,Deportes,Brava,2360.61,172,Distribuidora Bajío,2024-10-05,Sí
3053,DEP-03053,Mancuerna Hexagonal Marea Advance,Deportes,Marea,2701.86,246,Distribuidora Central,2025-01-05,Sí
3054,ALI-03054,Galletas Integrales 350 g Aurea Classic,Alimentos,Aurea,197.34,221,Distribuidora Bajío,2025-11-04,Sí
3055,OFI-03055,Silla Ejecutiva Vitta Essential,Oficina,Vitta,4985.53,136,Distribuidora Central,2025-05-13,Sí
3056,ALI-03056,Cereal con Frutos 450 g Orion Prime,Alimentos,Orion,187.93,303,Distribuidora Bajío,2025-04-22,Sí
3057,ELE-03057,Webcam Full HD Orion Plus,Electrónica,Orion,3330.65,329,Distribuidora Pacífico,2025-04-18,Sí
3058,HOG-03058,Sartén de Acero 26 cm Terra Select,Hogar,Terra,1683.97,337,Distribuidora Pacífico,2025-12-11,Sí
3059,HOG-03059,Organizador Multiusos Prisma Max,Hogar,Prisma,2406.86,172,Distribuidora Hidalgo,2024-09-17,Sí
3060,OFI-03060,Calculadora Financiera Kairo Plus,Oficina,Kairo,2381.88,168,Distribuidora Metropolitana,2025-04-23,Sí
3061,ALI-03061,Pasta Spaghetti 500 g Brava Pro,Alimentos,Brava,440.18,190,Distribuidora Metropolitana,2025-07-19,No
3062,ALI-03062,Galletas Integrales 350 g Nativa Advance,Alimentos,Nativa,258.29,249,Distribuidora Metropolitana,2026-08-08,Sí
3063,ALI-03063,Aceite de Aguacate 500 ml Altura Pro,Alimentos,Altura,634.46,271,Distribuidora Pacífico,2025-10-05,Sí
3064,HOG-03064,Juego de Toallas 4 Piezas Brava Select,Hogar,Brava,1873.83,335,Distribuidora Pacífico,2025-03-30,No
3065,ELE-03065,Bocina Bluetooth Terra Eco,Electrónica,Terra,2851.99,227,Distribuidora del Norte,2024-09-17,Sí
3066,DEP-03066,Guantes con Muñequera Brava Classic,Deportes,Brava,451.25,178,Distribuidora Metropolitana,2025-08-08,Sí
3067,ELE-03067,Cargador USB-C 45W Nativa Classic,Electrónica,Nativa,1398.09,206,Distribuidora Central,2024-05-05,Sí
3068,HOG-03068,Termo Térmico Orion Essential,Hogar,Orion,267.36,178,Distribuidora Central,2025-11-05,Sí
3069,ELE-03069,Bocina Bluetooth Zenit Max,Electrónica,Zenit,2067.81,330,Distribuidora Pacífico,2025-08-11,No
3070,CUI-03070,Rasuradora 3 Cabezas Marea Prime,Cuidado personal,Marea,1917.46,203,Distribuidora Mexicana,2024-04-22,Sí
3071,OFI-03071,Memoria USB 64 GB Urban Max,Oficina,Urban,2431.36,127,Distribuidora Metropolitana,2024-07-21,Sí
3072,DEP-03072,Tapete de Yoga Antideslizante Prisma Lite,Deportes,Prisma,1818.55,23,Distribuidora Bajío,2024-02-29,Sí
3073,HOG-03073,Termo 750 ml Terra Plus,Hogar,Terra,2419.23,118,Distribuidora Metropolitana,2026-04-19,Sí
3074,HOG-03074,Termo 500 ml Lumina Classic,Hogar,Lumina,537.74,309,Distribuidora Bajío,2026-07-21,Sí
3075,HOG-03075,Juego de Toallas 6 Piezas Brava Eco,Hogar,Brava,1059.56,344,Distribuidora Nova,2024-11-17,Sí
3076,ALI-03076,Galletas Integrales 350 g Cobalto Plus,Alimentos,Cobalto,760.84,137,Distribuidora Central,2024-07-19,Sí
3077,ALI-03077,Café Molido 500 g Cobalto Select,Alimentos,Cobalto,647.75,321,Distribuidora Hidalgo,2026-05-13,Sí
3078,HOG-03078,Juego de Toallas Algodón Nexo Prime,Hogar,Nexo,518.17,342,Distribuidora Hidalgo,2024-08-30,Sí
3079,DEP-03079,Guantes Deportivos Lumina Pro,Deportes,Lumina,2668.3,267,Distribuidora Hidalgo,2025-03-15,Sí
3080,ELE-03080,Audífonos Inalámbricos Vitta Select,Electrónica,Vitta,2818.16,85,Distribuidora del Norte,2024-09-27,Sí
3081,HOG-03081,Sartén Antiadherente 24 cm Zenit Plus,Hogar,Zenit,2313.32,299,Distribuidora Bajío,2026-03-19,Sí
3082,CUI-03082,Crema Corporal con Aloe 500 ml Kairo Eco,Cuidado personal,Kairo,2734.96,163,Distribuidora Bajío,2024-09-27,Sí
3083,OFI-03083,Silla de Oficina Aurea Pro,Oficina,Aurea,2270.22,162,Distribuidora Pacífico,2024-10-20,Sí
3084,ELE-03084,Cargador USB-C 20W Marea Plus,Electrónica,Marea,865.33,230,Distribuidora Nova,2025-06-07,Sí
3085,ALI-03085,Pasta Spaghetti 500 g Altura Select,Alimentos,Altura,452.73,331,Distribuidora del Norte,2025-12-07,Sí
3086,DEP-03086,Balón de Voleibol Orion Lite,Deportes,Orion,2354.71,143,Distribuidora Bajío,2026-08-19,Sí
3087,DEP-03087,Tapete de Yoga 8 mm Nova Plus,Deportes,Nova,848.61,267,Distribuidora Nova,2024-07-22,Sí
3088,OFI-03088,Cuaderno Profesional Orion Pro,Oficina,Orion,2676.55,277,Distribuidora Nova,2026-07-22,Sí
3089,HOG-03089,Lámpara Minimalista Zenit Classic,Hogar,Zenit,1213.29,247,Distribuidora Central,2026-01-19,Sí
3090,DEP-03090,Balón Entrenamiento Orion Lite,Deportes,Orion,779.36,238,Distribuidora Hidalgo,2024-05-27,Sí
3091,OFI-03091,Cuaderno Cuadriculado Urban Max,Oficina,Urban,4144.45,33,Distribuidora Hidalgo,2024-07-08,Sí
3092,DEP-03092,Tapete de Yoga 6 mm Kairo Lite,Deportes,Kairo,1612.54,264,Distribuidora Hidalgo,2025-07-28,No
3093,OFI-03093,Cuaderno Cuadriculado Brava Essential,Oficina,Brava,1383.99,343,Distribuidora Mexicana,2025-01-31,Sí
3094,ALI-03094,Pasta Penne 500 g Terra Advance,Alimentos,Terra,357.36,152,Distribuidora del Norte,2025-08-25,Sí
3095,DEP-03095,Botella Deportiva con Popote Brava Advance,Deportes,Brava,2072.84,198,Distribuidora Pacífico,2026-03-26,Sí
3096,ELE-03096,Cargador Doble Puerto Nova Select,Electrónica,Nova,1148.53,172,Distribuidora del Norte,2025-12-23,Sí
3097,DEP-03097,Botella Deportiva 750 ml Lumina Prime,Deportes,Lumina,1714.68,51,Distribuidora Nova,2025-02-10,Sí
3098,HOG-03098,Termo Térmico Cobalto Essential,Hogar,Cobalto,1197.94,89,Distribuidora del Norte,2024-12-06,Sí
3099,ELE-03099,Cargador USB-C 45W Zenit Pro,Electrónica,Zenit,2765.21,174,Distribuidora Mexicana,2025-02-15,Sí
3100,HOG-03100,Organizador de Cocina Urban Advance,Hogar,Urban,1857.63,12,Distribuidora Bajío,2025-01-10,Sí
3101,CUI-03101,Shampoo Hidratante 750 ml Brava Select,Cuidado personal,Brava,2173.02,188,Distribuidora Nova,2026-02-13,Sí
3102,OFI-03102,Mochila para Laptop 15.6 Nova Eco,Oficina,Nova,2194.49,122,Distribuidora Metropolitana,2026-05-21,Sí
3103,OFI-03103,Calculadora Básica Zenit Advance,Oficina,Zenit,1333.2,176,Distribuidora del Norte,2024-01-27,Sí
3104,ALI-03104,Café Americano 500 g Altura Plus,Alimentos,Altura,141.52,278,Distribuidora Nova,2024-07-12,Sí
3105,OFI-03105,Calculadora Financiera Nova Select,Oficina,Nova,2056.05,308,Distribuidora Bajío,2024-04-12,Sí
3106,DEP-03106,Botella Deportiva Térmica Nova Select,Deportes,Nova,184.04,210,Distribuidora Bajío,2026-07-18,Sí
3107,CUI-03107,Cepillo Dental Suave Vitta Classic,Cuidado personal,Vitta,2551.35,195,Distribuidora Central,2024-12-03,Sí
3108,DEP-03108,Mancuerna 10 kg Marea Select,Deportes,Marea,784.69,197,Distribuidora Pacífico,2024-04-28,Sí
3109,DEP-03109,Balón Entrenamiento Cobalto Eco,Deportes,Cobalto,2584.93,4,Distribuidora Hidalgo,2024-10-13,Sí
3110,OFI-03110,Memoria USB USB 3.2 Brava Plus,Oficina,Brava,3846.31,241,Distribuidora Nova,2024-02-15,Sí
3111,HOG-03111,Sartén de Acero 26 cm Urban Max,Hogar,Urban,885.66,255,Distribuidora Pacífico,2026-06-08,Sí
3112,ELE-03112,Mouse Gaming Altura Advance,Electrónica,Altura,1165.63,224,Distribuidora Nova,2026-05-13,Sí
3113,ELE-03113,Mouse Óptico Nova Prime,Electrónica,Nova,2980.17,83,Distribuidora Bajío,2024-02-22,Sí
3114,CUI-03114,Cepillo Dental Pack 3 Nativa Eco,Cuidado personal,Nativa,2336.2,53,Distribuidora del Norte,2024-02-22,Sí
3115,CUI-03115,Rasuradora de Precisión Kairo Max,Cuidado personal,Kairo,1042.11,344,Distribuidora Metropolitana,2025-03-04,Sí
3116,HOG-03116,Termo Térmico Vitta Pro,Hogar,Vitta,1016.51,295,Distribuidora Nova,2024-10-30,Sí
3117,OFI-03117,Cuaderno de Notas Nova Advance,Oficina,Nova,3061.55,350,Distribuidora Hidalgo,2025-06-25,Sí
3118,ALI-03118,Aceite de Oliva 500 ml Urban Eco,Alimentos,Urban,585.04,305,Distribuidora Mexicana,2026-08-02,Sí
3119,ALI-03119,Aceite de Oliva 500 ml Aurea Lite,Alimentos,Aurea,127.34,209,Distribuidora Bajío,2024-02-04,Sí
3120,DEP-03120,Balón Entrenamiento Cobalto Advance,Deportes,Cobalto,1179.04,20,Distribuidora Nova,2025-08-06,Sí
3121,DEP-03121,Tapete de Yoga con Correa Brava Max,Deportes,Brava,1452.15,94,Distribuidora Bajío,2024-03-12,Sí
3122,ELE-03122,Audífonos con Micrófono Brava Prime,Electrónica,Brava,561.73,283,Distribuidora Hidalgo,2024-06-25,Sí
3123,ELE-03123,Bocina Portátil Kairo Select,Electrónica,Kairo,698.28,98,Distribuidora Nova,2024-02-23,Sí
3124,HOG-03124,Termo 750 ml Terra Classic,Hogar,Terra,996.39,205,Distribuidora Central,2026-05-04,Sí
3125,DEP-03125,Guantes Deportivos Brava Essential,Deportes,Brava,1249.59,176,Distribuidora Mexicana,2024-07-14,Sí
3126,CUI-03126,Rasuradora Corporal Vitta Advance,Cuidado personal,Vitta,886.4,69,Distribuidora Metropolitana,2024-09-05,Sí
3127,ELE-03127,Audífonos con Micrófono Terra Classic,Electrónica,Terra,1928.06,284,Distribuidora Metropolitana,2024-10-21,Sí
3128,OFI-03128,Mochila para Laptop 15.6 Orion Advance,Oficina,Orion,3802.76,266,Distribuidora Central,2024-09-19,Sí
3129,OFI-03129,Calculadora de Escritorio Nova Prime,Oficina,Nova,1511.57,227,Distribuidora Hidalgo,2026-02-17,Sí
3130,HOG-03130,Sartén Antiadherente 28 cm Nova Max,Hogar,Nova,1427.26,217,Distribuidora Bajío,2025-07-11,Sí
3131,ALI-03131,Cereal Integral 500 g Brava Advance,Alimentos,Brava,761.04,86,Distribuidora del Norte,2024-09-12,Sí
3132,DEP-03132,Botella Deportiva 750 ml Marea Lite,Deportes,Marea,1256.74,212,Distribuidora Nova,2026-09-01,Sí
3133,CUI-03133,Crema Corporal Nutritiva 400 ml Nativa Advance,Cuidado personal,Nativa,1489.43,247,Distribuidora Mexicana,2026-07-30,Sí
3134,DEP-03134,Tapete de Yoga 6 mm Terra Pro,Deportes,Terra,2433.2,290,Distribuidora Metropolitana,2026-03-27,Sí
3135,CUI-03135,Shampoo Anticaspa 650 ml Zenit Classic,Cuidado personal,Zenit,872.35,218,Distribuidora Central,2024-08-28,Sí
3136,HOG-03136,Termo 500 ml Nativa Essential,Hogar,Nativa,125.91,40,Distribuidora Central,2024-07-02,Sí
3137,OFI-03137,Calculadora Científica Vitta Essential,Oficina,Vitta,912.54,81,Distribuidora Central,2024-03-25,Sí
3138,DEP-03138,Mancuerna Ajustable Prisma Classic,Deportes,Prisma,283.46,141,Distribuidora Bajío,2025-09-26,Sí
3139,ALI-03139,Café Molido 500 g Terra Eco,Alimentos,Terra,346.25,238,Distribuidora Metropolitana,2025-10-27,Sí
3140,ELE-03140,Mouse Ergonómico Zenit Advance,Electrónica,Zenit,1647.51,141,Distribuidora Mexicana,2026-04-25,Sí
3141,ALI-03141,Aceite de Oliva 500 ml Nativa Lite,Alimentos,Nativa,728.22,174,Distribuidora Pacífico,2026-01-22,Sí
3142,HOG-03142,Organizador de Cocina Prisma Lite,Hogar,Prisma,2383.68,72,Distribuidora Nova,2025-12-06,Sí
3143,DEP-03143,Guantes de Gimnasio Urban Essential,Deportes,Urban,2404.26,132,Distribuidora Metropolitana,2025-04-01,Sí
3144,HOG-03144,Organizador de Escritorio Zenit Max,Hogar,Zenit,261.66,339,Distribuidora Metropolitana,2025-05-27,Sí
3145,CUI-03145,Rasuradora Recargable Orion Prime,Cuidado personal,Orion,166.96,54,Distribuidora Hidalgo,2025-05-23,Sí
3146,DEP-03146,Tapete de Yoga 6 mm Vitta Prime,Deportes,Vitta,303.22,66,Distribuidora Central,2024-05-02,Sí
3147,HOG-03147,Termo de Acero Inoxidable Vitta Select,Hogar,Vitta,627.96,76,Distribuidora Bajío,2026-05-11,No
3148,OFI-03148,Memoria USB 64 GB Nativa Advance,Oficina,Nativa,2065.54,82,Distribuidora del Norte,2024-12-17,Sí
3149,ALI-03149,Pasta Penne 500 g Orion Plus,Alimentos,Orion,357.32,108,Distribuidora Bajío,2024-03-26,Sí
3150,HOG-03150,Lámpara Minimalista Marea Max,Hogar,Marea,811.54,56,Distribuidora Pacífico,2026-07-25,Sí
3151,CUI-03151,Rasuradora 3 Cabezas Urban Pro,Cuidado personal,Urban,1106.61,177,Distribuidora del Norte,2025-06-13,Sí
3152,HOG-03152,Lámpara LED Kairo Advance,Hogar,Kairo,2383.98,240,Distribuidora Bajío,2024-08-29,Sí
3153,ALI-03153,Aceite Vegetal 1 L Cobalto Max,Alimentos,Cobalto,158.01,132,Distribuidora Pacífico,2024-07-14,Sí
3154,HOG-03154,Sartén Antiadherente 28 cm Cobalto Lite,Hogar,Cobalto,1277.89,309,Distribuidora Hidalgo,2025-01-05,Sí
3155,OFI-03155,Silla de Oficina Brava Lite,Oficina,Brava,5203.1,331,Distribuidora Central,2026-05-04,Sí
3156,CUI-03156,Shampoo Hidratante 750 ml Terra Lite,Cuidado personal,Terra,1827.59,328,Distribuidora Pacífico,2024-05-08,Sí
3157,CUI-03157,Rasuradora Recargable Nova Essential,Cuidado personal,Nova,1608.24,4,Distribuidora del Norte,2025-03-05,Sí
3158,DEP-03158,Tapete de Yoga con Correa Urban Pro,Deportes,Urban,927.03,85,Distribuidora Hidalgo,2025-01-26,Sí
3159,ALI-03159,Cereal Integral 500 g Prisma Classic,Alimentos,Prisma,484.68,16,Distribuidora Nova,2025-02-26,Sí
3160,HOG-03160,Lámpara de Escritorio Terra Essential,Hogar,Terra,2286.94,347,Distribuidora Metropolitana,2024-05-31,Sí
3161,ELE-03161,Webcam Full HD Cobalto Pro,Electrónica,Cobalto,2894.63,202,Distribuidora Pacífico,2026-07-22,Sí
3162,DEP-03162,Mancuerna Hexagonal Nova Essential,Deportes,Nova,1934.33,267,Distribuidora Pacífico,2024-05-08,Sí
3163,HOG-03163,Organizador Multiusos Terra Max,Hogar,Terra,2017.73,83,Distribuidora Mexicana,2025-08-12,Sí
3164,HOG-03164,Sartén de Acero 26 cm Urban Eco,Hogar,Urban,2285.06,246,Distribuidora Bajío,2026-03-27,Sí
3165,OFI-03165,Mochila para Laptop 15.6 Nexo Pro,Oficina,Nexo,2607.13,83,Distribuidora Pacífico,2025-04-21,Sí
3166,HOG-03166,Juego de Toallas 6 Piezas Nova Essential,Hogar,Nova,1820.68,73,Distribuidora Central,2025-08-11,No
3167,ALI-03167,Café Descafeinado 400 g Kairo Max,Alimentos,Kairo,339.69,330,Distribuidora Pacífico,2024-11-04,Sí
3168,CUI-03168,Rasuradora 3 Cabezas Marea Prime,Cuidado personal,Marea,760.51,26,Distribuidora Pacífico,2024-06-29,Sí
3169,ELE-03169,Bocina Resistente al Agua Vitta Essential,Electrónica,Vitta,2610.27,226,Distribuidora Metropolitana,2026-04-10,Sí
3170,CUI-03170,Crema Corporal Nutritiva 400 ml Aurea Classic,Cuidado personal,Aurea,2677.71,350,Distribuidora Hidalgo,2025-08-24,No
3171,OFI-03171,Mochila Ejecutiva Prisma Pro,Oficina,Prisma,3096.82,285,Distribuidora Nova,2024-12-08,Sí
3172,HOG-03172,Termo 500 ml Brava Select,Hogar,Brava,126.66,246,Distribuidora Nova,2024-10-10,Sí
3173,ALI-03173,Cereal Integral 500 g Nexo Select,Alimentos,Nexo,352.48,51,Distribuidora Mexicana,2024-06-05,Sí
3174,DEP-03174,Mancuerna 5 kg Prisma Select,Deportes,Prisma,2168.43,234,Distribuidora Mexicana,2024-02-26,Sí
3175,OFI-03175,Cuaderno Pasta Dura Lumina Eco,Oficina,Lumina,322.45,127,Distribuidora Mexicana,2024-11-30,Sí
3176,ELE-03176,Bocina Bluetooth Prisma Prime,Electrónica,Prisma,1235.29,255,Distribuidora Central,2026-04-03,Sí
3177,OFI-03177,Cuaderno Pasta Dura Vitta Pro,Oficina,Vitta,5374.93,345,Distribuidora Pacífico,2026-08-27,Sí
3178,OFI-03178,Cuaderno Profesional Nexo Prime,Oficina,Nexo,4883.8,44,Distribuidora Mexicana,2024-11-24,Sí
3179,ELE-03179,Bocina Bluetooth Lumina Select,Electrónica,Lumina,2903.69,176,Distribuidora Central,2024-12-23,Sí
3180,HOG-03180,Sartén de Acero 26 cm Terra Plus,Hogar,Terra,1570.86,240,Distribuidora del Norte,2024-12-07,Sí
3181,OFI-03181,Calculadora Financiera Orion Eco,Oficina,Orion,2612.9,118,Distribuidora Mexicana,2025-06-11,Sí
3182,HOG-03182,Sartén Antiadherente 28 cm Brava Essential,Hogar,Brava,2111.55,220,Distribuidora del Norte,2026-02-01,Sí
3183,ELE-03183,Webcam con Micrófono Urban Select,Electrónica,Urban,1207.41,4,Distribuidora Central,2025-04-14,Sí
3184,ELE-03184,Mouse Inalámbrico Kairo Pro,Electrónica,Kairo,332.36,310,Distribuidora Hidalgo,2025-05-27,Sí
3185,ALI-03185,Aceite Vegetal 1 L Cobalto Max,Alimentos,Cobalto,704.0,156,Distribuidora Nova,2025-12-03,Sí
3186,DEP-03186,Botella Deportiva 750 ml Altura Plus,Deportes,Altura,217.42,145,Distribuidora Hidalgo,2026-01-20,Sí
3187,ELE-03187,Webcam 2K Vitta Max,Electrónica,Vitta,2933.04,268,Distribuidora del Norte,2025-07-04,Sí
3188,ELE-03188,Mouse Óptico Orion Eco,Electrónica,Orion,3292.21,284,Distribuidora del Norte,2025-02-21,Sí
3189,DEP-03189,Guantes Deportivos Lumina Lite,Deportes,Lumina,2467.34,180,Distribuidora Hidalgo,2026-08-11,Sí
3190,OFI-03190,Cuaderno Cuadriculado Marea Eco,Oficina,Marea,4560.16,274,Distribuidora Mexicana,2025-01-24,Sí
3191,CUI-03191,Shampoo Hidratante 750 ml Nativa Pro,Cuidado personal,Nativa,2012.83,80,Distribuidora Central,2026-01-11,Sí
3192,CUI-03192,Shampoo Reparador 700 ml Kairo Max,Cuidado personal,Kairo,470.05,98,Distribuidora Bajío,2024-08-03,Sí
3193,OFI-03193,Cuaderno Cuadriculado Brava Essential,Oficina,Brava,5757.02,113,Distribuidora Central,2026-02-26,Sí
3194,DEP-03194,Guantes Deportivos Orion Classic,Deportes,Orion,1097.84,145,Distribuidora Nova,2025-02-25,Sí
3195,ELE-03195,Mouse Óptico Nativa Classic,Electrónica,Nativa,2039.4,222,Distribuidora Hidalgo,2025-06-23,Sí
3196,DEP-03196,Balón de Voleibol Lumina Lite,Deportes,Lumina,1071.49,251,Distribuidora del Norte,2024-03-27,Sí
3197,OFI-03197,Silla Ergonómica Prisma Advance,Oficina,Prisma,4779.99,205,Distribuidora Nova,2024-11-06,Sí
3198,ELE-03198,Cargador USB-C 20W Cobalto Select,Electrónica,Cobalto,2120.71,75,Distribuidora Central,2026-01-07,No
3199,OFI-03199,Memoria USB 128 GB Urban Prime,Oficina,Urban,4558.23,109,Distribuidora Nova,2026-02-28,Sí
3200,DEP-03200,Balón de Básquetbol Nova Select,Deportes,Nova,378.32,253,Distribuidora Bajío,2024-04-20,Sí
3201,HOG-03201,Juego de Toallas Algodón Prisma Classic,Hogar,Prisma,1403.96,344,Distribuidora Mexicana,2024-01-13,Sí
3202,HOG-03202,Sartén de Acero 26 cm Altura Pro,Hogar,Altura,2387.53,148,Distribuidora Metropolitana,2024-11-24,No
3203,ELE-03203,Mouse Gaming Altura Lite,Electrónica,Altura,3477.32,18,Distribuidora Nova,2025-08-04,Sí
3204,DEP-03204,Balón de Básquetbol Nativa Pro,Deportes,Nativa,990.68,49,Distribuidora Hidalgo,2024-08-07,No
3205,OFI-03205,Mochila Ejecutiva Altura Essential,Oficina,Altura,213.38,40,Distribuidora Pacífico,2024-08-16,Sí
3206,CUI-03206,Cepillo Dental Medio Nova Max,Cuidado personal,Nova,1949.78,142,Distribuidora del Norte,2025-03-24,Sí
3207,CUI-03207,Rasuradora Corporal Terra Eco,Cuidado personal,Terra,2123.15,78,Distribuidora Bajío,2025-12-10,Sí
3208,ELE-03208,Cargador Doble Puerto Nexo Pro,Electrónica,Nexo,1277.36,231,Distribuidora Metropolitana,2025-10-09,Sí
3209,ELE-03209,Teclado Inalámbrico Brava Essential,Electrónica,Brava,583.29,146,Distribuidora Central,2025-01-16,Sí
3210,DEP-03210,Balón de Fútbol Nexo Prime,Deportes,Nexo,318.34,188,Distribuidora Central,2026-04-25,Sí
3211,CUI-03211,Crema Corporal Nutritiva 400 ml Nova Prime,Cuidado personal,Nova,236.26,206,Distribuidora Hidalgo,2024-02-14,Sí
3212,ELE-03212,Teclado Inalámbrico Vitta Max,Electrónica,Vitta,1915.13,150,Distribuidora Pacífico,2025-05-12,Sí
3213,ELE-03213,Cargador Doble Puerto Aurea Eco,Electrónica,Aurea,426.71,71,Distribuidora Bajío,2025-02-04,Sí
3214,CUI-03214,Cepillo Dental Pack 3 Kairo Pro,Cuidado personal,Kairo,85.8,81,Distribuidora Pacífico,2025-12-11,Sí
3215,OFI-03215,Memoria USB USB 3.2 Aurea Plus,Oficina,Aurea,1492.1,236,Distribuidora Nova,2025-04-18,Sí
3216,OFI-03216,Cuaderno de Notas Lumina Plus,Oficina,Lumina,5482.52,16,Distribuidora Mexicana,2025-01-24,Sí
3217,ALI-03217,Galletas de Avena 300 g Terra Plus,Alimentos,Terra,492.71,127,Distribuidora Hidalgo,2024-01-07,Sí
3218,ELE-03218,Mouse Óptico Lumina Lite,Electrónica,Lumina,2051.33,63,Distribuidora del Norte,2026-04-14,Sí
3219,CUI-03219,Crema Corporal Nutritiva 400 ml Marea Eco,Cuidado personal,Marea,2678.96,346,Distribuidora Mexicana,2026-06-28,Sí
3220,DEP-03220,Balón de Básquetbol Kairo Plus,Deportes,Kairo,2908.27,112,Distribuidora Pacífico,2024-03-21,Sí
3221,HOG-03221,Lámpara de Escritorio Orion Lite,Hogar,Orion,1612.04,159,Distribuidora Central,2026-08-29,Sí
3222,ELE-03222,Webcam 2K Nexo Prime,Electrónica,Nexo,2280.21,227,Distribuidora Central,2024-11-13,Sí
3223,ELE-03223,Cargador Inalámbrico Urban Essential,Electrónica,Urban,2066.96,140,Distribuidora Central,2026-04-06,Sí
3224,DEP-03224,Balón de Fútbol Kairo Lite,Deportes,Kairo,1424.02,108,Distribuidora del Norte,2024-01-23,Sí
3225,OFI-03225,Calculadora Financiera Terra Prime,Oficina,Terra,2860.75,78,Distribuidora Bajío,2024-12-01,Sí
3226,DEP-03226,Guantes Deportivos Altura Max,Deportes,Altura,2200.62,13,Distribuidora Nova,2024-08-07,Sí
3227,DEP-03227,Mancuerna Ajustable Cobalto Essential,Deportes,Cobalto,1847.42,117,Distribuidora Nova,2025-09-15,Sí
3228,HOG-03228,Juego de Toallas 6 Piezas Lumina Pro,Hogar,Lumina,2053.29,207,Distribuidora Pacífico,2024-03-13,No
3229,DEP-03229,Botella Deportiva 1 L Nexo Eco,Deportes,Nexo,2297.92,230,Distribuidora Metropolitana,2024-08-27,Sí
3230,ALI-03230,Galletas de Avena 300 g Prisma Max,Alimentos,Prisma,741.31,203,Distribuidora Nova,2024-03-30,Sí
3231,ELE-03231,Audífonos Bluetooth Zenit Prime,Electrónica,Zenit,1138.33,48,Distribuidora Mexicana,2024-11-25,Sí
3232,ELE-03232,Bocina Inteligente Nova Essential,Electrónica,Nova,1090.01,148,Distribuidora Hidalgo,2025-04-20,Sí
3233,CUI-03233,Rasuradora Corporal Terra Lite,Cuidado personal,Terra,235.95,6,Distribuidora Nova,2025-02-19,Sí
3234,ELE-03234,Audífonos con Micrófono Cobalto Essential,Electrónica,Cobalto,2673.2,227,Distribuidora Bajío,2026-08-30,Sí
3235,HOG-03235,Juego de Toallas 6 Piezas Kairo Advance,Hogar,Kairo,556.4,103,Distribuidora Central,2025-03-30,Sí
3236,ELE-03236,Audífonos con Micrófono Orion Advance,Electrónica,Orion,2505.67,216,Distribuidora Central,2024-02-07,Sí
3237,ELE-03237,Teclado Mecánico Terra Classic,Electrónica,Terra,1132.98,182,Distribuidora Metropolitana,2026-05-19,Sí
3238,DEP-03238,Mancuerna 10 kg Brava Select,Deportes,Brava,2025.85,265,Distribuidora Pacífico,2025-11-10,Sí
3239,DEP-03239,Mancuerna Ajustable Nexo Select,Deportes,Nexo,1740.56,55,Distribuidora Bajío,2026-03-05,Sí
3240,HOG-03240,Organizador Multiusos Brava Essential,Hogar,Brava,2199.97,28,Distribuidora Pacífico,2025-09-24,Sí
3241,CUI-03241,Secadora Iónica Zenit Eco,Cuidado personal,Zenit,2743.77,109,Distribuidora Hidalgo,2026-01-04,Sí
3242,ALI-03242,Galletas Integrales 350 g Cobalto Select,Alimentos,Cobalto,105.31,232,Distribuidora Nova,2025-08-04,Sí
3243,DEP-03243,Tapete de Yoga Antideslizante Nativa Pro,Deportes,Nativa,2792.66,100,Distribuidora Metropolitana,2026-05-16,Sí
3244,OFI-03244,Mochila Ejecutiva Nativa Eco,Oficina,Nativa,3335.53,339,Distribuidora del Norte,2024-09-24,Sí
3245,HOG-03245,Sartén de Acero 26 cm Aurea Plus,Hogar,Aurea,2243.8,246,Distribuidora Hidalgo,2025-03-26,Sí
3246,DEP-03246,Botella Deportiva con Popote Prisma Lite,Deportes,Prisma,1954.55,244,Distribuidora Nova,2026-04-24,Sí
3247,CUI-03247,Crema Corporal Hidratante 400 ml Orion Eco,Cuidado personal,Orion,420.23,12,Distribuidora Hidalgo,2025-12-15,Sí
3248,CUI-03248,Secadora Iónica Prisma Classic,Cuidado personal,Prisma,1127.72,205,Distribuidora Nova,2026-04-19,Sí
3249,ALI-03249,Galletas Integrales 350 g Nova Plus,Alimentos,Nova,751.53,339,Distribuidora Metropolitana,2025-01-04,Sí
3250,HOG-03250,Termo 750 ml Terra Pro,Hogar,Terra,1229.56,50,Distribuidora Hidalgo,2025-02-11,Sí
3251,CUI-03251,Crema Corporal con Aloe 500 ml Marea Pro,Cuidado personal,Marea,1709.34,332,Distribuidora Central,2024-12-03,No
3252,HOG-03252,Juego de Toallas Algodón Nova Essential,Hogar,Nova,1692.68,56,Distribuidora Central,2024-03-26,Sí
3253,DEP-03253,Botella Deportiva Térmica Lumina Advance,Deportes,Lumina,1426.65,287,Distribuidora Pacífico,2026-03-17,Sí
3254,ALI-03254,Galletas con Chocolate 300 g Lumina Pro,Alimentos,Lumina,758.41,118,Distribuidora Central,2024-02-18,Sí
3255,CUI-03255,Secadora Iónica Aurea Lite,Cuidado personal,Aurea,2396.07,340,Distribuidora Hidalgo,2026-05-02,Sí
3256,ELE-03256,Webcam Autofocus Nativa Pro,Electrónica,Nativa,807.75,111,Distribuidora del Norte,2024-03-03,Sí
3257,OFI-03257,Memoria USB 32 GB Nativa Max,Oficina,Nativa,5692.97,125,Distribuidora Hidalgo,2026-05-26,Sí
3258,OFI-03258,Calculadora Financiera Lumina Advance,Oficina,Lumina,861.03,36,Distribuidora Mexicana,2026-06-18,Sí
3259,DEP-03259,Tapete de Yoga 6 mm Zenit Classic,Deportes,Zenit,442.75,196,Distribuidora del Norte,2025-10-15,Sí
3260,ALI-03260,Cereal Integral 500 g Vitta Select,Alimentos,Vitta,345.02,59,Distribuidora Hidalgo,2025-09-14,Sí
3261,CUI-03261,Crema Corporal con Aloe 500 ml Lumina Eco,Cuidado personal,Lumina,2379.34,222,Distribuidora Pacífico,2024-01-16,Sí
3262,HOG-03262,Organizador de Cocina Brava Pro,Hogar,Brava,2444.58,71,Distribuidora Mexicana,2026-06-25,Sí
3263,DEP-03263,Balón de Fútbol Nexo Eco,Deportes,Nexo,2673.26,123,Distribuidora Bajío,2025-08-20,Sí
3264,CUI-03264,Secadora 2000 W Nexo Pro,Cuidado personal,Nexo,907.06,314,Distribuidora Hidalgo,2026-02-18,Sí
3265,OFI-03265,Memoria USB 128 GB Brava Eco,Oficina,Brava,4607.86,277,Distribuidora Hidalgo,2025-06-03,Sí
3266,ELE-03266,Audífonos USB-C Brava Select,Electrónica,Brava,304.21,131,Distribuidora Central,2025-09-11,Sí
3267,ELE-03267,Mouse Óptico Nativa Plus,Electrónica,Nativa,2966.05,162,Distribuidora Metropolitana,2025-08-31,Sí
3268,ALI-03268,Café Descafeinado 400 g Nexo Max,Alimentos,Nexo,435.72,312,Distribuidora Central,2024-06-24,Sí
3269,CUI-03269,Shampoo Reparador 700 ml Vitta Essential,Cuidado personal,Vitta,2009.26,136,Distribuidora Hidalgo,2026-09-03,Sí
3270,HOG-03270,Lámpara Minimalista Nexo Eco,Hogar,Nexo,1035.55,11,Distribuidora Nova,2024-05-29,Sí
3271,CUI-03271,Cepillo Dental Suave Nova Pro,Cuidado personal,Nova,1759.33,176,Distribuidora Bajío,2025-04-24,Sí
3272,ALI-03272,Aceite Vegetal 1 L Aurea Advance,Alimentos,Aurea,667.87,250,Distribuidora Metropolitana,2026-02-20,Sí
3273,CUI-03273,Crema Corporal con Aloe 500 ml Cobalto Classic,Cuidado personal,Cobalto,1923.75,37,Distribuidora del Norte,2025-05-05,Sí
3274,DEP-03274,Balón de Fútbol Aurea Lite,Deportes,Aurea,1327.78,181,Distribuidora Hidalgo,2026-09-07,Sí
3275,DEP-03275,Botella Deportiva 750 ml Nexo Prime,Deportes,Nexo,2847.9,149,Distribuidora Mexicana,2024-07-29,Sí
3276,ELE-03276,Cargador USB-C 20W Prisma Eco,Electrónica,Prisma,3352.41,16,Distribuidora Mexicana,2025-08-14,Sí
3277,ALI-03277,Pasta Fusilli 500 g Vitta Lite,Alimentos,Vitta,385.95,87,Distribuidora del Norte,2024-02-10,Sí
3278,ALI-03278,Galletas con Chocolate 300 g Aurea Plus,Alimentos,Aurea,157.95,225,Distribuidora Nova,2026-01-03,Sí
3279,OFI-03279,Calculadora Básica Vitta Pro,Oficina,Vitta,50.92,68,Distribuidora Central,2024-03-06,Sí
3280,ELE-03280,Cargador Inalámbrico Vitta Lite,Electrónica,Vitta,1723.37,344,Distribuidora del Norte,2025-03-23,Sí
3281,HOG-03281,Juego de Toallas Microfibra Aurea Eco,Hogar,Aurea,868.52,80,Distribuidora Metropolitana,2024-12-27,Sí
3282,ALI-03282,Café Molido 500 g Prisma Plus,Alimentos,Prisma,50.05,58,Distribuidora Pacífico,2025-12-06,Sí
3283,OFI-03283,Mochila Ejecutiva Urban Pro,Oficina,Urban,1275.46,24,Distribuidora Central,2024-08-02,Sí
3284,DEP-03284,Tapete de Yoga 8 mm Brava Prime,Deportes,Brava,200.41,334,Distribuidora Nova,2024-01-03,Sí
3285,HOG-03285,Sartén de Acero 26 cm Vitta Classic,Hogar,Vitta,556.93,233,Distribuidora Metropolitana,2026-04-06,Sí
3286,ELE-03286,Bocina Portátil Nova Advance,Electrónica,Nova,523.72,212,Distribuidora Hidalgo,2024-08-14,Sí
3287,DEP-03287,Guantes con Muñequera Nativa Classic,Deportes,Nativa,115.92,105,Distribuidora Central,2024-09-17,Sí
3288,OFI-03288,Cuaderno Profesional Zenit Plus,Oficina,Zenit,2634.67,135,Distribuidora Bajío,2024-01-05,No
3289,CUI-03289,Cepillo Dental Pack 3 Marea Lite,Cuidado personal,Marea,120.65,168,Distribuidora del Norte,2025-05-16,Sí
3290,HOG-03290,Termo Térmico Nexo Lite,Hogar,Nexo,87.69,66,Distribuidora Pacífico,2024-04-08,Sí
3291,ELE-03291,Mouse Inalámbrico Urban Advance,Electrónica,Urban,2069.04,212,Distribuidora del Norte,2026-01-18,Sí
3292,HOG-03292,Lámpara de Noche Nexo Prime,Hogar,Nexo,980.4,125,Distribuidora Mexicana,2024-05-16,Sí
3293,CUI-03293,Shampoo Anticaspa 650 ml Aurea Max,Cuidado personal,Aurea,1829.38,325,Distribuidora Pacífico,2024-08-28,Sí
3294,OFI-03294,Cuaderno Pasta Dura Nativa Eco,Oficina,Nativa,1074.86,174,Distribuidora Nova,2025-09-02,Sí
3295,ELE-03295,Audífonos Bluetooth Marea Pro,Electrónica,Marea,2886.19,163,Distribuidora Hidalgo,2026-05-04,Sí
3296,DEP-03296,Guantes de Ciclismo Zenit Essential,Deportes,Zenit,732.25,227,Distribuidora Pacífico,2025-06-28,Sí
3297,HOG-03297,Lámpara de Noche Prisma Lite,Hogar,Prisma,2234.96,259,Distribuidora Central,2025-12-24,Sí
3298,DEP-03298,Botella Deportiva Térmica Lumina Classic,Deportes,Lumina,2495.04,67,Distribuidora Mexicana,2025-09-15,Sí
3299,HOG-03299,Sartén de Acero 26 cm Marea Classic,Hogar,Marea,1678.02,186,Distribuidora Mexicana,2024-02-16,Sí
3300,OFI-03300,Memoria USB USB 3.2 Cobalto Prime,Oficina,Cobalto,2688.49,306,Distribuidora del Norte,2024-04-19,Sí
3301,DEP-03301,Guantes de Ciclismo Nova Classic,Deportes,Nova,2296.51,239,Distribuidora Hidalgo,2024-05-26,Sí
3302,OFI-03302,Calculadora Científica Lumina Eco,Oficina,Lumina,38.35,291,Distribuidora Metropolitana,2025-06-27,Sí
3303,ELE-03303,Audífonos USB-C Nexo Pro,Electrónica,Nexo,538.56,105,Distribuidora Nova,2025-01-23,Sí
3304,CUI-03304,Rasuradora Recargable Nova Lite,Cuidado personal,Nova,584.12,234,Distribuidora Hidalgo,2025-11-28,Sí
3305,HOG-03305,Termo 750 ml Nova Max,Hogar,Nova,758.45,54,Distribuidora del Norte,2026-02-04,Sí
3306,CUI-03306,Secadora Profesional Vitta Max,Cuidado personal,Vitta,334.54,168,Distribuidora Hidalgo,2026-08-15,No
3307,HOG-03307,Organizador de Baño Prisma Pro,Hogar,Prisma,1321.34,329,Distribuidora Hidalgo,2025-06-08,Sí
3308,CUI-03308,Cepillo Dental Medio Cobalto Eco,Cuidado personal,Cobalto,1963.65,26,Distribuidora Central,2025-10-22,No
3309,HOG-03309,Juego de Toallas 6 Piezas Kairo Classic,Hogar,Kairo,835.57,350,Distribuidora Pacífico,2026-06-09,Sí
3310,OFI-03310,Cuaderno Profesional Cobalto Eco,Oficina,Cobalto,3503.25,87,Distribuidora Hidalgo,2024-05-18,Sí
3311,OFI-03311,Calculadora de Escritorio Kairo Max,Oficina,Kairo,4987.18,290,Distribuidora del Norte,2025-12-06,Sí
3312,ALI-03312,Pasta Spaghetti 500 g Marea Advance,Alimentos,Marea,529.85,263,Distribuidora Nova,2026-08-01,Sí
3313,OFI-03313,Memoria USB 32 GB Cobalto Advance,Oficina,Cobalto,4233.91,293,Distribuidora Hidalgo,2025-01-07,Sí
3314,OFI-03314,Silla Ejecutiva Nativa Prime,Oficina,Nativa,2519.84,282,Distribuidora del Norte,2025-01-22,Sí
3315,OFI-03315,Mochila Antirrobo Altura Max,Oficina,Altura,5050.77,107,Distribuidora Central,2025-03-29,Sí
3316,ELE-03316,Webcam Autofocus Cobalto Eco,Electrónica,Cobalto,463.63,326,Distribuidora Nova,2024-11-19,Sí
3317,ALI-03317,Café Descafeinado 400 g Aurea Eco,Alimentos,Aurea,476.91,76,Distribuidora Nova,2024-07-21,Sí
3318,CUI-03318,Cepillo Dental Pack 3 Nova Select,Cuidado personal,Nova,2535.14,209,Distribuidora Metropolitana,2024-05-13,Sí
3319,OFI-03319,Cuaderno de Notas Brava Plus,Oficina,Brava,4597.34,70,Distribuidora Hidalgo,2024-11-18,Sí
3320,DEP-03320,Tapete de Yoga Antideslizante Marea Plus,Deportes,Marea,917.6,230,Distribuidora Mexicana,2024-09-25,Sí
3321,ELE-03321,Teclado Inalámbrico Vitta Select,Electrónica,Vitta,1046.26,249,Distribuidora del Norte,2024-10-26,Sí
3322,CUI-03322,Cepillo Dental Suave Brava Prime,Cuidado personal,Brava,909.65,176,Distribuidora Bajío,2024-02-12,Sí
3323,HOG-03323,Lámpara de Escritorio Urban Plus,Hogar,Urban,1217.04,37,Distribuidora Nova,2025-03-04,Sí
3324,OFI-03324,Calculadora Básica Nativa Eco,Oficina,Nativa,697.94,81,Distribuidora del Norte,2025-07-18,Sí
3325,ALI-03325,Galletas de Avena 300 g Vitta Max,Alimentos,Vitta,549.0,7,Distribuidora Hidalgo,2024-11-28,No
3326,ALI-03326,Aceite de Oliva 500 ml Vitta Pro,Alimentos,Vitta,697.84,277,Distribuidora Nova,2025-11-02,Sí
3327,ELE-03327,Mouse Óptico Kairo Classic,Electrónica,Kairo,1553.48,180,Distribuidora Nova,2025-11-18,No
3328,OFI-03328,Calculadora Básica Marea Prime,Oficina,Marea,3497.89,26,Distribuidora Mexicana,2025-02-21,Sí
3329,OFI-03329,Silla Ergonómica Nativa Max,Oficina,Nativa,2941.19,275,Distribuidora Pacífico,2026-08-03,Sí
3330,HOG-03330,Organizador de Baño Urban Select,Hogar,Urban,1474.27,307,Distribuidora Central,2024-09-26,Sí
3331,DEP-03331,Botella Deportiva 750 ml Nexo Select,Deportes,Nexo,1253.89,193,Distribuidora Mexicana,2026-08-28,Sí
3332,CUI-03332,Shampoo Hidratante 750 ml Nexo Pro,Cuidado personal,Nexo,215.94,227,Distribuidora Metropolitana,2026-08-29,Sí
3333,ELE-03333,Bocina Bluetooth Cobalto Advance,Electrónica,Cobalto,273.37,329,Distribuidora Bajío,2024-01-25,Sí
3334,ELE-03334,Mouse Inalámbrico Nexo Essential,Electrónica,Nexo,335.99,299,Distribuidora Nova,2024-09-15,Sí
3335,ELE-03335,Bocina Resistente al Agua Nativa Pro,Electrónica,Nativa,3205.42,195,Distribuidora Mexicana,2026-01-15,Sí
3336,ALI-03336,Cereal de Avena 500 g Brava Select,Alimentos,Brava,480.24,325,Distribuidora del Norte,2026-01-28,Sí
3337,CUI-03337,Rasuradora 3 Cabezas Orion Essential,Cuidado personal,Orion,2386.18,114,Distribuidora Central,2025-05-06,Sí
3338,HOG-03338,Juego de Toallas Algodón Altura Lite,Hogar,Altura,383.73,74,Distribuidora Nova,2025-10-30,Sí
3339,ALI-03339,Pasta Spaghetti 500 g Cobalto Essential,Alimentos,Cobalto,269.24,317,Distribuidora Metropolitana,2025-05-17,Sí
3340,CUI-03340,Rasuradora 3 Cabezas Vitta Essential,Cuidado personal,Vitta,1147.23,77,Distribuidora Mexicana,2025-12-10,Sí
3341,ALI-03341,Café Molido 500 g Nexo Eco,Alimentos,Nexo,780.46,283,Distribuidora Central,2026-07-12,Sí
3342,DEP-03342,Balón de Voleibol Marea Pro,Deportes,Marea,2244.3,138,Distribuidora Bajío,2025-02-22,No
3343,CUI-03343,Rasuradora Recargable Urban Classic,Cuidado personal,Urban,1256.65,321,Distribuidora Pacífico,2026-07-27,Sí
3344,OFI-03344,Mochila Antirrobo Cobalto Select,Oficina,Cobalto,2736.98,238,Distribuidora Pacífico,2025-04-25,Sí
3345,CUI-03345,Cepillo Dental Suave Cobalto Essential,Cuidado personal,Cobalto,2277.02,310,Distribuidora Pacífico,2025-03-02,Sí
3346,DEP-03346,Balón de Fútbol Urban Plus,Deportes,Urban,503.03,314,Distribuidora Bajío,2026-09-03,Sí
3347,CUI-03347,Cepillo Dental Medio Zenit Lite,Cuidado personal,Zenit,213.81,306,Distribuidora Mexicana,2025-06-08,Sí
3348,HOG-03348,Juego de Toallas Algodón Zenit Classic,Hogar,Zenit,368.25,13,Distribuidora Central,2024-12-15,Sí
3349,DEP-03349,Botella Deportiva Térmica Altura Prime,Deportes,Altura,1215.73,203,Distribuidora Central,2026-03-24,Sí
3350,ALI-03350,Aceite de Aguacate 500 ml Kairo Max,Alimentos,Kairo,775.33,295,Distribuidora Metropolitana,2025-10-13,Sí
3351,DEP-03351,Guantes de Ciclismo Orion Pro,Deportes,Orion,2303.42,134,Distribuidora Mexicana,2025-07-24,Sí
3352,HOG-03352,Sartén de Acero 26 cm Terra Plus,Hogar,Terra,2108.06,9,Distribuidora del Norte,2025-08-13,Sí
3353,CUI-03353,Secadora 2000 W Nova Lite,Cuidado personal,Nova,1256.74,60,Distribuidora Bajío,2024-01-02,Sí
3354,ALI-03354,Aceite de Aguacate 500 ml Orion Prime,Alimentos,Orion,157.01,245,Distribuidora Bajío,2025-10-26,Sí
3355,ELE-03355,Bocina Inteligente Altura Classic,Electrónica,Altura,906.4,217,Distribuidora Metropolitana,2026-01-19,Sí
3356,DEP-03356,Balón de Básquetbol Kairo Eco,Deportes,Kairo,331.22,27,Distribuidora Metropolitana,2024-03-09,Sí
3357,CUI-03357,Shampoo Hidratante 750 ml Nativa Essential,Cuidado personal,Nativa,2290.18,254,Distribuidora Metropolitana,2024-01-29,Sí
3358,ELE-03358,Mouse Inalámbrico Vitta Prime,Electrónica,Vitta,2377.16,289,Distribuidora Bajío,2024-06-16,Sí
3359,ALI-03359,Cereal de Avena 500 g Nexo Essential,Alimentos,Nexo,88.4,345,Distribuidora Mexicana,2025-09-26,Sí
3360,DEP-03360,Mancuerna Hexagonal Terra Max,Deportes,Terra,2051.62,334,Distribuidora Metropolitana,2025-10-17,Sí
3361,CUI-03361,Rasuradora Corporal Cobalto Classic,Cuidado personal,Cobalto,745.63,85,Distribuidora Metropolitana,2024-06-03,Sí
3362,ALI-03362,Galletas con Chocolate 300 g Terra Pro,Alimentos,Terra,68.47,42,Distribuidora Hidalgo,2024-10-18,Sí
3363,ALI-03363,Cereal con Frutos 450 g Kairo Essential,Alimentos,Kairo,753.46,348,Distribuidora Metropolitana,2024-04-05,Sí
3364,HOG-03364,Organizador de Baño Brava Max,Hogar,Brava,1989.38,202,Distribuidora Bajío,2025-01-23,Sí
3365,ALI-03365,Aceite de Oliva 500 ml Marea Prime,Alimentos,Marea,409.22,45,Distribuidora Bajío,2024-11-04,Sí
3366,ELE-03366,Mouse Gaming Zenit Lite,Electrónica,Zenit,1854.62,140,Distribuidora Pacífico,2025-08-25,Sí
3367,CUI-03367,Shampoo Hidratante 750 ml Marea Lite,Cuidado personal,Marea,1148.71,145,Distribuidora Central,2025-11-21,Sí
3368,OFI-03368,Calculadora Básica Nova Advance,Oficina,Nova,3716.0,285,Distribuidora Hidalgo,2024-08-02,Sí
3369,OFI-03369,Mochila Antirrobo Vitta Max,Oficina,Vitta,4428.31,55,Distribuidora del Norte,2026-07-11,Sí
3370,ALI-03370,Café Americano 500 g Lumina Lite,Alimentos,Lumina,218.72,346,Distribuidora Hidalgo,2026-07-07,Sí
3371,CUI-03371,Cepillo Dental Medio Nexo Plus,Cuidado personal,Nexo,713.57,295,Distribuidora Hidalgo,2024-04-30,Sí
3372,HOG-03372,Lámpara Minimalista Aurea Classic,Hogar,Aurea,1756.5,272,Distribuidora Central,2026-06-17,Sí
3373,HOG-03373,Organizador de Baño Terra Pro,Hogar,Terra,916.72,253,Distribuidora Mexicana,2024-01-09,Sí
3374,OFI-03374,Calculadora de Escritorio Nativa Lite,Oficina,Nativa,5190.66,312,Distribuidora Mexicana,2024-03-06,Sí
3375,OFI-03375,Silla de Oficina Terra Max,Oficina,Terra,1854.3,2,Distribuidora Pacífico,2024-06-27,Sí
3376,DEP-03376,Botella Deportiva Térmica Terra Max,Deportes,Terra,2960.2,92,Distribuidora del Norte,2024-09-25,Sí
3377,DEP-03377,Tapete de Yoga con Correa Marea Lite,Deportes,Marea,226.99,138,Distribuidora Metropolitana,2026-03-30,Sí
3378,HOG-03378,Juego de Toallas Microfibra Urban Advance,Hogar,Urban,2304.15,265,Distribuidora Bajío,2025-08-26,Sí
3379,CUI-03379,Rasuradora de Precisión Marea Classic,Cuidado personal,Marea,812.76,262,Distribuidora Pacífico,2026-06-23,Sí
3380,OFI-03380,Cuaderno de Notas Terra Essential,Oficina,Terra,724.12,312,Distribuidora Mexicana,2026-01-09,Sí
3381,ALI-03381,Cereal con Frutos 450 g Nova Prime,Alimentos,Nova,770.02,222,Distribuidora Mexicana,2025-12-13,Sí
3382,ALI-03382,Café en Grano 1 kg Terra Eco,Alimentos,Terra,718.36,264,Distribuidora Central,2024-04-23,Sí
3383,OFI-03383,Memoria USB 128 GB Kairo Max,Oficina,Kairo,3637.51,216,Distribuidora Metropolitana,2025-02-20,Sí
3384,ELE-03384,Mouse Óptico Zenit Pro,Electrónica,Zenit,2511.59,122,Distribuidora Central,2026-08-22,Sí
3385,ELE-03385,Webcam Autofocus Marea Advance,Electrónica,Marea,994.28,15,Distribuidora Metropolitana,2024-08-25,Sí
3386,ELE-03386,Teclado Inalámbrico Cobalto Classic,Electrónica,Cobalto,957.26,27,Distribuidora Nova,2026-05-07,Sí
3387,ALI-03387,Cereal de Avena 500 g Nativa Plus,Alimentos,Nativa,440.56,325,Distribuidora Mexicana,2024-10-18,Sí
3388,OFI-03388,Silla Ejecutiva Lumina Plus,Oficina,Lumina,810.67,39,Distribuidora Nova,2025-07-10,Sí
3389,DEP-03389,Guantes de Ciclismo Nativa Lite,Deportes,Nativa,2295.64,24,Distribuidora Hidalgo,2025-03-02,Sí
3390,ALI-03390,Pasta Penne 500 g Marea Lite,Alimentos,Marea,335.64,118,Distribuidora Metropolitana,2025-03-19,Sí
3391,OFI-03391,Cuaderno Profesional Nexo Lite,Oficina,Nexo,4094.47,90,Distribuidora Metropolitana,2024-05-22,Sí
3392,HOG-03392,Termo Térmico Urban Advance,Hogar,Urban,179.44,161,Distribuidora Pacífico,2025-02-03,Sí
3393,ALI-03393,Galletas con Chocolate 300 g Kairo Pro,Alimentos,Kairo,440.53,80,Distribuidora Pacífico,2025-04-04,Sí
3394,OFI-03394,Mochila para Laptop 15.6 Brava Plus,Oficina,Brava,4029.98,345,Distribuidora Mexicana,2026-04-14,Sí
3395,CUI-03395,Rasuradora Recargable Nexo Select,Cuidado personal,Nexo,2098.91,8,Distribuidora Nova,2026-06-07,Sí
3396,DEP-03396,Guantes con Muñequera Kairo Pro,Deportes,Kairo,2381.06,246,Distribuidora Hidalgo,2024-05-19,Sí
3397,CUI-03397,Cepillo Dental Medio Nativa Pro,Cuidado personal,Nativa,1502.37,193,Distribuidora Central,2026-01-09,Sí
3398,ELE-03398,Cargador Doble Puerto Cobalto Lite,Electrónica,Cobalto,907.76,137,Distribuidora Bajío,2024-03-22,Sí
3399,ELE-03399,Bocina Portátil Brava Select,Electrónica,Brava,1039.97,324,Distribuidora Metropolitana,2026-04-12,Sí
3400,ALI-03400,Pasta Penne 500 g Brava Prime,Alimentos,Brava,714.41,88,Distribuidora Nova,2026-09-03,Sí
3401,DEP-03401,Balón de Fútbol Altura Classic,Deportes,Altura,1051.02,173,Distribuidora Metropolitana,2025-12-23,Sí
3402,HOG-03402,Lámpara LED Cobalto Select,Hogar,Cobalto,1883.02,342,Distribuidora Mexicana,2024-06-23,Sí
3403,DEP-03403,Botella Deportiva con Popote Nexo Classic,Deportes,Nexo,210.52,78,Distribuidora Metropolitana,2024-12-16,Sí
3404,DEP-03404,Guantes de Ciclismo Cobalto Max,Deportes,Cobalto,1978.29,150,Distribuidora del Norte,2024-04-16,Sí
3405,CUI-03405,Secadora Compacta Prisma Advance,Cuidado personal,Prisma,1205.33,146,Distribuidora Hidalgo,2026-06-09,Sí
3406,HOG-03406,Termo Térmico Marea Eco,Hogar,Marea,1552.11,152,Distribuidora Pacífico,2025-06-11,Sí
3407,OFI-03407,Silla con Soporte Lumbar Brava Select,Oficina,Brava,1152.73,91,Distribuidora del Norte,2025-12-07,Sí
3408,CUI-03408,Secadora 2000 W Prisma Lite,Cuidado personal,Prisma,1326.28,224,Distribuidora Central,2024-01-11,Sí
3409,DEP-03409,Tapete de Yoga 8 mm Terra Prime,Deportes,Terra,1784.61,303,Distribuidora Pacífico,2024-06-12,Sí
3410,ELE-03410,Bocina Resistente al Agua Nova Lite,Electrónica,Nova,2141.04,105,Distribuidora Central,2024-03-28,Sí
3411,ALI-03411,Café en Grano 1 kg Brava Advance,Alimentos,Brava,421.02,60,Distribuidora Nova,2026-01-08,Sí
3412,DEP-03412,Botella Deportiva Térmica Vitta Lite,Deportes,Vitta,740.39,182,Distribuidora Hidalgo,2025-07-16,Sí
3413,OFI-03413,Memoria USB 32 GB Altura Lite,Oficina,Altura,4052.7,59,Distribuidora Metropolitana,2026-04-18,Sí
3414,DEP-03414,Mancuerna 10 kg Marea Eco,Deportes,Marea,1422.9,66,Distribuidora Bajío,2025-05-17,Sí
3415,DEP-03415,Botella Deportiva con Popote Zenit Prime,Deportes,Zenit,1858.73,337,Distribuidora Metropolitana,2025-04-18,Sí
3416,CUI-03416,Cepillo Dental Pack 3 Nativa Prime,Cuidado personal,Nativa,1610.22,313,Distribuidora Metropolitana,2025-01-11,No
3417,OFI-03417,Calculadora de Escritorio Zenit Pro,Oficina,Zenit,3393.6,323,Distribuidora del Norte,2025-03-29,Sí
3418,CUI-03418,Cepillo Dental Pack 3 Lumina Lite,Cuidado personal,Lumina,662.6,176,Distribuidora Mexicana,2025-12-07,Sí
3419,ALI-03419,Pasta Spaghetti 500 g Altura Max,Alimentos,Altura,717.13,271,Distribuidora Mexicana,2026-03-04,Sí
3420,DEP-03420,Mancuerna 5 kg Lumina Advance,Deportes,Lumina,1919.83,94,Distribuidora del Norte,2024-11-02,Sí
3421,OFI-03421,Silla de Oficina Kairo Prime,Oficina,Kairo,923.26,104,Distribuidora Central,2026-03-19,Sí
3422,HOG-03422,Juego de Toallas Microfibra Terra Max,Hogar,Terra,569.0,262,Distribuidora Mexicana,2024-11-03,Sí
3423,HOG-03423,Sartén de Acero 26 cm Brava Pro,Hogar,Brava,1829.86,46,Distribuidora Mexicana,2026-01-25,Sí
3424,OFI-03424,Cuaderno de Notas Aurea Eco,Oficina,Aurea,1427.9,329,Distribuidora Central,2025-08-12,Sí
3425,HOG-03425,Lámpara de Escritorio Prisma Pro,Hogar,Prisma,934.67,292,Distribuidora Metropolitana,2025-08-19,Sí
3426,ALI-03426,Café Americano 500 g Nativa Advance,Alimentos,Nativa,731.74,45,Distribuidora Mexicana,2026-03-30,Sí
3427,HOG-03427,Organizador Multiusos Kairo Eco,Hogar,Kairo,98.75,283,Distribuidora del Norte,2026-09-04,Sí
3428,ELE-03428,Teclado Compacto Brava Classic,Electrónica,Brava,2832.5,187,Distribuidora Bajío,2024-03-11,Sí
3429,CUI-03429,Secadora Profesional Nexo Max,Cuidado personal,Nexo,1222.39,212,Distribuidora del Norte,2024-07-09,Sí
3430,OFI-03430,Mochila para Laptop 15.6 Orion Pro,Oficina,Orion,189.59,84,Distribuidora del Norte,2026-06-23,Sí
3431,HOG-03431,Termo 500 ml Brava Essential,Hogar,Brava,302.29,303,Distribuidora Pacífico,2025-07-27,No
3432,CUI-03432,Secadora Compacta Lumina Advance,Cuidado personal,Lumina,1091.1,211,Distribuidora Pacífico,2026-04-08,Sí
3433,HOG-03433,Lámpara de Escritorio Altura Lite,Hogar,Altura,451.87,343,Distribuidora Nova,2024-07-15,Sí
3434,CUI-03434,Crema Corporal Hidratante 400 ml Cobalto Pro,Cuidado personal,Cobalto,688.07,220,Distribuidora Hidalgo,2025-05-15,Sí
3435,OFI-03435,Cuaderno Cuadriculado Lumina Essential,Oficina,Lumina,5153.65,111,Distribuidora del Norte,2025-09-25,Sí
3436,CUI-03436,Rasuradora Corporal Altura Prime,Cuidado personal,Altura,2284.39,15,Distribuidora del Norte,2024-09-01,Sí
3437,HOG-03437,Lámpara LED Terra Classic,Hogar,Terra,1512.69,220,Distribuidora Central,2025-05-19,Sí
3438,CUI-03438,Rasuradora de Precisión Prisma Essential,Cuidado personal,Prisma,2320.84,253,Distribuidora Bajío,2024-12-21,Sí
3439,HOG-03439,Sartén de Acero 26 cm Cobalto Pro,Hogar,Cobalto,626.15,193,Distribuidora Nova,2024-04-30,Sí
3440,HOG-03440,Juego de Toallas Algodón Lumina Essential,Hogar,Lumina,842.41,225,Distribuidora Central,2026-09-04,Sí
3441,CUI-03441,Secadora Profesional Aurea Essential,Cuidado personal,Aurea,1214.14,236,Distribuidora Central,2024-01-14,Sí
3442,CUI-03442,Cepillo Dental Eléctrico Zenit Eco,Cuidado personal,Zenit,1935.4,125,Distribuidora Mexicana,2026-02-23,Sí
3443,ALI-03443,Aceite de Oliva 500 ml Nova Max,Alimentos,Nova,108.67,348,Distribuidora Metropolitana,2025-06-19,Sí
3444,ELE-03444,Cargador Doble Puerto Lumina Classic,Electrónica,Lumina,2346.48,286,Distribuidora Hidalgo,2024-07-21,Sí
3445,HOG-03445,Sartén Antiadherente 24 cm Nova Eco,Hogar,Nova,896.1,273,Distribuidora Bajío,2024-10-27,Sí
3446,ALI-03446,Galletas con Chocolate 300 g Aurea Advance,Alimentos,Aurea,702.46,87,Distribuidora Nova,2025-04-24,Sí
3447,ALI-03447,Café Descafeinado 400 g Nexo Pro,Alimentos,Nexo,431.04,166,Distribuidora Mexicana,2025-12-03,Sí
3448,OFI-03448,Calculadora Básica Marea Plus,Oficina,Marea,1296.82,58,Distribuidora Hidalgo,2026-03-11,No
3449,HOG-03449,Sartén de Acero 26 cm Nexo Select,Hogar,Nexo,1115.64,277,Distribuidora Nova,2025-07-14,Sí
3450,HOG-03450,Juego de Toallas 4 Piezas Vitta Select,Hogar,Vitta,1366.17,16,Distribuidora Pacífico,2025-12-12,Sí
3451,OFI-03451,Silla de Oficina Kairo Eco,Oficina,Kairo,2546.39,140,Distribuidora Hidalgo,2026-01-25,Sí
3452,ALI-03452,Pasta Spaghetti 500 g Zenit Select,Alimentos,Zenit,405.11,45,Distribuidora Mexicana,2024-02-09,Sí
3453,ELE-03453,Bocina Inteligente Prisma Pro,Electrónica,Prisma,2075.54,246,Distribuidora Hidalgo,2024-02-08,Sí
3454,OFI-03454,Memoria USB 128 GB Nova Lite,Oficina,Nova,651.91,137,Distribuidora Pacífico,2026-03-29,Sí
3455,DEP-03455,Tapete de Yoga 6 mm Kairo Select,Deportes,Kairo,2134.87,35,Distribuidora del Norte,2025-02-28,Sí
3456,ELE-03456,Audífonos USB-C Zenit Essential,Electrónica,Zenit,3029.15,192,Distribuidora del Norte,2024-04-01,Sí
3457,HOG-03457,Juego de Toallas Algodón Marea Prime,Hogar,Marea,901.28,322,Distribuidora Pacífico,2025-01-23,Sí
3458,OFI-03458,Mochila Impermeable Brava Eco,Oficina,Brava,3056.11,130,Distribuidora Nova,2025-05-26,Sí
3459,OFI-03459,Cuaderno de Notas Kairo Classic,Oficina,Kairo,3803.55,161,Distribuidora Pacífico,2024-12-12,Sí
3460,OFI-03460,Silla con Soporte Lumbar Nova Essential,Oficina,Nova,1411.89,3,Distribuidora del Norte,2024-04-04,Sí
3461,DEP-03461,Tapete de Yoga 8 mm Nativa Pro,Deportes,Nativa,2872.3,267,Distribuidora Hidalgo,2026-03-30,Sí
3462,OFI-03462,Mochila para Laptop 15.6 Cobalto Select,Oficina,Cobalto,2364.41,271,Distribuidora Nova,2025-07-01,Sí
3463,ELE-03463,Cargador Inalámbrico Cobalto Essential,Electrónica,Cobalto,3431.46,299,Distribuidora Nova,2024-09-21,No
3464,ALI-03464,Galletas con Chocolate 300 g Lumina Eco,Alimentos,Lumina,553.62,184,Distribuidora Central,2025-07-10,Sí
3465,HOG-03465,Juego de Toallas 6 Piezas Nova Select,Hogar,Nova,744.73,270,Distribuidora Pacífico,2025-07-29,Sí
3466,ALI-03466,Aceite de Aguacate 500 ml Altura Essential,Alimentos,Altura,559.86,88,Distribuidora Bajío,2026-08-08,Sí
3467,ALI-03467,Galletas Integrales 350 g Orion Classic,Alimentos,Orion,652.95,304,Distribuidora Metropolitana,2024-09-18,Sí
3468,ALI-03468,Aceite de Aguacate 500 ml Marea Classic,Alimentos,Marea,131.96,43,Distribuidora Bajío,2026-05-12,Sí
3469,OFI-03469,Silla Ejecutiva Nativa Prime,Oficina,Nativa,1040.27,3,Distribuidora Central,2024-04-24,Sí
3470,ALI-03470,Café Descafeinado 400 g Aurea Classic,Alimentos,Aurea,261.87,296,Distribuidora Pacífico,2025-12-14,Sí
3471,CUI-03471,Crema Corporal Hidratante 400 ml Marea Plus,Cuidado personal,Marea,2292.58,108,Distribuidora Nova,2026-04-23,Sí
3472,OFI-03472,Memoria USB USB 3.2 Lumina Essential,Oficina,Lumina,351.22,227,Distribuidora Central,2025-04-21,Sí
3473,ELE-03473,Teclado Compacto Marea Max,Electrónica,Marea,1505.87,38,Distribuidora Nova,2024-02-11,Sí
3474,CUI-03474,Cepillo Dental Pack 3 Lumina Classic,Cuidado personal,Lumina,523.45,326,Distribuidora Nova,2024-11-16,Sí
3475,HOG-03475,Termo 750 ml Aurea Max,Hogar,Aurea,487.94,273,Distribuidora Bajío,2025-12-31,Sí
3476,DEP-03476,Balón de Fútbol Aurea Essential,Deportes,Aurea,2761.26,212,Distribuidora Metropolitana,2025-01-22,Sí
3477,DEP-03477,Balón de Fútbol Lumina Prime,Deportes,Lumina,1595.37,66,Distribuidora del Norte,2026-05-05,Sí
3478,DEP-03478,Botella Deportiva con Popote Lumina Essential,Deportes,Lumina,1508.04,295,Distribuidora del Norte,2024-04-28,Sí
3479,ELE-03479,Audífonos USB-C Zenit Classic,Electrónica,Zenit,1001.84,332,Distribuidora del Norte,2024-04-15,Sí
3480,CUI-03480,Crema Corporal Hidratante 400 ml Cobalto Prime,Cuidado personal,Cobalto,2248.87,88,Distribuidora Pacífico,2026-06-13,Sí
3481,HOG-03481,Termo de Acero Inoxidable Nexo Select,Hogar,Nexo,1281.84,342,Distribuidora Bajío,2024-10-26,Sí
3482,ALI-03482,Aceite de Aguacate 500 ml Nova Essential,Alimentos,Nova,387.82,286,Distribuidora del Norte,2025-10-09,Sí
3483,HOG-03483,Organizador Multiusos Orion Pro,Hogar,Orion,288.44,332,Distribuidora Central,2025-07-17,Sí
3484,HOG-03484,Juego de Toallas Microfibra Altura Advance,Hogar,Altura,1069.02,207,Distribuidora Hidalgo,2026-01-15,No
3485,CUI-03485,Rasuradora Corporal Aurea Lite,Cuidado personal,Aurea,2779.04,292,Distribuidora Metropolitana,2025-04-15,Sí
3486,OFI-03486,Silla Ejecutiva Orion Essential,Oficina,Orion,4979.8,96,Distribuidora Bajío,2024-01-10,Sí
3487,ALI-03487,Galletas de Avena 300 g Cobalto Essential,Alimentos,Cobalto,652.51,249,Distribuidora Central,2025-06-24,Sí
3488,ALI-03488,Aceite Vegetal 1 L Urban Advance,Alimentos,Urban,198.99,18,Distribuidora Bajío,2026-03-30,Sí
3489,ALI-03489,Café en Grano 1 kg Terra Lite,Alimentos,Terra,235.0,79,Distribuidora Hidalgo,2025-05-18,Sí
3490,CUI-03490,Rasuradora de Precisión Nexo Advance,Cuidado personal,Nexo,1173.72,30,Distribuidora Bajío,2026-03-28,Sí
3491,OFI-03491,Calculadora Financiera Marea Max,Oficina,Marea,829.59,241,Distribuidora Hidalgo,2025-01-04,Sí
3492,ELE-03492,Cargador USB-C 45W Orion Max,Electrónica,Orion,3492.08,138,Distribuidora Bajío,2025-05-03,Sí
3493,ELE-03493,Audífonos Inalámbricos Kairo Prime,Electrónica,Kairo,2710.79,76,Distribuidora Central,2024-07-09,Sí
3494,HOG-03494,Juego de Toallas 4 Piezas Altura Select,Hogar,Altura,381.52,199,Distribuidora Pacífico,2024-12-19,Sí
3495,OFI-03495,Silla Ejecutiva Brava Essential,Oficina,Brava,3683.7,16,Distribuidora Bajío,2026-02-10,Sí
3496,OFI-03496,Cuaderno Cuadriculado Brava Prime,Oficina,Brava,551.13,263,Distribuidora Metropolitana,2024-05-30,Sí
3497,OFI-03497,Silla con Soporte Lumbar Nativa Prime,Oficina,Nativa,763.63,175,Distribuidora Nova,2025-05-08,Sí
3498,CUI-03498,Secadora Compacta Altura Prime,Cuidado personal,Altura,2359.91,107,Distribuidora Hidalgo,2026-01-10,Sí
3499,DEP-03499,Guantes de Ciclismo Aurea Pro,Deportes,Aurea,1522.37,118,Distribuidora Nova,2024-09-21,Sí
3500,CUI-03500,Cepillo Dental Eléctrico Nexo Lite,Cuidado personal,Nexo,680.84,71,Distribuidora Nova,2025-05-24,Sí
3501,HOG-03501,Sartén de Acero 26 cm Aurea Plus,Hogar,Aurea,164.54,117,Distribuidora Bajío,2026-04-24,Sí
3502,ALI-03502,Café Molido 500 g Kairo Pro,Alimentos,Kairo,531.95,128,Distribuidora Central,2024-07-28,Sí
3503,ELE-03503,Mouse Ergonómico Aurea Select,Electrónica,Aurea,3120.08,100,Distribuidora del Norte,2025-10-09,Sí
3504,CUI-03504,Crema Corporal Nutritiva 400 ml Terra Prime,Cuidado personal,Terra,1142.81,42,Distribuidora Mexicana,2025-01-03,Sí
3505,CUI-03505,Shampoo Anticaspa 650 ml Cobalto Select,Cuidado personal,Cobalto,1256.45,303,Distribuidora Metropolitana,2026-02-09,Sí
3506,ALI-03506,Café Descafeinado 400 g Urban Advance,Alimentos,Urban,534.85,276,Distribuidora Central,2026-07-04,Sí
3507,ALI-03507,Aceite de Aguacate 500 ml Prisma Prime,Alimentos,Prisma,262.74,73,Distribuidora del Norte,2025-01-11,Sí
3508,ALI-03508,Galletas de Avena 300 g Cobalto Advance,Alimentos,Cobalto,542.59,222,Distribuidora Pacífico,2024-01-31,Sí
3509,ALI-03509,Cereal de Avena 500 g Cobalto Select,Alimentos,Cobalto,526.31,308,Distribuidora Hidalgo,2025-06-18,Sí
3510,CUI-03510,Crema Corporal con Aloe 500 ml Vitta Lite,Cuidado personal,Vitta,2777.09,109,Distribuidora Central,2024-08-14,Sí
3511,CUI-03511,Secadora Profesional Aurea Select,Cuidado personal,Aurea,266.15,190,Distribuidora Central,2024-08-31,Sí
3512,CUI-03512,Secadora 2000 W Urban Prime,Cuidado personal,Urban,2242.33,41,Distribuidora Central,2024-05-10,Sí
3513,DEP-03513,Balón Entrenamiento Zenit Essential,Deportes,Zenit,1262.52,234,Distribuidora Nova,2024-10-31,Sí
3514,DEP-03514,Botella Deportiva con Popote Urban Select,Deportes,Urban,503.17,298,Distribuidora Metropolitana,2026-01-11,Sí
3515,ALI-03515,Café en Grano 1 kg Marea Pro,Alimentos,Marea,265.26,240,Distribuidora Hidalgo,2024-06-21,Sí
3516,OFI-03516,Calculadora Financiera Brava Max,Oficina,Brava,1794.12,293,Distribuidora Hidalgo,2024-08-21,Sí
3517,OFI-03517,Memoria USB 128 GB Kairo Essential,Oficina,Kairo,1234.14,288,Distribuidora Metropolitana,2024-11-24,Sí
3518,OFI-03518,Silla de Oficina Urban Prime,Oficina,Urban,1218.18,240,Distribuidora Central,2025-06-09,Sí
3519,ELE-03519,Audífonos Inalámbricos Lumina Essential,Electrónica,Lumina,2367.33,239,Distribuidora Nova,2025-01-24,Sí
3520,HOG-03520,Organizador Multiusos Zenit Max,Hogar,Zenit,574.83,95,Distribuidora Mexicana,2026-08-27,Sí
3521,OFI-03521,Memoria USB USB 3.2 Terra Advance,Oficina,Terra,1310.26,33,Distribuidora Hidalgo,2025-11-14,Sí
3522,ELE-03522,Cargador USB-C 20W Altura Advance,Electrónica,Altura,183.76,280,Distribuidora Hidalgo,2025-02-09,Sí
3523,ALI-03523,Café Descafeinado 400 g Aurea Pro,Alimentos,Aurea,344.93,155,Distribuidora Bajío,2026-03-03,Sí
3524,CUI-03524,Crema Corporal Nutritiva 400 ml Nativa Lite,Cuidado personal,Nativa,1029.29,185,Distribuidora Pacífico,2024-04-03,Sí
3525,DEP-03525,Botella Deportiva 750 ml Aurea Max,Deportes,Aurea,370.48,212,Distribuidora Pacífico,2026-07-26,Sí
3526,ALI-03526,Pasta Fusilli 500 g Orion Essential,Alimentos,Orion,246.03,251,Distribuidora Nova,2026-01-02,Sí
3527,DEP-03527,Guantes Deportivos Terra Max,Deportes,Terra,2395.98,119,Distribuidora Bajío,2026-02-25,Sí
3528,ELE-03528,Webcam con Micrófono Vitta Lite,Electrónica,Vitta,3309.34,15,Distribuidora Metropolitana,2025-02-02,Sí
3529,ELE-03529,Cargador USB-C 45W Cobalto Lite,Electrónica,Cobalto,2825.14,155,Distribuidora Bajío,2025-03-29,Sí
3530,CUI-03530,Secadora Iónica Cobalto Classic,Cuidado personal,Cobalto,721.14,135,Distribuidora Metropolitana,2024-02-14,Sí
3531,DEP-03531,Guantes Deportivos Aurea Lite,Deportes,Aurea,207.08,80,Distribuidora Metropolitana,2024-02-29,Sí
3532,ELE-03532,Cargador Doble Puerto Terra Eco,Electrónica,Terra,2836.42,327,Distribuidora Mexicana,2024-09-28,Sí
3533,OFI-03533,Mochila Antirrobo Terra Lite,Oficina,Terra,2454.6,168,Distribuidora Mexicana,2024-04-24,Sí
3534,ELE-03534,Webcam con Micrófono Zenit Essential,Electrónica,Zenit,2904.52,258,Distribuidora Bajío,2024-03-06,No
3535,CUI-03535,Shampoo Hidratante 750 ml Marea Classic,Cuidado personal,Marea,1200.6,148,Distribuidora Hidalgo,2025-03-13,No
3536,OFI-03536,Memoria USB 32 GB Aurea Max,Oficina,Aurea,2434.68,225,Distribuidora Pacífico,2025-04-15,Sí
3537,CUI-03537,Shampoo Reparador 700 ml Lumina Eco,Cuidado personal,Lumina,268.25,90,Distribuidora del Norte,2026-04-11,Sí
3538,HOG-03538,Termo Térmico Marea Prime,Hogar,Marea,1413.02,209,Distribuidora del Norte,2025-10-15,Sí
3539,ALI-03539,Café Molido 500 g Kairo Plus,Alimentos,Kairo,267.92,308,Distribuidora Nova,2024-08-08,Sí
3540,HOG-03540,Termo Térmico Zenit Essential,Hogar,Zenit,322.01,114,Distribuidora Metropolitana,2024-11-19,Sí
3541,ELE-03541,Teclado Compacto Nativa Select,Electrónica,Nativa,2794.89,5,Distribuidora del Norte,2026-06-15,Sí
3542,ELE-03542,Teclado Compacto Prisma Max,Electrónica,Prisma,466.17,277,Distribuidora del Norte,2026-07-22,Sí
3543,ELE-03543,Bocina Bluetooth Kairo Advance,Electrónica,Kairo,2052.48,296,Distribuidora del Norte,2024-07-13,Sí
3544,ALI-03544,Pasta Spaghetti 500 g Prisma Prime,Alimentos,Prisma,118.51,48,Distribuidora Nova,2026-05-03,Sí
3545,DEP-03545,Guantes con Muñequera Lumina Lite,Deportes,Lumina,1349.32,338,Distribuidora Bajío,2024-03-19,Sí
3546,CUI-03546,Shampoo Reparador 700 ml Kairo Advance,Cuidado personal,Kairo,2655.57,305,Distribuidora Nova,2025-12-25,Sí
3547,CUI-03547,Cepillo Dental Suave Nativa Plus,Cuidado personal,Nativa,1697.85,42,Distribuidora Mexicana,2025-08-28,Sí
3548,HOG-03548,Lámpara LED Terra Advance,Hogar,Terra,933.29,69,Distribuidora Central,2025-07-30,Sí
3549,OFI-03549,Cuaderno Profesional Aurea Max,Oficina,Aurea,5240.27,37,Distribuidora Bajío,2025-05-22,Sí
3550,CUI-03550,Cepillo Dental Eléctrico Vitta Max,Cuidado personal,Vitta,746.96,3,Distribuidora Hidalgo,2025-02-13,Sí
3551,ALI-03551,Cereal con Frutos 450 g Vitta Essential,Alimentos,Vitta,527.84,30,Distribuidora Hidalgo,2025-08-29,Sí
3552,OFI-03552,Cuaderno Cuadriculado Marea Max,Oficina,Marea,4053.39,86,Distribuidora del Norte,2024-04-30,Sí
3553,ELE-03553,Webcam Full HD Lumina Plus,Electrónica,Lumina,2384.21,67,Distribuidora Nova,2026-06-14,Sí
3554,CUI-03554,Crema Corporal Hidratante 400 ml Altura Pro,Cuidado personal,Altura,938.8,298,Distribuidora Bajío,2025-08-17,Sí
3555,HOG-03555,Lámpara Minimalista Vitta Select,Hogar,Vitta,357.35,145,Distribuidora Metropolitana,2025-09-06,Sí
3556,ALI-03556,Galletas con Chocolate 300 g Orion Essential,Alimentos,Orion,707.26,198,Distribuidora del Norte,2025-08-07,Sí
3557,CUI-03557,Shampoo Anticaspa 650 ml Prisma Essential,Cuidado personal,Prisma,991.77,45,Distribuidora del Norte,2024-05-24,Sí
3558,HOG-03558,Juego de Toallas Algodón Orion Eco,Hogar,Orion,1981.18,52,Distribuidora Central,2024-09-16,Sí
3559,DEP-03559,Botella Deportiva 750 ml Nativa Plus,Deportes,Nativa,835.86,282,Distribuidora Nova,2024-10-06,Sí
3560,OFI-03560,Calculadora Básica Prisma Essential,Oficina,Prisma,4926.83,5,Distribuidora Metropolitana,2026-04-28,Sí
3561,CUI-03561,Shampoo Anticaspa 650 ml Vitta Max,Cuidado personal,Vitta,767.31,203,Distribuidora Hidalgo,2025-08-31,Sí
3562,ALI-03562,Galletas con Chocolate 300 g Prisma Advance,Alimentos,Prisma,531.09,249,Distribuidora Pacífico,2024-05-25,Sí
3563,OFI-03563,Cuaderno Pasta Dura Vitta Advance,Oficina,Vitta,3958.87,148,Distribuidora Metropolitana,2025-04-10,Sí
3564,ALI-03564,Aceite de Aguacate 500 ml Nexo Prime,Alimentos,Nexo,681.33,345,Distribuidora Pacífico,2025-04-10,Sí
3565,DEP-03565,Guantes de Gimnasio Prisma Select,Deportes,Prisma,219.65,200,Distribuidora Pacífico,2025-05-22,Sí
3566,ALI-03566,Aceite de Oliva 500 ml Nativa Classic,Alimentos,Nativa,545.36,192,Distribuidora Metropolitana,2025-08-19,Sí
3567,HOG-03567,Juego de Toallas 4 Piezas Cobalto Eco,Hogar,Cobalto,284.22,199,Distribuidora Hidalgo,2024-05-20,Sí
3568,CUI-03568,Rasuradora de Precisión Nova Select,Cuidado personal,Nova,894.45,267,Distribuidora Mexicana,2024-10-03,Sí
3569,DEP-03569,Guantes con Muñequera Nativa Essential,Deportes,Nativa,452.56,189,Distribuidora Hidalgo,2024-06-10,Sí
3570,ALI-03570,Aceite Vegetal 1 L Kairo Essential,Alimentos,Kairo,147.4,186,Distribuidora Bajío,2026-09-01,Sí
3571,ELE-03571,Webcam 2K Marea Pro,Electrónica,Marea,1065.28,103,Distribuidora Metropolitana,2024-06-04,Sí
3572,ALI-03572,Aceite de Oliva 500 ml Nova Lite,Alimentos,Nova,273.48,267,Distribuidora Pacífico,2025-09-06,Sí
3573,ELE-03573,Bocina Portátil Orion Prime,Electrónica,Orion,3350.9,28,Distribuidora Metropolitana,2026-03-02,Sí
3574,ALI-03574,Pasta Fusilli 500 g Brava Prime,Alimentos,Brava,179.19,44,Distribuidora Nova,2026-01-06,Sí
3575,OFI-03575,Calculadora Financiera Nova Prime,Oficina,Nova,3688.66,319,Distribuidora Nova,2024-10-22,Sí
3576,HOG-03576,Organizador de Escritorio Orion Essential,Hogar,Orion,1541.97,75,Distribuidora Pacífico,2026-07-27,Sí
3577,ALI-03577,Cereal de Avena 500 g Orion Classic,Alimentos,Orion,728.39,328,Distribuidora del Norte,2024-10-14,Sí
3578,CUI-03578,Rasuradora 3 Cabezas Terra Select,Cuidado personal,Terra,1920.24,325,Distribuidora Bajío,2026-06-15,Sí
3579,CUI-03579,Secadora Iónica Kairo Essential,Cuidado personal,Kairo,2127.92,49,Distribuidora del Norte,2025-03-13,Sí
3580,HOG-03580,Organizador de Cocina Aurea Max,Hogar,Aurea,1585.96,289,Distribuidora del Norte,2025-05-29,Sí
3581,ELE-03581,Audífonos con Micrófono Vitta Classic,Electrónica,Vitta,693.79,209,Distribuidora Metropolitana,2025-04-19,Sí
3582,CUI-03582,Rasuradora 3 Cabezas Marea Prime,Cuidado personal,Marea,1432.84,231,Distribuidora Pacífico,2026-03-05,Sí
3583,OFI-03583,Mochila Impermeable Aurea Classic,Oficina,Aurea,3030.53,272,Distribuidora Mexicana,2024-07-19,Sí
3584,DEP-03584,Tapete de Yoga Antideslizante Kairo Classic,Deportes,Kairo,2265.25,65,Distribuidora Metropolitana,2024-07-26,Sí
3585,ELE-03585,Bocina Portátil Nova Prime,Electrónica,Nova,303.31,127,Distribuidora Pacífico,2024-12-10,Sí
3586,CUI-03586,Secadora Iónica Nativa Pro,Cuidado personal,Nativa,64.6,134,Distribuidora Bajío,2025-02-10,Sí
3587,DEP-03587,Balón de Fútbol Vitta Lite,Deportes,Vitta,1677.81,253,Distribuidora Pacífico,2024-11-24,Sí
3588,CUI-03588,Rasuradora Recargable Vitta Essential,Cuidado personal,Vitta,1768.37,160,Distribuidora Nova,2024-03-14,Sí
3589,HOG-03589,Juego de Toallas 6 Piezas Aurea Plus,Hogar,Aurea,977.83,69,Distribuidora Hidalgo,2024-05-11,Sí
3590,ALI-03590,Café Descafeinado 400 g Kairo Plus,Alimentos,Kairo,223.86,134,Distribuidora Nova,2024-01-04,Sí
3591,ELE-03591,Audífonos con Micrófono Lumina Classic,Electrónica,Lumina,3237.62,182,Distribuidora Mexicana,2025-08-28,Sí
3592,CUI-03592,Rasuradora Corporal Prisma Max,Cuidado personal,Prisma,903.94,104,Distribuidora Nova,2024-03-11,Sí
3593,CUI-03593,Rasuradora Recargable Orion Prime,Cuidado personal,Orion,669.56,124,Distribuidora Pacífico,2026-03-15,Sí
3594,DEP-03594,Tapete de Yoga con Correa Cobalto Essential,Deportes,Cobalto,357.4,23,Distribuidora Nova,2026-03-21,Sí
3595,HOG-03595,Sartén Antiadherente 28 cm Nativa Prime,Hogar,Nativa,1867.12,277,Distribuidora Metropolitana,2026-04-13,Sí
3596,DEP-03596,Botella Deportiva 750 ml Nativa Lite,Deportes,Nativa,1263.1,66,Distribuidora del Norte,2025-01-10,Sí
3597,HOG-03597,Juego de Toallas 6 Piezas Aurea Max,Hogar,Aurea,1136.79,112,Distribuidora Mexicana,2025-05-17,Sí
3598,CUI-03598,Shampoo Hidratante 750 ml Aurea Plus,Cuidado personal,Aurea,486.13,95,Distribuidora Nova,2026-06-10,Sí
3599,OFI-03599,Memoria USB 32 GB Cobalto Essential,Oficina,Cobalto,1763.59,105,Distribuidora del Norte,2024-11-15,Sí
3600,ALI-03600,Galletas de Avena 300 g Zenit Lite,Alimentos,Zenit,383.61,235,Distribuidora Bajío,2026-01-10,Sí
3601,OFI-03601,Cuaderno Cuadriculado Nova Select,Oficina,Nova,2436.64,210,Distribuidora Metropolitana,2025-02-15,No
3602,ALI-03602,Aceite de Aguacate 500 ml Vitta Pro,Alimentos,Vitta,686.62,281,Distribuidora Mexicana,2024-05-03,Sí
3603,HOG-03603,Termo 750 ml Orion Advance,Hogar,Orion,2085.16,108,Distribuidora Hidalgo,2026-06-04,Sí
3604,HOG-03604,Juego de Toallas 6 Piezas Cobalto Pro,Hogar,Cobalto,1111.52,110,Distribuidora Nova,2024-07-21,Sí
3605,OFI-03605,Calculadora Financiera Nexo Essential,Oficina,Nexo,5403.4,205,Distribuidora Hidalgo,2024-02-03,Sí
3606,CUI-03606,Cepillo Dental Medio Orion Pro,Cuidado personal,Orion,602.37,334,Distribuidora Pacífico,2024-07-29,Sí
3607,CUI-03607,Cepillo Dental Suave Orion Lite,Cuidado personal,Orion,1856.65,221,Distribuidora Metropolitana,2024-04-10,Sí
3608,OFI-03608,Mochila para Laptop 15.6 Nova Eco,Oficina,Nova,4504.19,239,Distribuidora del Norte,2025-04-30,Sí
3609,ELE-03609,Mouse Ergonómico Zenit Classic,Electrónica,Zenit,2245.83,270,Distribuidora del Norte,2024-03-26,Sí
3610,ALI-03610,Pasta Fusilli 500 g Prisma Prime,Alimentos,Prisma,596.3,282,Distribuidora Metropolitana,2025-08-09,Sí
3611,HOG-03611,Lámpara LED Nativa Advance,Hogar,Nativa,1905.39,53,Distribuidora Nova,2026-02-20,Sí
3612,HOG-03612,Juego de Toallas 6 Piezas Nativa Pro,Hogar,Nativa,1262.04,236,Distribuidora Hidalgo,2025-06-16,Sí
3613,DEP-03613,Mancuerna 10 kg Prisma Lite,Deportes,Prisma,1326.17,106,Distribuidora Pacífico,2024-04-01,Sí
3614,CUI-03614,Shampoo Reparador 700 ml Prisma Select,Cuidado personal,Prisma,2177.78,284,Distribuidora Central,2025-07-14,Sí
3615,OFI-03615,Mochila Impermeable Nativa Pro,Oficina,Nativa,1180.02,311,Distribuidora Central,2025-11-26,Sí
3616,DEP-03616,Botella Deportiva con Popote Nova Essential,Deportes,Nova,362.47,41,Distribuidora Nova,2025-09-16,Sí
3617,OFI-03617,Memoria USB 32 GB Kairo Classic,Oficina,Kairo,1128.97,101,Distribuidora Hidalgo,2024-09-14,Sí
3618,HOG-03618,Lámpara de Noche Nova Plus,Hogar,Nova,85.14,268,Distribuidora Hidalgo,2024-04-09,Sí
3619,DEP-03619,Mancuerna Hexagonal Nova Classic,Deportes,Nova,2531.2,337,Distribuidora del Norte,2024-12-16,Sí
3620,DEP-03620,Tapete de Yoga 6 mm Zenit Max,Deportes,Zenit,1873.11,293,Distribuidora Hidalgo,2025-04-17,Sí
3621,DEP-03621,Balón de Básquetbol Altura Advance,Deportes,Altura,2054.95,60,Distribuidora Central,2026-03-31,Sí
3622,HOG-03622,Juego de Toallas 4 Piezas Urban Classic,Hogar,Urban,620.4,88,Distribuidora Central,2025-01-07,Sí
3623,DEP-03623,Guantes con Muñequera Nexo Classic,Deportes,Nexo,2740.51,317,Distribuidora Bajío,2024-04-16,Sí
3624,ALI-03624,Pasta Penne 500 g Cobalto Advance,Alimentos,Cobalto,176.29,250,Distribuidora Bajío,2024-01-08,Sí
3625,ALI-03625,Pasta Penne 500 g Orion Max,Alimentos,Orion,548.17,105,Distribuidora Mexicana,2026-01-17,Sí
3626,DEP-03626,Botella Deportiva Térmica Marea Eco,Deportes,Marea,1568.4,274,Distribuidora Hidalgo,2026-02-11,Sí
3627,CUI-03627,Cepillo Dental Eléctrico Aurea Prime,Cuidado personal,Aurea,1424.63,245,Distribuidora Pacífico,2026-04-29,Sí
3628,ALI-03628,Cereal con Frutos 450 g Terra Classic,Alimentos,Terra,708.99,26,Distribuidora Mexicana,2025-01-26,Sí
3629,DEP-03629,Balón Entrenamiento Urban Prime,Deportes,Urban,1819.08,135,Distribuidora Metropolitana,2025-06-14,Sí
3630,ALI-03630,Aceite de Aguacate 500 ml Terra Advance,Alimentos,Terra,514.95,226,Distribuidora del Norte,2024-12-23,Sí
3631,ALI-03631,Cereal con Frutos 450 g Cobalto Classic,Alimentos,Cobalto,693.38,331,Distribuidora Central,2026-01-04,Sí
3632,OFI-03632,Cuaderno Pasta Dura Brava Max,Oficina,Brava,2988.1,307,Distribuidora Central,2025-07-26,Sí
3633,ALI-03633,Galletas con Chocolate 300 g Zenit Prime,Alimentos,Zenit,704.96,328,Distribuidora Pacífico,2024-12-06,Sí
3634,HOG-03634,Juego de Toallas 6 Piezas Terra Lite,Hogar,Terra,2176.9,16,Distribuidora Bajío,2025-06-21,No
3635,HOG-03635,Termo 750 ml Aurea Lite,Hogar,Aurea,978.93,206,Distribuidora Nova,2024-07-10,Sí
3636,ELE-03636,Teclado RGB Zenit Classic,Electrónica,Zenit,3418.66,268,Distribuidora Central,2025-12-14,Sí
3637,ELE-03637,Bocina Portátil Cobalto Select,Electrónica,Cobalto,334.46,140,Distribuidora del Norte,2024-12-26,No
3638,DEP-03638,Tapete de Yoga 8 mm Terra Essential,Deportes,Terra,1003.4,23,Distribuidora Mexicana,2025-02-21,Sí
3639,HOG-03639,Termo Térmico Urban Select,Hogar,Urban,568.06,149,Distribuidora Hidalgo,2025-04-23,Sí
3640,DEP-03640,Mancuerna Hexagonal Urban Essential,Deportes,Urban,809.63,69,Distribuidora Bajío,2024-07-20,Sí
3641,CUI-03641,Secadora Profesional Terra Plus,Cuidado personal,Terra,969.45,75,Distribuidora Central,2025-12-26,Sí
3642,CUI-03642,Cepillo Dental Suave Altura Plus,Cuidado personal,Altura,103.24,321,Distribuidora Bajío,2025-03-22,No
3643,CUI-03643,Shampoo Reparador 700 ml Marea Plus,Cuidado personal,Marea,1123.85,265,Distribuidora Pacífico,2025-08-29,Sí
3644,DEP-03644,Guantes con Muñequera Aurea Lite,Deportes,Aurea,660.27,120,Distribuidora Central,2025-03-13,Sí
3645,OFI-03645,Mochila Antirrobo Cobalto Prime,Oficina,Cobalto,1642.84,242,Distribuidora Nova,2026-05-25,Sí
3646,OFI-03646,Mochila Impermeable Altura Pro,Oficina,Altura,4570.78,14,Distribuidora Hidalgo,2026-05-31,Sí
3647,OFI-03647,Silla con Soporte Lumbar Altura Max,Oficina,Altura,543.11,277,Distribuidora del Norte,2026-08-22,Sí
3648,HOG-03648,Organizador de Baño Orion Select,Hogar,Orion,1458.36,65,Distribuidora Nova,2025-05-18,Sí
3649,OFI-03649,Memoria USB 128 GB Orion Select,Oficina,Orion,5457.63,127,Distribuidora Bajío,2025-02-25,Sí
3650,DEP-03650,Botella Deportiva con Popote Nova Max,Deportes,Nova,1773.25,22,Distribuidora Hidalgo,2026-05-15,Sí
3651,ELE-03651,Audífonos con Micrófono Terra Essential,Electrónica,Terra,1810.46,232,Distribuidora Nova,2026-02-18,Sí
3652,ALI-03652,Pasta Penne 500 g Terra Lite,Alimentos,Terra,774.99,5,Distribuidora Nova,2024-09-17,Sí
3653,OFI-03653,Silla Ejecutiva Urban Prime,Oficina,Urban,3970.85,347,Distribuidora Central,2026-06-07,Sí
3654,OFI-03654,Memoria USB 64 GB Nativa Pro,Oficina,Nativa,3100.93,314,Distribuidora Central,2024-07-12,Sí
3655,DEP-03655,Guantes de Ciclismo Zenit Classic,Deportes,Zenit,804.0,42,Distribuidora Hidalgo,2025-05-19,Sí
3656,OFI-03656,Memoria USB 128 GB Terra Classic,Oficina,Terra,5335.55,282,Distribuidora Metropolitana,2026-01-30,Sí
3657,ELE-03657,Teclado Inalámbrico Altura Max,Electrónica,Altura,2247.22,190,Distribuidora Hidalgo,2024-01-06,Sí
3658,OFI-03658,Mochila Impermeable Altura Plus,Oficina,Altura,4467.55,81,Distribuidora Nova,2026-05-03,Sí
3659,ELE-03659,Teclado RGB Zenit Select,Electrónica,Zenit,882.47,307,Distribuidora Mexicana,2026-07-21,Sí
3660,DEP-03660,Mancuerna Ajustable Nova Select,Deportes,Nova,174.41,305,Distribuidora del Norte,2026-04-02,Sí
3661,ELE-03661,Teclado RGB Aurea Pro,Electrónica,Aurea,235.28,74,Distribuidora Metropolitana,2024-08-08,Sí
3662,OFI-03662,Cuaderno Profesional Kairo Pro,Oficina,Kairo,1230.65,340,Distribuidora Mexicana,2025-12-17,No
3663,ALI-03663,Aceite Vegetal 1 L Vitta Essential,Alimentos,Vitta,257.94,63,Distribuidora Central,2025-08-03,Sí
3664,ELE-03664,Mouse Gaming Kairo Max,Electrónica,Kairo,877.67,264,Distribuidora Metropolitana,2025-03-30,Sí
3665,DEP-03665,Guantes con Muñequera Aurea Advance,Deportes,Aurea,2450.02,76,Distribuidora Pacífico,2026-04-30,Sí
3666,ALI-03666,Pasta Spaghetti 500 g Orion Prime,Alimentos,Orion,689.11,274,Distribuidora Mexicana,2025-05-12,Sí
3667,ALI-03667,Cereal de Avena 500 g Vitta Eco,Alimentos,Vitta,746.21,67,Distribuidora Metropolitana,2026-06-07,Sí
3668,CUI-03668,Cepillo Dental Medio Prisma Prime,Cuidado personal,Prisma,1825.52,214,Distribuidora del Norte,2024-12-10,Sí
3669,CUI-03669,Shampoo Hidratante 750 ml Altura Lite,Cuidado personal,Altura,386.31,216,Distribuidora Metropolitana,2026-05-15,Sí
3670,ALI-03670,Galletas Integrales 350 g Zenit Plus,Alimentos,Zenit,547.61,173,Distribuidora Central,2026-04-24,Sí
3671,OFI-03671,Memoria USB 128 GB Orion Prime,Oficina,Orion,4431.03,261,Distribuidora Mexicana,2025-11-01,Sí
3672,DEP-03672,Mancuerna 5 kg Brava Prime,Deportes,Brava,166.88,211,Distribuidora Metropolitana,2024-12-20,Sí
3673,CUI-03673,Crema Corporal con Aloe 500 ml Marea Lite,Cuidado personal,Marea,1451.69,31,Distribuidora Mexicana,2025-11-10,Sí
3674,DEP-03674,Mancuerna Ajustable Cobalto Max,Deportes,Cobalto,1915.27,252,Distribuidora Pacífico,2025-01-16,Sí
3675,HOG-03675,Sartén Antiadherente 28 cm Orion Pro,Hogar,Orion,603.72,229,Distribuidora Mexicana,2026-05-21,Sí
3676,CUI-03676,Crema Corporal con Aloe 500 ml Nativa Advance,Cuidado personal,Nativa,151.13,252,Distribuidora Central,2025-12-28,Sí
3677,OFI-03677,Calculadora Básica Kairo Advance,Oficina,Kairo,4138.17,213,Distribuidora Bajío,2026-07-06,Sí
3678,ALI-03678,Café Descafeinado 400 g Urban Pro,Alimentos,Urban,177.85,288,Distribuidora Metropolitana,2026-03-18,Sí
3679,DEP-03679,Botella Deportiva 1 L Marea Prime,Deportes,Marea,1794.62,175,Distribuidora Central,2026-08-10,Sí
3680,DEP-03680,Balón Entrenamiento Terra Advance,Deportes,Terra,2225.63,10,Distribuidora Hidalgo,2024-11-04,Sí
3681,HOG-03681,Organizador de Baño Vitta Max,Hogar,Vitta,1040.47,101,Distribuidora del Norte,2026-08-22,Sí
3682,OFI-03682,Cuaderno de Notas Terra Plus,Oficina,Terra,2995.75,326,Distribuidora Central,2024-02-27,Sí
3683,OFI-03683,Calculadora de Escritorio Kairo Prime,Oficina,Kairo,2156.08,172,Distribuidora Metropolitana,2026-08-03,Sí
3684,HOG-03684,Lámpara Minimalista Aurea Select,Hogar,Aurea,981.69,336,Distribuidora Bajío,2025-12-17,Sí
3685,DEP-03685,Balón de Fútbol Prisma Essential,Deportes,Prisma,966.43,297,Distribuidora del Norte,2024-01-31,Sí
3686,ALI-03686,Café Americano 500 g Aurea Plus,Alimentos,Aurea,391.6,189,Distribuidora Metropolitana,2025-11-27,Sí
3687,OFI-03687,Mochila para Laptop 15.6 Cobalto Advance,Oficina,Cobalto,1415.75,200,Distribuidora Hidalgo,2026-06-27,No
3688,CUI-03688,Crema Corporal Hidratante 400 ml Urban Essential,Cuidado personal,Urban,1486.75,265,Distribuidora Metropolitana,2025-10-23,Sí
3689,ELE-03689,Audífonos USB-C Prisma Lite,Electrónica,Prisma,808.63,40,Distribuidora del Norte,2024-04-20,Sí
3690,HOG-03690,Organizador de Cocina Nexo Eco,Hogar,Nexo,768.79,16,Distribuidora Nova,2025-12-03,Sí
3691,HOG-03691,Organizador de Baño Brava Max,Hogar,Brava,1500.59,94,Distribuidora Central,2025-11-12,Sí
3692,HOG-03692,Termo Térmico Nexo Plus,Hogar,Nexo,1433.23,314,Distribuidora Nova,2025-06-24,Sí
3693,DEP-03693,Guantes de Gimnasio Urban Max,Deportes,Urban,1346.93,127,Distribuidora Pacífico,2026-06-20,Sí
3694,HOG-03694,Lámpara LED Kairo Lite,Hogar,Kairo,1771.45,95,Distribuidora Pacífico,2024-07-09,Sí
3695,DEP-03695,Balón de Voleibol Nativa Classic,Deportes,Nativa,522.3,211,Distribuidora Pacífico,2024-10-08,Sí
3696,OFI-03696,Silla Ejecutiva Nexo Max,Oficina,Nexo,3609.05,222,Distribuidora Hidalgo,2024-09-02,Sí
3697,ALI-03697,Pasta Fusilli 500 g Lumina Lite,Alimentos,Lumina,392.16,154,Distribuidora Pacífico,2025-09-16,Sí
3698,OFI-03698,Silla con Soporte Lumbar Lumina Classic,Oficina,Lumina,5595.02,131,Distribuidora Hidalgo,2026-04-15,Sí
3699,CUI-03699,Secadora 2000 W Brava Plus,Cuidado personal,Brava,2276.77,169,Distribuidora Hidalgo,2025-02-17,Sí
3700,HOG-03700,Organizador Multiusos Nova Pro,Hogar,Nova,1595.38,298,Distribuidora Central,2026-05-17,Sí
3701,CUI-03701,Rasuradora Corporal Zenit Eco,Cuidado personal,Zenit,1197.0,265,Distribuidora del Norte,2026-07-07,Sí
3702,CUI-03702,Crema Corporal Hidratante 400 ml Vitta Select,Cuidado personal,Vitta,1876.38,332,Distribuidora Mexicana,2024-09-29,Sí
3703,DEP-03703,Tapete de Yoga 8 mm Altura Select,Deportes,Altura,1450.04,117,Distribuidora Bajío,2025-12-24,Sí
3704,OFI-03704,Cuaderno Cuadriculado Lumina Select,Oficina,Lumina,3104.56,251,Distribuidora Pacífico,2025-12-24,Sí
3705,CUI-03705,Cepillo Dental Eléctrico Brava Essential,Cuidado personal,Brava,2601.38,168,Distribuidora Metropolitana,2025-08-21,Sí
3706,OFI-03706,Silla con Soporte Lumbar Prisma Max,Oficina,Prisma,3031.41,287,Distribuidora Central,2024-02-25,Sí
3707,OFI-03707,Cuaderno de Notas Zenit Max,Oficina,Zenit,3921.49,133,Distribuidora Pacífico,2026-08-21,Sí
3708,HOG-03708,Juego de Toallas 4 Piezas Nexo Max,Hogar,Nexo,167.14,210,Distribuidora del Norte,2024-09-18,Sí
3709,OFI-03709,Mochila Antirrobo Terra Pro,Oficina,Terra,287.34,149,Distribuidora Mexicana,2024-03-30,Sí
3710,CUI-03710,Rasuradora de Precisión Terra Max,Cuidado personal,Terra,2015.1,188,Distribuidora Mexicana,2024-02-21,Sí
3711,ELE-03711,Webcam Full HD Prisma Essential,Electrónica,Prisma,2843.96,209,Distribuidora Metropolitana,2025-10-04,Sí
3712,HOG-03712,Sartén de Acero 26 cm Marea Essential,Hogar,Marea,1394.08,320,Distribuidora Pacífico,2024-07-11,Sí
3713,HOG-03713,Termo Térmico Urban Eco,Hogar,Urban,1797.73,104,Distribuidora Mexicana,2026-05-24,Sí
3714,CUI-03714,Shampoo Anticaspa 650 ml Vitta Select,Cuidado personal,Vitta,608.07,49,Distribuidora Central,2025-02-15,No
3715,ALI-03715,Galletas con Chocolate 300 g Lumina Max,Alimentos,Lumina,58.45,186,Distribuidora Mexicana,2024-05-09,Sí
3716,CUI-03716,Cepillo Dental Pack 3 Cobalto Classic,Cuidado personal,Cobalto,1643.36,208,Distribuidora Metropolitana,2025-09-24,Sí
3717,OFI-03717,Mochila Impermeable Nova Pro,Oficina,Nova,2130.43,317,Distribuidora Hidalgo,2024-04-07,Sí
3718,OFI-03718,Mochila Antirrobo Aurea Essential,Oficina,Aurea,1896.43,3,Distribuidora Bajío,2025-05-05,Sí
3719,ALI-03719,Pasta Spaghetti 500 g Brava Essential,Alimentos,Brava,356.35,5,Distribuidora Mexicana,2026-07-07,Sí
3720,HOG-03720,Lámpara Minimalista Cobalto Classic,Hogar,Cobalto,899.75,102,Distribuidora Bajío,2024-04-22,Sí
3721,DEP-03721,Tapete de Yoga 8 mm Altura Classic,Deportes,Altura,804.36,312,Distribuidora Mexicana,2025-03-30,Sí
3722,ELE-03722,Teclado RGB Urban Eco,Electrónica,Urban,1326.16,22,Distribuidora Mexicana,2024-08-14,Sí
3723,ELE-03723,Bocina Inteligente Marea Lite,Electrónica,Marea,223.27,74,Distribuidora Pacífico,2025-04-09,Sí
3724,OFI-03724,Mochila Impermeable Cobalto Pro,Oficina,Cobalto,5368.29,345,Distribuidora Nova,2025-02-18,Sí
3725,DEP-03725,Botella Deportiva 1 L Cobalto Prime,Deportes,Cobalto,417.06,3,Distribuidora Metropolitana,2026-07-14,Sí
3726,ALI-03726,Aceite Vegetal 1 L Nativa Essential,Alimentos,Nativa,354.93,1,Distribuidora Metropolitana,2025-04-18,Sí
3727,ELE-03727,Teclado Mecánico Lumina Eco,Electrónica,Lumina,1668.69,306,Distribuidora Nova,2026-04-09,Sí
3728,HOG-03728,Sartén Antiadherente 24 cm Brava Select,Hogar,Brava,119.41,189,Distribuidora Pacífico,2025-06-26,Sí
3729,CUI-03729,Cepillo Dental Suave Urban Prime,Cuidado personal,Urban,1347.86,28,Distribuidora Bajío,2025-08-18,Sí
3730,HOG-03730,Lámpara LED Altura Pro,Hogar,Altura,735.81,202,Distribuidora Pacífico,2025-02-26,Sí
3731,OFI-03731,Calculadora Científica Nova Pro,Oficina,Nova,4333.52,155,Distribuidora del Norte,2026-05-26,Sí
3732,ELE-03732,Mouse Gaming Altura Prime,Electrónica,Altura,479.06,310,Distribuidora Nova,2024-07-13,Sí
3733,OFI-03733,Mochila Ejecutiva Urban Select,Oficina,Urban,4591.22,3,Distribuidora Metropolitana,2025-05-08,Sí
3734,OFI-03734,Calculadora de Escritorio Cobalto Essential,Oficina,Cobalto,52.28,276,Distribuidora Pacífico,2024-05-02,Sí
3735,OFI-03735,Mochila Impermeable Cobalto Essential,Oficina,Cobalto,3850.69,75,Distribuidora del Norte,2026-03-16,Sí
3736,ALI-03736,Pasta Penne 500 g Altura Plus,Alimentos,Altura,658.84,174,Distribuidora Mexicana,2025-07-19,Sí
3737,HOG-03737,Organizador de Baño Lumina Max,Hogar,Lumina,1632.5,276,Distribuidora Metropolitana,2025-01-24,Sí
3738,DEP-03738,Balón Entrenamiento Prisma Essential,Deportes,Prisma,1120.9,48,Distribuidora Bajío,2026-09-01,Sí
3739,ALI-03739,Galletas de Avena 300 g Nova Plus,Alimentos,Nova,784.32,177,Distribuidora Metropolitana,2026-07-02,Sí
3740,ELE-03740,Bocina Portátil Brava Plus,Electrónica,Brava,1784.22,108,Distribuidora Hidalgo,2024-10-21,Sí
3741,ELE-03741,Cargador Inalámbrico Kairo Essential,Electrónica,Kairo,1441.12,322,Distribuidora Pacífico,2026-08-08,Sí
3742,OFI-03742,Mochila Antirrobo Aurea Prime,Oficina,Aurea,2820.69,339,Distribuidora Bajío,2026-05-22,Sí
3743,DEP-03743,Mancuerna 5 kg Terra Eco,Deportes,Terra,612.59,6,Distribuidora Bajío,2025-07-04,Sí
3744,OFI-03744,Silla Ejecutiva Nexo Max,Oficina,Nexo,694.97,338,Distribuidora Mexicana,2025-02-24,No
3745,HOG-03745,Juego de Toallas Algodón Orion Lite,Hogar,Orion,1134.39,10,Distribuidora del Norte,2024-01-28,Sí
3746,HOG-03746,Juego de Toallas Algodón Lumina Advance,Hogar,Lumina,752.58,292,Distribuidora Central,2026-04-14,Sí
3747,ALI-03747,Aceite de Oliva 500 ml Altura Select,Alimentos,Altura,794.87,255,Distribuidora Hidalgo,2025-11-13,Sí
3748,ELE-03748,Mouse Óptico Cobalto Max,Electrónica,Cobalto,3000.31,25,Distribuidora del Norte,2024-10-11,Sí
3749,DEP-03749,Tapete de Yoga con Correa Vitta Plus,Deportes,Vitta,395.08,171,Distribuidora Hidalgo,2025-10-25,Sí
3750,ALI-03750,Galletas Integrales 350 g Kairo Eco,Alimentos,Kairo,46.8,251,Distribuidora Bajío,2024-07-26,Sí
3751,CUI-03751,Cepillo Dental Eléctrico Orion Advance,Cuidado personal,Orion,2296.22,76,Distribuidora Central,2024-12-28,Sí
3752,ELE-03752,Teclado Compacto Zenit Select,Electrónica,Zenit,3014.87,291,Distribuidora Bajío,2026-03-27,Sí
3753,CUI-03753,Secadora Iónica Prisma Essential,Cuidado personal,Prisma,179.14,182,Distribuidora del Norte,2025-03-10,Sí
3754,OFI-03754,Memoria USB USB 3.2 Nativa Select,Oficina,Nativa,2200.56,61,Distribuidora Mexicana,2026-01-18,Sí
3755,ALI-03755,Aceite de Aguacate 500 ml Cobalto Classic,Alimentos,Cobalto,411.32,310,Distribuidora Nova,2025-01-17,Sí
3756,CUI-03756,Secadora 2000 W Kairo Select,Cuidado personal,Kairo,1524.03,190,Distribuidora Hidalgo,2025-09-10,Sí
3757,DEP-03757,Botella Deportiva 1 L Prisma Pro,Deportes,Prisma,2338.49,41,Distribuidora Nova,2024-03-04,Sí
3758,OFI-03758,Silla Ergonómica Vitta Eco,Oficina,Vitta,4864.98,57,Distribuidora del Norte,2025-08-05,Sí
3759,CUI-03759,Secadora Iónica Aurea Prime,Cuidado personal,Aurea,703.14,19,Distribuidora Nova,2025-10-04,Sí
3760,CUI-03760,Rasuradora 3 Cabezas Altura Prime,Cuidado personal,Altura,1811.4,271,Distribuidora Mexicana,2025-06-11,Sí
3761,ALI-03761,Aceite de Aguacate 500 ml Brava Select,Alimentos,Brava,279.97,169,Distribuidora Mexicana,2025-03-09,Sí
3762,ELE-03762,Teclado Compacto Nativa Classic,Electrónica,Nativa,1757.18,63,Distribuidora del Norte,2024-07-09,Sí
3763,DEP-03763,Guantes de Ciclismo Kairo Prime,Deportes,Kairo,444.66,118,Distribuidora Mexicana,2026-03-30,Sí
3764,CUI-03764,Crema Corporal Hidratante 400 ml Cobalto Max,Cuidado personal,Cobalto,1451.42,171,Distribuidora Central,2026-03-23,Sí
3765,ALI-03765,Pasta Fusilli 500 g Cobalto Prime,Alimentos,Cobalto,672.45,329,Distribuidora Central,2024-11-19,Sí
3766,DEP-03766,Balón Entrenamiento Lumina Max,Deportes,Lumina,963.91,37,Distribuidora Mexicana,2025-11-16,Sí
3767,OFI-03767,Calculadora de Escritorio Prisma Select,Oficina,Prisma,3034.32,39,Distribuidora del Norte,2025-12-07,Sí
3768,OFI-03768,Cuaderno de Notas Cobalto Pro,Oficina,Cobalto,334.18,139,Distribuidora Central,2026-01-20,Sí
3769,DEP-03769,Guantes Deportivos Cobalto Prime,Deportes,Cobalto,2975.17,95,Distribuidora Pacífico,2024-07-20,Sí
3770,ELE-03770,Bocina Resistente al Agua Cobalto Essential,Electrónica,Cobalto,2851.07,274,Distribuidora Metropolitana,2024-11-28,No
3771,CUI-03771,Cepillo Dental Medio Terra Classic,Cuidado personal,Terra,2253.34,30,Distribuidora del Norte,2024-01-17,Sí
3772,DEP-03772,Guantes con Muñequera Terra Advance,Deportes,Terra,650.49,142,Distribuidora Mexicana,2024-04-27,Sí
3773,ELE-03773,Audífonos Bluetooth Urban Advance,Electrónica,Urban,3142.73,318,Distribuidora del Norte,2024-08-07,Sí
3774,ALI-03774,Galletas de Avena 300 g Prisma Max,Alimentos,Prisma,776.66,164,Distribuidora Nova,2025-06-25,Sí
3775,CUI-03775,Shampoo Hidratante 750 ml Lumina Prime,Cuidado personal,Lumina,2018.63,19,Distribuidora Nova,2024-11-02,Sí
3776,DEP-03776,Botella Deportiva 750 ml Urban Classic,Deportes,Urban,2537.95,82,Distribuidora Hidalgo,2024-07-10,Sí
3777,OFI-03777,Calculadora Básica Urban Pro,Oficina,Urban,54.36,91,Distribuidora del Norte,2026-04-30,Sí
3778,ALI-03778,Pasta Penne 500 g Nexo Pro,Alimentos,Nexo,538.64,291,Distribuidora Pacífico,2024-01-05,Sí
3779,ELE-03779,Bocina Portátil Kairo Select,Electrónica,Kairo,1074.25,196,Distribuidora Central,2026-07-29,Sí
3780,CUI-03780,Cepillo Dental Pack 3 Nativa Essential,Cuidado personal,Nativa,2029.92,25,Distribuidora Hidalgo,2024-02-21,Sí
3781,HOG-03781,Termo 500 ml Altura Max,Hogar,Altura,1477.98,183,Distribuidora del Norte,2025-02-04,Sí
3782,HOG-03782,Lámpara de Noche Lumina Pro,Hogar,Lumina,80.1,87,Distribuidora Mexicana,2024-10-25,Sí
3783,DEP-03783,Mancuerna Hexagonal Lumina Eco,Deportes,Lumina,1586.47,310,Distribuidora Metropolitana,2025-03-22,Sí
3784,ELE-03784,Cargador Inalámbrico Terra Plus,Electrónica,Terra,791.35,345,Distribuidora Nova,2025-03-21,Sí
3785,ALI-03785,Café en Grano 1 kg Marea Advance,Alimentos,Marea,644.3,34,Distribuidora Metropolitana,2026-07-15,Sí
3786,OFI-03786,Memoria USB 32 GB Cobalto Advance,Oficina,Cobalto,624.86,191,Distribuidora Bajío,2025-07-15,Sí
3787,ELE-03787,Webcam con Micrófono Nexo Classic,Electrónica,Nexo,2134.37,87,Distribuidora del Norte,2026-04-13,Sí
3788,ELE-03788,Webcam Full HD Kairo Pro,Electrónica,Kairo,2059.94,311,Distribuidora Pacífico,2025-05-30,Sí
3789,ELE-03789,Mouse Inalámbrico Lumina Select,Electrónica,Lumina,2881.15,185,Distribuidora Hidalgo,2026-07-11,Sí
3790,HOG-03790,Termo 500 ml Kairo Pro,Hogar,Kairo,1076.5,78,Distribuidora Central,2026-07-16,Sí
3791,HOG-03791,Lámpara de Escritorio Cobalto Classic,Hogar,Cobalto,2232.87,77,Distribuidora Central,2025-09-26,Sí
3792,ALI-03792,Pasta Fusilli 500 g Kairo Eco,Alimentos,Kairo,503.54,257,Distribuidora Hidalgo,2025-02-16,Sí
3793,OFI-03793,Memoria USB 32 GB Vitta Max,Oficina,Vitta,1147.99,307,Distribuidora del Norte,2024-09-10,Sí
3794,DEP-03794,Mancuerna 5 kg Urban Classic,Deportes,Urban,2872.68,327,Distribuidora del Norte,2026-07-19,Sí
3795,HOG-03795,Organizador de Cocina Nova Plus,Hogar,Nova,317.06,31,Distribuidora Metropolitana,2026-06-22,Sí
3796,ELE-03796,Mouse Óptico Nexo Select,Electrónica,Nexo,1119.9,278,Distribuidora Pacífico,2026-08-14,Sí
3797,ELE-03797,Webcam 2K Vitta Classic,Electrónica,Vitta,1470.7,201,Distribuidora Bajío,2026-05-03,Sí
3798,HOG-03798,Organizador de Cocina Vitta Prime,Hogar,Vitta,676.49,129,Distribuidora Mexicana,2024-09-04,Sí
3799,DEP-03799,Botella Deportiva Térmica Nativa Eco,Deportes,Nativa,175.25,68,Distribuidora Nova,2025-10-29,Sí
3800,ALI-03800,Galletas con Chocolate 300 g Nativa Eco,Alimentos,Nativa,573.25,240,Distribuidora Pacífico,2024-02-23,Sí
3801,ALI-03801,Aceite de Aguacate 500 ml Vitta Plus,Alimentos,Vitta,55.74,332,Distribuidora Metropolitana,2024-07-01,Sí
3802,ALI-03802,Café Molido 500 g Brava Select,Alimentos,Brava,565.99,189,Distribuidora del Norte,2024-01-20,Sí
3803,CUI-03803,Rasuradora 3 Cabezas Kairo Max,Cuidado personal,Kairo,2260.12,70,Distribuidora Metropolitana,2024-10-10,Sí
3804,OFI-03804,Calculadora Científica Urban Lite,Oficina,Urban,3569.33,106,Distribuidora Mexicana,2025-05-12,Sí
3805,DEP-03805,Tapete de Yoga Antideslizante Nexo Select,Deportes,Nexo,1705.65,52,Distribuidora Mexicana,2026-03-25,Sí
3806,CUI-03806,Crema Corporal con Aloe 500 ml Aurea Pro,Cuidado personal,Aurea,2185.04,235,Distribuidora Hidalgo,2025-06-12,No
3807,ALI-03807,Café Americano 500 g Nexo Select,Alimentos,Nexo,297.67,233,Distribuidora Nova,2024-03-21,Sí
3808,CUI-03808,Cepillo Dental Medio Lumina Plus,Cuidado personal,Lumina,2042.94,349,Distribuidora Mexicana,2025-11-21,Sí
3809,HOG-03809,Sartén Antiadherente 24 cm Kairo Max,Hogar,Kairo,1821.19,177,Distribuidora Central,2026-04-14,Sí
3810,ALI-03810,Café Descafeinado 400 g Nativa Prime,Alimentos,Nativa,29.74,285,Distribuidora Pacífico,2025-08-02,Sí
3811,CUI-03811,Secadora Profesional Aurea Prime,Cuidado personal,Aurea,1301.01,258,Distribuidora Hidalgo,2025-12-22,Sí
3812,HOG-03812,Lámpara LED Nova Prime,Hogar,Nova,2285.93,183,Distribuidora del Norte,2025-09-17,Sí
3813,OFI-03813,Memoria USB 128 GB Prisma Classic,Oficina,Prisma,4497.58,83,Distribuidora Metropolitana,2025-08-19,Sí
3814,ELE-03814,Teclado Inalámbrico Altura Prime,Electrónica,Altura,2200.32,179,Distribuidora Pacífico,2024-04-08,Sí
3815,HOG-03815,Sartén Antiadherente 24 cm Orion Essential,Hogar,Orion,1522.89,254,Distribuidora Pacífico,2024-12-16,Sí
3816,HOG-03816,Juego de Toallas 4 Piezas Zenit Prime,Hogar,Zenit,1855.61,5,Distribuidora Metropolitana,2026-01-21,No
3817,ELE-03817,Bocina Portátil Nativa Pro,Electrónica,Nativa,620.23,133,Distribuidora Mexicana,2025-03-05,Sí
3818,DEP-03818,Guantes con Muñequera Altura Select,Deportes,Altura,2660.04,347,Distribuidora Mexicana,2024-08-09,Sí
3819,CUI-03819,Shampoo Hidratante 750 ml Lumina Max,Cuidado personal,Lumina,218.86,269,Distribuidora Nova,2024-12-27,Sí
3820,OFI-03820,Silla de Oficina Vitta Plus,Oficina,Vitta,456.09,82,Distribuidora Bajío,2026-02-06,Sí
3821,CUI-03821,Rasuradora 3 Cabezas Nativa Select,Cuidado personal,Nativa,238.69,156,Distribuidora Nova,2024-09-01,Sí
3822,ELE-03822,Audífonos con Micrófono Nexo Select,Electrónica,Nexo,329.36,221,Distribuidora Metropolitana,2026-03-11,Sí
3823,OFI-03823,Cuaderno Profesional Brava Lite,Oficina,Brava,604.71,9,Distribuidora Nova,2025-12-22,Sí
3824,CUI-03824,Cepillo Dental Suave Altura Essential,Cuidado personal,Altura,400.24,256,Distribuidora Mexicana,2024-11-07,Sí
3825,OFI-03825,Cuaderno Profesional Cobalto Essential,Oficina,Cobalto,838.45,134,Distribuidora Hidalgo,2024-03-05,Sí
3826,CUI-03826,Rasuradora de Precisión Aurea Pro,Cuidado personal,Aurea,2136.63,144,Distribuidora Bajío,2026-06-01,Sí
3827,ELE-03827,Teclado Inalámbrico Nova Classic,Electrónica,Nova,777.82,159,Distribuidora Bajío,2024-09-18,Sí
3828,HOG-03828,Sartén Antiadherente 28 cm Vitta Plus,Hogar,Vitta,184.0,184,Distribuidora del Norte,2026-06-10,No
3829,ELE-03829,Mouse Óptico Nova Plus,Electrónica,Nova,189.16,149,Distribuidora del Norte,2024-07-23,Sí
3830,OFI-03830,Calculadora Básica Cobalto Advance,Oficina,Cobalto,1844.84,24,Distribuidora Bajío,2026-02-17,Sí
3831,HOG-03831,Organizador de Escritorio Prisma Eco,Hogar,Prisma,1906.15,237,Distribuidora Mexicana,2025-11-03,Sí
3832,DEP-03832,Botella Deportiva Térmica Cobalto Max,Deportes,Cobalto,1321.44,224,Distribuidora Metropolitana,2026-06-04,Sí
3833,CUI-03833,Rasuradora de Precisión Lumina Pro,Cuidado personal,Lumina,2220.2,310,Distribuidora del Norte,2025-06-29,Sí
3834,HOG-03834,Termo Térmico Nexo Essential,Hogar,Nexo,751.12,243,Distribuidora Nova,2024-02-09,Sí
3835,ELE-03835,Cargador Inalámbrico Marea Prime,Electrónica,Marea,2625.53,209,Distribuidora del Norte,2025-10-22,Sí
3836,DEP-03836,Tapete de Yoga Antideslizante Orion Lite,Deportes,Orion,1705.56,15,Distribuidora Bajío,2025-08-15,Sí
3837,OFI-03837,Cuaderno de Notas Orion Prime,Oficina,Orion,5261.69,163,Distribuidora Metropolitana,2025-09-26,Sí
3838,CUI-03838,Shampoo Reparador 700 ml Marea Select,Cuidado personal,Marea,1867.25,71,Distribuidora Central,2025-01-05,Sí
3839,OFI-03839,Memoria USB 64 GB Brava Advance,Oficina,Brava,1124.62,41,Distribuidora Metropolitana,2024-09-14,No
3840,DEP-03840,Tapete de Yoga Antideslizante Urban Max,Deportes,Urban,113.54,27,Distribuidora Bajío,2025-10-12,Sí
3841,OFI-03841,Mochila Impermeable Terra Pro,Oficina,Terra,364.03,177,Distribuidora Metropolitana,2025-11-29,Sí
3842,ALI-03842,Pasta Spaghetti 500 g Marea Classic,Alimentos,Marea,243.59,18,Distribuidora Bajío,2026-02-16,Sí
3843,CUI-03843,Secadora Profesional Cobalto Max,Cuidado personal,Cobalto,1968.79,257,Distribuidora Mexicana,2025-10-21,Sí
3844,ALI-03844,Cereal Integral 500 g Altura Essential,Alimentos,Altura,377.58,71,Distribuidora Central,2026-08-05,Sí
3845,CUI-03845,Cepillo Dental Eléctrico Lumina Plus,Cuidado personal,Lumina,2199.43,151,Distribuidora Hidalgo,2024-04-18,Sí
3846,OFI-03846,Silla Ergonómica Terra Plus,Oficina,Terra,5656.73,11,Distribuidora Pacífico,2025-07-19,Sí
3847,DEP-03847,Botella Deportiva Térmica Terra Classic,Deportes,Terra,522.4,221,Distribuidora Mexicana,2026-02-27,Sí
3848,DEP-03848,Botella Deportiva con Popote Urban Max,Deportes,Urban,328.1,8,Distribuidora del Norte,2025-05-29,Sí
3849,ELE-03849,Teclado Inalámbrico Nexo Prime,Electrónica,Nexo,1700.87,24,Distribuidora Pacífico,2025-11-06,Sí
3850,ELE-03850,Bocina Portátil Vitta Classic,Electrónica,Vitta,2963.36,337,Distribuidora Hidalgo,2026-03-02,Sí
3851,CUI-03851,Rasuradora Corporal Altura Select,Cuidado personal,Altura,1805.05,29,Distribuidora Pacífico,2026-03-28,Sí
3852,CUI-03852,Shampoo Anticaspa 650 ml Cobalto Advance,Cuidado personal,Cobalto,1683.08,256,Distribuidora Mexicana,2024-09-24,Sí
3853,CUI-03853,Crema Corporal con Aloe 500 ml Cobalto Essential,Cuidado personal,Cobalto,823.03,270,Distribuidora del Norte,2024-04-17,Sí
3854,ALI-03854,Cereal Integral 500 g Lumina Lite,Alimentos,Lumina,354.73,147,Distribuidora Nova,2024-05-19,Sí
3855,OFI-03855,Calculadora Financiera Prisma Plus,Oficina,Prisma,3077.26,63,Distribuidora Mexicana,2025-04-19,Sí
3856,ELE-03856,Bocina Bluetooth Nova Select,Electrónica,Nova,1057.61,235,Distribuidora Pacífico,2024-07-21,Sí
3857,HOG-03857,Sartén Antiadherente 28 cm Nativa Classic,Hogar,Nativa,147.57,169,Distribuidora Nova,2025-01-24,Sí
3858,ELE-03858,Webcam 2K Aurea Plus,Electrónica,Aurea,393.68,172,Distribuidora Pacífico,2024-04-21,Sí
3859,ELE-03859,Cargador USB-C 20W Vitta Essential,Electrónica,Vitta,1419.26,250,Distribuidora del Norte,2024-09-10,Sí
3860,ALI-03860,Galletas de Avena 300 g Altura Essential,Alimentos,Altura,304.01,65,Distribuidora Mexicana,2024-03-18,Sí
3861,OFI-03861,Calculadora de Escritorio Urban Max,Oficina,Urban,3935.37,125,Distribuidora Metropolitana,2026-04-15,Sí
3862,OFI-03862,Mochila Antirrobo Urban Plus,Oficina,Urban,772.71,209,Distribuidora del Norte,2025-12-02,Sí
3863,CUI-03863,Secadora 2000 W Terra Pro,Cuidado personal,Terra,1182.64,43,Distribuidora Pacífico,2026-05-21,Sí
3864,OFI-03864,Mochila Impermeable Marea Lite,Oficina,Marea,5827.39,205,Distribuidora Mexicana,2026-01-07,Sí
3865,OFI-03865,Cuaderno Profesional Terra Advance,Oficina,Terra,3497.28,336,Distribuidora Pacífico,2024-02-02,Sí
3866,HOG-03866,Organizador de Escritorio Prisma Lite,Hogar,Prisma,975.46,117,Distribuidora Metropolitana,2025-06-07,Sí
3867,HOG-03867,Sartén de Acero 26 cm Nexo Lite,Hogar,Nexo,1332.25,172,Distribuidora Central,2026-08-06,Sí
3868,OFI-03868,Cuaderno Cuadriculado Lumina Advance,Oficina,Lumina,4127.05,322,Distribuidora Bajío,2026-04-07,Sí
3869,OFI-03869,Calculadora de Escritorio Prisma Pro,Oficina,Prisma,1707.89,242,Distribuidora Bajío,2025-05-15,Sí
3870,OFI-03870,Calculadora Financiera Terra Advance,Oficina,Terra,1497.86,156,Distribuidora Hidalgo,2024-10-16,Sí
3871,ELE-03871,Bocina Bluetooth Zenit Advance,Electrónica,Zenit,1931.44,261,Distribuidora Mexicana,2025-02-03,Sí
3872,DEP-03872,Tapete de Yoga con Correa Prisma Prime,Deportes,Prisma,2423.77,254,Distribuidora Bajío,2025-08-30,Sí
3873,CUI-03873,Cepillo Dental Pack 3 Zenit Essential,Cuidado personal,Zenit,1650.06,71,Distribuidora del Norte,2024-01-23,Sí
3874,OFI-03874,Cuaderno Cuadriculado Nexo Prime,Oficina,Nexo,1545.57,181,Distribuidora Nova,2025-09-09,Sí
3875,ELE-03875,Bocina Bluetooth Brava Pro,Electrónica,Brava,2971.06,129,Distribuidora Bajío,2024-02-01,Sí
3876,HOG-03876,Juego de Toallas 4 Piezas Prisma Plus,Hogar,Prisma,1789.12,151,Distribuidora Nova,2024-05-07,Sí
3877,ELE-03877,Teclado Inalámbrico Prisma Essential,Electrónica,Prisma,2323.43,118,Distribuidora Pacífico,2024-09-09,Sí
3878,CUI-03878,Secadora 2000 W Terra Pro,Cuidado personal,Terra,1311.64,293,Distribuidora Metropolitana,2024-06-08,Sí
3879,HOG-03879,Juego de Toallas Algodón Nativa Advance,Hogar,Nativa,2281.99,291,Distribuidora Hidalgo,2026-01-13,Sí
3880,OFI-03880,Memoria USB 128 GB Prisma Max,Oficina,Prisma,4406.89,59,Distribuidora Mexicana,2025-04-04,Sí
3881,ALI-03881,Café Descafeinado 400 g Kairo Pro,Alimentos,Kairo,365.13,54,Distribuidora Nova,2024-05-15,Sí
3882,ALI-03882,Pasta Spaghetti 500 g Nexo Select,Alimentos,Nexo,489.17,106,Distribuidora Hidalgo,2026-06-02,Sí
3883,HOG-03883,Juego de Toallas Microfibra Orion Max,Hogar,Orion,1067.95,138,Distribuidora Central,2026-02-23,Sí
3884,ELE-03884,Mouse Óptico Marea Prime,Electrónica,Marea,481.65,83,Distribuidora Hidalgo,2024-08-24,Sí
3885,ELE-03885,Audífonos USB-C Nova Pro,Electrónica,Nova,2518.62,67,Distribuidora Mexicana,2024-02-08,Sí
3886,ALI-03886,Pasta Fusilli 500 g Marea Advance,Alimentos,Marea,300.94,269,Distribuidora Mexicana,2025-03-28,Sí
3887,DEP-03887,Balón Entrenamiento Terra Pro,Deportes,Terra,689.27,107,Distribuidora Metropolitana,2025-12-16,Sí
3888,HOG-03888,Juego de Toallas 4 Piezas Vitta Max,Hogar,Vitta,1337.47,110,Distribuidora Hidalgo,2026-02-27,Sí
3889,HOG-03889,Lámpara de Noche Orion Essential,Hogar,Orion,107.85,194,Distribuidora Central,2025-05-16,Sí
3890,HOG-03890,Lámpara de Noche Aurea Classic,Hogar,Aurea,2387.1,267,Distribuidora Hidalgo,2026-09-06,Sí
3891,ALI-03891,Aceite de Aguacate 500 ml Aurea Max,Alimentos,Aurea,77.85,182,Distribuidora Bajío,2024-09-11,Sí
3892,ELE-03892,Mouse Ergonómico Nova Lite,Electrónica,Nova,2051.11,99,Distribuidora del Norte,2025-07-23,Sí
3893,ELE-03893,Webcam con Micrófono Altura Max,Electrónica,Altura,2235.03,119,Distribuidora Bajío,2025-04-05,Sí
3894,HOG-03894,Lámpara LED Nativa Select,Hogar,Nativa,2230.59,140,Distribuidora del Norte,2026-01-29,Sí
3895,OFI-03895,Cuaderno de Notas Cobalto Prime,Oficina,Cobalto,3652.39,13,Distribuidora Mexicana,2025-02-25,Sí
3896,ELE-03896,Audífonos Bluetooth Nativa Pro,Electrónica,Nativa,727.95,287,Distribuidora Bajío,2024-03-28,Sí
3897,ELE-03897,Cargador Inalámbrico Prisma Pro,Electrónica,Prisma,970.79,329,Distribuidora Metropolitana,2025-08-06,Sí
3898,ELE-03898,Teclado Inalámbrico Aurea Plus,Electrónica,Aurea,2872.08,317,Distribuidora Bajío,2026-08-26,Sí
3899,DEP-03899,Mancuerna Hexagonal Nova Select,Deportes,Nova,575.99,7,Distribuidora Central,2026-03-24,Sí
3900,ELE-03900,Cargador Inalámbrico Lumina Max,Electrónica,Lumina,1275.34,86,Distribuidora Pacífico,2024-05-04,Sí
3901,ELE-03901,Audífonos con Micrófono Urban Max,Electrónica,Urban,2325.25,264,Distribuidora Bajío,2024-11-28,Sí
3902,CUI-03902,Cepillo Dental Suave Marea Advance,Cuidado personal,Marea,2118.92,155,Distribuidora Metropolitana,2024-02-14,Sí
3903,DEP-03903,Tapete de Yoga 8 mm Zenit Eco,Deportes,Zenit,1899.09,346,Distribuidora Hidalgo,2024-05-11,Sí
3904,CUI-03904,Rasuradora Corporal Orion Lite,Cuidado personal,Orion,2554.64,147,Distribuidora Mexicana,2024-02-10,Sí
3905,HOG-03905,Termo de Acero Inoxidable Marea Essential,Hogar,Marea,1729.39,132,Distribuidora Hidalgo,2024-05-29,Sí
3906,DEP-03906,Mancuerna 10 kg Kairo Advance,Deportes,Kairo,2620.17,293,Distribuidora Pacífico,2024-04-19,Sí
3907,ALI-03907,Aceite de Aguacate 500 ml Terra Essential,Alimentos,Terra,366.81,347,Distribuidora Hidalgo,2025-07-31,Sí
3908,ALI-03908,Pasta Fusilli 500 g Marea Max,Alimentos,Marea,234.55,38,Distribuidora del Norte,2024-02-25,Sí
3909,DEP-03909,Balón de Básquetbol Urban Classic,Deportes,Urban,2852.39,258,Distribuidora Bajío,2025-10-01,Sí
3910,CUI-03910,Rasuradora Corporal Aurea Max,Cuidado personal,Aurea,1346.84,37,Distribuidora Mexicana,2024-10-12,Sí
3911,ELE-03911,Bocina Inteligente Prisma Advance,Electrónica,Prisma,1896.15,75,Distribuidora Pacífico,2024-09-09,Sí
3912,DEP-03912,Guantes de Gimnasio Terra Max,Deportes,Terra,96.98,20,Distribuidora Bajío,2025-10-05,Sí
3913,DEP-03913,Mancuerna 5 kg Cobalto Prime,Deportes,Cobalto,1235.28,296,Distribuidora Mexicana,2025-03-18,Sí
3914,CUI-03914,Crema Corporal Hidratante 400 ml Brava Pro,Cuidado personal,Brava,1338.34,106,Distribuidora Metropolitana,2026-03-05,Sí
3915,HOG-03915,Sartén Antiadherente 28 cm Nativa Pro,Hogar,Nativa,2472.4,79,Distribuidora Nova,2024-01-05,No
3916,OFI-03916,Silla de Oficina Orion Prime,Oficina,Orion,1431.34,156,Distribuidora Mexicana,2024-12-14,Sí
3917,DEP-03917,Botella Deportiva 750 ml Nova Prime,Deportes,Nova,2757.1,275,Distribuidora Nova,2025-02-21,Sí
3918,ELE-03918,Webcam 2K Nova Select,Electrónica,Nova,3170.28,137,Distribuidora del Norte,2026-04-20,Sí
3919,HOG-03919,Juego de Toallas 6 Piezas Aurea Pro,Hogar,Aurea,1502.7,165,Distribuidora Hidalgo,2026-01-19,Sí
3920,OFI-03920,Memoria USB USB 3.2 Cobalto Essential,Oficina,Cobalto,4426.69,22,Distribuidora Hidalgo,2024-02-15,No
3921,OFI-03921,Silla Ergonómica Terra Select,Oficina,Terra,1511.21,227,Distribuidora Central,2024-02-22,Sí
3922,ALI-03922,Galletas de Avena 300 g Nativa Classic,Alimentos,Nativa,715.2,145,Distribuidora Nova,2025-01-31,Sí
3923,ELE-03923,Webcam Autofocus Brava Lite,Electrónica,Brava,3198.92,234,Distribuidora Hidalgo,2024-07-09,Sí
3924,OFI-03924,Silla con Soporte Lumbar Kairo Essential,Oficina,Kairo,4442.71,130,Distribuidora Metropolitana,2026-05-03,Sí
3925,DEP-03925,Botella Deportiva 1 L Kairo Lite,Deportes,Kairo,2197.1,157,Distribuidora del Norte,2024-10-07,Sí
3926,CUI-03926,Cepillo Dental Medio Lumina Classic,Cuidado personal,Lumina,344.71,309,Distribuidora Bajío,2024-06-26,Sí
3927,ALI-03927,Pasta Fusilli 500 g Nexo Plus,Alimentos,Nexo,514.94,69,Distribuidora Nova,2025-12-31,Sí
3928,CUI-03928,Secadora Iónica Orion Prime,Cuidado personal,Orion,1596.02,12,Distribuidora Central,2025-04-17,Sí
3929,ELE-03929,Teclado Inalámbrico Nova Classic,Electrónica,Nova,2555.55,261,Distribuidora Pacífico,2026-08-03,Sí
3930,DEP-03930,Balón Entrenamiento Lumina Prime,Deportes,Lumina,2504.44,341,Distribuidora Pacífico,2024-04-23,Sí
3931,DEP-03931,Balón Entrenamiento Nova Classic,Deportes,Nova,1007.54,280,Distribuidora Nova,2025-08-13,Sí
3932,ELE-03932,Bocina Inteligente Prisma Max,Electrónica,Prisma,2336.24,251,Distribuidora Bajío,2026-02-08,Sí
3933,OFI-03933,Silla con Soporte Lumbar Zenit Eco,Oficina,Zenit,5171.96,246,Distribuidora Hidalgo,2024-02-17,Sí
3934,HOG-03934,Lámpara de Noche Vitta Advance,Hogar,Vitta,1133.61,168,Distribuidora Metropolitana,2026-08-06,Sí
3935,DEP-03935,Mancuerna 5 kg Kairo Advance,Deportes,Kairo,1902.53,265,Distribuidora Bajío,2025-06-25,Sí
3936,CUI-03936,Secadora Profesional Vitta Max,Cuidado personal,Vitta,1038.07,141,Distribuidora Mexicana,2024-06-19,No
3937,ELE-03937,Webcam con Micrófono Altura Eco,Electrónica,Altura,3131.88,87,Distribuidora Bajío,2026-03-13,Sí
3938,ALI-03938,Galletas Integrales 350 g Terra Essential,Alimentos,Terra,72.76,245,Distribuidora Mexicana,2024-11-08,Sí
3939,DEP-03939,Tapete de Yoga 6 mm Brava Pro,Deportes,Brava,2417.29,44,Distribuidora Pacífico,2024-09-10,Sí
3940,ELE-03940,Cargador USB-C 45W Brava Select,Electrónica,Brava,2898.67,40,Distribuidora del Norte,2026-08-01,Sí
3941,CUI-03941,Cepillo Dental Suave Zenit Prime,Cuidado personal,Zenit,737.88,272,Distribuidora Metropolitana,2024-12-17,Sí
3942,OFI-03942,Calculadora de Escritorio Kairo Prime,Oficina,Kairo,950.35,201,Distribuidora del Norte,2024-12-17,Sí
3943,HOG-03943,Juego de Toallas Microfibra Terra Prime,Hogar,Terra,1179.67,267,Distribuidora Nova,2024-11-20,Sí
3944,DEP-03944,Guantes de Ciclismo Cobalto Plus,Deportes,Cobalto,2000.09,168,Distribuidora Metropolitana,2025-02-10,Sí
3945,CUI-03945,Rasuradora 3 Cabezas Aurea Lite,Cuidado personal,Aurea,2005.98,294,Distribuidora Metropolitana,2025-12-28,Sí
3946,CUI-03946,Rasuradora Corporal Lumina Max,Cuidado personal,Lumina,1844.26,72,Distribuidora Metropolitana,2026-08-25,Sí
3947,ELE-03947,Webcam Full HD Orion Eco,Electrónica,Orion,580.85,217,Distribuidora Pacífico,2025-10-11,Sí
3948,ALI-03948,Cereal de Avena 500 g Aurea Eco,Alimentos,Aurea,645.52,350,Distribuidora Pacífico,2024-05-20,Sí
3949,OFI-03949,Cuaderno Cuadriculado Cobalto Select,Oficina,Cobalto,2624.01,289,Distribuidora Central,2024-04-02,Sí
3950,ELE-03950,Teclado RGB Lumina Advance,Electrónica,Lumina,2691.66,347,Distribuidora Metropolitana,2026-05-26,Sí
3951,ALI-03951,Cereal Integral 500 g Aurea Lite,Alimentos,Aurea,764.25,232,Distribuidora Mexicana,2024-04-13,Sí
3952,ELE-03952,Mouse Inalámbrico Altura Classic,Electrónica,Altura,3160.77,195,Distribuidora Mexicana,2026-04-26,Sí
3953,ALI-03953,Pasta Penne 500 g Nexo Pro,Alimentos,Nexo,52.59,200,Distribuidora Metropolitana,2025-03-11,Sí
3954,ALI-03954,Cereal de Avena 500 g Aurea Prime,Alimentos,Aurea,53.23,79,Distribuidora Pacífico,2024-07-12,Sí
3955,DEP-03955,Tapete de Yoga Antideslizante Brava Lite,Deportes,Brava,354.81,141,Distribuidora Central,2024-08-28,Sí
3956,DEP-03956,Mancuerna Ajustable Kairo Plus,Deportes,Kairo,2046.16,81,Distribuidora Central,2024-05-24,Sí
3957,CUI-03957,Cepillo Dental Medio Prisma Essential,Cuidado personal,Prisma,1388.56,188,Distribuidora Central,2026-02-17,Sí
3958,CUI-03958,Crema Corporal Nutritiva 400 ml Brava Pro,Cuidado personal,Brava,1464.66,299,Distribuidora Bajío,2024-01-26,Sí
3959,OFI-03959,Cuaderno Pasta Dura Aurea Plus,Oficina,Aurea,178.43,317,Distribuidora Central,2025-04-24,Sí
3960,ALI-03960,Galletas de Avena 300 g Brava Prime,Alimentos,Brava,568.82,123,Distribuidora Mexicana,2026-02-13,Sí
3961,DEP-03961,Tapete de Yoga con Correa Urban Prime,Deportes,Urban,1087.56,225,Distribuidora Hidalgo,2024-03-07,Sí
3962,DEP-03962,Mancuerna Hexagonal Brava Prime,Deportes,Brava,1021.63,285,Distribuidora del Norte,2024-10-22,Sí
3963,ELE-03963,Teclado RGB Urban Eco,Electrónica,Urban,503.27,349,Distribuidora Nova,2025-08-17,Sí
3964,CUI-03964,Crema Corporal Nutritiva 400 ml Terra Pro,Cuidado personal,Terra,1319.2,26,Distribuidora Mexicana,2024-03-11,Sí
3965,ALI-03965,Café en Grano 1 kg Terra Select,Alimentos,Terra,517.72,291,Distribuidora Central,2025-03-23,Sí
3966,CUI-03966,Secadora 2000 W Nexo Classic,Cuidado personal,Nexo,2282.23,242,Distribuidora Nova,2024-08-08,Sí
3967,CUI-03967,Shampoo Hidratante 750 ml Altura Select,Cuidado personal,Altura,1284.09,57,Distribuidora del Norte,2024-05-31,Sí
3968,OFI-03968,Memoria USB 64 GB Prisma Prime,Oficina,Prisma,2790.13,44,Distribuidora Pacífico,2026-04-01,Sí
3969,ALI-03969,Café Descafeinado 400 g Nexo Pro,Alimentos,Nexo,51.0,200,Distribuidora Metropolitana,2025-09-04,Sí
3970,ELE-03970,Webcam con Micrófono Terra Select,Electrónica,Terra,1468.48,110,Distribuidora Hidalgo,2024-09-30,Sí
3971,HOG-03971,Organizador de Baño Lumina Classic,Hogar,Lumina,435.6,3,Distribuidora Central,2025-04-19,Sí
3972,HOG-03972,Juego de Toallas Microfibra Brava Prime,Hogar,Brava,459.45,260,Distribuidora Central,2026-05-17,Sí
3973,DEP-03973,Guantes Deportivos Nativa Plus,Deportes,Nativa,253.06,111,Distribuidora Nova,2025-07-07,Sí
3974,HOG-03974,Lámpara de Escritorio Altura Advance,Hogar,Altura,184.0,30,Distribuidora Hidalgo,2024-08-04,Sí
3975,HOG-03975,Sartén de Acero 26 cm Urban Max,Hogar,Urban,2334.02,169,Distribuidora Pacífico,2025-02-16,Sí
3976,DEP-03976,Botella Deportiva Térmica Nexo Lite,Deportes,Nexo,2003.98,236,Distribuidora Central,2024-09-04,Sí
3977,DEP-03977,Tapete de Yoga 8 mm Nexo Classic,Deportes,Nexo,2475.33,181,Distribuidora Hidalgo,2026-05-26,Sí
3978,OFI-03978,Cuaderno Pasta Dura Kairo Eco,Oficina,Kairo,4417.63,170,Distribuidora del Norte,2025-04-21,Sí
3979,HOG-03979,Sartén Antiadherente 24 cm Prisma Plus,Hogar,Prisma,1985.01,255,Distribuidora Hidalgo,2025-08-05,Sí
3980,OFI-03980,Memoria USB 128 GB Urban Prime,Oficina,Urban,4741.01,6,Distribuidora Central,2026-03-15,Sí
3981,HOG-03981,Organizador de Baño Marea Pro,Hogar,Marea,520.26,202,Distribuidora Pacífico,2025-06-12,Sí
3982,HOG-03982,Lámpara de Escritorio Nexo Pro,Hogar,Nexo,2428.24,65,Distribuidora Metropolitana,2024-04-04,Sí
3983,OFI-03983,Calculadora Financiera Prisma Select,Oficina,Prisma,2737.64,66,Distribuidora Nova,2025-05-11,Sí
3984,ELE-03984,Mouse Inalámbrico Kairo Pro,Electrónica,Kairo,3283.64,157,Distribuidora Nova,2024-02-28,Sí
3985,DEP-03985,Botella Deportiva 750 ml Brava Max,Deportes,Brava,540.79,302,Distribuidora Mexicana,2024-05-04,No
3986,HOG-03986,Sartén de Acero 26 cm Vitta Classic,Hogar,Vitta,2238.83,343,Distribuidora Nova,2025-09-12,Sí
3987,CUI-03987,Cepillo Dental Suave Lumina Classic,Cuidado personal,Lumina,1608.63,68,Distribuidora Pacífico,2024-01-27,Sí
3988,DEP-03988,Guantes Deportivos Aurea Advance,Deportes,Aurea,247.41,279,Distribuidora Bajío,2025-07-05,Sí
3989,ALI-03989,Pasta Penne 500 g Zenit Max,Alimentos,Zenit,556.77,12,Distribuidora Central,2026-08-31,Sí
3990,CUI-03990,Crema Corporal con Aloe 500 ml Kairo Eco,Cuidado personal,Kairo,1231.81,200,Distribuidora Hidalgo,2025-09-14,Sí
3991,CUI-03991,Crema Corporal con Aloe 500 ml Nova Advance,Cuidado personal,Nova,1790.44,107,Distribuidora Hidalgo,2025-06-01,Sí
3992,ALI-03992,Pasta Fusilli 500 g Nova Lite,Alimentos,Nova,278.08,296,Distribuidora Mexicana,2024-12-08,Sí
3993,DEP-03993,Tapete de Yoga con Correa Nexo Eco,Deportes,Nexo,1195.74,74,Distribuidora Nova,2026-04-06,Sí
3994,HOG-03994,Sartén Antiadherente 28 cm Nexo Max,Hogar,Nexo,672.02,155,Distribuidora Hidalgo,2026-08-01,Sí
3995,ALI-03995,Galletas con Chocolate 300 g Nexo Max,Alimentos,Nexo,768.77,349,Distribuidora Pacífico,2025-04-23,Sí
3996,ALI-03996,Cereal con Frutos 450 g Terra Eco,Alimentos,Terra,347.13,53,Distribuidora Central,2024-12-27,Sí
3997,OFI-03997,Memoria USB USB 3.2 Lumina Lite,Oficina,Lumina,322.45,193,Distribuidora Hidalgo,2024-06-21,Sí
3998,CUI-03998,Rasuradora de Precisión Nexo Classic,Cuidado personal,Nexo,2721.51,309,Distribuidora Pacífico,2026-06-29,No
3999,HOG-03999,Termo de Acero Inoxidable Lumina Lite,Hogar,Lumina,2395.12,318,Distribuidora Metropolitana,2025-03-03,Sí
4000,HOG-04000,Sartén Antiadherente 28 cm Altura Lite,Hogar,Altura,2438.54,116,Distribuidora Nova,2026-06-08,Sí
4001,HOG-04001,Termo 500 ml Orion Eco,Hogar,Orion,1480.91,97,Distribuidora Pacífico,2025-04-25,Sí
4002,ELE-04002,Teclado Inalámbrico Nativa Max,Electrónica,Nativa,2167.27,126,Distribuidora Central,2024-04-03,Sí
4003,HOG-04003,Organizador de Cocina Lumina Eco,Hogar,Lumina,599.45,256,Distribuidora Metropolitana,2024-07-03,No
4004,ALI-04004,Cereal Integral 500 g Orion Prime,Alimentos,Orion,142.57,37,Distribuidora Nova,2024-09-05,Sí
4005,DEP-04005,Tapete de Yoga 6 mm Kairo Essential,Deportes,Kairo,1816.51,90,Distribuidora del Norte,2024-06-20,Sí
4006,HOG-04006,Organizador de Cocina Urban Max,Hogar,Urban,532.26,57,Distribuidora Mexicana,2025-09-29,Sí
4007,ELE-04007,Teclado Mecánico Cobalto Max,Electrónica,Cobalto,2278.27,204,Distribuidora Central,2024-01-08,Sí
4008,ALI-04008,Café Molido 500 g Cobalto Eco,Alimentos,Cobalto,697.47,108,Distribuidora Mexicana,2026-08-19,Sí
4009,OFI-04009,Memoria USB 64 GB Terra Select,Oficina,Terra,4711.72,261,Distribuidora Bajío,2024-04-26,Sí
4010,ELE-04010,Mouse Gaming Nativa Classic,Electrónica,Nativa,1607.47,59,Distribuidora del Norte,2025-04-21,Sí
4011,ELE-04011,Webcam Autofocus Nova Pro,Electrónica,Nova,1765.82,272,Distribuidora Mexicana,2026-07-16,No
4012,OFI-04012,Cuaderno Profesional Brava Lite,Oficina,Brava,92.67,279,Distribuidora Nova,2024-10-16,Sí
4013,CUI-04013,Shampoo Hidratante 750 ml Aurea Pro,Cuidado personal,Aurea,356.91,341,Distribuidora Central,2024-01-26,Sí
4014,CUI-04014,Crema Corporal Hidratante 400 ml Terra Plus,Cuidado personal,Terra,1549.74,71,Distribuidora Metropolitana,2024-07-10,Sí
4015,DEP-04015,Tapete de Yoga Antideslizante Vitta Essential,Deportes,Vitta,2661.6,45,Distribuidora Nova,2024-04-24,Sí
4016,DEP-04016,Guantes Deportivos Kairo Pro,Deportes,Kairo,1628.77,110,Distribuidora Mexicana,2026-06-30,Sí
4017,ALI-04017,Café Molido 500 g Lumina Eco,Alimentos,Lumina,370.15,56,Distribuidora del Norte,2026-04-02,Sí
4018,DEP-04018,Guantes con Muñequera Vitta Advance,Deportes,Vitta,109.54,163,Distribuidora del Norte,2024-12-07,Sí
4019,DEP-04019,Mancuerna 10 kg Urban Max,Deportes,Urban,769.54,8,Distribuidora Mexicana,2024-06-24,No
4020,CUI-04020,Cepillo Dental Suave Nativa Prime,Cuidado personal,Nativa,619.8,11,Distribuidora Pacífico,2026-08-26,Sí
4021,OFI-04021,Mochila para Laptop 15.6 Terra Plus,Oficina,Terra,396.71,175,Distribuidora Central,2025-04-03,Sí
4022,OFI-04022,Cuaderno Pasta Dura Marea Pro,Oficina,Marea,3301.77,211,Distribuidora Bajío,2025-04-02,Sí
4023,DEP-04023,Guantes Deportivos Urban Max,Deportes,Urban,1864.02,25,Distribuidora Central,2025-07-26,Sí
4024,HOG-04024,Lámpara Minimalista Zenit Classic,Hogar,Zenit,1675.91,20,Distribuidora Metropolitana,2026-08-14,Sí
4025,OFI-04025,Calculadora Científica Lumina Max,Oficina,Lumina,5419.12,226,Distribuidora Mexicana,2025-04-10,Sí
4026,DEP-04026,Tapete de Yoga 8 mm Nexo Advance,Deportes,Nexo,164.07,280,Distribuidora Nova,2024-05-13,No
4027,ELE-04027,Audífonos Inalámbricos Lumina Select,Electrónica,Lumina,1005.32,218,Distribuidora Nova,2026-05-20,Sí
4028,ELE-04028,Audífonos Bluetooth Prisma Essential,Electrónica,Prisma,747.88,21,Distribuidora Hidalgo,2024-11-18,Sí
4029,ALI-04029,Aceite Vegetal 1 L Terra Max,Alimentos,Terra,645.73,45,Distribuidora Bajío,2024-02-20,Sí
4030,OFI-04030,Memoria USB 128 GB Cobalto Advance,Oficina,Cobalto,2633.1,261,Distribuidora Hidalgo,2026-09-01,Sí
4031,ALI-04031,Café en Grano 1 kg Terra Essential,Alimentos,Terra,371.62,338,Distribuidora Central,2024-11-11,Sí
4032,CUI-04032,Shampoo Hidratante 750 ml Orion Advance,Cuidado personal,Orion,216.96,63,Distribuidora del Norte,2026-02-10,Sí
4033,OFI-04033,Calculadora Financiera Nativa Eco,Oficina,Nativa,2806.6,213,Distribuidora del Norte,2025-08-21,Sí
4034,HOG-04034,Sartén de Acero 26 cm Zenit Essential,Hogar,Zenit,312.37,19,Distribuidora Mexicana,2026-03-20,Sí
4035,DEP-04035,Mancuerna Ajustable Lumina Max,Deportes,Lumina,2620.7,238,Distribuidora Central,2024-05-12,Sí
4036,ALI-04036,Cereal de Avena 500 g Nova Classic,Alimentos,Nova,569.87,179,Distribuidora Nova,2024-11-08,Sí
4037,HOG-04037,Juego de Toallas Microfibra Vitta Prime,Hogar,Vitta,2165.13,76,Distribuidora Central,2025-09-24,Sí
4038,ALI-04038,Galletas con Chocolate 300 g Nexo Lite,Alimentos,Nexo,232.26,288,Distribuidora Bajío,2026-03-13,Sí
4039,ALI-04039,Galletas Integrales 350 g Nexo Max,Alimentos,Nexo,765.96,317,Distribuidora Nova,2024-08-08,Sí
4040,OFI-04040,Silla Ergonómica Nexo Classic,Oficina,Nexo,214.0,313,Distribuidora Nova,2025-08-12,Sí
4041,ALI-04041,Aceite de Oliva 500 ml Kairo Eco,Alimentos,Kairo,246.5,146,Distribuidora Pacífico,2024-05-18,Sí
4042,HOG-04042,Termo 750 ml Marea Eco,Hogar,Marea,2005.48,177,Distribuidora Mexicana,2025-12-28,Sí
4043,ELE-04043,Cargador Doble Puerto Cobalto Eco,Electrónica,Cobalto,705.17,79,Distribuidora Bajío,2024-09-11,Sí
4044,HOG-04044,Organizador Multiusos Nova Eco,Hogar,Nova,1605.46,28,Distribuidora del Norte,2025-02-24,Sí
4045,HOG-04045,Sartén Antiadherente 24 cm Orion Classic,Hogar,Orion,1751.6,68,Distribuidora del Norte,2025-01-18,Sí
4046,HOG-04046,Sartén de Acero 26 cm Marea Pro,Hogar,Marea,2431.95,212,Distribuidora Nova,2025-02-14,Sí
4047,CUI-04047,Secadora Profesional Nexo Select,Cuidado personal,Nexo,581.92,235,Distribuidora Central,2024-10-17,Sí
4048,OFI-04048,Calculadora Científica Kairo Select,Oficina,Kairo,1650.62,148,Distribuidora Mexicana,2024-03-27,Sí
4049,DEP-04049,Mancuerna Ajustable Terra Classic,Deportes,Terra,2974.63,170,Distribuidora Bajío,2025-10-18,Sí
4050,ELE-04050,Webcam con Micrófono Nexo Classic,Electrónica,Nexo,1417.19,258,Distribuidora del Norte,2026-07-09,Sí
4051,HOG-04051,Termo 500 ml Orion Eco,Hogar,Orion,739.93,251,Distribuidora Mexicana,2026-07-12,Sí
4052,DEP-04052,Mancuerna 10 kg Cobalto Pro,Deportes,Cobalto,825.77,104,Distribuidora Metropolitana,2024-08-07,Sí
4053,CUI-04053,Secadora Profesional Prisma Advance,Cuidado personal,Prisma,2281.2,184,Distribuidora Nova,2026-05-24,No
4054,DEP-04054,Mancuerna 5 kg Terra Prime,Deportes,Terra,2945.38,333,Distribuidora del Norte,2026-03-27,Sí
4055,OFI-04055,Silla Ejecutiva Brava Essential,Oficina,Brava,2060.4,238,Distribuidora Mexicana,2024-09-23,Sí
4056,HOG-04056,Lámpara de Escritorio Lumina Pro,Hogar,Lumina,686.41,153,Distribuidora Nova,2026-01-30,Sí
4057,ALI-04057,Aceite de Oliva 500 ml Kairo Select,Alimentos,Kairo,601.46,325,Distribuidora del Norte,2026-08-01,Sí
4058,DEP-04058,Botella Deportiva Térmica Urban Advance,Deportes,Urban,1221.74,13,Distribuidora Hidalgo,2026-04-08,Sí
4059,ALI-04059,Aceite de Oliva 500 ml Cobalto Classic,Alimentos,Cobalto,494.92,75,Distribuidora del Norte,2025-06-15,Sí
4060,CUI-04060,Shampoo Anticaspa 650 ml Marea Essential,Cuidado personal,Marea,1214.74,136,Distribuidora Bajío,2024-03-26,Sí
4061,ELE-04061,Audífonos Bluetooth Nexo Prime,Electrónica,Nexo,156.46,97,Distribuidora del Norte,2025-03-01,No
4062,OFI-04062,Cuaderno de Notas Nativa Pro,Oficina,Nativa,3362.45,317,Distribuidora Hidalgo,2026-03-19,Sí
4063,CUI-04063,Crema Corporal Nutritiva 400 ml Vitta Plus,Cuidado personal,Vitta,2593.84,30,Distribuidora Hidalgo,2026-06-28,Sí
4064,ALI-04064,Galletas con Chocolate 300 g Kairo Pro,Alimentos,Kairo,312.87,236,Distribuidora Hidalgo,2026-02-20,Sí
4065,CUI-04065,Rasuradora Corporal Nexo Essential,Cuidado personal,Nexo,2610.17,331,Distribuidora del Norte,2024-10-19,Sí
4066,OFI-04066,Mochila Antirrobo Zenit Essential,Oficina,Zenit,3861.73,114,Distribuidora Bajío,2024-06-22,Sí
4067,CUI-04067,Rasuradora Recargable Prisma Advance,Cuidado personal,Prisma,1059.06,265,Distribuidora Metropolitana,2026-01-27,Sí
4068,CUI-04068,Cepillo Dental Eléctrico Marea Max,Cuidado personal,Marea,1966.0,109,Distribuidora Bajío,2025-12-20,Sí
4069,CUI-04069,Crema Corporal Nutritiva 400 ml Brava Essential,Cuidado personal,Brava,981.4,255,Distribuidora Bajío,2025-08-11,Sí
4070,CUI-04070,Secadora Iónica Zenit Max,Cuidado personal,Zenit,1241.75,240,Distribuidora Pacífico,2026-01-07,Sí
4071,ELE-04071,Mouse Ergonómico Terra Lite,Electrónica,Terra,495.31,2,Distribuidora Pacífico,2026-04-16,Sí
4072,CUI-04072,Shampoo Hidratante 750 ml Marea Eco,Cuidado personal,Marea,2088.67,68,Distribuidora Metropolitana,2026-02-24,Sí
4073,DEP-04073,Guantes con Muñequera Urban Essential,Deportes,Urban,2575.87,214,Distribuidora Nova,2024-12-31,Sí
4074,DEP-04074,Balón de Fútbol Nativa Prime,Deportes,Nativa,2548.71,87,Distribuidora del Norte,2024-02-28,Sí
4075,OFI-04075,Mochila Impermeable Nexo Pro,Oficina,Nexo,2299.47,335,Distribuidora Pacífico,2026-07-25,Sí
4076,ELE-04076,Teclado Compacto Prisma Advance,Electrónica,Prisma,1131.87,256,Distribuidora Metropolitana,2026-03-16,Sí
4077,HOG-04077,Sartén Antiadherente 28 cm Prisma Select,Hogar,Prisma,893.01,141,Distribuidora Nova,2025-04-26,Sí
4078,ALI-04078,Galletas Integrales 350 g Altura Max,Alimentos,Altura,584.4,213,Distribuidora Metropolitana,2026-03-03,Sí
4079,DEP-04079,Tapete de Yoga con Correa Terra Lite,Deportes,Terra,2453.14,180,Distribuidora Mexicana,2024-12-04,Sí
4080,HOG-04080,Sartén de Acero 26 cm Kairo Eco,Hogar,Kairo,1187.28,303,Distribuidora Central,2024-03-25,Sí
4081,OFI-04081,Mochila Ejecutiva Nativa Advance,Oficina,Nativa,4517.03,89,Distribuidora Pacífico,2025-07-30,Sí
4082,DEP-04082,Mancuerna 10 kg Aurea Advance,Deportes,Aurea,1245.46,130,Distribuidora Central,2024-05-25,Sí
4083,HOG-04083,Termo de Acero Inoxidable Terra Essential,Hogar,Terra,1138.13,30,Distribuidora Pacífico,2026-02-16,Sí
4084,CUI-04084,Shampoo Hidratante 750 ml Kairo Pro,Cuidado personal,Kairo,1187.5,163,Distribuidora Bajío,2026-06-29,Sí
4085,ALI-04085,Galletas Integrales 350 g Lumina Select,Alimentos,Lumina,548.0,311,Distribuidora Bajío,2025-01-19,Sí
4086,OFI-04086,Mochila Antirrobo Urban Plus,Oficina,Urban,1897.51,222,Distribuidora Mexicana,2024-01-23,Sí
4087,CUI-04087,Cepillo Dental Medio Nova Eco,Cuidado personal,Nova,2222.32,104,Distribuidora Pacífico,2026-06-25,Sí
4088,ELE-04088,Cargador Doble Puerto Nativa Select,Electrónica,Nativa,1652.56,266,Distribuidora Mexicana,2025-10-28,Sí
4089,OFI-04089,Memoria USB 64 GB Aurea Lite,Oficina,Aurea,279.92,52,Distribuidora del Norte,2025-05-07,Sí
4090,DEP-04090,Botella Deportiva 1 L Aurea Select,Deportes,Aurea,266.96,191,Distribuidora Pacífico,2024-10-15,Sí
4091,ALI-04091,Pasta Spaghetti 500 g Urban Eco,Alimentos,Urban,66.97,92,Distribuidora Central,2025-10-07,Sí
4092,HOG-04092,Lámpara LED Nativa Lite,Hogar,Nativa,1386.5,81,Distribuidora del Norte,2024-02-02,Sí
4093,DEP-04093,Balón Entrenamiento Nativa Max,Deportes,Nativa,2367.89,232,Distribuidora Nova,2026-05-23,Sí
4094,DEP-04094,Balón de Voleibol Prisma Prime,Deportes,Prisma,958.49,316,Distribuidora Central,2024-08-01,Sí
4095,CUI-04095,Shampoo Reparador 700 ml Marea Classic,Cuidado personal,Marea,601.42,56,Distribuidora del Norte,2026-07-12,Sí
4096,DEP-04096,Guantes de Ciclismo Marea Prime,Deportes,Marea,686.78,25,Distribuidora Mexicana,2024-07-15,Sí
4097,HOG-04097,Lámpara LED Prisma Plus,Hogar,Prisma,832.41,335,Distribuidora Metropolitana,2024-12-10,Sí
4098,ELE-04098,Bocina Bluetooth Vitta Eco,Electrónica,Vitta,987.84,221,Distribuidora Mexicana,2026-03-30,Sí
4099,ELE-04099,Bocina Resistente al Agua Kairo Plus,Electrónica,Kairo,1220.42,63,Distribuidora Pacífico,2024-11-09,Sí
4100,DEP-04100,Balón de Básquetbol Orion Eco,Deportes,Orion,2880.22,287,Distribuidora Nova,2026-01-22,Sí
4101,ALI-04101,Cereal con Frutos 450 g Cobalto Select,Alimentos,Cobalto,67.21,298,Distribuidora Pacífico,2024-02-24,Sí
4102,OFI-04102,Silla Ejecutiva Prisma Pro,Oficina,Prisma,4011.18,80,Distribuidora Nova,2026-01-28,Sí
4103,OFI-04103,Memoria USB 64 GB Cobalto Max,Oficina,Cobalto,4617.8,82,Distribuidora Metropolitana,2025-07-13,Sí
4104,OFI-04104,Memoria USB 32 GB Kairo Advance,Oficina,Kairo,2171.52,42,Distribuidora Hidalgo,2025-11-25,Sí
4105,CUI-04105,Secadora Compacta Terra Prime,Cuidado personal,Terra,2347.92,201,Distribuidora Pacífico,2024-11-01,Sí
4106,OFI-04106,Mochila Ejecutiva Nova Essential,Oficina,Nova,1572.68,189,Distribuidora Mexicana,2024-11-06,Sí
4107,ALI-04107,Galletas Integrales 350 g Nativa Lite,Alimentos,Nativa,307.88,130,Distribuidora Bajío,2026-06-30,No
4108,ELE-04108,Cargador Doble Puerto Nativa Advance,Electrónica,Nativa,2452.1,23,Distribuidora del Norte,2026-07-03,Sí
4109,DEP-04109,Balón de Fútbol Brava Eco,Deportes,Brava,1515.17,328,Distribuidora Metropolitana,2026-07-14,No
4110,HOG-04110,Termo 500 ml Altura Classic,Hogar,Altura,1690.8,236,Distribuidora Bajío,2026-07-10,Sí
4111,ALI-04111,Aceite de Oliva 500 ml Terra Eco,Alimentos,Terra,58.2,127,Distribuidora del Norte,2025-02-27,Sí
4112,ALI-04112,Pasta Spaghetti 500 g Nativa Advance,Alimentos,Nativa,503.4,350,Distribuidora del Norte,2025-01-29,Sí
4113,OFI-04113,Silla de Oficina Nexo Max,Oficina,Nexo,2094.43,331,Distribuidora Mexicana,2026-01-04,Sí
4114,ALI-04114,Cereal Integral 500 g Zenit Max,Alimentos,Zenit,556.94,257,Distribuidora Metropolitana,2026-07-31,Sí
4115,OFI-04115,Cuaderno Cuadriculado Zenit Lite,Oficina,Zenit,5614.54,35,Distribuidora Metropolitana,2025-01-02,Sí
4116,ELE-04116,Webcam con Micrófono Prisma Eco,Electrónica,Prisma,2418.1,41,Distribuidora Hidalgo,2025-02-28,Sí
4117,CUI-04117,Cepillo Dental Suave Brava Eco,Cuidado personal,Brava,2617.85,122,Distribuidora Hidalgo,2024-09-13,Sí
4118,ELE-04118,Mouse Gaming Marea Plus,Electrónica,Marea,2479.27,59,Distribuidora del Norte,2024-08-12,Sí
4119,OFI-04119,Silla Ejecutiva Nexo Pro,Oficina,Nexo,1590.41,190,Distribuidora del Norte,2025-06-07,Sí
4120,DEP-04120,Guantes con Muñequera Lumina Advance,Deportes,Lumina,463.4,74,Distribuidora Hidalgo,2026-07-14,Sí
4121,ALI-04121,Pasta Fusilli 500 g Zenit Advance,Alimentos,Zenit,401.23,155,Distribuidora Bajío,2025-08-07,Sí
4122,CUI-04122,Secadora Profesional Aurea Plus,Cuidado personal,Aurea,1619.33,114,Distribuidora Central,2024-12-21,Sí
4123,ALI-04123,Café Americano 500 g Aurea Eco,Alimentos,Aurea,466.72,93,Distribuidora Mexicana,2026-02-19,Sí
4124,CUI-04124,Shampoo Anticaspa 650 ml Terra Pro,Cuidado personal,Terra,692.36,61,Distribuidora Mexicana,2025-05-09,Sí
4125,CUI-04125,Shampoo Hidratante 750 ml Nativa Eco,Cuidado personal,Nativa,606.26,55,Distribuidora del Norte,2025-08-07,Sí
4126,DEP-04126,Tapete de Yoga con Correa Nova Lite,Deportes,Nova,1144.81,177,Distribuidora Nova,2026-04-11,Sí
4127,DEP-04127,Tapete de Yoga 8 mm Aurea Essential,Deportes,Aurea,1291.49,178,Distribuidora Hidalgo,2025-04-26,Sí
4128,ALI-04128,Pasta Penne 500 g Cobalto Prime,Alimentos,Cobalto,328.09,148,Distribuidora Mexicana,2026-02-23,Sí
4129,OFI-04129,Cuaderno Profesional Kairo Essential,Oficina,Kairo,5033.4,18,Distribuidora Nova,2026-05-25,Sí
4130,DEP-04130,Tapete de Yoga 6 mm Aurea Pro,Deportes,Aurea,986.85,268,Distribuidora Mexicana,2025-12-27,Sí
4131,ALI-04131,Aceite de Oliva 500 ml Marea Pro,Alimentos,Marea,554.04,117,Distribuidora Metropolitana,2026-05-09,Sí
4132,ELE-04132,Cargador USB-C 45W Nova Select,Electrónica,Nova,2945.6,276,Distribuidora Central,2025-12-04,Sí
4133,ALI-04133,Galletas Integrales 350 g Urban Pro,Alimentos,Urban,536.86,287,Distribuidora Metropolitana,2024-07-23,Sí
4134,ALI-04134,Café Molido 500 g Orion Pro,Alimentos,Orion,413.95,40,Distribuidora Bajío,2025-05-11,Sí
4135,ELE-04135,Teclado RGB Urban Eco,Electrónica,Urban,1466.37,200,Distribuidora Pacífico,2025-05-06,Sí
4136,ELE-04136,Webcam 2K Nexo Eco,Electrónica,Nexo,3337.05,167,Distribuidora Pacífico,2024-12-10,No
4137,HOG-04137,Juego de Toallas Algodón Nexo Advance,Hogar,Nexo,751.95,15,Distribuidora Nova,2025-05-17,Sí
4138,OFI-04138,Mochila para Laptop 15.6 Aurea Pro,Oficina,Aurea,4272.39,175,Distribuidora Mexicana,2026-05-15,Sí
4139,ALI-04139,Pasta Penne 500 g Cobalto Plus,Alimentos,Cobalto,475.5,175,Distribuidora Central,2026-04-12,Sí
4140,ALI-04140,Cereal Integral 500 g Prisma Eco,Alimentos,Prisma,413.03,284,Distribuidora Central,2025-04-12,Sí
4141,HOG-04141,Juego de Toallas 6 Piezas Vitta Classic,Hogar,Vitta,2134.1,318,Distribuidora Pacífico,2026-03-25,Sí
4142,ELE-04142,Cargador Inalámbrico Nexo Advance,Electrónica,Nexo,3352.27,121,Distribuidora Mexicana,2026-07-20,No
4143,ALI-04143,Café Americano 500 g Orion Classic,Alimentos,Orion,479.42,226,Distribuidora Bajío,2025-02-27,Sí
4144,ELE-04144,Teclado RGB Lumina Eco,Electrónica,Lumina,3020.35,225,Distribuidora Hidalgo,2026-05-09,Sí
4145,CUI-04145,Crema Corporal Hidratante 400 ml Zenit Plus,Cuidado personal,Zenit,2357.48,335,Distribuidora Metropolitana,2025-11-03,Sí
4146,CUI-04146,Shampoo Hidratante 750 ml Kairo Lite,Cuidado personal,Kairo,2402.02,297,Distribuidora Pacífico,2024-07-13,Sí
4147,ALI-04147,Pasta Fusilli 500 g Marea Max,Alimentos,Marea,396.72,209,Distribuidora Hidalgo,2024-03-19,Sí
4148,HOG-04148,Termo Térmico Marea Prime,Hogar,Marea,118.82,17,Distribuidora del Norte,2025-12-15,Sí
4149,OFI-04149,Silla con Soporte Lumbar Aurea Pro,Oficina,Aurea,5677.48,288,Distribuidora Metropolitana,2026-08-16,Sí
4150,HOG-04150,Juego de Toallas Algodón Orion Advance,Hogar,Orion,1967.08,44,Distribuidora Mexicana,2025-10-14,Sí
4151,DEP-04151,Balón de Fútbol Marea Select,Deportes,Marea,1281.41,271,Distribuidora Bajío,2025-07-01,No
4152,DEP-04152,Tapete de Yoga 6 mm Vitta Essential,Deportes,Vitta,2714.93,114,Distribuidora Nova,2025-07-17,Sí
4153,ELE-04153,Audífonos Inalámbricos Nova Advance,Electrónica,Nova,2218.65,202,Distribuidora Bajío,2025-03-14,Sí
4154,DEP-04154,Tapete de Yoga 6 mm Aurea Max,Deportes,Aurea,739.52,128,Distribuidora Nova,2026-07-06,Sí
4155,DEP-04155,Balón de Fútbol Cobalto Plus,Deportes,Cobalto,1774.78,1,Distribuidora Metropolitana,2025-02-19,Sí
4156,OFI-04156,Silla de Oficina Aurea Advance,Oficina,Aurea,2468.54,244,Distribuidora Central,2024-11-21,Sí
4157,DEP-04157,Tapete de Yoga 8 mm Lumina Eco,Deportes,Lumina,820.16,305,Distribuidora Central,2025-08-27,Sí
4158,OFI-04158,Calculadora Financiera Nativa Select,Oficina,Nativa,4321.22,25,Distribuidora Metropolitana,2025-06-13,Sí
4159,DEP-04159,Guantes de Gimnasio Altura Pro,Deportes,Altura,1050.8,48,Distribuidora Mexicana,2025-08-26,Sí
4160,DEP-04160,Balón de Básquetbol Marea Classic,Deportes,Marea,2953.72,260,Distribuidora Central,2025-12-03,No
4161,OFI-04161,Memoria USB 32 GB Kairo Essential,Oficina,Kairo,5100.92,150,Distribuidora Hidalgo,2024-05-05,Sí
4162,CUI-04162,Rasuradora Recargable Altura Essential,Cuidado personal,Altura,238.72,296,Distribuidora Central,2026-06-29,Sí
4163,DEP-04163,Tapete de Yoga Antideslizante Terra Eco,Deportes,Terra,1372.39,118,Distribuidora Pacífico,2026-01-15,Sí
4164,HOG-04164,Juego de Toallas 4 Piezas Altura Lite,Hogar,Altura,1541.61,53,Distribuidora Nova,2024-04-19,Sí
4165,OFI-04165,Memoria USB USB 3.2 Nativa Plus,Oficina,Nativa,3158.2,73,Distribuidora del Norte,2024-07-24,Sí
4166,OFI-04166,Calculadora de Escritorio Terra Pro,Oficina,Terra,2172.87,34,Distribuidora del Norte,2024-03-29,Sí
4167,CUI-04167,Shampoo Hidratante 750 ml Prisma Advance,Cuidado personal,Prisma,871.84,7,Distribuidora Pacífico,2024-06-19,Sí
4168,OFI-04168,Cuaderno de Notas Marea Advance,Oficina,Marea,2709.74,319,Distribuidora Central,2026-01-16,Sí
4169,HOG-04169,Organizador de Baño Urban Max,Hogar,Urban,1020.84,220,Distribuidora Central,2025-10-09,Sí
4170,HOG-04170,Termo de Acero Inoxidable Lumina Select,Hogar,Lumina,1969.26,158,Distribuidora Central,2025-10-25,Sí
4171,CUI-04171,Rasuradora 3 Cabezas Cobalto Classic,Cuidado personal,Cobalto,844.2,334,Distribuidora Nova,2024-01-22,Sí
4172,CUI-04172,Crema Corporal con Aloe 500 ml Brava Pro,Cuidado personal,Brava,1946.86,291,Distribuidora Nova,2025-10-10,Sí
4173,ALI-04173,Aceite Vegetal 1 L Nova Pro,Alimentos,Nova,322.86,195,Distribuidora Nova,2025-06-06,Sí
4174,ELE-04174,Bocina Bluetooth Prisma Classic,Electrónica,Prisma,2022.46,282,Distribuidora Metropolitana,2024-04-30,Sí
4175,ELE-04175,Audífonos con Micrófono Urban Essential,Electrónica,Urban,1291.75,229,Distribuidora Hidalgo,2026-05-12,Sí
4176,ELE-04176,Cargador USB-C 45W Vitta Essential,Electrónica,Vitta,3078.82,30,Distribuidora Mexicana,2025-06-27,Sí
4177,DEP-04177,Mancuerna Hexagonal Terra Essential,Deportes,Terra,1129.39,319,Distribuidora Mexicana,2024-08-31,Sí
4178,ELE-04178,Teclado RGB Nova Eco,Electrónica,Nova,1615.99,271,Distribuidora Bajío,2024-04-23,Sí
4179,ALI-04179,Cereal con Frutos 450 g Nativa Pro,Alimentos,Nativa,317.58,174,Distribuidora Bajío,2024-03-06,Sí
4180,DEP-04180,Mancuerna Hexagonal Nativa Classic,Deportes,Nativa,2120.22,48,Distribuidora Pacífico,2024-11-19,Sí
4181,OFI-04181,Mochila Antirrobo Cobalto Classic,Oficina,Cobalto,5835.36,152,Distribuidora Mexicana,2026-05-26,Sí
4182,ALI-04182,Aceite Vegetal 1 L Altura Plus,Alimentos,Altura,656.87,187,Distribuidora del Norte,2026-02-19,Sí
4183,ELE-04183,Mouse Óptico Nativa Select,Electrónica,Nativa,2786.61,278,Distribuidora Metropolitana,2024-03-17,Sí
4184,DEP-04184,Mancuerna Hexagonal Nativa Essential,Deportes,Nativa,1977.62,30,Distribuidora Hidalgo,2026-02-07,Sí
4185,CUI-04185,Shampoo Reparador 700 ml Aurea Lite,Cuidado personal,Aurea,2069.83,34,Distribuidora Nova,2024-09-22,Sí
4186,ALI-04186,Café en Grano 1 kg Nativa Prime,Alimentos,Nativa,419.08,219,Distribuidora Central,2024-09-11,Sí
4187,OFI-04187,Calculadora Financiera Aurea Select,Oficina,Aurea,5128.91,276,Distribuidora Mexicana,2024-09-07,Sí
4188,OFI-04188,Mochila Antirrobo Marea Max,Oficina,Marea,354.65,39,Distribuidora Metropolitana,2026-06-03,Sí
4189,OFI-04189,Silla Ejecutiva Zenit Select,Oficina,Zenit,3228.21,3,Distribuidora Nova,2026-04-03,Sí
4190,OFI-04190,Mochila Impermeable Lumina Eco,Oficina,Lumina,691.65,268,Distribuidora Hidalgo,2026-03-02,Sí
4191,ALI-04191,Galletas con Chocolate 300 g Zenit Advance,Alimentos,Zenit,749.1,128,Distribuidora Bajío,2025-03-03,Sí
4192,HOG-04192,Organizador de Baño Nova Select,Hogar,Nova,1735.56,176,Distribuidora Pacífico,2025-04-25,Sí
4193,DEP-04193,Tapete de Yoga con Correa Orion Advance,Deportes,Orion,2972.45,96,Distribuidora del Norte,2026-03-26,Sí
4194,HOG-04194,Termo de Acero Inoxidable Lumina Pro,Hogar,Lumina,2337.25,114,Distribuidora Mexicana,2025-06-06,Sí
4195,ELE-04195,Bocina Portátil Prisma Select,Electrónica,Prisma,2444.43,128,Distribuidora del Norte,2026-07-22,Sí
4196,OFI-04196,Calculadora Básica Terra Plus,Oficina,Terra,5064.52,313,Distribuidora Mexicana,2024-11-21,Sí
4197,CUI-04197,Crema Corporal Hidratante 400 ml Terra Essential,Cuidado personal,Terra,185.91,118,Distribuidora Metropolitana,2025-02-15,Sí
4198,HOG-04198,Organizador de Escritorio Urban Max,Hogar,Urban,540.7,341,Distribuidora Pacífico,2026-06-10,Sí
4199,OFI-04199,Silla con Soporte Lumbar Prisma Max,Oficina,Prisma,632.96,257,Distribuidora Hidalgo,2025-10-31,Sí
4200,HOG-04200,Organizador Multiusos Altura Lite,Hogar,Altura,1090.14,276,Distribuidora Hidalgo,2026-07-17,Sí
4201,DEP-04201,Mancuerna 10 kg Kairo Max,Deportes,Kairo,1214.01,350,Distribuidora Mexicana,2024-08-03,No
4202,HOG-04202,Sartén de Acero 26 cm Cobalto Pro,Hogar,Cobalto,1339.01,333,Distribuidora Pacífico,2025-02-08,Sí
4203,ALI-04203,Cereal con Frutos 450 g Aurea Plus,Alimentos,Aurea,331.99,124,Distribuidora Central,2026-05-22,Sí
4204,DEP-04204,Botella Deportiva 750 ml Nativa Pro,Deportes,Nativa,2254.68,77,Distribuidora Central,2024-08-29,Sí
4205,ALI-04205,Aceite de Aguacate 500 ml Altura Lite,Alimentos,Altura,663.84,145,Distribuidora Bajío,2024-10-15,Sí
4206,ALI-04206,Café Descafeinado 400 g Brava Classic,Alimentos,Brava,685.4,113,Distribuidora Central,2024-08-22,Sí
4207,ELE-04207,Webcam Full HD Zenit Eco,Electrónica,Zenit,935.81,192,Distribuidora Hidalgo,2024-07-02,Sí
4208,HOG-04208,Termo de Acero Inoxidable Prisma Prime,Hogar,Prisma,819.59,148,Distribuidora Central,2025-06-30,Sí
4209,DEP-04209,Guantes con Muñequera Vitta Pro,Deportes,Vitta,2693.64,180,Distribuidora del Norte,2026-02-21,Sí
4210,ALI-04210,Café Americano 500 g Urban Plus,Alimentos,Urban,53.16,212,Distribuidora Central,2026-01-27,Sí
4211,ELE-04211,Teclado RGB Nova Classic,Electrónica,Nova,1552.11,9,Distribuidora del Norte,2025-03-28,Sí
4212,ALI-04212,Pasta Spaghetti 500 g Orion Eco,Alimentos,Orion,714.79,68,Distribuidora Pacífico,2024-10-11,Sí
4213,ELE-04213,Bocina Resistente al Agua Nativa Lite,Electrónica,Nativa,1972.56,163,Distribuidora Bajío,2026-06-13,Sí
4214,HOG-04214,Lámpara Minimalista Prisma Essential,Hogar,Prisma,2196.14,349,Distribuidora Pacífico,2024-06-05,Sí
4215,CUI-04215,Secadora Iónica Prisma Classic,Cuidado personal,Prisma,2089.94,7,Distribuidora Bajío,2024-03-19,Sí
4216,ALI-04216,Café Descafeinado 400 g Nexo Advance,Alimentos,Nexo,424.24,12,Distribuidora Mexicana,2024-09-06,Sí
4217,ELE-04217,Mouse Inalámbrico Urban Eco,Electrónica,Urban,1638.1,129,Distribuidora Metropolitana,2024-08-27,Sí
4218,ALI-04218,Cereal Integral 500 g Nativa Plus,Alimentos,Nativa,222.16,294,Distribuidora Metropolitana,2024-12-31,Sí
4219,ELE-04219,Teclado Inalámbrico Kairo Advance,Electrónica,Kairo,744.54,2,Distribuidora Mexicana,2025-06-03,Sí
4220,CUI-04220,Shampoo Anticaspa 650 ml Nexo Essential,Cuidado personal,Nexo,1446.82,348,Distribuidora Metropolitana,2024-05-22,Sí
4221,DEP-04221,Balón de Fútbol Orion Pro,Deportes,Orion,1302.63,220,Distribuidora Mexicana,2024-12-08,Sí
4222,OFI-04222,Cuaderno Cuadriculado Brava Pro,Oficina,Brava,1696.32,307,Distribuidora del Norte,2024-08-25,Sí
4223,OFI-04223,Mochila para Laptop 15.6 Brava Pro,Oficina,Brava,2214.09,86,Distribuidora Bajío,2024-09-13,Sí
4224,HOG-04224,Organizador de Escritorio Kairo Classic,Hogar,Kairo,193.4,347,Distribuidora Nova,2025-05-08,Sí
4225,OFI-04225,Calculadora de Escritorio Terra Pro,Oficina,Terra,5062.51,287,Distribuidora Metropolitana,2026-01-25,Sí
4226,HOG-04226,Organizador de Cocina Urban Classic,Hogar,Urban,2066.14,147,Distribuidora Hidalgo,2025-11-02,Sí
4227,HOG-04227,Termo 500 ml Marea Essential,Hogar,Marea,884.13,29,Distribuidora Pacífico,2026-08-17,Sí
4228,DEP-04228,Botella Deportiva con Popote Nova Prime,Deportes,Nova,432.14,64,Distribuidora Nova,2025-04-22,Sí
4229,ELE-04229,Audífonos Bluetooth Nativa Classic,Electrónica,Nativa,1116.95,240,Distribuidora Nova,2025-08-04,Sí
4230,ELE-04230,Bocina Bluetooth Nativa Classic,Electrónica,Nativa,3010.27,5,Distribuidora Central,2024-07-24,Sí
4231,OFI-04231,Silla de Oficina Zenit Prime,Oficina,Zenit,4055.98,249,Distribuidora Nova,2025-05-05,Sí
4232,OFI-04232,Memoria USB USB 3.2 Zenit Eco,Oficina,Zenit,5674.73,226,Distribuidora Mexicana,2024-08-12,Sí
4233,ALI-04233,Café Americano 500 g Nativa Classic,Alimentos,Nativa,105.14,3,Distribuidora del Norte,2025-07-10,No
4234,DEP-04234,Guantes de Ciclismo Vitta Prime,Deportes,Vitta,2533.96,67,Distribuidora Pacífico,2024-01-05,Sí
4235,CUI-04235,Crema Corporal con Aloe 500 ml Orion Eco,Cuidado personal,Orion,95.16,202,Distribuidora Metropolitana,2025-05-09,Sí
4236,OFI-04236,Mochila Impermeable Urban Lite,Oficina,Urban,1762.59,286,Distribuidora Central,2024-08-10,Sí
4237,ELE-04237,Bocina Portátil Zenit Max,Electrónica,Zenit,1901.85,235,Distribuidora Metropolitana,2024-06-02,Sí
4238,ALI-04238,Galletas de Avena 300 g Brava Prime,Alimentos,Brava,213.94,197,Distribuidora Pacífico,2024-06-09,Sí
4239,CUI-04239,Crema Corporal Nutritiva 400 ml Brava Essential,Cuidado personal,Brava,621.12,319,Distribuidora Metropolitana,2024-09-03,Sí
4240,HOG-04240,Juego de Toallas Algodón Prisma Select,Hogar,Prisma,516.63,286,Distribuidora Bajío,2026-06-19,Sí
4241,ALI-04241,Café Molido 500 g Lumina Classic,Alimentos,Lumina,504.42,308,Distribuidora Bajío,2026-05-05,Sí
4242,DEP-04242,Mancuerna Ajustable Nativa Select,Deportes,Nativa,2044.41,334,Distribuidora Bajío,2026-05-26,Sí
4243,OFI-04243,Memoria USB 32 GB Urban Max,Oficina,Urban,3219.83,308,Distribuidora Pacífico,2025-01-08,Sí
4244,DEP-04244,Mancuerna Hexagonal Cobalto Select,Deportes,Cobalto,1862.93,48,Distribuidora Central,2025-11-10,Sí
4245,ALI-04245,Pasta Spaghetti 500 g Marea Max,Alimentos,Marea,184.13,205,Distribuidora del Norte,2026-08-02,Sí
4246,ALI-04246,Café Americano 500 g Orion Max,Alimentos,Orion,772.98,160,Distribuidora Hidalgo,2025-10-01,Sí
4247,HOG-04247,Lámpara Minimalista Nexo Plus,Hogar,Nexo,2251.78,257,Distribuidora Bajío,2025-11-08,Sí
4248,ELE-04248,Webcam Autofocus Orion Eco,Electrónica,Orion,1221.92,236,Distribuidora Mexicana,2024-08-25,Sí
4249,OFI-04249,Cuaderno Profesional Altura Classic,Oficina,Altura,3243.8,169,Distribuidora Bajío,2025-07-23,Sí
4250,DEP-04250,Balón de Fútbol Vitta Eco,Deportes,Vitta,1042.58,244,Distribuidora Mexicana,2025-07-16,Sí
4251,CUI-04251,Crema Corporal Nutritiva 400 ml Orion Pro,Cuidado personal,Orion,2384.51,287,Distribuidora Metropolitana,2026-07-22,Sí
4252,OFI-04252,Memoria USB 32 GB Zenit Essential,Oficina,Zenit,3841.08,149,Distribuidora del Norte,2026-01-06,Sí
4253,ALI-04253,Galletas Integrales 350 g Prisma Select,Alimentos,Prisma,385.06,116,Distribuidora Central,2025-12-24,Sí
4254,HOG-04254,Juego de Toallas Microfibra Aurea Plus,Hogar,Aurea,1360.66,188,Distribuidora Hidalgo,2025-05-20,No
4255,ELE-04255,Bocina Inteligente Terra Lite,Electrónica,Terra,2527.45,48,Distribuidora Pacífico,2026-02-06,Sí
4256,ELE-04256,Audífonos USB-C Altura Max,Electrónica,Altura,1387.13,23,Distribuidora Mexicana,2024-09-01,Sí
4257,ELE-04257,Audífonos con Micrófono Kairo Essential,Electrónica,Kairo,1638.19,310,Distribuidora Bajío,2024-06-11,Sí
4258,CUI-04258,Crema Corporal Hidratante 400 ml Marea Classic,Cuidado personal,Marea,468.75,105,Distribuidora Pacífico,2024-09-21,Sí
4259,ALI-04259,Aceite Vegetal 1 L Vitta Prime,Alimentos,Vitta,113.94,328,Distribuidora Bajío,2025-12-07,Sí
4260,DEP-04260,Balón de Voleibol Terra Max,Deportes,Terra,2221.34,187,Distribuidora Bajío,2026-05-06,Sí
4261,ALI-04261,Cereal de Avena 500 g Nativa Plus,Alimentos,Nativa,729.54,165,Distribuidora Nova,2025-08-24,Sí
4262,HOG-04262,Sartén de Acero 26 cm Altura Eco,Hogar,Altura,1756.55,253,Distribuidora Bajío,2024-05-03,Sí
4263,HOG-04263,Juego de Toallas Algodón Orion Max,Hogar,Orion,779.53,114,Distribuidora Central,2024-09-20,Sí
4264,HOG-04264,Sartén Antiadherente 28 cm Altura Essential,Hogar,Altura,789.31,102,Distribuidora del Norte,2025-02-22,Sí
4265,DEP-04265,Balón de Voleibol Vitta Max,Deportes,Vitta,2348.36,0,Distribuidora Bajío,2024-04-23,Sí
4266,DEP-04266,Guantes con Muñequera Orion Max,Deportes,Orion,1340.23,166,Distribuidora Central,2025-02-24,Sí
4267,OFI-04267,Mochila Impermeable Nexo Advance,Oficina,Nexo,4333.26,12,Distribuidora Pacífico,2024-08-03,Sí
4268,ALI-04268,Café Descafeinado 400 g Urban Max,Alimentos,Urban,332.77,85,Distribuidora Bajío,2024-02-05,Sí
4269,OFI-04269,Calculadora de Escritorio Lumina Eco,Oficina,Lumina,3854.05,118,Distribuidora del Norte,2024-11-22,Sí
4270,DEP-04270,Mancuerna Hexagonal Vitta Prime,Deportes,Vitta,1306.96,144,Distribuidora Hidalgo,2026-04-06,Sí
4271,CUI-04271,Crema Corporal Nutritiva 400 ml Altura Select,Cuidado personal,Altura,1245.29,10,Distribuidora Hidalgo,2025-12-11,Sí
4272,OFI-04272,Calculadora Científica Nexo Eco,Oficina,Nexo,5463.95,121,Distribuidora Pacífico,2024-01-31,Sí
4273,DEP-04273,Tapete de Yoga 6 mm Vitta Pro,Deportes,Vitta,2396.52,344,Distribuidora Central,2026-04-15,Sí
4274,DEP-04274,Balón Entrenamiento Urban Eco,Deportes,Urban,2912.11,146,Distribuidora Central,2024-11-28,Sí
4275,ALI-04275,Cereal con Frutos 450 g Nexo Plus,Alimentos,Nexo,560.3,210,Distribuidora Pacífico,2024-08-14,Sí
4276,ALI-04276,Cereal de Avena 500 g Urban Plus,Alimentos,Urban,385.96,340,Distribuidora Central,2025-01-09,Sí
4277,ELE-04277,Teclado Mecánico Marea Max,Electrónica,Marea,900.58,59,Distribuidora Nova,2025-01-22,Sí
4278,DEP-04278,Guantes con Muñequera Kairo Prime,Deportes,Kairo,1055.84,190,Distribuidora Mexicana,2025-02-22,Sí
4279,ELE-04279,Audífonos con Micrófono Nova Prime,Electrónica,Nova,2378.74,254,Distribuidora Central,2025-01-07,Sí
4280,HOG-04280,Termo de Acero Inoxidable Altura Lite,Hogar,Altura,1043.32,252,Distribuidora Pacífico,2024-10-23,Sí
4281,HOG-04281,Sartén de Acero 26 cm Urban Pro,Hogar,Urban,2336.32,162,Distribuidora Hidalgo,2025-09-03,Sí
4282,DEP-04282,Tapete de Yoga Antideslizante Urban Essential,Deportes,Urban,190.83,331,Distribuidora Mexicana,2024-12-08,Sí
4283,ELE-04283,Mouse Inalámbrico Nativa Advance,Electrónica,Nativa,3072.06,228,Distribuidora Metropolitana,2024-03-18,Sí
4284,HOG-04284,Juego de Toallas 6 Piezas Marea Select,Hogar,Marea,240.94,88,Distribuidora Bajío,2026-04-01,Sí
4285,OFI-04285,Calculadora Científica Lumina Advance,Oficina,Lumina,5960.74,216,Distribuidora Mexicana,2024-04-24,Sí
4286,OFI-04286,Silla Ergonómica Zenit Classic,Oficina,Zenit,4109.86,39,Distribuidora Metropolitana,2024-06-01,Sí
4287,DEP-04287,Mancuerna 10 kg Vitta Pro,Deportes,Vitta,460.04,345,Distribuidora Pacífico,2026-07-13,Sí
4288,DEP-04288,Botella Deportiva 750 ml Nova Plus,Deportes,Nova,874.04,55,Distribuidora Mexicana,2025-08-19,Sí
4289,ELE-04289,Cargador Inalámbrico Altura Lite,Electrónica,Altura,2162.65,337,Distribuidora Pacífico,2024-09-09,Sí
4290,OFI-04290,Memoria USB 32 GB Vitta Eco,Oficina,Vitta,3108.41,249,Distribuidora Nova,2024-01-09,Sí
4291,CUI-04291,Shampoo Anticaspa 650 ml Nova Prime,Cuidado personal,Nova,2393.51,260,Distribuidora Central,2025-07-13,Sí
4292,ELE-04292,Teclado Inalámbrico Kairo Essential,Electrónica,Kairo,1287.72,17,Distribuidora del Norte,2025-12-12,Sí
4293,ELE-04293,Mouse Óptico Brava Prime,Electrónica,Brava,3355.61,265,Distribuidora Hidalgo,2026-04-09,Sí
4294,CUI-04294,Shampoo Reparador 700 ml Nexo Plus,Cuidado personal,Nexo,2187.32,35,Distribuidora del Norte,2025-02-24,Sí
4295,CUI-04295,Cepillo Dental Eléctrico Nova Pro,Cuidado personal,Nova,2691.05,38,Distribuidora Mexicana,2026-07-23,Sí
4296,OFI-04296,Silla con Soporte Lumbar Urban Classic,Oficina,Urban,894.93,58,Distribuidora Mexicana,2025-12-23,Sí
4297,ALI-04297,Pasta Fusilli 500 g Aurea Eco,Alimentos,Aurea,626.65,26,Distribuidora Bajío,2026-04-17,Sí
4298,CUI-04298,Secadora 2000 W Marea Advance,Cuidado personal,Marea,251.14,88,Distribuidora Hidalgo,2024-01-05,Sí
4299,HOG-04299,Lámpara LED Brava Plus,Hogar,Brava,1831.06,132,Distribuidora Hidalgo,2025-01-13,Sí
4300,ALI-04300,Pasta Penne 500 g Orion Eco,Alimentos,Orion,327.44,251,Distribuidora del Norte,2024-08-04,No
4301,CUI-04301,Secadora 2000 W Altura Classic,Cuidado personal,Altura,692.52,256,Distribuidora Hidalgo,2024-10-24,Sí
4302,DEP-04302,Mancuerna Ajustable Altura Lite,Deportes,Altura,1211.15,288,Distribuidora Metropolitana,2024-07-13,Sí
4303,HOG-04303,Organizador de Escritorio Nova Max,Hogar,Nova,2489.74,138,Distribuidora Bajío,2025-01-29,Sí
4304,HOG-04304,Juego de Toallas Algodón Aurea Advance,Hogar,Aurea,960.06,185,Distribuidora Bajío,2024-09-14,Sí
4305,DEP-04305,Botella Deportiva 750 ml Marea Lite,Deportes,Marea,671.23,125,Distribuidora Pacífico,2026-06-24,Sí
4306,CUI-04306,Crema Corporal con Aloe 500 ml Terra Classic,Cuidado personal,Terra,2359.46,345,Distribuidora Bajío,2025-06-11,Sí
4307,CUI-04307,Secadora Compacta Nexo Essential,Cuidado personal,Nexo,1238.5,196,Distribuidora Metropolitana,2025-01-25,Sí
4308,HOG-04308,Sartén de Acero 26 cm Urban Pro,Hogar,Urban,2382.53,223,Distribuidora Mexicana,2024-05-22,Sí
4309,CUI-04309,Crema Corporal Hidratante 400 ml Nexo Max,Cuidado personal,Nexo,982.62,130,Distribuidora del Norte,2025-06-29,Sí
4310,ALI-04310,Galletas con Chocolate 300 g Prisma Prime,Alimentos,Prisma,516.32,240,Distribuidora Central,2024-06-13,Sí
4311,HOG-04311,Termo 500 ml Lumina Max,Hogar,Lumina,1282.06,347,Distribuidora Central,2025-03-06,Sí
4312,OFI-04312,Calculadora Científica Vitta Eco,Oficina,Vitta,3974.46,292,Distribuidora Pacífico,2024-09-30,Sí
4313,OFI-04313,Mochila Antirrobo Orion Classic,Oficina,Orion,4189.03,318,Distribuidora del Norte,2024-02-01,Sí
4314,HOG-04314,Organizador de Cocina Urban Eco,Hogar,Urban,2417.52,293,Distribuidora Central,2026-06-28,Sí
4315,ALI-04315,Aceite Vegetal 1 L Terra Max,Alimentos,Terra,398.12,324,Distribuidora Mexicana,2026-02-08,Sí
4316,ELE-04316,Audífonos Bluetooth Kairo Essential,Electrónica,Kairo,1995.87,260,Distribuidora Pacífico,2024-09-09,Sí
4317,CUI-04317,Crema Corporal con Aloe 500 ml Nova Plus,Cuidado personal,Nova,1814.2,228,Distribuidora Bajío,2025-12-29,Sí
4318,CUI-04318,Cepillo Dental Medio Aurea Classic,Cuidado personal,Aurea,437.35,166,Distribuidora Nova,2025-08-28,Sí
4319,CUI-04319,Crema Corporal Hidratante 400 ml Terra Pro,Cuidado personal,Terra,1036.67,252,Distribuidora Bajío,2025-04-06,Sí
4320,DEP-04320,Balón de Voleibol Prisma Max,Deportes,Prisma,2051.66,24,Distribuidora Mexicana,2024-04-19,Sí
4321,CUI-04321,Secadora 2000 W Nexo Plus,Cuidado personal,Nexo,319.87,144,Distribuidora Pacífico,2025-03-18,Sí
4322,HOG-04322,Juego de Toallas 4 Piezas Brava Advance,Hogar,Brava,2080.59,273,Distribuidora Bajío,2025-07-09,Sí
4323,OFI-04323,Mochila para Laptop 15.6 Kairo Max,Oficina,Kairo,2010.43,320,Distribuidora Nova,2025-01-12,Sí
4324,CUI-04324,Cepillo Dental Eléctrico Nativa Essential,Cuidado personal,Nativa,2469.79,295,Distribuidora Nova,2025-11-29,Sí
4325,CUI-04325,Cepillo Dental Medio Vitta Essential,Cuidado personal,Vitta,458.69,162,Distribuidora Pacífico,2025-02-21,Sí
4326,DEP-04326,Balón de Voleibol Urban Max,Deportes,Urban,1965.5,268,Distribuidora del Norte,2025-06-16,Sí
4327,CUI-04327,Secadora Profesional Aurea Eco,Cuidado personal,Aurea,2100.29,40,Distribuidora Nova,2026-06-09,Sí
4328,CUI-04328,Cepillo Dental Pack 3 Vitta Plus,Cuidado personal,Vitta,361.07,286,Distribuidora Metropolitana,2026-02-05,Sí
4329,HOG-04329,Sartén de Acero 26 cm Altura Plus,Hogar,Altura,1576.43,235,Distribuidora Nova,2025-05-21,Sí
4330,DEP-04330,Tapete de Yoga con Correa Aurea Lite,Deportes,Aurea,2752.44,298,Distribuidora Hidalgo,2026-06-23,Sí
4331,OFI-04331,Memoria USB USB 3.2 Cobalto Advance,Oficina,Cobalto,547.28,245,Distribuidora Mexicana,2026-04-09,Sí
4332,HOG-04332,Lámpara de Escritorio Orion Essential,Hogar,Orion,1988.37,49,Distribuidora Pacífico,2024-07-01,Sí
4333,DEP-04333,Balón de Fútbol Zenit Pro,Deportes,Zenit,1019.43,164,Distribuidora Bajío,2024-11-27,Sí
4334,ELE-04334,Mouse Inalámbrico Zenit Max,Electrónica,Zenit,477.82,343,Distribuidora Central,2025-11-10,Sí
4335,ELE-04335,Webcam con Micrófono Prisma Lite,Electrónica,Prisma,2476.02,93,Distribuidora Pacífico,2024-06-09,Sí
4336,DEP-04336,Mancuerna Hexagonal Urban Prime,Deportes,Urban,2136.97,65,Distribuidora Pacífico,2026-04-15,Sí
4337,ELE-04337,Mouse Inalámbrico Cobalto Plus,Electrónica,Cobalto,2113.18,79,Distribuidora Metropolitana,2024-03-06,Sí
4338,HOG-04338,Sartén Antiadherente 24 cm Brava Prime,Hogar,Brava,640.47,221,Distribuidora Bajío,2025-01-17,Sí
4339,ALI-04339,Aceite de Aguacate 500 ml Cobalto Select,Alimentos,Cobalto,219.03,66,Distribuidora Hidalgo,2026-03-29,Sí
4340,OFI-04340,Memoria USB USB 3.2 Marea Essential,Oficina,Marea,1268.46,35,Distribuidora Central,2024-11-02,Sí
4341,CUI-04341,Rasuradora Recargable Terra Essential,Cuidado personal,Terra,1340.24,244,Distribuidora del Norte,2025-10-06,Sí
4342,ALI-04342,Cereal de Avena 500 g Nova Eco,Alimentos,Nova,91.05,338,Distribuidora Central,2025-05-07,Sí
4343,DEP-04343,Balón Entrenamiento Nativa Classic,Deportes,Nativa,1469.99,46,Distribuidora Bajío,2024-05-02,Sí
4344,HOG-04344,Sartén Antiadherente 24 cm Prisma Eco,Hogar,Prisma,1103.13,336,Distribuidora Nova,2026-03-12,Sí
4345,ELE-04345,Teclado Inalámbrico Prisma Select,Electrónica,Prisma,1444.97,293,Distribuidora Metropolitana,2026-01-02,Sí
4346,OFI-04346,Calculadora Financiera Zenit Max,Oficina,Zenit,1268.83,5,Distribuidora Bajío,2025-07-27,Sí
4347,ALI-04347,Café Descafeinado 400 g Nexo Lite,Alimentos,Nexo,557.96,334,Distribuidora Pacífico,2026-04-11,Sí
4348,DEP-04348,Mancuerna Hexagonal Lumina Pro,Deportes,Lumina,2067.41,45,Distribuidora Pacífico,2025-09-16,Sí
4349,CUI-04349,Crema Corporal Nutritiva 400 ml Zenit Select,Cuidado personal,Zenit,340.55,293,Distribuidora Hidalgo,2024-06-29,Sí
4350,DEP-04350,Mancuerna Hexagonal Kairo Classic,Deportes,Kairo,737.83,19,Distribuidora Metropolitana,2024-03-06,Sí
4351,OFI-04351,Silla con Soporte Lumbar Aurea Essential,Oficina,Aurea,402.77,201,Distribuidora Nova,2025-02-03,Sí
4352,ELE-04352,Audífonos USB-C Lumina Eco,Electrónica,Lumina,1016.57,228,Distribuidora Bajío,2026-06-10,Sí
4353,ALI-04353,Café Americano 500 g Orion Plus,Alimentos,Orion,183.27,334,Distribuidora Metropolitana,2026-02-22,Sí
4354,HOG-04354,Juego de Toallas 4 Piezas Urban Prime,Hogar,Urban,2332.04,247,Distribuidora Mexicana,2026-02-22,Sí
4355,OFI-04355,Memoria USB USB 3.2 Cobalto Max,Oficina,Cobalto,2831.0,31,Distribuidora Metropolitana,2025-01-04,Sí
4356,CUI-04356,Secadora Compacta Nativa Plus,Cuidado personal,Nativa,2759.59,300,Distribuidora Hidalgo,2025-09-15,Sí
4357,ELE-04357,Mouse Gaming Nexo Max,Electrónica,Nexo,180.71,336,Distribuidora Mexicana,2025-08-10,Sí
4358,ALI-04358,Café en Grano 1 kg Vitta Eco,Alimentos,Vitta,419.21,99,Distribuidora Bajío,2026-04-14,Sí
4359,ELE-04359,Teclado Mecánico Brava Eco,Electrónica,Brava,2687.78,274,Distribuidora Pacífico,2024-03-18,Sí
4360,DEP-04360,Botella Deportiva 1 L Lumina Lite,Deportes,Lumina,862.81,320,Distribuidora Metropolitana,2024-03-05,Sí
4361,OFI-04361,Silla Ergonómica Nativa Eco,Oficina,Nativa,4009.61,186,Distribuidora Metropolitana,2025-07-25,Sí
4362,HOG-04362,Organizador Multiusos Prisma Pro,Hogar,Prisma,1750.74,165,Distribuidora Bajío,2025-11-15,No
4363,DEP-04363,Tapete de Yoga 6 mm Vitta Pro,Deportes,Vitta,1680.59,90,Distribuidora Nova,2026-03-27,Sí
4364,HOG-04364,Termo Térmico Nativa Plus,Hogar,Nativa,985.45,99,Distribuidora Metropolitana,2026-04-02,Sí
4365,ALI-04365,Aceite de Aguacate 500 ml Nativa Pro,Alimentos,Nativa,342.76,340,Distribuidora Pacífico,2026-05-20,Sí
4366,OFI-04366,Silla de Oficina Prisma Prime,Oficina,Prisma,236.75,350,Distribuidora Mexicana,2026-07-07,Sí
4367,ELE-04367,Audífonos Bluetooth Prisma Essential,Electrónica,Prisma,1912.22,25,Distribuidora Bajío,2024-11-19,Sí
4368,OFI-04368,Calculadora Científica Marea Lite,Oficina,Marea,697.69,6,Distribuidora Metropolitana,2025-06-26,No
4369,ELE-04369,Cargador Doble Puerto Nativa Advance,Electrónica,Nativa,1796.61,133,Distribuidora Pacífico,2025-05-26,Sí
4370,CUI-04370,Crema Corporal con Aloe 500 ml Urban Eco,Cuidado personal,Urban,578.89,196,Distribuidora Pacífico,2025-02-01,Sí
4371,HOG-04371,Organizador de Escritorio Kairo Max,Hogar,Kairo,1150.3,293,Distribuidora Hidalgo,2024-08-22,Sí
4372,DEP-04372,Guantes de Ciclismo Vitta Eco,Deportes,Vitta,2765.84,87,Distribuidora del Norte,2025-09-22,Sí
4373,OFI-04373,Cuaderno de Notas Aurea Max,Oficina,Aurea,1765.57,281,Distribuidora Bajío,2024-09-07,Sí
4374,OFI-04374,Cuaderno Pasta Dura Nexo Plus,Oficina,Nexo,3615.11,4,Distribuidora Metropolitana,2026-07-19,Sí
4375,OFI-04375,Silla Ejecutiva Urban Essential,Oficina,Urban,3758.41,328,Distribuidora Hidalgo,2024-06-16,Sí
4376,OFI-04376,Calculadora Financiera Cobalto Select,Oficina,Cobalto,5858.89,209,Distribuidora Hidalgo,2024-01-17,Sí
4377,ALI-04377,Pasta Fusilli 500 g Orion Advance,Alimentos,Orion,455.85,224,Distribuidora Pacífico,2025-05-11,Sí
4378,HOG-04378,Juego de Toallas Microfibra Prisma Select,Hogar,Prisma,1564.87,330,Distribuidora Metropolitana,2025-06-20,Sí
4379,OFI-04379,Memoria USB 128 GB Prisma Max,Oficina,Prisma,729.62,57,Distribuidora Pacífico,2024-09-25,Sí
4380,ALI-04380,Galletas Integrales 350 g Lumina Eco,Alimentos,Lumina,213.2,289,Distribuidora Metropolitana,2024-07-04,Sí
4381,OFI-04381,Silla con Soporte Lumbar Nativa Classic,Oficina,Nativa,1448.49,327,Distribuidora Mexicana,2024-03-22,Sí
4382,CUI-04382,Cepillo Dental Eléctrico Cobalto Prime,Cuidado personal,Cobalto,1101.13,37,Distribuidora del Norte,2026-08-08,Sí
4383,CUI-04383,Secadora Profesional Marea Prime,Cuidado personal,Marea,1402.11,342,Distribuidora Nova,2024-05-09,Sí
4384,CUI-04384,Shampoo Reparador 700 ml Nova Essential,Cuidado personal,Nova,936.43,6,Distribuidora Metropolitana,2024-10-20,Sí
4385,ELE-04385,Bocina Portátil Zenit Prime,Electrónica,Zenit,1993.27,145,Distribuidora Central,2024-11-26,Sí
4386,ELE-04386,Cargador USB-C 45W Terra Classic,Electrónica,Terra,3249.62,148,Distribuidora Hidalgo,2024-05-08,Sí
4387,ALI-04387,Aceite de Oliva 500 ml Vitta Select,Alimentos,Vitta,497.19,126,Distribuidora Central,2026-03-04,Sí
4388,DEP-04388,Mancuerna 10 kg Aurea Prime,Deportes,Aurea,2641.89,99,Distribuidora Metropolitana,2025-09-19,Sí
4389,OFI-04389,Memoria USB 32 GB Zenit Pro,Oficina,Zenit,3039.48,61,Distribuidora Hidalgo,2026-07-27,No
4390,DEP-04390,Guantes con Muñequera Marea Max,Deportes,Marea,1556.36,282,Distribuidora Mexicana,2026-03-07,Sí
4391,DEP-04391,Tapete de Yoga con Correa Urban Select,Deportes,Urban,226.94,240,Distribuidora Bajío,2024-08-12,Sí
4392,CUI-04392,Crema Corporal con Aloe 500 ml Zenit Eco,Cuidado personal,Zenit,119.98,255,Distribuidora Bajío,2025-05-30,Sí
4393,OFI-04393,Cuaderno Profesional Kairo Classic,Oficina,Kairo,5974.87,338,Distribuidora Central,2025-03-30,Sí
4394,CUI-04394,Rasuradora 3 Cabezas Nova Plus,Cuidado personal,Nova,92.42,226,Distribuidora Nova,2025-12-28,Sí
4395,HOG-04395,Juego de Toallas 6 Piezas Vitta Max,Hogar,Vitta,1329.64,176,Distribuidora Pacífico,2025-01-30,Sí
4396,OFI-04396,Memoria USB 128 GB Lumina Prime,Oficina,Lumina,2571.82,61,Distribuidora del Norte,2025-04-14,Sí
4397,HOG-04397,Termo Térmico Nexo Classic,Hogar,Nexo,2018.74,161,Distribuidora del Norte,2026-01-03,Sí
4398,CUI-04398,Rasuradora Recargable Kairo Essential,Cuidado personal,Kairo,1407.8,161,Distribuidora Nova,2025-12-08,Sí
4399,ELE-04399,Mouse Ergonómico Zenit Prime,Electrónica,Zenit,2221.27,244,Distribuidora Mexicana,2025-03-23,Sí
4400,CUI-04400,Cepillo Dental Suave Cobalto Essential,Cuidado personal,Cobalto,1006.7,97,Distribuidora Central,2025-02-22,Sí
4401,DEP-04401,Tapete de Yoga 6 mm Vitta Lite,Deportes,Vitta,399.66,198,Distribuidora Nova,2025-07-20,Sí
4402,ELE-04402,Teclado RGB Marea Select,Electrónica,Marea,1655.82,285,Distribuidora Mexicana,2024-04-24,Sí
4403,ALI-04403,Galletas de Avena 300 g Kairo Plus,Alimentos,Kairo,197.37,52,Distribuidora Bajío,2024-09-04,No
4404,DEP-04404,Tapete de Yoga 6 mm Prisma Lite,Deportes,Prisma,716.83,208,Distribuidora Pacífico,2025-11-30,Sí
4405,HOG-04405,Juego de Toallas Algodón Urban Max,Hogar,Urban,470.76,274,Distribuidora Hidalgo,2025-03-11,Sí
4406,DEP-04406,Botella Deportiva Térmica Nativa Max,Deportes,Nativa,1169.75,179,Distribuidora Metropolitana,2025-04-04,Sí
4407,ALI-04407,Pasta Penne 500 g Orion Essential,Alimentos,Orion,271.48,327,Distribuidora Bajío,2025-05-07,Sí
4408,HOG-04408,Sartén Antiadherente 24 cm Kairo Essential,Hogar,Kairo,511.78,272,Distribuidora del Norte,2024-01-27,Sí
4409,OFI-04409,Calculadora Financiera Vitta Select,Oficina,Vitta,2078.34,257,Distribuidora Pacífico,2026-02-13,Sí
4410,DEP-04410,Tapete de Yoga 6 mm Nova Pro,Deportes,Nova,927.46,58,Distribuidora Central,2026-03-23,Sí
4411,OFI-04411,Cuaderno Cuadriculado Kairo Advance,Oficina,Kairo,1494.36,207,Distribuidora Hidalgo,2024-01-15,Sí
4412,ELE-04412,Bocina Bluetooth Lumina Prime,Electrónica,Lumina,2276.96,322,Distribuidora Hidalgo,2025-03-23,Sí
4413,ALI-04413,Pasta Spaghetti 500 g Terra Max,Alimentos,Terra,538.6,182,Distribuidora Central,2024-02-13,No
4414,OFI-04414,Calculadora Básica Altura Lite,Oficina,Altura,3536.83,66,Distribuidora Bajío,2024-01-24,Sí
4415,CUI-04415,Secadora Compacta Zenit Classic,Cuidado personal,Zenit,1716.63,157,Distribuidora Nova,2024-12-06,Sí
4416,OFI-04416,Memoria USB 32 GB Brava Eco,Oficina,Brava,1294.39,111,Distribuidora Hidalgo,2024-10-26,Sí
4417,HOG-04417,Sartén Antiadherente 28 cm Marea Lite,Hogar,Marea,2296.46,49,Distribuidora Bajío,2024-02-09,Sí
4418,HOG-04418,Organizador Multiusos Lumina Classic,Hogar,Lumina,2187.25,341,Distribuidora Mexicana,2024-09-23,Sí
4419,ALI-04419,Galletas con Chocolate 300 g Urban Eco,Alimentos,Urban,568.62,343,Distribuidora Central,2026-02-27,No
4420,ELE-04420,Mouse Gaming Aurea Advance,Electrónica,Aurea,3188.06,280,Distribuidora Central,2024-10-06,Sí
4421,ALI-04421,Galletas con Chocolate 300 g Urban Max,Alimentos,Urban,514.14,161,Distribuidora del Norte,2024-11-04,No
4422,CUI-04422,Rasuradora Recargable Cobalto Essential,Cuidado personal,Cobalto,1599.99,257,Distribuidora Bajío,2024-08-03,Sí
4423,ELE-04423,Cargador USB-C 20W Zenit Eco,Electrónica,Zenit,3362.48,287,Distribuidora del Norte,2024-08-16,Sí
4424,HOG-04424,Termo de Acero Inoxidable Zenit Advance,Hogar,Zenit,341.77,92,Distribuidora del Norte,2025-01-08,Sí
4425,DEP-04425,Mancuerna Ajustable Terra Eco,Deportes,Terra,1209.51,78,Distribuidora Metropolitana,2025-03-25,Sí
4426,HOG-04426,Sartén Antiadherente 24 cm Urban Plus,Hogar,Urban,386.9,206,Distribuidora Bajío,2025-02-08,Sí
4427,HOG-04427,Termo de Acero Inoxidable Nativa Advance,Hogar,Nativa,2358.2,250,Distribuidora Pacífico,2025-01-07,No
4428,ELE-04428,Webcam Autofocus Orion Max,Electrónica,Orion,3176.54,333,Distribuidora Nova,2024-04-01,Sí
4429,DEP-04429,Botella Deportiva Térmica Altura Classic,Deportes,Altura,590.94,42,Distribuidora Pacífico,2026-05-04,Sí
4430,OFI-04430,Silla Ergonómica Urban Prime,Oficina,Urban,255.02,135,Distribuidora Pacífico,2026-02-23,Sí
4431,HOG-04431,Juego de Toallas 6 Piezas Kairo Prime,Hogar,Kairo,1729.89,256,Distribuidora Mexicana,2025-09-05,Sí
4432,DEP-04432,Guantes Deportivos Prisma Classic,Deportes,Prisma,340.17,344,Distribuidora del Norte,2026-05-05,Sí
4433,ALI-04433,Aceite Vegetal 1 L Altura Classic,Alimentos,Altura,485.48,248,Distribuidora Hidalgo,2024-05-18,No
4434,HOG-04434,Termo 750 ml Cobalto Select,Hogar,Cobalto,1517.04,166,Distribuidora Mexicana,2024-11-15,Sí
4435,DEP-04435,Balón de Fútbol Nativa Classic,Deportes,Nativa,2009.3,61,Distribuidora Pacífico,2025-03-23,Sí
4436,OFI-04436,Cuaderno de Notas Urban Plus,Oficina,Urban,1170.16,97,Distribuidora Pacífico,2024-06-07,Sí
4437,OFI-04437,Silla Ergonómica Aurea Pro,Oficina,Aurea,4909.11,220,Distribuidora Mexicana,2026-05-01,Sí
4438,CUI-04438,Cepillo Dental Suave Prisma Prime,Cuidado personal,Prisma,244.37,4,Distribuidora Metropolitana,2024-10-06,Sí
4439,ALI-04439,Pasta Spaghetti 500 g Nativa Prime,Alimentos,Nativa,30.13,205,Distribuidora Central,2025-06-06,Sí
4440,ALI-04440,Galletas de Avena 300 g Nova Max,Alimentos,Nova,146.02,36,Distribuidora Mexicana,2025-02-04,Sí
4441,OFI-04441,Cuaderno de Notas Aurea Max,Oficina,Aurea,3192.93,53,Distribuidora Nova,2024-06-04,Sí
4442,HOG-04442,Juego de Toallas 4 Piezas Brava Pro,Hogar,Brava,2204.73,64,Distribuidora Bajío,2025-04-02,Sí
4443,DEP-04443,Balón de Voleibol Urban Advance,Deportes,Urban,1066.01,259,Distribuidora del Norte,2025-08-17,Sí
4444,OFI-04444,Silla con Soporte Lumbar Cobalto Classic,Oficina,Cobalto,3515.41,77,Distribuidora Pacífico,2024-10-01,Sí
4445,HOG-04445,Lámpara LED Urban Max,Hogar,Urban,917.72,253,Distribuidora Mexicana,2026-06-06,Sí
4446,DEP-04446,Balón de Voleibol Nova Prime,Deportes,Nova,758.04,332,Distribuidora Hidalgo,2026-07-08,Sí
4447,CUI-04447,Crema Corporal Hidratante 400 ml Altura Select,Cuidado personal,Altura,253.32,63,Distribuidora Nova,2026-06-14,Sí
4448,DEP-04448,Guantes de Gimnasio Marea Select,Deportes,Marea,969.0,106,Distribuidora Nova,2024-07-12,Sí
4449,ALI-04449,Pasta Fusilli 500 g Orion Lite,Alimentos,Orion,37.17,203,Distribuidora Hidalgo,2024-10-13,Sí
4450,ELE-04450,Teclado Inalámbrico Urban Pro,Electrónica,Urban,1950.45,61,Distribuidora Nova,2025-05-27,Sí
4451,ALI-04451,Galletas con Chocolate 300 g Prisma Select,Alimentos,Prisma,80.7,181,Distribuidora Pacífico,2026-03-04,Sí
4452,HOG-04452,Termo Térmico Orion Prime,Hogar,Orion,1251.94,133,Distribuidora del Norte,2026-05-30,Sí
4453,ELE-04453,Audífonos con Micrófono Urban Essential,Electrónica,Urban,1824.36,93,Distribuidora Nova,2026-01-02,Sí
4454,ELE-04454,Mouse Óptico Altura Pro,Electrónica,Altura,1523.83,334,Distribuidora Mexicana,2026-04-09,Sí
4455,DEP-04455,Guantes de Ciclismo Vitta Prime,Deportes,Vitta,393.87,281,Distribuidora Mexicana,2026-06-08,Sí
4456,DEP-04456,Botella Deportiva 1 L Marea Essential,Deportes,Marea,2869.41,64,Distribuidora del Norte,2024-03-02,Sí
4457,ELE-04457,Audífonos USB-C Nativa Advance,Electrónica,Nativa,3130.53,254,Distribuidora Central,2025-02-08,Sí
4458,CUI-04458,Secadora Compacta Altura Advance,Cuidado personal,Altura,2795.78,244,Distribuidora Metropolitana,2024-07-07,Sí
4459,DEP-04459,Guantes con Muñequera Urban Prime,Deportes,Urban,233.39,273,Distribuidora Nova,2025-03-04,Sí
4460,DEP-04460,Guantes de Ciclismo Orion Classic,Deportes,Orion,211.14,115,Distribuidora Bajío,2024-07-19,Sí
4461,ALI-04461,Aceite de Oliva 500 ml Terra Select,Alimentos,Terra,472.81,99,Distribuidora Central,2025-09-09,Sí
4462,HOG-04462,Lámpara de Escritorio Marea Eco,Hogar,Marea,507.54,20,Distribuidora Bajío,2024-01-08,Sí
4463,ALI-04463,Pasta Penne 500 g Kairo Lite,Alimentos,Kairo,663.8,334,Distribuidora Bajío,2025-09-30,Sí
4464,CUI-04464,Secadora Iónica Lumina Select,Cuidado personal,Lumina,508.33,116,Distribuidora del Norte,2026-06-30,Sí
4465,HOG-04465,Organizador de Escritorio Nexo Pro,Hogar,Nexo,1470.25,343,Distribuidora Mexicana,2026-02-28,Sí
4466,ELE-04466,Audífonos USB-C Brava Lite,Electrónica,Brava,2440.18,151,Distribuidora Bajío,2026-02-28,Sí
4467,OFI-04467,Mochila para Laptop 15.6 Zenit Classic,Oficina,Zenit,2188.05,137,Distribuidora Bajío,2025-07-13,Sí
4468,DEP-04468,Guantes de Ciclismo Terra Eco,Deportes,Terra,719.55,210,Distribuidora Nova,2025-05-04,Sí
4469,OFI-04469,Calculadora Científica Terra Prime,Oficina,Terra,3280.34,276,Distribuidora Bajío,2025-01-04,No
4470,ALI-04470,Aceite Vegetal 1 L Cobalto Essential,Alimentos,Cobalto,502.61,27,Distribuidora Nova,2024-04-28,Sí
4471,HOG-04471,Lámpara de Escritorio Brava Prime,Hogar,Brava,2478.13,256,Distribuidora Central,2024-10-16,Sí
4472,HOG-04472,Lámpara de Noche Urban Advance,Hogar,Urban,1096.67,9,Distribuidora del Norte,2024-02-19,Sí
4473,DEP-04473,Botella Deportiva 750 ml Aurea Select,Deportes,Aurea,1040.21,3,Distribuidora Hidalgo,2024-06-19,Sí
4474,DEP-04474,Botella Deportiva 1 L Lumina Eco,Deportes,Lumina,2251.83,66,Distribuidora Hidalgo,2025-02-12,Sí
4475,HOG-04475,Organizador de Cocina Zenit Plus,Hogar,Zenit,787.66,281,Distribuidora Mexicana,2024-07-13,Sí
4476,ELE-04476,Bocina Bluetooth Cobalto Plus,Electrónica,Cobalto,2165.92,298,Distribuidora Pacífico,2024-11-20,Sí
4477,ALI-04477,Pasta Spaghetti 500 g Marea Plus,Alimentos,Marea,492.28,326,Distribuidora Metropolitana,2024-01-30,Sí
4478,CUI-04478,Shampoo Hidratante 750 ml Marea Eco,Cuidado personal,Marea,2169.31,119,Distribuidora Metropolitana,2024-06-10,Sí
4479,HOG-04479,Sartén de Acero 26 cm Prisma Plus,Hogar,Prisma,1220.86,221,Distribuidora Nova,2025-01-05,Sí
4480,ELE-04480,Teclado Mecánico Vitta Pro,Electrónica,Vitta,2850.06,269,Distribuidora Hidalgo,2025-05-05,Sí
4481,ELE-04481,Bocina Resistente al Agua Marea Eco,Electrónica,Marea,221.7,150,Distribuidora Mexicana,2024-07-16,Sí
4482,DEP-04482,Balón Entrenamiento Kairo Plus,Deportes,Kairo,2022.09,296,Distribuidora Central,2025-01-11,Sí
4483,DEP-04483,Mancuerna 10 kg Vitta Pro,Deportes,Vitta,2164.86,349,Distribuidora Bajío,2025-12-11,Sí
4484,OFI-04484,Mochila Impermeable Orion Prime,Oficina,Orion,3177.57,267,Distribuidora del Norte,2025-02-14,Sí
4485,CUI-04485,Crema Corporal Hidratante 400 ml Nativa Plus,Cuidado personal,Nativa,918.7,58,Distribuidora del Norte,2024-03-09,Sí
4486,ALI-04486,Pasta Spaghetti 500 g Nexo Classic,Alimentos,Nexo,568.13,256,Distribuidora Pacífico,2025-01-08,Sí
4487,DEP-04487,Balón de Básquetbol Lumina Select,Deportes,Lumina,1380.08,240,Distribuidora Pacífico,2024-04-04,Sí
4488,ELE-04488,Webcam Autofocus Zenit Advance,Electrónica,Zenit,1224.94,162,Distribuidora Central,2025-07-09,Sí
4489,ALI-04489,Café en Grano 1 kg Terra Essential,Alimentos,Terra,716.01,332,Distribuidora del Norte,2026-08-13,Sí
4490,ELE-04490,Bocina Bluetooth Zenit Plus,Electrónica,Zenit,840.09,18,Distribuidora del Norte,2024-04-16,Sí
4491,DEP-04491,Tapete de Yoga 8 mm Lumina Lite,Deportes,Lumina,1926.56,332,Distribuidora del Norte,2025-04-10,Sí
4492,HOG-04492,Sartén Antiadherente 28 cm Zenit Prime,Hogar,Zenit,2390.14,216,Distribuidora Pacífico,2024-01-13,No
4493,CUI-04493,Shampoo Reparador 700 ml Marea Classic,Cuidado personal,Marea,2401.84,204,Distribuidora Central,2025-12-27,Sí
4494,DEP-04494,Guantes de Ciclismo Kairo Plus,Deportes,Kairo,446.85,143,Distribuidora Nova,2024-10-04,Sí
4495,HOG-04495,Sartén de Acero 26 cm Lumina Plus,Hogar,Lumina,692.42,242,Distribuidora Metropolitana,2026-06-17,Sí
4496,DEP-04496,Balón de Básquetbol Terra Lite,Deportes,Terra,513.44,117,Distribuidora Central,2025-10-21,Sí
4497,OFI-04497,Mochila para Laptop 15.6 Lumina Eco,Oficina,Lumina,5525.25,133,Distribuidora Hidalgo,2024-02-26,Sí
4498,CUI-04498,Cepillo Dental Suave Marea Advance,Cuidado personal,Marea,454.82,142,Distribuidora Hidalgo,2025-02-04,Sí
4499,ELE-04499,Bocina Inteligente Urban Classic,Electrónica,Urban,1236.92,119,Distribuidora del Norte,2026-08-27,Sí
4500,OFI-04500,Memoria USB 128 GB Nova Eco,Oficina,Nova,236.18,165,Distribuidora Pacífico,2024-04-15,Sí
4501,HOG-04501,Juego de Toallas Algodón Brava Classic,Hogar,Brava,1629.66,123,Distribuidora del Norte,2026-02-14,Sí
4502,DEP-04502,Guantes de Gimnasio Nativa Lite,Deportes,Nativa,1335.16,350,Distribuidora Metropolitana,2025-04-08,Sí
4503,ELE-04503,Audífonos Inalámbricos Nova Classic,Electrónica,Nova,505.7,344,Distribuidora Metropolitana,2025-10-11,Sí
4504,OFI-04504,Calculadora Financiera Kairo Max,Oficina,Kairo,1469.01,136,Distribuidora Nova,2025-01-15,Sí
4505,ALI-04505,Galletas Integrales 350 g Brava Eco,Alimentos,Brava,612.51,244,Distribuidora Central,2024-04-06,Sí
4506,CUI-04506,Cepillo Dental Medio Prisma Select,Cuidado personal,Prisma,255.69,247,Distribuidora Metropolitana,2024-02-19,Sí
4507,ELE-04507,Cargador USB-C 45W Nativa Essential,Electrónica,Nativa,425.73,59,Distribuidora Metropolitana,2025-09-28,Sí
4508,CUI-04508,Rasuradora Corporal Nova Advance,Cuidado personal,Nova,1032.22,289,Distribuidora Central,2024-12-01,Sí
4509,ALI-04509,Pasta Spaghetti 500 g Prisma Max,Alimentos,Prisma,738.4,78,Distribuidora del Norte,2025-06-27,Sí
4510,ALI-04510,Cereal con Frutos 450 g Zenit Lite,Alimentos,Zenit,63.41,105,Distribuidora Mexicana,2024-10-21,Sí
4511,ALI-04511,Café Molido 500 g Prisma Classic,Alimentos,Prisma,52.27,325,Distribuidora Hidalgo,2024-06-30,Sí
4512,CUI-04512,Secadora Compacta Altura Eco,Cuidado personal,Altura,1428.34,103,Distribuidora del Norte,2026-02-19,Sí
4513,ALI-04513,Café Descafeinado 400 g Marea Advance,Alimentos,Marea,133.01,283,Distribuidora Mexicana,2026-03-08,Sí
4514,HOG-04514,Organizador de Escritorio Lumina Pro,Hogar,Lumina,875.96,248,Distribuidora Bajío,2024-05-20,Sí
4515,ALI-04515,Cereal de Avena 500 g Prisma Eco,Alimentos,Prisma,120.42,89,Distribuidora Bajío,2025-12-17,Sí
4516,OFI-04516,Cuaderno de Notas Terra Pro,Oficina,Terra,2997.95,253,Distribuidora Nova,2024-05-27,Sí
4517,ALI-04517,Aceite de Oliva 500 ml Nativa Classic,Alimentos,Nativa,164.24,51,Distribuidora Pacífico,2026-01-09,Sí
4518,CUI-04518,Cepillo Dental Medio Altura Max,Cuidado personal,Altura,1680.65,246,Distribuidora Pacífico,2024-04-24,Sí
4519,CUI-04519,Rasuradora Recargable Kairo Pro,Cuidado personal,Kairo,987.91,339,Distribuidora Metropolitana,2025-08-03,Sí
4520,OFI-04520,Mochila para Laptop 15.6 Prisma Prime,Oficina,Prisma,4144.72,350,Distribuidora Bajío,2025-05-21,Sí
4521,ALI-04521,Galletas de Avena 300 g Zenit Classic,Alimentos,Zenit,544.67,93,Distribuidora Bajío,2024-08-03,Sí
4522,OFI-04522,Silla Ejecutiva Brava Lite,Oficina,Brava,4338.98,50,Distribuidora Hidalgo,2025-11-28,Sí
4523,ELE-04523,Teclado Inalámbrico Lumina Select,Electrónica,Lumina,1223.08,52,Distribuidora del Norte,2024-09-02,Sí
4524,ELE-04524,Audífonos Bluetooth Nativa Prime,Electrónica,Nativa,777.87,346,Distribuidora Central,2024-07-01,Sí
4525,DEP-04525,Guantes Deportivos Kairo Plus,Deportes,Kairo,585.24,71,Distribuidora Mexicana,2024-07-04,Sí
4526,HOG-04526,Lámpara Minimalista Brava Lite,Hogar,Brava,1900.31,242,Distribuidora Central,2026-08-21,Sí
4527,ALI-04527,Galletas Integrales 350 g Aurea Advance,Alimentos,Aurea,668.17,53,Distribuidora Nova,2025-05-06,No
4528,CUI-04528,Cepillo Dental Eléctrico Aurea Max,Cuidado personal,Aurea,1746.89,63,Distribuidora Nova,2026-08-30,Sí
4529,DEP-04529,Guantes de Ciclismo Vitta Eco,Deportes,Vitta,1979.05,264,Distribuidora Central,2025-09-24,Sí
4530,CUI-04530,Crema Corporal con Aloe 500 ml Lumina Prime,Cuidado personal,Lumina,338.88,118,Distribuidora del Norte,2026-08-05,Sí
4531,CUI-04531,Cepillo Dental Pack 3 Brava Lite,Cuidado personal,Brava,53.57,227,Distribuidora Pacífico,2025-10-27,Sí
4532,ALI-04532,Cereal de Avena 500 g Orion Plus,Alimentos,Orion,197.86,106,Distribuidora Bajío,2024-03-03,Sí
4533,CUI-04533,Cepillo Dental Eléctrico Nexo Classic,Cuidado personal,Nexo,2364.73,160,Distribuidora Pacífico,2024-02-01,Sí
4534,DEP-04534,Botella Deportiva 750 ml Marea Select,Deportes,Marea,2761.01,164,Distribuidora Mexicana,2026-05-24,Sí
4535,OFI-04535,Memoria USB 32 GB Orion Lite,Oficina,Orion,198.61,284,Distribuidora Mexicana,2025-08-01,Sí
4536,HOG-04536,Termo de Acero Inoxidable Altura Pro,Hogar,Altura,1843.57,273,Distribuidora Pacífico,2025-05-18,Sí
4537,CUI-04537,Crema Corporal con Aloe 500 ml Nativa Prime,Cuidado personal,Nativa,648.63,35,Distribuidora Metropolitana,2025-03-12,Sí
4538,ELE-04538,Mouse Ergonómico Aurea Essential,Electrónica,Aurea,1643.93,8,Distribuidora Hidalgo,2025-02-24,Sí
4539,DEP-04539,Botella Deportiva Térmica Aurea Select,Deportes,Aurea,352.68,293,Distribuidora del Norte,2026-01-05,Sí
4540,ELE-04540,Audífonos USB-C Marea Select,Electrónica,Marea,234.63,125,Distribuidora Bajío,2024-07-29,Sí
4541,HOG-04541,Sartén de Acero 26 cm Altura Select,Hogar,Altura,1259.15,318,Distribuidora del Norte,2025-04-22,No
4542,HOG-04542,Juego de Toallas 4 Piezas Nova Eco,Hogar,Nova,315.0,275,Distribuidora Mexicana,2026-06-19,Sí
4543,ELE-04543,Mouse Gaming Vitta Essential,Electrónica,Vitta,1746.34,49,Distribuidora Hidalgo,2024-07-05,Sí
4544,DEP-04544,Mancuerna 10 kg Kairo Eco,Deportes,Kairo,1715.34,244,Distribuidora Nova,2024-05-30,Sí
4545,OFI-04545,Cuaderno Cuadriculado Marea Pro,Oficina,Marea,3467.48,310,Distribuidora Central,2024-12-09,Sí
4546,HOG-04546,Juego de Toallas Microfibra Orion Pro,Hogar,Orion,137.63,230,Distribuidora Mexicana,2026-07-17,Sí
4547,ALI-04547,Café Americano 500 g Nativa Lite,Alimentos,Nativa,654.03,309,Distribuidora Central,2026-05-17,Sí
4548,ALI-04548,Pasta Spaghetti 500 g Orion Advance,Alimentos,Orion,492.88,212,Distribuidora Pacífico,2024-10-11,Sí
4549,OFI-04549,Silla Ergonómica Cobalto Classic,Oficina,Cobalto,1790.94,94,Distribuidora Central,2024-11-18,Sí
4550,ALI-04550,Pasta Spaghetti 500 g Prisma Prime,Alimentos,Prisma,349.95,143,Distribuidora Central,2025-07-31,Sí
4551,ELE-04551,Audífonos con Micrófono Nativa Prime,Electrónica,Nativa,2163.75,305,Distribuidora Nova,2024-02-06,Sí
4552,ELE-04552,Audífonos Inalámbricos Terra Plus,Electrónica,Terra,1164.79,17,Distribuidora Metropolitana,2026-01-25,Sí
4553,ELE-04553,Bocina Resistente al Agua Nova Advance,Electrónica,Nova,390.74,130,Distribuidora Pacífico,2026-09-03,Sí
4554,OFI-04554,Memoria USB 128 GB Nova Essential,Oficina,Nova,115.82,150,Distribuidora Central,2024-01-24,Sí
4555,DEP-04555,Mancuerna Ajustable Terra Advance,Deportes,Terra,1433.31,270,Distribuidora Nova,2024-10-29,Sí
4556,CUI-04556,Rasuradora Corporal Nexo Prime,Cuidado personal,Nexo,1163.92,144,Distribuidora Mexicana,2026-05-30,Sí
4557,DEP-04557,Tapete de Yoga Antideslizante Cobalto Eco,Deportes,Cobalto,265.11,98,Distribuidora Central,2025-12-14,Sí
4558,OFI-04558,Cuaderno Profesional Orion Pro,Oficina,Orion,4016.49,54,Distribuidora Hidalgo,2024-12-27,Sí
4559,ALI-04559,Pasta Spaghetti 500 g Orion Prime,Alimentos,Orion,463.2,308,Distribuidora Central,2024-11-11,Sí
4560,OFI-04560,Cuaderno Cuadriculado Lumina Max,Oficina,Lumina,1566.09,323,Distribuidora Hidalgo,2025-12-01,Sí
4561,DEP-04561,Balón de Básquetbol Orion Essential,Deportes,Orion,2099.17,117,Distribuidora Mexicana,2025-12-18,Sí
4562,CUI-04562,Rasuradora de Precisión Nativa Essential,Cuidado personal,Nativa,491.59,157,Distribuidora Hidalgo,2024-04-12,Sí
4563,OFI-04563,Calculadora Básica Zenit Advance,Oficina,Zenit,2536.42,187,Distribuidora Mexicana,2024-09-14,Sí
4564,ELE-04564,Webcam 2K Nexo Lite,Electrónica,Nexo,3146.35,34,Distribuidora del Norte,2026-05-26,Sí
4565,HOG-04565,Juego de Toallas 4 Piezas Terra Classic,Hogar,Terra,1936.17,304,Distribuidora Mexicana,2026-03-10,Sí
4566,ALI-04566,Pasta Fusilli 500 g Lumina Classic,Alimentos,Lumina,733.56,153,Distribuidora Pacífico,2024-01-21,Sí
4567,CUI-04567,Cepillo Dental Eléctrico Marea Lite,Cuidado personal,Marea,747.46,207,Distribuidora Nova,2026-06-22,Sí
4568,CUI-04568,Crema Corporal Nutritiva 400 ml Kairo Lite,Cuidado personal,Kairo,2086.96,257,Distribuidora Bajío,2025-07-27,No
4569,DEP-04569,Tapete de Yoga con Correa Zenit Max,Deportes,Zenit,1305.56,130,Distribuidora Bajío,2026-08-05,Sí
4570,CUI-04570,Shampoo Anticaspa 650 ml Brava Classic,Cuidado personal,Brava,2403.72,179,Distribuidora del Norte,2025-07-30,Sí
4571,CUI-04571,Rasuradora Recargable Urban Pro,Cuidado personal,Urban,2376.76,292,Distribuidora Bajío,2024-11-09,Sí
4572,DEP-04572,Balón Entrenamiento Zenit Essential,Deportes,Zenit,2102.93,41,Distribuidora del Norte,2025-09-07,Sí
4573,OFI-04573,Mochila Impermeable Terra Pro,Oficina,Terra,2077.74,336,Distribuidora Nova,2024-04-25,Sí
4574,CUI-04574,Rasuradora Recargable Prisma Eco,Cuidado personal,Prisma,2116.08,229,Distribuidora Metropolitana,2025-08-11,Sí
4575,ALI-04575,Pasta Fusilli 500 g Urban Select,Alimentos,Urban,641.49,302,Distribuidora Hidalgo,2025-05-11,No
4576,OFI-04576,Calculadora Financiera Nativa Max,Oficina,Nativa,5502.21,56,Distribuidora Pacífico,2024-02-04,Sí
4577,DEP-04577,Balón de Fútbol Vitta Prime,Deportes,Vitta,2987.42,9,Distribuidora del Norte,2025-01-03,Sí
4578,OFI-04578,Calculadora Básica Altura Advance,Oficina,Altura,4161.92,275,Distribuidora Metropolitana,2025-04-14,Sí
4579,HOG-04579,Sartén Antiadherente 28 cm Aurea Max,Hogar,Aurea,704.17,136,Distribuidora Pacífico,2024-12-31,Sí
4580,OFI-04580,Silla con Soporte Lumbar Urban Select,Oficina,Urban,1478.44,173,Distribuidora Pacífico,2024-07-07,No
4581,OFI-04581,Cuaderno Pasta Dura Aurea Essential,Oficina,Aurea,4125.27,82,Distribuidora Bajío,2026-08-08,Sí
4582,HOG-04582,Termo 750 ml Nativa Eco,Hogar,Nativa,1462.72,344,Distribuidora Bajío,2024-03-02,Sí
4583,CUI-04583,Secadora 2000 W Nexo Eco,Cuidado personal,Nexo,2294.76,11,Distribuidora Nova,2025-02-23,Sí
4584,CUI-04584,Secadora Compacta Nexo Max,Cuidado personal,Nexo,1243.48,156,Distribuidora Pacífico,2025-07-07,Sí
4585,CUI-04585,Cepillo Dental Medio Prisma Essential,Cuidado personal,Prisma,200.97,246,Distribuidora Hidalgo,2026-04-01,Sí
4586,OFI-04586,Mochila Impermeable Nativa Max,Oficina,Nativa,4095.07,131,Distribuidora Mexicana,2024-10-11,Sí
4587,DEP-04587,Mancuerna 5 kg Orion Eco,Deportes,Orion,650.76,348,Distribuidora Hidalgo,2025-08-18,Sí
4588,ALI-04588,Aceite de Oliva 500 ml Marea Advance,Alimentos,Marea,161.17,18,Distribuidora del Norte,2025-02-01,Sí
4589,OFI-04589,Silla con Soporte Lumbar Altura Max,Oficina,Altura,3761.8,72,Distribuidora Nova,2024-02-24,Sí
4590,ELE-04590,Audífonos Bluetooth Aurea Select,Electrónica,Aurea,2675.62,157,Distribuidora Central,2024-05-24,Sí
4591,DEP-04591,Mancuerna 10 kg Nexo Eco,Deportes,Nexo,1759.98,89,Distribuidora Pacífico,2025-09-30,Sí
4592,CUI-04592,Shampoo Hidratante 750 ml Zenit Advance,Cuidado personal,Zenit,1804.0,312,Distribuidora del Norte,2024-04-30,Sí
4593,HOG-04593,Termo de Acero Inoxidable Urban Classic,Hogar,Urban,174.41,34,Distribuidora del Norte,2025-07-09,Sí
4594,DEP-04594,Guantes de Gimnasio Terra Eco,Deportes,Terra,2751.19,302,Distribuidora Metropolitana,2024-04-08,Sí
4595,ALI-04595,Cereal Integral 500 g Aurea Select,Alimentos,Aurea,460.67,30,Distribuidora Metropolitana,2025-09-09,Sí
4596,DEP-04596,Balón de Voleibol Vitta Select,Deportes,Vitta,1759.22,148,Distribuidora Nova,2025-07-25,Sí
4597,ALI-04597,Aceite de Aguacate 500 ml Kairo Pro,Alimentos,Kairo,435.14,153,Distribuidora Hidalgo,2024-09-05,Sí
4598,DEP-04598,Tapete de Yoga Antideslizante Marea Essential,Deportes,Marea,2228.18,4,Distribuidora Mexicana,2026-06-14,Sí
4599,HOG-04599,Lámpara Minimalista Aurea Plus,Hogar,Aurea,1049.5,183,Distribuidora Central,2026-08-29,Sí
4600,OFI-04600,Mochila Ejecutiva Urban Max,Oficina,Urban,3717.11,74,Distribuidora Pacífico,2026-06-01,Sí
4601,ALI-04601,Pasta Fusilli 500 g Brava Max,Alimentos,Brava,136.13,285,Distribuidora Bajío,2026-02-19,Sí
4602,CUI-04602,Crema Corporal Nutritiva 400 ml Terra Advance,Cuidado personal,Terra,263.28,87,Distribuidora Hidalgo,2025-03-29,Sí
4603,DEP-04603,Balón de Voleibol Nativa Lite,Deportes,Nativa,1205.13,315,Distribuidora del Norte,2024-02-23,Sí
4604,DEP-04604,Balón de Básquetbol Zenit Advance,Deportes,Zenit,2874.45,195,Distribuidora Metropolitana,2024-07-06,Sí
4605,OFI-04605,Cuaderno Pasta Dura Nativa Select,Oficina,Nativa,478.18,263,Distribuidora Central,2024-05-24,No
4606,ELE-04606,Mouse Inalámbrico Nova Max,Electrónica,Nova,2848.01,290,Distribuidora del Norte,2024-05-17,Sí
4607,OFI-04607,Mochila Ejecutiva Cobalto Essential,Oficina,Cobalto,5929.69,92,Distribuidora Hidalgo,2025-01-08,Sí
4608,ELE-04608,Mouse Óptico Brava Prime,Electrónica,Brava,1213.8,40,Distribuidora Nova,2025-01-13,Sí
4609,ELE-04609,Webcam Full HD Nova Plus,Electrónica,Nova,2558.57,261,Distribuidora Pacífico,2025-01-13,Sí
4610,HOG-04610,Lámpara LED Nativa Essential,Hogar,Nativa,1759.46,33,Distribuidora Bajío,2024-10-08,Sí
4611,ELE-04611,Bocina Inteligente Urban Essential,Electrónica,Urban,2835.4,119,Distribuidora Central,2024-07-08,Sí
4612,ALI-04612,Aceite de Oliva 500 ml Cobalto Select,Alimentos,Cobalto,207.7,304,Distribuidora Bajío,2026-04-10,Sí
4613,ELE-04613,Audífonos Bluetooth Orion Classic,Electrónica,Orion,2044.03,211,Distribuidora Mexicana,2024-03-19,Sí
4614,CUI-04614,Secadora Iónica Nexo Classic,Cuidado personal,Nexo,87.83,0,Distribuidora Hidalgo,2024-03-20,Sí
4615,DEP-04615,Mancuerna Ajustable Urban Eco,Deportes,Urban,243.24,332,Distribuidora Metropolitana,2026-05-25,Sí
4616,OFI-04616,Mochila Antirrobo Altura Classic,Oficina,Altura,4977.19,42,Distribuidora del Norte,2026-04-29,Sí
4617,ELE-04617,Audífonos USB-C Marea Essential,Electrónica,Marea,426.73,161,Distribuidora Nova,2026-08-02,Sí
4618,ELE-04618,Cargador Inalámbrico Urban Essential,Electrónica,Urban,2931.27,77,Distribuidora Bajío,2025-02-19,Sí
4619,HOG-04619,Sartén Antiadherente 28 cm Nativa Advance,Hogar,Nativa,1136.59,25,Distribuidora Metropolitana,2024-09-19,Sí
4620,OFI-04620,Silla Ejecutiva Marea Max,Oficina,Marea,2122.03,139,Distribuidora Mexicana,2024-07-02,Sí
4621,OFI-04621,Cuaderno Cuadriculado Terra Lite,Oficina,Terra,2510.25,56,Distribuidora Bajío,2024-12-11,Sí
4622,ELE-04622,Webcam 2K Nativa Max,Electrónica,Nativa,515.39,59,Distribuidora Pacífico,2025-07-29,Sí
4623,ELE-04623,Bocina Bluetooth Prisma Lite,Electrónica,Prisma,219.56,38,Distribuidora Bajío,2025-11-18,Sí
4624,OFI-04624,Calculadora Financiera Altura Lite,Oficina,Altura,1051.29,251,Distribuidora Hidalgo,2026-05-20,Sí
4625,ELE-04625,Mouse Gaming Kairo Plus,Electrónica,Kairo,3171.73,142,Distribuidora Mexicana,2025-10-01,Sí
4626,OFI-04626,Mochila Impermeable Nativa Essential,Oficina,Nativa,3196.13,31,Distribuidora Metropolitana,2026-05-18,No
4627,OFI-04627,Cuaderno de Notas Cobalto Lite,Oficina,Cobalto,3958.87,90,Distribuidora Hidalgo,2025-06-06,Sí
4628,CUI-04628,Rasuradora Recargable Kairo Pro,Cuidado personal,Kairo,746.68,210,Distribuidora del Norte,2024-10-28,Sí
4629,ELE-04629,Bocina Resistente al Agua Lumina Max,Electrónica,Lumina,2337.83,22,Distribuidora Hidalgo,2025-07-01,Sí
4630,OFI-04630,Mochila Impermeable Prisma Advance,Oficina,Prisma,2852.44,343,Distribuidora Nova,2025-09-02,Sí
4631,DEP-04631,Balón Entrenamiento Orion Essential,Deportes,Orion,999.51,62,Distribuidora Bajío,2026-03-13,Sí
4632,ELE-04632,Audífonos con Micrófono Urban Essential,Electrónica,Urban,418.1,234,Distribuidora Metropolitana,2026-02-14,Sí
4633,ALI-04633,Galletas de Avena 300 g Nova Max,Alimentos,Nova,731.34,283,Distribuidora Pacífico,2024-07-02,Sí
4634,OFI-04634,Calculadora Financiera Urban Plus,Oficina,Urban,3192.78,219,Distribuidora Bajío,2025-05-08,Sí
4635,DEP-04635,Balón Entrenamiento Vitta Plus,Deportes,Vitta,1846.97,81,Distribuidora Mexicana,2025-07-20,Sí
4636,OFI-04636,Memoria USB 32 GB Terra Select,Oficina,Terra,98.65,325,Distribuidora Mexicana,2024-04-23,Sí
4637,DEP-04637,Tapete de Yoga Antideslizante Nativa Lite,Deportes,Nativa,735.16,216,Distribuidora Bajío,2026-07-22,Sí
4638,ALI-04638,Café Molido 500 g Nexo Essential,Alimentos,Nexo,292.26,299,Distribuidora Pacífico,2026-04-07,Sí
4639,DEP-04639,Balón de Fútbol Lumina Pro,Deportes,Lumina,2042.11,84,Distribuidora Metropolitana,2026-02-12,Sí
4640,HOG-04640,Lámpara LED Urban Plus,Hogar,Urban,1877.03,286,Distribuidora Central,2024-06-01,Sí
4641,ALI-04641,Café Molido 500 g Zenit Pro,Alimentos,Zenit,580.49,334,Distribuidora Hidalgo,2026-01-05,Sí
4642,ELE-04642,Teclado Compacto Marea Advance,Electrónica,Marea,1327.34,318,Distribuidora del Norte,2024-11-21,Sí
4643,DEP-04643,Balón de Fútbol Urban Eco,Deportes,Urban,530.37,293,Distribuidora Hidalgo,2026-06-15,Sí
4644,OFI-04644,Memoria USB USB 3.2 Aurea Eco,Oficina,Aurea,5139.47,27,Distribuidora Mexicana,2026-03-10,Sí
4645,DEP-04645,Guantes con Muñequera Aurea Pro,Deportes,Aurea,2444.31,316,Distribuidora Mexicana,2024-07-01,Sí
4646,OFI-04646,Calculadora Científica Nova Eco,Oficina,Nova,3699.55,9,Distribuidora Bajío,2025-07-26,Sí
4647,DEP-04647,Tapete de Yoga con Correa Orion Lite,Deportes,Orion,2750.97,325,Distribuidora Pacífico,2026-07-02,Sí
4648,ELE-04648,Audífonos Bluetooth Urban Eco,Electrónica,Urban,1229.75,149,Distribuidora Pacífico,2024-09-03,Sí
4649,CUI-04649,Crema Corporal Hidratante 400 ml Nova Classic,Cuidado personal,Nova,1230.86,115,Distribuidora Metropolitana,2026-05-06,Sí
4650,DEP-04650,Botella Deportiva Térmica Altura Eco,Deportes,Altura,891.93,349,Distribuidora Nova,2025-04-26,Sí
4651,ELE-04651,Mouse Gaming Cobalto Advance,Electrónica,Cobalto,3423.72,325,Distribuidora Metropolitana,2026-02-04,Sí
4652,HOG-04652,Lámpara de Noche Nativa Essential,Hogar,Nativa,385.1,335,Distribuidora Central,2024-06-12,Sí
4653,DEP-04653,Mancuerna Ajustable Orion Select,Deportes,Orion,101.75,24,Distribuidora Metropolitana,2026-08-01,Sí
4654,ELE-04654,Audífonos USB-C Nativa Prime,Electrónica,Nativa,1149.92,107,Distribuidora Central,2025-07-08,Sí
4655,DEP-04655,Mancuerna 5 kg Zenit Pro,Deportes,Zenit,1574.62,256,Distribuidora Metropolitana,2026-03-13,No
4656,HOG-04656,Sartén Antiadherente 28 cm Brava Pro,Hogar,Brava,110.82,71,Distribuidora Metropolitana,2024-03-15,Sí
4657,OFI-04657,Cuaderno Profesional Aurea Prime,Oficina,Aurea,971.35,239,Distribuidora del Norte,2024-04-04,Sí
4658,CUI-04658,Secadora Profesional Prisma Essential,Cuidado personal,Prisma,2026.65,62,Distribuidora Nova,2026-06-05,Sí
4659,ALI-04659,Café Americano 500 g Lumina Lite,Alimentos,Lumina,43.97,47,Distribuidora Pacífico,2024-04-14,Sí
4660,ALI-04660,Café Descafeinado 400 g Terra Essential,Alimentos,Terra,781.61,191,Distribuidora del Norte,2024-12-05,Sí
4661,CUI-04661,Crema Corporal Hidratante 400 ml Vitta Max,Cuidado personal,Vitta,1166.33,319,Distribuidora Mexicana,2026-03-14,Sí
4662,CUI-04662,Secadora 2000 W Cobalto Select,Cuidado personal,Cobalto,1452.1,313,Distribuidora Nova,2024-02-13,Sí
4663,HOG-04663,Sartén Antiadherente 24 cm Aurea Advance,Hogar,Aurea,196.22,26,Distribuidora Metropolitana,2025-02-26,Sí
4664,ELE-04664,Bocina Bluetooth Vitta Classic,Electrónica,Vitta,2927.62,63,Distribuidora Nova,2025-05-03,Sí
4665,OFI-04665,Memoria USB 32 GB Vitta Prime,Oficina,Vitta,3226.95,35,Distribuidora Nova,2026-07-04,Sí
4666,CUI-04666,Cepillo Dental Medio Urban Classic,Cuidado personal,Urban,616.63,218,Distribuidora Metropolitana,2025-11-25,Sí
4667,ELE-04667,Webcam con Micrófono Marea Advance,Electrónica,Marea,3415.09,143,Distribuidora Metropolitana,2026-09-02,Sí
4668,ELE-04668,Mouse Inalámbrico Marea Plus,Electrónica,Marea,3218.09,195,Distribuidora Nova,2026-03-19,Sí
4669,ELE-04669,Cargador Doble Puerto Nativa Eco,Electrónica,Nativa,2765.54,122,Distribuidora Central,2024-05-11,Sí
4670,OFI-04670,Mochila Ejecutiva Brava Select,Oficina,Brava,4159.12,268,Distribuidora Nova,2024-04-16,Sí
4671,DEP-04671,Botella Deportiva 1 L Marea Essential,Deportes,Marea,1865.79,337,Distribuidora Mexicana,2025-05-22,No
4672,ELE-04672,Audífonos USB-C Brava Lite,Electrónica,Brava,3220.64,194,Distribuidora Hidalgo,2025-06-11,Sí
4673,ELE-04673,Bocina Portátil Zenit Essential,Electrónica,Zenit,2622.04,237,Distribuidora Metropolitana,2025-05-03,Sí
4674,CUI-04674,Rasuradora de Precisión Aurea Eco,Cuidado personal,Aurea,1431.54,182,Distribuidora Nova,2025-05-12,Sí
4675,ELE-04675,Cargador USB-C 45W Aurea Select,Electrónica,Aurea,3106.81,22,Distribuidora Bajío,2024-01-31,Sí
4676,CUI-04676,Secadora Iónica Kairo Max,Cuidado personal,Kairo,1421.96,323,Distribuidora Bajío,2025-01-05,Sí
4677,ALI-04677,Aceite de Oliva 500 ml Orion Essential,Alimentos,Orion,461.11,338,Distribuidora Hidalgo,2026-05-09,Sí
4678,DEP-04678,Guantes de Ciclismo Lumina Eco,Deportes,Lumina,1673.33,293,Distribuidora Hidalgo,2024-01-12,No
4679,DEP-04679,Guantes de Gimnasio Nexo Max,Deportes,Nexo,1800.06,159,Distribuidora Mexicana,2025-01-13,Sí
4680,ALI-04680,Pasta Penne 500 g Marea Lite,Alimentos,Marea,743.97,216,Distribuidora del Norte,2025-11-24,Sí
4681,HOG-04681,Organizador Multiusos Orion Advance,Hogar,Orion,1554.34,233,Distribuidora Bajío,2024-01-09,Sí
4682,ELE-04682,Cargador USB-C 20W Aurea Classic,Electrónica,Aurea,2020.86,2,Distribuidora Metropolitana,2026-06-25,Sí
4683,OFI-04683,Memoria USB USB 3.2 Altura Classic,Oficina,Altura,5386.98,273,Distribuidora Nova,2024-07-16,Sí
4684,OFI-04684,Memoria USB USB 3.2 Cobalto Pro,Oficina,Cobalto,2342.41,93,Distribuidora del Norte,2024-08-09,Sí
4685,CUI-04685,Shampoo Anticaspa 650 ml Urban Eco,Cuidado personal,Urban,864.71,163,Distribuidora Bajío,2025-10-12,Sí
4686,HOG-04686,Lámpara Minimalista Nova Select,Hogar,Nova,1156.22,88,Distribuidora Metropolitana,2025-12-23,Sí
4687,HOG-04687,Juego de Toallas Algodón Vitta Eco,Hogar,Vitta,1857.59,269,Distribuidora Bajío,2024-01-24,Sí
4688,ELE-04688,Mouse Gaming Nativa Lite,Electrónica,Nativa,3333.03,50,Distribuidora Nova,2025-10-08,Sí
4689,HOG-04689,Lámpara de Noche Nexo Plus,Hogar,Nexo,2113.57,342,Distribuidora Metropolitana,2025-02-01,Sí
4690,OFI-04690,Silla de Oficina Terra Select,Oficina,Terra,1206.29,56,Distribuidora Bajío,2025-07-11,Sí
4691,HOG-04691,Lámpara de Noche Nativa Eco,Hogar,Nativa,1130.97,16,Distribuidora Pacífico,2026-04-24,No
4692,DEP-04692,Guantes Deportivos Zenit Classic,Deportes,Zenit,2698.92,58,Distribuidora Metropolitana,2025-03-28,Sí
4693,DEP-04693,Balón de Básquetbol Orion Advance,Deportes,Orion,1877.08,248,Distribuidora Metropolitana,2026-05-12,Sí
4694,ALI-04694,Cereal con Frutos 450 g Marea Classic,Alimentos,Marea,140.86,171,Distribuidora Hidalgo,2025-02-15,Sí
4695,CUI-04695,Crema Corporal Nutritiva 400 ml Altura Max,Cuidado personal,Altura,491.2,215,Distribuidora Bajío,2025-09-22,Sí
4696,DEP-04696,Botella Deportiva 750 ml Marea Classic,Deportes,Marea,392.26,264,Distribuidora Mexicana,2025-03-24,Sí
4697,HOG-04697,Termo Térmico Aurea Select,Hogar,Aurea,1570.08,103,Distribuidora Hidalgo,2024-05-21,Sí
4698,ALI-04698,Pasta Penne 500 g Urban Pro,Alimentos,Urban,460.76,220,Distribuidora del Norte,2024-03-02,Sí
4699,DEP-04699,Mancuerna Hexagonal Terra Lite,Deportes,Terra,239.75,159,Distribuidora Nova,2025-05-17,Sí
4700,ELE-04700,Webcam con Micrófono Nexo Eco,Electrónica,Nexo,636.96,118,Distribuidora Metropolitana,2024-01-05,Sí
4701,ELE-04701,Audífonos Bluetooth Vitta Eco,Electrónica,Vitta,1531.18,146,Distribuidora Hidalgo,2025-10-13,Sí
4702,CUI-04702,Rasuradora Recargable Kairo Advance,Cuidado personal,Kairo,2201.9,290,Distribuidora del Norte,2024-01-07,No
4703,ELE-04703,Bocina Resistente al Agua Prisma Advance,Electrónica,Prisma,3073.57,158,Distribuidora Metropolitana,2026-08-23,Sí
4704,ALI-04704,Cereal Integral 500 g Altura Plus,Alimentos,Altura,392.32,265,Distribuidora Pacífico,2026-05-24,Sí
4705,ALI-04705,Aceite Vegetal 1 L Kairo Pro,Alimentos,Kairo,647.6,2,Distribuidora Metropolitana,2024-07-04,Sí
4706,HOG-04706,Sartén de Acero 26 cm Cobalto Select,Hogar,Cobalto,215.73,101,Distribuidora Mexicana,2024-04-21,Sí
4707,DEP-04707,Mancuerna Hexagonal Orion Essential,Deportes,Orion,2270.0,30,Distribuidora Hidalgo,2026-02-08,Sí
4708,ELE-04708,Bocina Bluetooth Aurea Classic,Electrónica,Aurea,152.11,75,Distribuidora Metropolitana,2024-02-04,Sí
4709,DEP-04709,Mancuerna 10 kg Vitta Max,Deportes,Vitta,2981.39,131,Distribuidora Nova,2024-11-13,Sí
4710,ALI-04710,Pasta Fusilli 500 g Urban Prime,Alimentos,Urban,133.47,220,Distribuidora Metropolitana,2024-03-03,Sí
4711,HOG-04711,Sartén Antiadherente 28 cm Nativa Classic,Hogar,Nativa,271.47,210,Distribuidora Central,2024-06-09,Sí
4712,ALI-04712,Galletas Integrales 350 g Aurea Lite,Alimentos,Aurea,441.01,255,Distribuidora Metropolitana,2025-01-02,Sí
4713,CUI-04713,Rasuradora Corporal Nexo Essential,Cuidado personal,Nexo,761.95,35,Distribuidora Metropolitana,2026-06-21,Sí
4714,CUI-04714,Crema Corporal Hidratante 400 ml Altura Plus,Cuidado personal,Altura,1144.85,140,Distribuidora Nova,2024-01-21,Sí
4715,HOG-04715,Organizador de Baño Cobalto Classic,Hogar,Cobalto,792.69,147,Distribuidora Nova,2024-08-21,Sí
4716,HOG-04716,Termo de Acero Inoxidable Prisma Max,Hogar,Prisma,1350.23,255,Distribuidora Pacífico,2026-06-18,Sí
4717,OFI-04717,Silla con Soporte Lumbar Vitta Classic,Oficina,Vitta,3829.84,201,Distribuidora Pacífico,2026-07-24,Sí
4718,HOG-04718,Termo 750 ml Kairo Plus,Hogar,Kairo,1441.27,5,Distribuidora Hidalgo,2025-04-06,Sí
4719,ALI-04719,Café Molido 500 g Altura Advance,Alimentos,Altura,467.96,286,Distribuidora Pacífico,2024-10-25,Sí
4720,CUI-04720,Secadora Iónica Brava Plus,Cuidado personal,Brava,1089.51,132,Distribuidora Mexicana,2024-05-04,Sí
4721,HOG-04721,Juego de Toallas 6 Piezas Prisma Advance,Hogar,Prisma,1216.0,25,Distribuidora Mexicana,2024-10-18,Sí
4722,ELE-04722,Audífonos USB-C Prisma Max,Electrónica,Prisma,2037.57,290,Distribuidora del Norte,2025-01-05,Sí
4723,CUI-04723,Cepillo Dental Medio Terra Prime,Cuidado personal,Terra,2502.22,179,Distribuidora del Norte,2025-10-28,Sí
4724,HOG-04724,Sartén Antiadherente 24 cm Terra Classic,Hogar,Terra,214.21,239,Distribuidora Central,2025-06-10,Sí
4725,DEP-04725,Tapete de Yoga 6 mm Brava Advance,Deportes,Brava,1045.75,332,Distribuidora Pacífico,2024-09-01,Sí
4726,DEP-04726,Guantes Deportivos Marea Advance,Deportes,Marea,148.8,241,Distribuidora Nova,2025-12-08,Sí
4727,ELE-04727,Teclado Inalámbrico Lumina Plus,Electrónica,Lumina,2809.4,93,Distribuidora Hidalgo,2024-11-11,Sí
4728,ELE-04728,Webcam Full HD Marea Classic,Electrónica,Marea,1028.63,253,Distribuidora Nova,2026-02-24,Sí
4729,DEP-04729,Botella Deportiva Térmica Altura Prime,Deportes,Altura,2579.19,227,Distribuidora Central,2025-09-28,Sí
4730,ALI-04730,Café Descafeinado 400 g Vitta Eco,Alimentos,Vitta,542.6,94,Distribuidora Bajío,2025-02-18,Sí
4731,OFI-04731,Mochila Ejecutiva Urban Prime,Oficina,Urban,2736.72,1,Distribuidora Bajío,2025-09-12,Sí
4732,OFI-04732,Silla Ergonómica Nativa Lite,Oficina,Nativa,3741.7,328,Distribuidora Nova,2025-03-27,Sí
4733,CUI-04733,Rasuradora de Precisión Marea Pro,Cuidado personal,Marea,1973.82,333,Distribuidora Nova,2025-09-27,Sí
4734,DEP-04734,Tapete de Yoga con Correa Orion Lite,Deportes,Orion,963.58,141,Distribuidora Pacífico,2024-04-20,Sí
4735,CUI-04735,Secadora Iónica Prisma Max,Cuidado personal,Prisma,2724.9,291,Distribuidora Mexicana,2025-06-23,Sí
4736,HOG-04736,Termo 500 ml Orion Eco,Hogar,Orion,2022.92,180,Distribuidora del Norte,2024-11-19,Sí
4737,CUI-04737,Cepillo Dental Medio Nativa Classic,Cuidado personal,Nativa,1274.2,278,Distribuidora Bajío,2026-09-07,Sí
4738,ALI-04738,Pasta Fusilli 500 g Brava Select,Alimentos,Brava,768.96,36,Distribuidora Bajío,2025-08-10,Sí
4739,HOG-04739,Lámpara LED Kairo Max,Hogar,Kairo,876.31,196,Distribuidora del Norte,2025-09-23,Sí
4740,ALI-04740,Café Descafeinado 400 g Zenit Prime,Alimentos,Zenit,512.97,72,Distribuidora del Norte,2026-04-01,No
4741,ELE-04741,Audífonos Inalámbricos Nativa Lite,Electrónica,Nativa,1569.9,339,Distribuidora Metropolitana,2026-06-28,Sí
4742,CUI-04742,Rasuradora Recargable Nova Prime,Cuidado personal,Nova,377.2,64,Distribuidora Metropolitana,2024-08-20,Sí
4743,ALI-04743,Café Descafeinado 400 g Aurea Plus,Alimentos,Aurea,500.29,1,Distribuidora Metropolitana,2026-07-10,Sí
4744,DEP-04744,Balón de Básquetbol Nexo Lite,Deportes,Nexo,1449.9,294,Distribuidora Mexicana,2025-12-26,Sí
4745,DEP-04745,Mancuerna Hexagonal Nexo Pro,Deportes,Nexo,1239.1,263,Distribuidora Bajío,2024-11-20,Sí
4746,ELE-04746,Webcam con Micrófono Nexo Classic,Electrónica,Nexo,2693.84,105,Distribuidora Bajío,2024-05-17,Sí
4747,ELE-04747,Bocina Inteligente Cobalto Advance,Electrónica,Cobalto,794.93,49,Distribuidora Pacífico,2026-05-31,Sí
4748,OFI-04748,Memoria USB 128 GB Orion Advance,Oficina,Orion,4248.45,192,Distribuidora Pacífico,2024-11-19,Sí
4749,CUI-04749,Rasuradora 3 Cabezas Terra Select,Cuidado personal,Terra,1567.59,3,Distribuidora Mexicana,2026-02-24,Sí
4750,ALI-04750,Café Americano 500 g Cobalto Select,Alimentos,Cobalto,540.3,211,Distribuidora Metropolitana,2024-01-06,Sí
4751,ELE-04751,Mouse Inalámbrico Vitta Prime,Electrónica,Vitta,446.06,60,Distribuidora Central,2026-08-18,Sí
4752,ALI-04752,Galletas Integrales 350 g Cobalto Pro,Alimentos,Cobalto,796.85,244,Distribuidora Metropolitana,2025-08-15,Sí
4753,OFI-04753,Calculadora Financiera Urban Plus,Oficina,Urban,3728.15,206,Distribuidora Bajío,2025-12-03,Sí
4754,ELE-04754,Audífonos USB-C Altura Classic,Electrónica,Altura,934.88,0,Distribuidora del Norte,2024-01-02,Sí
4755,DEP-04755,Mancuerna Ajustable Cobalto Eco,Deportes,Cobalto,2109.66,236,Distribuidora Metropolitana,2025-03-05,Sí
4756,DEP-04756,Mancuerna Hexagonal Aurea Pro,Deportes,Aurea,1799.93,244,Distribuidora Bajío,2024-11-04,Sí
4757,ELE-04757,Mouse Inalámbrico Urban Lite,Electrónica,Urban,1235.83,10,Distribuidora Mexicana,2024-09-04,Sí
4758,CUI-04758,Cepillo Dental Eléctrico Nexo Plus,Cuidado personal,Nexo,900.44,248,Distribuidora Central,2026-06-03,Sí
4759,ELE-04759,Bocina Inteligente Brava Max,Electrónica,Brava,885.09,6,Distribuidora Metropolitana,2024-07-27,Sí
4760,OFI-04760,Mochila para Laptop 15.6 Nativa Lite,Oficina,Nativa,454.28,213,Distribuidora Mexicana,2025-08-15,Sí
4761,CUI-04761,Rasuradora Recargable Prisma Essential,Cuidado personal,Prisma,1364.17,25,Distribuidora Hidalgo,2025-02-11,Sí
4762,CUI-04762,Shampoo Hidratante 750 ml Urban Max,Cuidado personal,Urban,203.85,295,Distribuidora Central,2024-10-02,Sí
4763,DEP-04763,Guantes con Muñequera Cobalto Advance,Deportes,Cobalto,1342.46,103,Distribuidora del Norte,2025-08-31,Sí
4764,OFI-04764,Silla con Soporte Lumbar Altura Advance,Oficina,Altura,5582.03,198,Distribuidora Central,2025-07-16,Sí
4765,CUI-04765,Rasuradora Recargable Vitta Pro,Cuidado personal,Vitta,1711.41,261,Distribuidora Nova,2024-01-19,Sí
4766,DEP-04766,Guantes Deportivos Nativa Max,Deportes,Nativa,2561.08,276,Distribuidora Mexicana,2024-09-19,Sí
4767,DEP-04767,Mancuerna Hexagonal Zenit Lite,Deportes,Zenit,2086.89,90,Distribuidora Bajío,2024-09-16,Sí
4768,HOG-04768,Organizador de Cocina Altura Advance,Hogar,Altura,1804.53,33,Distribuidora Metropolitana,2024-09-20,Sí
4769,OFI-04769,Memoria USB 128 GB Nova Plus,Oficina,Nova,4880.23,99,Distribuidora Nova,2025-01-28,Sí
4770,HOG-04770,Lámpara de Escritorio Marea Eco,Hogar,Marea,1158.51,267,Distribuidora del Norte,2024-10-10,No
4771,HOG-04771,Termo 750 ml Kairo Eco,Hogar,Kairo,825.78,311,Distribuidora del Norte,2025-10-18,Sí
4772,ELE-04772,Bocina Inteligente Altura Advance,Electrónica,Altura,1082.16,327,Distribuidora Mexicana,2025-11-10,Sí
4773,HOG-04773,Lámpara de Noche Urban Select,Hogar,Urban,1214.42,275,Distribuidora del Norte,2026-03-26,Sí
4774,ALI-04774,Galletas de Avena 300 g Prisma Plus,Alimentos,Prisma,421.8,38,Distribuidora Nova,2025-01-25,Sí
4775,ELE-04775,Audífonos USB-C Cobalto Advance,Electrónica,Cobalto,310.33,221,Distribuidora Pacífico,2024-10-15,Sí
4776,ELE-04776,Mouse Inalámbrico Marea Plus,Electrónica,Marea,2175.24,114,Distribuidora Pacífico,2026-07-18,Sí
4777,CUI-04777,Secadora Compacta Lumina Advance,Cuidado personal,Lumina,2736.76,82,Distribuidora Hidalgo,2026-03-19,Sí
4778,CUI-04778,Shampoo Hidratante 750 ml Urban Essential,Cuidado personal,Urban,1808.92,267,Distribuidora del Norte,2026-07-02,Sí
4779,OFI-04779,Calculadora Científica Urban Eco,Oficina,Urban,5230.16,199,Distribuidora del Norte,2024-04-15,Sí
4780,DEP-04780,Tapete de Yoga Antideslizante Nexo Essential,Deportes,Nexo,1279.85,240,Distribuidora Central,2025-07-24,Sí
4781,OFI-04781,Memoria USB 128 GB Vitta Classic,Oficina,Vitta,5992.61,5,Distribuidora Pacífico,2025-09-30,Sí
4782,DEP-04782,Guantes Deportivos Nativa Pro,Deportes,Nativa,917.98,3,Distribuidora Central,2024-08-24,Sí
4783,ELE-04783,Mouse Inalámbrico Urban Plus,Electrónica,Urban,1647.53,301,Distribuidora Hidalgo,2024-07-01,Sí
4784,ALI-04784,Pasta Fusilli 500 g Kairo Max,Alimentos,Kairo,349.57,330,Distribuidora del Norte,2025-09-16,Sí
4785,OFI-04785,Memoria USB 64 GB Nexo Prime,Oficina,Nexo,483.99,293,Distribuidora Central,2024-03-25,No
4786,DEP-04786,Tapete de Yoga 8 mm Terra Advance,Deportes,Terra,2519.03,74,Distribuidora Bajío,2026-07-30,Sí
4787,ALI-04787,Aceite de Oliva 500 ml Marea Advance,Alimentos,Marea,261.8,347,Distribuidora Mexicana,2025-03-08,Sí
4788,HOG-04788,Termo de Acero Inoxidable Prisma Classic,Hogar,Prisma,559.39,142,Distribuidora Pacífico,2025-07-05,Sí
4789,ELE-04789,Teclado Mecánico Orion Plus,Electrónica,Orion,1198.72,173,Distribuidora Bajío,2025-02-19,Sí
4790,ELE-04790,Webcam con Micrófono Orion Select,Electrónica,Orion,2234.59,185,Distribuidora Metropolitana,2026-04-05,Sí
4791,HOG-04791,Organizador de Baño Prisma Essential,Hogar,Prisma,1299.26,110,Distribuidora Bajío,2024-09-05,Sí
4792,OFI-04792,Mochila Antirrobo Vitta Select,Oficina,Vitta,912.94,120,Distribuidora Pacífico,2025-12-16,Sí
4793,ALI-04793,Cereal de Avena 500 g Prisma Max,Alimentos,Prisma,637.7,221,Distribuidora Metropolitana,2026-08-23,Sí
4794,CUI-04794,Shampoo Anticaspa 650 ml Aurea Select,Cuidado personal,Aurea,1074.41,6,Distribuidora Hidalgo,2025-12-27,Sí
4795,ALI-04795,Pasta Penne 500 g Altura Classic,Alimentos,Altura,630.21,87,Distribuidora Pacífico,2024-02-12,Sí
4796,ALI-04796,Galletas de Avena 300 g Zenit Pro,Alimentos,Zenit,307.75,177,Distribuidora Bajío,2026-02-05,Sí
4797,HOG-04797,Juego de Toallas Algodón Urban Pro,Hogar,Urban,1603.69,184,Distribuidora Bajío,2026-01-11,Sí
4798,ELE-04798,Cargador USB-C 20W Prisma Prime,Electrónica,Prisma,1952.95,346,Distribuidora Mexicana,2025-03-04,Sí
4799,HOG-04799,Lámpara Minimalista Cobalto Prime,Hogar,Cobalto,2134.04,32,Distribuidora del Norte,2025-01-13,Sí
4800,HOG-04800,Juego de Toallas Algodón Aurea Classic,Hogar,Aurea,1935.09,146,Distribuidora Bajío,2025-05-03,Sí
4801,DEP-04801,Guantes con Muñequera Aurea Max,Deportes,Aurea,350.17,225,Distribuidora Bajío,2024-01-09,Sí
4802,ALI-04802,Pasta Spaghetti 500 g Nexo Lite,Alimentos,Nexo,748.71,281,Distribuidora del Norte,2026-03-28,Sí
4803,HOG-04803,Organizador de Baño Marea Max,Hogar,Marea,1743.8,186,Distribuidora Nova,2026-02-16,Sí
4804,DEP-04804,Mancuerna Ajustable Marea Plus,Deportes,Marea,550.33,167,Distribuidora Hidalgo,2024-06-07,Sí
4805,HOG-04805,Lámpara LED Terra Eco,Hogar,Terra,2090.31,346,Distribuidora Pacífico,2026-03-30,Sí
4806,CUI-04806,Secadora Profesional Orion Select,Cuidado personal,Orion,1471.04,229,Distribuidora del Norte,2025-07-26,Sí
4807,DEP-04807,Botella Deportiva Térmica Aurea Advance,Deportes,Aurea,1831.58,174,Distribuidora del Norte,2024-02-07,Sí
4808,ALI-04808,Galletas de Avena 300 g Vitta Advance,Alimentos,Vitta,134.05,195,Distribuidora Mexicana,2025-08-19,Sí
4809,ALI-04809,Aceite de Oliva 500 ml Kairo Pro,Alimentos,Kairo,400.19,191,Distribuidora Bajío,2026-03-25,Sí
4810,ELE-04810,Teclado RGB Aurea Essential,Electrónica,Aurea,1355.99,306,Distribuidora Metropolitana,2025-10-28,Sí
4811,DEP-04811,Tapete de Yoga Antideslizante Altura Advance,Deportes,Altura,1204.46,153,Distribuidora del Norte,2024-05-23,Sí
4812,HOG-04812,Termo 500 ml Zenit Essential,Hogar,Zenit,1350.19,46,Distribuidora Central,2025-04-16,Sí
4813,CUI-04813,Crema Corporal Hidratante 400 ml Zenit Essential,Cuidado personal,Zenit,718.32,211,Distribuidora Central,2025-06-03,Sí
4814,CUI-04814,Secadora 2000 W Terra Classic,Cuidado personal,Terra,621.74,249,Distribuidora Mexicana,2026-03-09,Sí
4815,HOG-04815,Organizador de Baño Nativa Max,Hogar,Nativa,2144.9,108,Distribuidora Nova,2026-03-05,Sí
4816,ALI-04816,Galletas de Avena 300 g Altura Classic,Alimentos,Altura,205.29,152,Distribuidora Nova,2024-02-17,Sí
4817,DEP-04817,Guantes con Muñequera Marea Eco,Deportes,Marea,1580.71,133,Distribuidora Mexicana,2024-04-30,Sí
4818,CUI-04818,Shampoo Hidratante 750 ml Nativa Classic,Cuidado personal,Nativa,1319.15,306,Distribuidora del Norte,2025-12-31,Sí
4819,HOG-04819,Lámpara de Escritorio Nexo Eco,Hogar,Nexo,942.47,225,Distribuidora Pacífico,2025-01-31,No
4820,ELE-04820,Teclado Inalámbrico Orion Pro,Electrónica,Orion,390.76,270,Distribuidora del Norte,2025-04-03,Sí
4821,ELE-04821,Mouse Ergonómico Brava Pro,Electrónica,Brava,1803.67,161,Distribuidora del Norte,2026-06-12,Sí
4822,OFI-04822,Memoria USB 64 GB Nova Eco,Oficina,Nova,1339.0,133,Distribuidora del Norte,2025-01-25,Sí
4823,DEP-04823,Tapete de Yoga con Correa Lumina Lite,Deportes,Lumina,2673.64,52,Distribuidora Central,2025-08-11,Sí
4824,ELE-04824,Audífonos Bluetooth Lumina Max,Electrónica,Lumina,2165.59,92,Distribuidora Metropolitana,2024-03-06,Sí
4825,ALI-04825,Cereal Integral 500 g Aurea Lite,Alimentos,Aurea,529.91,38,Distribuidora Nova,2025-11-09,Sí
4826,ELE-04826,Teclado Mecánico Lumina Advance,Electrónica,Lumina,1193.32,38,Distribuidora Pacífico,2025-02-01,Sí
4827,ELE-04827,Webcam 2K Zenit Essential,Electrónica,Zenit,3283.5,253,Distribuidora Mexicana,2026-07-04,Sí
4828,ELE-04828,Webcam con Micrófono Prisma Essential,Electrónica,Prisma,2480.96,292,Distribuidora Central,2025-03-20,Sí
4829,HOG-04829,Sartén Antiadherente 24 cm Brava Select,Hogar,Brava,956.06,57,Distribuidora Hidalgo,2025-12-28,Sí
4830,HOG-04830,Sartén Antiadherente 24 cm Altura Classic,Hogar,Altura,2119.26,295,Distribuidora Pacífico,2025-01-21,Sí
4831,DEP-04831,Tapete de Yoga 6 mm Prisma Plus,Deportes,Prisma,2446.5,173,Distribuidora del Norte,2024-07-30,Sí
4832,HOG-04832,Lámpara Minimalista Cobalto Select,Hogar,Cobalto,212.37,300,Distribuidora Mexicana,2024-10-27,Sí
4833,DEP-04833,Mancuerna 5 kg Aurea Prime,Deportes,Aurea,1739.15,348,Distribuidora Hidalgo,2025-02-28,Sí
4834,HOG-04834,Termo 500 ml Brava Eco,Hogar,Brava,624.2,264,Distribuidora Metropolitana,2025-05-07,Sí
4835,HOG-04835,Termo 500 ml Marea Lite,Hogar,Marea,126.03,5,Distribuidora Central,2026-03-25,Sí
4836,ELE-04836,Bocina Portátil Zenit Max,Electrónica,Zenit,1356.94,47,Distribuidora Pacífico,2025-03-16,Sí
4837,ALI-04837,Café Americano 500 g Zenit Prime,Alimentos,Zenit,29.21,9,Distribuidora Nova,2025-08-14,Sí
4838,ALI-04838,Pasta Penne 500 g Kairo Eco,Alimentos,Kairo,690.91,147,Distribuidora Mexicana,2024-03-01,Sí
4839,ELE-04839,Webcam Full HD Vitta Select,Electrónica,Vitta,715.76,48,Distribuidora Hidalgo,2024-12-22,Sí
4840,CUI-04840,Secadora Compacta Zenit Essential,Cuidado personal,Zenit,2366.83,57,Distribuidora Bajío,2026-02-23,Sí
4841,DEP-04841,Mancuerna 5 kg Nexo Eco,Deportes,Nexo,2459.94,236,Distribuidora Bajío,2025-10-11,Sí
4842,ELE-04842,Mouse Óptico Orion Eco,Electrónica,Orion,2318.14,338,Distribuidora Mexicana,2025-11-20,Sí
4843,CUI-04843,Cepillo Dental Medio Urban Prime,Cuidado personal,Urban,1215.38,325,Distribuidora Bajío,2026-03-14,Sí
4844,ELE-04844,Teclado Mecánico Terra Lite,Electrónica,Terra,3428.92,41,Distribuidora Central,2026-04-28,Sí
4845,ALI-04845,Pasta Spaghetti 500 g Kairo Max,Alimentos,Kairo,316.48,151,Distribuidora del Norte,2024-09-15,Sí
4846,HOG-04846,Juego de Toallas Algodón Cobalto Classic,Hogar,Cobalto,894.82,32,Distribuidora Pacífico,2025-01-07,Sí
4847,OFI-04847,Cuaderno Profesional Altura Pro,Oficina,Altura,3781.16,9,Distribuidora Hidalgo,2026-01-06,Sí
4848,OFI-04848,Silla Ejecutiva Marea Eco,Oficina,Marea,5469.82,130,Distribuidora Mexicana,2026-04-10,Sí
4849,HOG-04849,Termo de Acero Inoxidable Aurea Eco,Hogar,Aurea,1601.63,19,Distribuidora Central,2025-08-02,Sí
4850,HOG-04850,Sartén Antiadherente 28 cm Altura Lite,Hogar,Altura,360.76,220,Distribuidora Pacífico,2025-03-28,No
4851,HOG-04851,Juego de Toallas Algodón Cobalto Classic,Hogar,Cobalto,350.88,30,Distribuidora Hidalgo,2024-01-14,Sí
4852,OFI-04852,Mochila Antirrobo Marea Select,Oficina,Marea,3975.67,41,Distribuidora Nova,2024-09-17,Sí
4853,DEP-04853,Balón de Básquetbol Nexo Lite,Deportes,Nexo,170.96,294,Distribuidora Metropolitana,2024-11-02,Sí
4854,DEP-04854,Mancuerna Ajustable Altura Plus,Deportes,Altura,1219.15,229,Distribuidora Central,2024-12-25,Sí
4855,OFI-04855,Memoria USB 64 GB Orion Max,Oficina,Orion,1155.8,104,Distribuidora Nova,2026-02-12,Sí
4856,ALI-04856,Aceite Vegetal 1 L Orion Essential,Alimentos,Orion,613.89,278,Distribuidora Mexicana,2026-03-31,Sí
4857,ALI-04857,Pasta Penne 500 g Orion Pro,Alimentos,Orion,653.63,195,Distribuidora Pacífico,2025-01-30,Sí
4858,DEP-04858,Balón Entrenamiento Terra Max,Deportes,Terra,1704.06,182,Distribuidora Hidalgo,2024-06-22,Sí
4859,ELE-04859,Cargador Inalámbrico Prisma Essential,Electrónica,Prisma,2643.67,39,Distribuidora Pacífico,2024-09-10,Sí
4860,CUI-04860,Secadora Iónica Prisma Max,Cuidado personal,Prisma,2476.2,297,Distribuidora Mexicana,2025-06-10,Sí
4861,ELE-04861,Teclado Compacto Marea Plus,Electrónica,Marea,989.46,270,Distribuidora Mexicana,2024-11-26,Sí
4862,HOG-04862,Lámpara LED Nexo Lite,Hogar,Nexo,1921.18,172,Distribuidora del Norte,2025-07-03,Sí
4863,ELE-04863,Cargador USB-C 20W Prisma Pro,Electrónica,Prisma,1924.78,105,Distribuidora Central,2026-05-20,Sí
4864,HOG-04864,Lámpara Minimalista Nativa Select,Hogar,Nativa,2231.73,343,Distribuidora Nova,2026-04-11,Sí
4865,CUI-04865,Secadora 2000 W Nova Plus,Cuidado personal,Nova,2076.41,326,Distribuidora Bajío,2025-04-20,Sí
4866,CUI-04866,Crema Corporal Nutritiva 400 ml Lumina Advance,Cuidado personal,Lumina,2427.39,62,Distribuidora Central,2024-12-02,No
4867,DEP-04867,Botella Deportiva Térmica Altura Advance,Deportes,Altura,1119.13,248,Distribuidora Pacífico,2026-07-22,Sí
4868,OFI-04868,Calculadora Científica Urban Advance,Oficina,Urban,5663.23,59,Distribuidora Pacífico,2024-09-10,Sí
4869,DEP-04869,Balón de Básquetbol Kairo Select,Deportes,Kairo,427.86,324,Distribuidora Metropolitana,2026-02-01,Sí
4870,DEP-04870,Balón Entrenamiento Marea Advance,Deportes,Marea,2750.77,319,Distribuidora Mexicana,2025-07-30,Sí
4871,ALI-04871,Aceite de Oliva 500 ml Nexo Max,Alimentos,Nexo,194.07,135,Distribuidora Nova,2025-05-15,Sí
4872,HOG-04872,Termo 500 ml Altura Prime,Hogar,Altura,1068.95,164,Distribuidora del Norte,2026-08-04,Sí
4873,ELE-04873,Webcam 2K Kairo Select,Electrónica,Kairo,219.54,229,Distribuidora Hidalgo,2025-06-14,Sí
4874,HOG-04874,Organizador de Baño Zenit Lite,Hogar,Zenit,286.76,324,Distribuidora Hidalgo,2024-02-04,Sí
4875,ALI-04875,Café Molido 500 g Nativa Essential,Alimentos,Nativa,148.95,137,Distribuidora Mexicana,2026-06-05,Sí
4876,ALI-04876,Cereal con Frutos 450 g Terra Select,Alimentos,Terra,382.97,273,Distribuidora Central,2024-03-09,Sí
4877,ELE-04877,Cargador Inalámbrico Aurea Classic,Electrónica,Aurea,400.49,176,Distribuidora Bajío,2026-01-02,Sí
4878,DEP-04878,Guantes de Ciclismo Urban Plus,Deportes,Urban,279.25,146,Distribuidora Bajío,2025-01-25,Sí
4879,HOG-04879,Lámpara Minimalista Aurea Classic,Hogar,Aurea,1195.26,246,Distribuidora Nova,2026-01-20,Sí
4880,ELE-04880,Mouse Gaming Prisma Eco,Electrónica,Prisma,3066.25,231,Distribuidora Nova,2024-03-06,Sí
4881,DEP-04881,Guantes Deportivos Nexo Eco,Deportes,Nexo,1260.05,242,Distribuidora Central,2024-01-15,Sí
4882,ALI-04882,Galletas con Chocolate 300 g Terra Select,Alimentos,Terra,449.79,23,Distribuidora del Norte,2024-11-01,Sí
4883,OFI-04883,Silla Ergonómica Zenit Prime,Oficina,Zenit,5414.37,5,Distribuidora Central,2026-06-30,Sí
4884,OFI-04884,Cuaderno Profesional Vitta Classic,Oficina,Vitta,1730.76,205,Distribuidora Mexicana,2025-07-23,Sí
4885,HOG-04885,Juego de Toallas Algodón Cobalto Select,Hogar,Cobalto,713.77,193,Distribuidora Central,2026-08-07,Sí
4886,CUI-04886,Rasuradora 3 Cabezas Urban Select,Cuidado personal,Urban,260.34,288,Distribuidora Nova,2025-12-07,Sí
4887,ELE-04887,Teclado RGB Vitta Pro,Electrónica,Vitta,2123.73,103,Distribuidora Central,2024-11-08,Sí
4888,ALI-04888,Cereal Integral 500 g Brava Classic,Alimentos,Brava,464.39,335,Distribuidora del Norte,2025-02-15,Sí
4889,DEP-04889,Mancuerna 10 kg Nativa Select,Deportes,Nativa,1721.12,208,Distribuidora del Norte,2024-07-27,Sí
4890,ALI-04890,Aceite Vegetal 1 L Vitta Pro,Alimentos,Vitta,516.99,285,Distribuidora del Norte,2025-07-25,Sí
4891,OFI-04891,Mochila Ejecutiva Prisma Lite,Oficina,Prisma,3225.32,17,Distribuidora Mexicana,2024-03-31,Sí
4892,DEP-04892,Botella Deportiva Térmica Altura Select,Deportes,Altura,800.06,159,Distribuidora del Norte,2026-07-24,Sí
4893,CUI-04893,Rasuradora de Precisión Nova Pro,Cuidado personal,Nova,1452.02,158,Distribuidora Central,2025-04-28,Sí
4894,ALI-04894,Pasta Fusilli 500 g Lumina Essential,Alimentos,Lumina,287.0,15,Distribuidora Nova,2025-08-24,Sí
4895,DEP-04895,Guantes de Gimnasio Nexo Lite,Deportes,Nexo,1575.22,124,Distribuidora Bajío,2025-09-16,Sí
4896,CUI-04896,Secadora 2000 W Brava Essential,Cuidado personal,Brava,2185.12,79,Distribuidora Mexicana,2026-03-17,Sí
4897,CUI-04897,Shampoo Anticaspa 650 ml Urban Advance,Cuidado personal,Urban,1004.42,303,Distribuidora Metropolitana,2024-09-07,Sí
4898,DEP-04898,Guantes de Ciclismo Brava Pro,Deportes,Brava,213.37,85,Distribuidora Pacífico,2026-04-13,Sí
4899,ELE-04899,Webcam Full HD Marea Eco,Electrónica,Marea,2828.23,344,Distribuidora Mexicana,2024-08-24,Sí
4900,ALI-04900,Aceite de Aguacate 500 ml Nova Plus,Alimentos,Nova,550.68,143,Distribuidora Hidalgo,2025-05-18,No
4901,ELE-04901,Mouse Inalámbrico Vitta Lite,Electrónica,Vitta,3121.71,0,Distribuidora Pacífico,2024-10-28,Sí
4902,HOG-04902,Lámpara LED Urban Pro,Hogar,Urban,768.62,228,Distribuidora Pacífico,2025-05-30,Sí
4903,HOG-04903,Organizador de Baño Urban Plus,Hogar,Urban,1239.75,113,Distribuidora Mexicana,2026-03-27,Sí
4904,DEP-04904,Botella Deportiva Térmica Aurea Advance,Deportes,Aurea,2638.17,169,Distribuidora del Norte,2025-12-23,Sí
4905,CUI-04905,Secadora Compacta Urban Prime,Cuidado personal,Urban,2172.75,149,Distribuidora del Norte,2025-12-15,Sí
4906,CUI-04906,Cepillo Dental Medio Urban Eco,Cuidado personal,Urban,2610.32,124,Distribuidora Nova,2025-05-02,Sí
4907,OFI-04907,Silla Ergonómica Terra Prime,Oficina,Terra,1355.6,246,Distribuidora Bajío,2025-05-08,Sí
4908,CUI-04908,Cepillo Dental Medio Terra Prime,Cuidado personal,Terra,1436.05,211,Distribuidora del Norte,2025-07-02,Sí
4909,CUI-04909,Crema Corporal con Aloe 500 ml Kairo Classic,Cuidado personal,Kairo,1535.81,289,Distribuidora Mexicana,2024-07-13,Sí
4910,DEP-04910,Botella Deportiva con Popote Vitta Classic,Deportes,Vitta,865.91,2,Distribuidora Mexicana,2024-12-25,Sí
4911,DEP-04911,Balón de Fútbol Vitta Plus,Deportes,Vitta,2958.53,264,Distribuidora Mexicana,2025-09-24,Sí
4912,CUI-04912,Secadora Compacta Zenit Plus,Cuidado personal,Zenit,2036.93,119,Distribuidora Bajío,2026-01-08,Sí
4913,HOG-04913,Termo de Acero Inoxidable Nova Select,Hogar,Nova,2097.37,260,Distribuidora Central,2024-11-07,Sí
4914,OFI-04914,Cuaderno de Notas Urban Advance,Oficina,Urban,5354.5,281,Distribuidora Central,2025-06-08,Sí
4915,OFI-04915,Calculadora Científica Nova Lite,Oficina,Nova,2499.35,52,Distribuidora Bajío,2026-07-28,Sí
4916,DEP-04916,Guantes de Ciclismo Aurea Plus,Deportes,Aurea,772.59,318,Distribuidora Pacífico,2024-02-03,Sí
4917,DEP-04917,Mancuerna Ajustable Nexo Prime,Deportes,Nexo,2713.18,33,Distribuidora Hidalgo,2025-01-17,Sí
4918,OFI-04918,Calculadora Financiera Kairo Lite,Oficina,Kairo,2289.55,324,Distribuidora Mexicana,2025-07-22,Sí
4919,ELE-04919,Webcam Autofocus Nova Prime,Electrónica,Nova,1469.89,172,Distribuidora Metropolitana,2025-05-05,Sí
4920,ALI-04920,Pasta Spaghetti 500 g Altura Advance,Alimentos,Altura,338.26,14,Distribuidora Hidalgo,2026-08-08,Sí
4921,ELE-04921,Bocina Bluetooth Marea Select,Electrónica,Marea,3443.47,225,Distribuidora Hidalgo,2025-02-19,No
4922,ALI-04922,Cereal con Frutos 450 g Kairo Prime,Alimentos,Kairo,316.49,237,Distribuidora del Norte,2025-06-06,Sí
4923,HOG-04923,Organizador de Baño Cobalto Prime,Hogar,Cobalto,1187.77,185,Distribuidora Pacífico,2025-02-06,Sí
4924,DEP-04924,Guantes de Ciclismo Terra Pro,Deportes,Terra,1305.15,190,Distribuidora Nova,2024-08-29,Sí
4925,CUI-04925,Crema Corporal Nutritiva 400 ml Kairo Advance,Cuidado personal,Kairo,1985.0,222,Distribuidora Hidalgo,2025-01-21,Sí
4926,CUI-04926,Shampoo Reparador 700 ml Cobalto Prime,Cuidado personal,Cobalto,1470.27,18,Distribuidora Pacífico,2024-04-20,Sí
4927,ELE-04927,Teclado RGB Brava Classic,Electrónica,Brava,1912.58,133,Distribuidora Metropolitana,2024-04-17,Sí
4928,ALI-04928,Aceite de Oliva 500 ml Brava Max,Alimentos,Brava,499.05,84,Distribuidora Mexicana,2025-11-01,Sí
4929,CUI-04929,Crema Corporal Hidratante 400 ml Kairo Classic,Cuidado personal,Kairo,638.35,35,Distribuidora Mexicana,2024-03-27,Sí
4930,OFI-04930,Calculadora Básica Cobalto Advance,Oficina,Cobalto,3677.99,15,Distribuidora Central,2025-05-01,Sí
4931,DEP-04931,Balón Entrenamiento Vitta Select,Deportes,Vitta,256.04,328,Distribuidora Nova,2026-08-21,Sí
4932,DEP-04932,Guantes de Ciclismo Cobalto Plus,Deportes,Cobalto,1972.79,189,Distribuidora del Norte,2026-03-17,Sí
4933,ELE-04933,Teclado RGB Nativa Max,Electrónica,Nativa,1767.97,194,Distribuidora Bajío,2025-09-12,Sí
4934,CUI-04934,Crema Corporal Nutritiva 400 ml Vitta Pro,Cuidado personal,Vitta,792.19,307,Distribuidora Hidalgo,2025-05-05,Sí
4935,ELE-04935,Cargador Doble Puerto Nativa Prime,Electrónica,Nativa,1249.26,231,Distribuidora del Norte,2026-04-08,Sí
4936,CUI-04936,Cepillo Dental Pack 3 Terra Essential,Cuidado personal,Terra,2585.79,275,Distribuidora Pacífico,2026-07-12,Sí
4937,CUI-04937,Secadora Iónica Zenit Advance,Cuidado personal,Zenit,1275.69,292,Distribuidora Pacífico,2026-09-05,Sí
4938,ALI-04938,Aceite de Aguacate 500 ml Nativa Classic,Alimentos,Nativa,618.3,266,Distribuidora Hidalgo,2026-05-11,Sí
4939,CUI-04939,Rasuradora Recargable Nativa Lite,Cuidado personal,Nativa,1212.36,289,Distribuidora del Norte,2026-09-04,Sí
4940,CUI-04940,Crema Corporal con Aloe 500 ml Altura Advance,Cuidado personal,Altura,830.72,27,Distribuidora Pacífico,2026-03-19,Sí
4941,DEP-04941,Mancuerna 10 kg Cobalto Essential,Deportes,Cobalto,1406.45,185,Distribuidora Pacífico,2024-10-06,Sí
4942,HOG-04942,Juego de Toallas Microfibra Lumina Essential,Hogar,Lumina,1534.8,129,Distribuidora Bajío,2026-04-27,Sí
4943,CUI-04943,Rasuradora Corporal Altura Max,Cuidado personal,Altura,919.69,46,Distribuidora Nova,2025-09-17,Sí
4944,OFI-04944,Silla Ergonómica Brava Max,Oficina,Brava,3292.17,286,Distribuidora Central,2024-08-21,Sí
4945,CUI-04945,Secadora Compacta Nova Lite,Cuidado personal,Nova,1841.09,190,Distribuidora Bajío,2025-05-06,Sí
4946,ALI-04946,Aceite de Aguacate 500 ml Nova Plus,Alimentos,Nova,173.14,334,Distribuidora Nova,2026-05-08,Sí
4947,ALI-04947,Cereal con Frutos 450 g Zenit Max,Alimentos,Zenit,673.24,244,Distribuidora Pacífico,2026-03-02,Sí
4948,DEP-04948,Tapete de Yoga 6 mm Nativa Max,Deportes,Nativa,284.11,206,Distribuidora Mexicana,2025-02-20,Sí
4949,DEP-04949,Guantes con Muñequera Lumina Eco,Deportes,Lumina,2713.93,115,Distribuidora Hidalgo,2024-07-31,Sí
4950,ELE-04950,Teclado Mecánico Aurea Pro,Electrónica,Aurea,2642.15,209,Distribuidora Mexicana,2024-11-06,Sí
4951,CUI-04951,Secadora Profesional Kairo Essential,Cuidado personal,Kairo,1725.05,206,Distribuidora Hidalgo,2025-01-10,Sí
4952,OFI-04952,Memoria USB USB 3.2 Cobalto Essential,Oficina,Cobalto,4673.39,115,Distribuidora Hidalgo,2024-10-31,Sí
4953,HOG-04953,Sartén de Acero 26 cm Marea Classic,Hogar,Marea,328.71,55,Distribuidora Bajío,2025-01-24,Sí
4954,CUI-04954,Shampoo Hidratante 750 ml Nexo Lite,Cuidado personal,Nexo,1740.76,130,Distribuidora Mexicana,2025-06-29,No
4955,ELE-04955,Webcam 2K Nova Prime,Electrónica,Nova,973.42,197,Distribuidora Metropolitana,2024-01-27,Sí
4956,OFI-04956,Silla con Soporte Lumbar Urban Advance,Oficina,Urban,270.15,40,Distribuidora Mexicana,2026-06-16,Sí
4957,ELE-04957,Mouse Ergonómico Kairo Essential,Electrónica,Kairo,3330.14,62,Distribuidora Metropolitana,2025-10-14,Sí
4958,CUI-04958,Cepillo Dental Medio Cobalto Eco,Cuidado personal,Cobalto,1469.56,47,Distribuidora Mexicana,2025-05-06,Sí
4959,ALI-04959,Galletas con Chocolate 300 g Aurea Select,Alimentos,Aurea,200.08,168,Distribuidora Hidalgo,2026-08-19,Sí
4960,OFI-04960,Mochila para Laptop 15.6 Lumina Lite,Oficina,Lumina,1631.87,164,Distribuidora Bajío,2025-02-07,Sí
4961,ELE-04961,Bocina Portátil Prisma Essential,Electrónica,Prisma,2599.05,144,Distribuidora del Norte,2024-01-15,Sí
4962,CUI-04962,Cepillo Dental Suave Nativa Select,Cuidado personal,Nativa,1885.68,326,Distribuidora Hidalgo,2025-01-12,Sí
4963,HOG-04963,Sartén de Acero 26 cm Urban Prime,Hogar,Urban,1775.76,185,Distribuidora Pacífico,2025-03-15,Sí
4964,HOG-04964,Lámpara LED Terra Eco,Hogar,Terra,1180.01,88,Distribuidora Hidalgo,2024-09-23,Sí
4965,ELE-04965,Audífonos Inalámbricos Orion Classic,Electrónica,Orion,2425.82,170,Distribuidora Nova,2024-12-13,Sí
4966,ALI-04966,Pasta Spaghetti 500 g Marea Eco,Alimentos,Marea,122.04,272,Distribuidora Hidalgo,2026-04-05,Sí
4967,ELE-04967,Bocina Bluetooth Brava Lite,Electrónica,Brava,1099.48,232,Distribuidora Metropolitana,2026-05-17,Sí
4968,ALI-04968,Pasta Spaghetti 500 g Cobalto Classic,Alimentos,Cobalto,503.67,257,Distribuidora Metropolitana,2024-01-19,Sí
4969,CUI-04969,Crema Corporal Nutritiva 400 ml Terra Essential,Cuidado personal,Terra,2133.12,343,Distribuidora Metropolitana,2026-02-26,Sí
4970,ALI-04970,Pasta Spaghetti 500 g Vitta Essential,Alimentos,Vitta,335.77,11,Distribuidora Hidalgo,2024-04-21,Sí
4971,ALI-04971,Pasta Fusilli 500 g Cobalto Select,Alimentos,Cobalto,519.72,79,Distribuidora Metropolitana,2024-09-01,Sí
4972,HOG-04972,Lámpara de Noche Terra Eco,Hogar,Terra,827.69,305,Distribuidora Pacífico,2024-10-04,Sí
4973,HOG-04973,Termo 500 ml Marea Classic,Hogar,Marea,1707.08,31,Distribuidora Mexicana,2026-03-09,Sí
4974,HOG-04974,Lámpara de Noche Altura Max,Hogar,Altura,1434.69,124,Distribuidora Central,2026-06-20,Sí
4975,ALI-04975,Cereal de Avena 500 g Nova Essential,Alimentos,Nova,210.68,139,Distribuidora Nova,2026-08-26,Sí
4976,CUI-04976,Crema Corporal con Aloe 500 ml Vitta Essential,Cuidado personal,Vitta,2505.99,348,Distribuidora Metropolitana,2026-02-26,Sí
4977,ALI-04977,Pasta Fusilli 500 g Zenit Pro,Alimentos,Zenit,712.4,154,Distribuidora Bajío,2025-01-15,Sí
4978,OFI-04978,Silla Ejecutiva Brava Advance,Oficina,Brava,1483.94,297,Distribuidora Pacífico,2024-07-31,Sí
4979,CUI-04979,Cepillo Dental Suave Prisma Max,Cuidado personal,Prisma,1551.29,271,Distribuidora Mexicana,2026-03-15,Sí
4980,ELE-04980,Webcam con Micrófono Nativa Pro,Electrónica,Nativa,2581.24,260,Distribuidora Nova,2025-09-10,Sí
4981,HOG-04981,Lámpara de Escritorio Urban Prime,Hogar,Urban,1606.41,301,Distribuidora Pacífico,2025-02-17,Sí
4982,ALI-04982,Café Descafeinado 400 g Kairo Prime,Alimentos,Kairo,697.69,80,Distribuidora Metropolitana,2025-11-26,Sí
4983,ALI-04983,Aceite de Oliva 500 ml Aurea Pro,Alimentos,Aurea,371.37,273,Distribuidora Bajío,2024-12-31,Sí
4984,OFI-04984,Cuaderno Profesional Vitta Essential,Oficina,Vitta,2931.34,339,Distribuidora Mexicana,2024-02-16,Sí
4985,CUI-04985,Shampoo Anticaspa 650 ml Kairo Select,Cuidado personal,Kairo,1645.11,323,Distribuidora Hidalgo,2026-04-25,Sí
4986,CUI-04986,Cepillo Dental Eléctrico Nativa Select,Cuidado personal,Nativa,1735.62,21,Distribuidora Mexicana,2024-11-01,Sí
4987,OFI-04987,Calculadora Científica Nativa Select,Oficina,Nativa,3824.83,293,Distribuidora Bajío,2024-03-23,Sí
4988,ALI-04988,Galletas con Chocolate 300 g Nova Plus,Alimentos,Nova,77.3,29,Distribuidora Nova,2026-02-14,Sí
4989,HOG-04989,Termo 500 ml Zenit Advance,Hogar,Zenit,2028.23,129,Distribuidora Mexicana,2026-07-03,Sí
4990,ALI-04990,Aceite de Aguacate 500 ml Urban Classic,Alimentos,Urban,399.16,14,Distribuidora Bajío,2025-12-12,Sí
4991,OFI-04991,Mochila Impermeable Marea Eco,Oficina,Marea,2221.81,12,Distribuidora Nova,2024-04-18,Sí
4992,HOG-04992,Lámpara de Escritorio Lumina Eco,Hogar,Lumina,272.73,268,Distribuidora Nova,2024-07-01,Sí
4993,HOG-04993,Termo 500 ml Altura Max,Hogar,Altura,793.4,196,Distribuidora Hidalgo,2025-12-29,Sí
4994,HOG-04994,Lámpara Minimalista Nova Classic,Hogar,Nova,438.05,339,Distribuidora Nova,2024-04-08,Sí
4995,HOG-04995,Organizador de Escritorio Kairo Eco,Hogar,Kairo,2104.0,129,Distribuidora Pacífico,2025-04-30,Sí
4996,DEP-04996,Botella Deportiva Térmica Altura Eco,Deportes,Altura,1410.78,329,Distribuidora Nova,2025-05-18,Sí
4997,CUI-04997,Secadora Iónica Lumina Classic,Cuidado personal,Lumina,381.67,60,Distribuidora Central,2024-03-02,Sí
4998,CUI-04998,Shampoo Reparador 700 ml Terra Max,Cuidado personal,Terra,1754.28,272,Distribuidora Central,2026-01-13,Sí
4999,ELE-04999,Bocina Bluetooth Prisma Eco,Electrónica,Prisma,1058.27,326,Distribuidora Hidalgo,2026-01-27,Sí
5000,ALI-05000,Pasta Penne 500 g Prisma Max,Alimentos,Prisma,483.65,115,Distribuidora Nova,2025-02-12,Sí
