ID,SKU,name,description,current_price,current_stock,status,creation_date,last_update
11,ALI-00001,Café Molido 500 g Terra Select,Categoría: Alimentos | Marca: Terra | Proveedor: Distribuidora del Norte,197.77,52,1,2025-08-27 00:00:00,2025-08-27 00:00:00
12,ELE-00002,Audífonos Inalámbricos Brava Lite,Categoría: Electrónica | Marca: Brava | Proveedor: Distribuidora Nova,2165.76,287,1,2026-01-03 00:00:00,2026-01-03 00:00:00
13,CUI-00003,Rasuradora 3 Cabezas Cobalto Advance,Categoría: Cuidado personal | Marca: Cobalto | Proveedor: Distribuidora Mexicana,811.14,3,1,2025-12-15 00:00:00,2025-12-15 00:00:00
14,OFI-00004,Mochila Ejecutiva Marea Plus,Categoría: Oficina | Marca: Marea | Proveedor: Distribuidora Metropolitana,588.14,49,1,2026-05-17 00:00:00,2026-05-17 00:00:00
15,OFI-00005,Cuaderno Cuadriculado Orion Eco,Categoría: Oficina | Marca: Orion | Proveedor: Distribuidora Metropolitana,504.96,150,1,2025-08-14 00:00:00,2025-08-14 00:00:00
16,ELE-00006,Audífonos Inalámbricos Kairo Plus,Categoría: Electrónica | Marca: Kairo | Proveedor: Distribuidora Hidalgo,3014.31,51,1,2024-10-11 00:00:00,2024-10-11 00:00:00
17,OFI-00007,Mochila Antirrobo Prisma Select,Categoría: Oficina | Marca: Prisma | Proveedor: Distribuidora del Norte,4031.92,349,1,2025-09-15 00:00:00,2025-09-15 00:00:00
18,CUI-00008,Crema Corporal Hidratante 400 ml Cobalto Eco,Categoría: Cuidado personal | Marca: Cobalto | Proveedor: Distribuidora Nova,788.44,327,1,2025-12-02 00:00:00,2025-12-02 00:00:00
19,ELE-00009,Teclado Mecánico Marea Eco,Categoría: Electrónica | Marca: Marea | Proveedor: Distribuidora Metropolitana,1045.93,108,1,2024-08-05 00:00:00,2024-08-05 00:00:00
20,DEP-00010,Balón de Básquetbol Terra Pro,Categoría: Deportes | Marca: Terra | Proveedor: Distribuidora Pacífico,806.69,287,1,2026-02-03 00:00:00,2026-02-03 00:00:00
21,CUI-00011,Rasuradora Corporal Brava Pro,Categoría: Cuidado personal | Marca: Brava | Proveedor: Distribuidora Central,1448.24,46,1,2026-05-31 00:00:00,2026-05-31 00:00:00
22,ALI-00012,Cereal de Avena 500 g Urban Advance,Categoría: Alimentos | Marca: Urban | Proveedor: Distribuidora Bajío,74.17,195,1,2025-06-25 00:00:00,2025-06-25 00:00:00
23,CUI-00013,Shampoo Reparador 700 ml Orion Lite,Categoría: Cuidado personal | Marca: Orion | Proveedor: Distribuidora Metropolitana,2112.92,328,1,2024-04-24 00:00:00,2024-04-24 00:00:00
24,HOG-00014,Juego de Toallas Algodón Terra Lite,Categoría: Hogar | Marca: Terra | Proveedor: Distribuidora del Norte,1922.95,259,1,2026-06-10 00:00:00,2026-06-10 00:00:00
25,ALI-00015,Galletas con Chocolate 300 g Aurea Pro,Categoría: Alimentos | Marca: Aurea | Proveedor: Distribuidora Central,314.41,82,1,2025-09-05 00:00:00,2025-09-05 00:00:00
26,ELE-00016,Audífonos USB-C Kairo Select,Categoría: Electrónica | Marca: Kairo | Proveedor: Distribuidora del Norte,343.05,290,1,2024-03-28 00:00:00,2024-03-28 00:00:00
27,ELE-00017,Cargador USB-C 45W Vitta Max,Categoría: Electrónica | Marca: Vitta | Proveedor: Distribuidora Pacífico,3320.94,84,1,2025-06-24 00:00:00,2025-06-24 00:00:00
28,DEP-00018,Tapete de Yoga 8 mm Kairo Eco,Categoría: Deportes | Marca: Kairo | Proveedor: Distribuidora Metropolitana,2984.88,332,1,2025-03-24 00:00:00,2025-03-24 00:00:00
29,DEP-00019,Botella Deportiva 1 L Brava Plus,Categoría: Deportes | Marca: Brava | Proveedor: Distribuidora Nova,1072.83,301,1,2025-08-25 00:00:00,2025-08-25 00:00:00
30,ELE-00020,Webcam Full HD Brava Plus,Categoría: Electrónica | Marca: Brava | Proveedor: Distribuidora del Norte,3182.16,169,1,2025-06-10 00:00:00,2025-06-10 00:00:00
31,ALI-00021,Aceite de Oliva 500 ml Vitta Advance,Categoría: Alimentos | Marca: Vitta | Proveedor: Distribuidora Bajío,470.99,124,1,2026-04-06 00:00:00,2026-04-06 00:00:00
32,ELE-00022,Audífonos con Micrófono Prisma Eco,Categoría: Electrónica | Marca: Prisma | Proveedor: Distribuidora del Norte,1526.19,27,1,2024-03-03 00:00:00,2024-03-03 00:00:00
33,OFI-00023,Cuaderno de Notas Aurea Select,Categoría: Oficina | Marca: Aurea | Proveedor: Distribuidora Hidalgo,3233.41,71,1,2024-07-06 00:00:00,2024-07-06 00:00:00
34,HOG-00024,Lámpara Minimalista Orion Essential,Categoría: Hogar | Marca: Orion | Proveedor: Distribuidora Central,1657.19,276,1,2024-04-05 00:00:00,2024-04-05 00:00:00
35,HOG-00025,Organizador de Baño Nativa Max,Categoría: Hogar | Marca: Nativa | Proveedor: Distribuidora Central,596.27,205,1,2024-06-17 00:00:00,2024-06-17 00:00:00
36,DEP-00026,Mancuerna Hexagonal Kairo Eco,Categoría: Deportes | Marca: Kairo | Proveedor: Distribuidora Bajío,2116.08,284,1,2024-06-07 00:00:00,2024-06-07 00:00:00
37,HOG-00027,Lámpara de Escritorio Marea Essential,Categoría: Hogar | Marca: Marea | Proveedor: Distribuidora Mexicana,200.34,244,1,2024-02-28 00:00:00,2024-02-28 00:00:00
38,ELE-00028,Teclado Mecánico Lumina Select,Categoría: Electrónica | Marca: Lumina | Proveedor: Distribuidora Nova,1501.65,291,1,2025-08-15 00:00:00,2025-08-15 00:00:00
39,CUI-00029,Shampoo Anticaspa 650 ml Marea Classic,Categoría: Cuidado personal | Marca: Marea | Proveedor: Distribuidora Nova,607.53,160,1,2024-09-28 00:00:00,2024-09-28 00:00:00
40,ALI-00030,Pasta Penne 500 g Marea Plus,Categoría: Alimentos | Marca: Marea | Proveedor: Distribuidora del Norte,32.21,318,1,2024-03-16 00:00:00,2024-03-16 00:00:00
41,CUI-00031,Cepillo Dental Medio Prisma Plus,Categoría: Cuidado personal | Marca: Prisma | Proveedor: Distribuidora Pacífico,2466.51,189,1,2024-06-10 00:00:00,2024-06-10 00:00:00
42,CUI-00032,Cepillo Dental Suave Kairo Plus,Categoría: Cuidado personal | Marca: Kairo | Proveedor: Distribuidora Pacífico,2630.81,68,1,2024-04-28 00:00:00,2024-04-28 00:00:00
43,ALI-00033,Galletas de Avena 300 g Terra Classic,Categoría: Alimentos | Marca: Terra | Proveedor: Distribuidora Nova,493.14,175,1,2025-12-04 00:00:00,2025-12-04 00:00:00
44,OFI-00034,Memoria USB USB 3.2 Terra Essential,Categoría: Oficina | Marca: Terra | Proveedor: Distribuidora Pacífico,585.47,216,0,2024-02-15 00:00:00,2024-02-15 00:00:00
45,HOG-00035,Sartén Antiadherente 24 cm Cobalto Lite,Categoría: Hogar | Marca: Cobalto | Proveedor: Distribuidora Central,1786.72,287,1,2024-04-24 00:00:00,2024-04-24 00:00:00
46,ALI-00036,Cereal de Avena 500 g Altura Prime,Categoría: Alimentos | Marca: Altura | Proveedor: Distribuidora Hidalgo,475.86,75,0,2024-05-10 00:00:00,2024-05-10 00:00:00
47,OFI-00037,Cuaderno Pasta Dura Aurea Select,Categoría: Oficina | Marca: Aurea | Proveedor: Distribuidora Hidalgo,4012.59,181,1,2025-09-27 00:00:00,2025-09-27 00:00:00
48,HOG-00038,Organizador de Escritorio Urban Essential,Categoría: Hogar | Marca: Urban | Proveedor: Distribuidora Hidalgo,513.05,170,1,2026-04-01 00:00:00,2026-04-01 00:00:00
49,ALI-00039,Cereal con Frutos 450 g Nexo Plus,Categoría: Alimentos | Marca: Nexo | Proveedor: Distribuidora Bajío,321.09,19,1,2024-08-15 00:00:00,2024-08-15 00:00:00
50,DEP-00040,Mancuerna Ajustable Brava Select,Categoría: Deportes | Marca: Brava | Proveedor: Distribuidora Hidalgo,157.86,98,1,2024-12-02 00:00:00,2024-12-02 00:00:00
51,ELE-00041,Mouse Gaming Zenit Lite,Categoría: Electrónica | Marca: Zenit | Proveedor: Distribuidora del Norte,1258.35,14,1,2026-06-17 00:00:00,2026-06-17 00:00:00
52,HOG-00042,Termo de Acero Inoxidable Altura Plus,Categoría: Hogar | Marca: Altura | Proveedor: Distribuidora Metropolitana,1522.70,176,1,2025-03-22 00:00:00,2025-03-22 00:00:00
53,CUI-00043,Shampoo Anticaspa 650 ml Aurea Classic,Categoría: Cuidado personal | Marca: Aurea | Proveedor: Distribuidora Central,167.24,223,1,2025-06-16 00:00:00,2025-06-16 00:00:00
54,CUI-00044,Crema Corporal con Aloe 500 ml Urban Plus,Categoría: Cuidado personal | Marca: Urban | Proveedor: Distribuidora Metropolitana,2658.20,169,1,2025-11-10 00:00:00,2025-11-10 00:00:00
55,ALI-00045,Pasta Fusilli 500 g Kairo Eco,Categoría: Alimentos | Marca: Kairo | Proveedor: Distribuidora Mexicana,277.47,151,1,2024-07-15 00:00:00,2024-07-15 00:00:00
56,DEP-00046,Tapete de Yoga Antideslizante Zenit Lite,Categoría: Deportes | Marca: Zenit | Proveedor: Distribuidora Pacífico,2515.14,155,1,2024-08-03 00:00:00,2024-08-03 00:00:00
57,CUI-00047,Secadora 2000 W Cobalto Max,Categoría: Cuidado personal | Marca: Cobalto | Proveedor: Distribuidora Bajío,1262.71,109,1,2026-03-23 00:00:00,2026-03-23 00:00:00
58,ALI-00048,Cereal de Avena 500 g Lumina Classic,Categoría: Alimentos | Marca: Lumina | Proveedor: Distribuidora Metropolitana,423.96,324,1,2024-04-05 00:00:00,2024-04-05 00:00:00
59,HOG-00049,Sartén Antiadherente 24 cm Aurea Pro,Categoría: Hogar | Marca: Aurea | Proveedor: Distribuidora Bajío,138.11,125,1,2025-09-17 00:00:00,2025-09-17 00:00:00
60,ELE-00050,Bocina Resistente al Agua Aurea Eco,Categoría: Electrónica | Marca: Aurea | Proveedor: Distribuidora Mexicana,1805.16,124,1,2025-11-02 00:00:00,2025-11-02 00:00:00
61,ELE-00051,Bocina Portátil Nexo Lite,Categoría: Electrónica | Marca: Nexo | Proveedor: Distribuidora Nova,1705.24,285,1,2026-07-28 00:00:00,2026-07-28 00:00:00
62,DEP-00052,Tapete de Yoga con Correa Marea Max,Categoría: Deportes | Marca: Marea | Proveedor: Distribuidora Hidalgo,1871.82,258,1,2026-04-30 00:00:00,2026-04-30 00:00:00
63,DEP-00053,Tapete de Yoga con Correa Cobalto Classic,Categoría: Deportes | Marca: Cobalto | Proveedor: Distribuidora Pacífico,2276.67,326,1,2026-02-23 00:00:00,2026-02-23 00:00:00
64,DEP-00054,Tapete de Yoga Antideslizante Cobalto Plus,Categoría: Deportes | Marca: Cobalto | Proveedor: Distribuidora Pacífico,2165.42,120,1,2024-12-09 00:00:00,2024-12-09 00:00:00
65,CUI-00055,Shampoo Hidratante 750 ml Vitta Select,Categoría: Cuidado personal | Marca: Vitta | Proveedor: Distribuidora Nova,1099.88,78,1,2024-03-06 00:00:00,2024-03-06 00:00:00
66,OFI-00056,Memoria USB USB 3.2 Urban Essential,Categoría: Oficina | Marca: Urban | Proveedor: Distribuidora Hidalgo,1268.56,215,1,2026-07-15 00:00:00,2026-07-15 00:00:00
67,ALI-00057,Café Descafeinado 400 g Nativa Essential,Categoría: Alimentos | Marca: Nativa | Proveedor: Distribuidora Hidalgo,754.68,152,1,2026-05-23 00:00:00,2026-05-23 00:00:00
68,DEP-00058,Guantes de Ciclismo Nativa Select,Categoría: Deportes | Marca: Nativa | Proveedor: Distribuidora Central,883.24,248,1,2025-02-02 00:00:00,2025-02-02 00:00:00
69,ALI-00059,Aceite Vegetal 1 L Nexo Max,Categoría: Alimentos | Marca: Nexo | Proveedor: Distribuidora Central,736.73,318,1,2026-07-17 00:00:00,2026-07-17 00:00:00
70,CUI-00060,Shampoo Hidratante 750 ml Urban Pro,Categoría: Cuidado personal | Marca: Urban | Proveedor: Distribuidora Central,2432.31,93,1,2024-09-23 00:00:00,2024-09-23 00:00:00
71,HOG-00061,Juego de Toallas 6 Piezas Marea Eco,Categoría: Hogar | Marca: Marea | Proveedor: Distribuidora Pacífico,752.38,215,1,2026-05-04 00:00:00,2026-05-04 00:00:00
72,ELE-00062,Webcam Full HD Prisma Select,Categoría: Electrónica | Marca: Prisma | Proveedor: Distribuidora Central,2326.98,333,0,2026-02-11 00:00:00,2026-02-11 00:00:00
73,HOG-00063,Organizador de Cocina Vitta Select,Categoría: Hogar | Marca: Vitta | Proveedor: Distribuidora del Norte,384.45,342,1,2025-07-31 00:00:00,2025-07-31 00:00:00
74,DEP-00064,Mancuerna Ajustable Nexo Advance,Categoría: Deportes | Marca: Nexo | Proveedor: Distribuidora Mexicana,1856.09,58,1,2024-11-14 00:00:00,2024-11-14 00:00:00
75,ELE-00065,Mouse Óptico Zenit Select,Categoría: Electrónica | Marca: Zenit | Proveedor: Distribuidora Nova,403.59,321,1,2024-04-14 00:00:00,2024-04-14 00:00:00
76,OFI-00066,Memoria USB 32 GB Altura Prime,Categoría: Oficina | Marca: Altura | Proveedor: Distribuidora Metropolitana,3212.29,338,1,2024-03-11 00:00:00,2024-03-11 00:00:00
77,OFI-00067,Cuaderno Cuadriculado Nativa Plus,Categoría: Oficina | Marca: Nativa | Proveedor: Distribuidora Bajío,2620.53,185,1,2025-12-25 00:00:00,2025-12-25 00:00:00
78,HOG-00068,Termo de Acero Inoxidable Nativa Max,Categoría: Hogar | Marca: Nativa | Proveedor: Distribuidora Pacífico,1133.09,303,1,2024-11-26 00:00:00,2024-11-26 00:00:00
79,ELE-00069,Mouse Óptico Brava Max,Categoría: Electrónica | Marca: Brava | Proveedor: Distribuidora Hidalgo,2058.00,342,0,2024-12-10 00:00:00,2024-12-10 00:00:00
80,OFI-00070,Mochila Impermeable Aurea Prime,Categoría: Oficina | Marca: Aurea | Proveedor: Distribuidora Pacífico,4793.27,174,1,2026-06-20 00:00:00,2026-06-20 00:00:00
81,OFI-00071,Memoria USB 32 GB Aurea Plus,Categoría: Oficina | Marca: Aurea | Proveedor: Distribuidora Bajío,1474.45,208,1,2025-07-22 00:00:00,2025-07-22 00:00:00
82,ALI-00072,Aceite Vegetal 1 L Nativa Max,Categoría: Alimentos | Marca: Nativa | Proveedor: Distribuidora Pacífico,638.73,47,1,2024-08-14 00:00:00,2024-08-14 00:00:00
83,HOG-00073,Sartén de Acero 26 cm Prisma Max,Categoría: Hogar | Marca: Prisma | Proveedor: Distribuidora Hidalgo,1418.40,176,1,2026-02-02 00:00:00,2026-02-02 00:00:00
84,OFI-00074,Silla de Oficina Kairo Classic,Categoría: Oficina | Marca: Kairo | Proveedor: Distribuidora Metropolitana,1409.93,98,1,2024-05-02 00:00:00,2024-05-02 00:00:00
85,ALI-00075,Cereal Integral 500 g Aurea Max,Categoría: Alimentos | Marca: Aurea | Proveedor: Distribuidora Pacífico,239.01,301,1,2024-04-12 00:00:00,2024-04-12 00:00:00
86,OFI-00076,Mochila Antirrobo Nexo Classic,Categoría: Oficina | Marca: Nexo | Proveedor: Distribuidora Mexicana,119.38,273,0,2024-10-07 00:00:00,2024-10-07 00:00:00
87,ELE-00077,Cargador Inalámbrico Vitta Max,Categoría: Electrónica | Marca: Vitta | Proveedor: Distribuidora Pacífico,492.67,6,1,2025-04-25 00:00:00,2025-04-25 00:00:00
88,OFI-00078,Mochila para Laptop 15.6 Terra Max,Categoría: Oficina | Marca: Terra | Proveedor: Distribuidora Hidalgo,715.42,33,1,2025-05-18 00:00:00,2025-05-18 00:00:00
89,ALI-00079,Café en Grano 1 kg Vitta Advance,Categoría: Alimentos | Marca: Vitta | Proveedor: Distribuidora Nova,759.62,43,1,2024-05-01 00:00:00,2024-05-01 00:00:00
90,DEP-00080,Guantes de Ciclismo Zenit Max,Categoría: Deportes | Marca: Zenit | Proveedor: Distribuidora Hidalgo,2732.75,152,1,2024-11-08 00:00:00,2024-11-08 00:00:00
91,ELE-00081,Cargador USB-C 20W Aurea Select,Categoría: Electrónica | Marca: Aurea | Proveedor: Distribuidora Mexicana,1035.56,41,1,2024-09-02 00:00:00,2024-09-02 00:00:00
92,ELE-00082,Teclado Mecánico Urban Max,Categoría: Electrónica | Marca: Urban | Proveedor: Distribuidora Pacífico,2458.39,240,1,2024-02-03 00:00:00,2024-02-03 00:00:00
93,ALI-00083,Pasta Fusilli 500 g Cobalto Plus,Categoría: Alimentos | Marca: Cobalto | Proveedor: Distribuidora Nova,557.04,135,1,2025-03-11 00:00:00,2025-03-11 00:00:00
94,HOG-00084,Organizador Multiusos Vitta Plus,Categoría: Hogar | Marca: Vitta | Proveedor: Distribuidora Pacífico,223.32,157,1,2025-03-25 00:00:00,2025-03-25 00:00:00
95,ALI-00085,Pasta Fusilli 500 g Zenit Classic,Categoría: Alimentos | Marca: Zenit | Proveedor: Distribuidora Bajío,412.37,252,1,2024-03-23 00:00:00,2024-03-23 00:00:00
96,DEP-00086,Mancuerna Ajustable Nova Plus,Categoría: Deportes | Marca: Nova | Proveedor: Distribuidora Central,755.17,345,1,2026-02-22 00:00:00,2026-02-22 00:00:00
97,OFI-00087,Memoria USB 32 GB Nexo Max,Categoría: Oficina | Marca: Nexo | Proveedor: Distribuidora Pacífico,3130.10,226,1,2024-07-04 00:00:00,2024-07-04 00:00:00
98,DEP-00088,Balón de Fútbol Nativa Prime,Categoría: Deportes | Marca: Nativa | Proveedor: Distribuidora del Norte,1277.29,164,1,2026-05-28 00:00:00,2026-05-28 00:00:00
99,DEP-00089,Balón de Voleibol Zenit Lite,Categoría: Deportes | Marca: Zenit | Proveedor: Distribuidora Metropolitana,195.79,45,1,2024-09-15 00:00:00,2024-09-15 00:00:00
100,DEP-00090,Guantes de Gimnasio Cobalto Eco,Categoría: Deportes | Marca: Cobalto | Proveedor: Distribuidora Metropolitana,246.73,265,1,2025-09-29 00:00:00,2025-09-29 00:00:00
101,ALI-00091,Aceite de Oliva 500 ml Aurea Classic,Categoría: Alimentos | Marca: Aurea | Proveedor: Distribuidora Bajío,450.10,147,1,2026-06-20 00:00:00,2026-06-20 00:00:00
102,ELE-00092,Audífonos Inalámbricos Nexo Classic,Categoría: Electrónica | Marca: Nexo | Proveedor: Distribuidora Hidalgo,1994.31,282,1,2024-04-05 00:00:00,2024-04-05 00:00:00
103,ELE-00093,Bocina Bluetooth Vitta Max,Categoría: Electrónica | Marca: Vitta | Proveedor: Distribuidora Pacífico,3273.39,149,1,2025-03-01 00:00:00,2025-03-01 00:00:00
104,DEP-00094,Tapete de Yoga con Correa Vitta Eco,Categoría: Deportes | Marca: Vitta | Proveedor: Distribuidora Mexicana,643.68,306,1,2026-06-03 00:00:00,2026-06-03 00:00:00
105,DEP-00095,Mancuerna Ajustable Nova Classic,Categoría: Deportes | Marca: Nova | Proveedor: Distribuidora Bajío,2201.81,300,1,2026-06-05 00:00:00,2026-06-05 00:00:00
106,CUI-00096,Rasuradora Corporal Marea Lite,Categoría: Cuidado personal | Marca: Marea | Proveedor: Distribuidora Bajío,2145.95,193,1,2026-08-13 00:00:00,2026-08-13 00:00:00
107,HOG-00097,Organizador de Baño Brava Eco,Categoría: Hogar | Marca: Brava | Proveedor: Distribuidora Hidalgo,184.63,242,1,2025-01-30 00:00:00,2025-01-30 00:00:00
108,ALI-00098,Cereal con Frutos 450 g Altura Pro,Categoría: Alimentos | Marca: Altura | Proveedor: Distribuidora Metropolitana,413.77,302,1,2026-06-09 00:00:00,2026-06-09 00:00:00
109,DEP-00099,Botella Deportiva Térmica Nova Pro,Categoría: Deportes | Marca: Nova | Proveedor: Distribuidora Mexicana,1282.04,335,1,2024-03-17 00:00:00,2024-03-17 00:00:00
110,OFI-00100,Calculadora Financiera Lumina Prime,Categoría: Oficina | Marca: Lumina | Proveedor: Distribuidora Hidalgo,5118.36,273,1,2026-09-04 00:00:00,2026-09-04 00:00:00
111,ALI-00101,Aceite Vegetal 1 L Altura Advance,Categoría: Alimentos | Marca: Altura | Proveedor: Distribuidora Pacífico,77.96,323,1,2024-08-20 00:00:00,2024-08-20 00:00:00
112,DEP-00102,Botella Deportiva 750 ml Cobalto Pro,Categoría: Deportes | Marca: Cobalto | Proveedor: Distribuidora Central,2108.54,14,1,2024-11-28 00:00:00,2024-11-28 00:00:00
113,OFI-00103,Calculadora Básica Urban Pro,Categoría: Oficina | Marca: Urban | Proveedor: Distribuidora Mexicana,1491.39,210,1,2024-06-23 00:00:00,2024-06-23 00:00:00
114,CUI-00104,Rasuradora 3 Cabezas Nativa Advance,Categoría: Cuidado personal | Marca: Nativa | Proveedor: Distribuidora Pacífico,439.15,236,1,2025-04-15 00:00:00,2025-04-15 00:00:00
115,ELE-00105,Bocina Inteligente Nexo Plus,Categoría: Electrónica | Marca: Nexo | Proveedor: Distribuidora Pacífico,1628.79,176,1,2025-10-16 00:00:00,2025-10-16 00:00:00
116,ALI-00106,Pasta Penne 500 g Kairo Select,Categoría: Alimentos | Marca: Kairo | Proveedor: Distribuidora del Norte,798.52,247,1,2024-08-30 00:00:00,2024-08-30 00:00:00
117,OFI-00107,Memoria USB 128 GB Kairo Essential,Categoría: Oficina | Marca: Kairo | Proveedor: Distribuidora Hidalgo,5867.46,337,0,2024-10-08 00:00:00,2024-10-08 00:00:00
118,ALI-00108,Café Descafeinado 400 g Kairo Select,Categoría: Alimentos | Marca: Kairo | Proveedor: Distribuidora Nova,494.87,180,1,2025-10-13 00:00:00,2025-10-13 00:00:00
119,OFI-00109,Mochila para Laptop 15.6 Altura Classic,Categoría: Oficina | Marca: Altura | Proveedor: Distribuidora Metropolitana,4738.27,17,1,2026-01-19 00:00:00,2026-01-19 00:00:00
120,OFI-00110,Calculadora Financiera Nexo Select,Categoría: Oficina | Marca: Nexo | Proveedor: Distribuidora Metropolitana,823.20,276,1,2025-06-27 00:00:00,2025-06-27 00:00:00
121,OFI-00111,Mochila Antirrobo Nativa Classic,Categoría: Oficina | Marca: Nativa | Proveedor: Distribuidora del Norte,4487.48,173,1,2025-04-24 00:00:00,2025-04-24 00:00:00
122,HOG-00112,Organizador de Baño Prisma Plus,Categoría: Hogar | Marca: Prisma | Proveedor: Distribuidora Pacífico,1992.45,7,1,2025-07-03 00:00:00,2025-07-03 00:00:00
123,OFI-00113,Calculadora Financiera Prisma Plus,Categoría: Oficina | Marca: Prisma | Proveedor: Distribuidora Central,4059.73,241,1,2025-09-26 00:00:00,2025-09-26 00:00:00
124,CUI-00114,Cepillo Dental Medio Lumina Max,Categoría: Cuidado personal | Marca: Lumina | Proveedor: Distribuidora Hidalgo,2549.45,154,1,2024-04-29 00:00:00,2024-04-29 00:00:00
125,ELE-00115,Mouse Óptico Orion Plus,Categoría: Electrónica | Marca: Orion | Proveedor: Distribuidora Mexicana,935.58,275,1,2025-02-01 00:00:00,2025-02-01 00:00:00
126,ALI-00116,Galletas Integrales 350 g Vitta Eco,Categoría: Alimentos | Marca: Vitta | Proveedor: Distribuidora Hidalgo,531.91,250,1,2026-08-19 00:00:00,2026-08-19 00:00:00
127,ELE-00117,Webcam con Micrófono Aurea Max,Categoría: Electrónica | Marca: Aurea | Proveedor: Distribuidora Metropolitana,1638.73,120,1,2024-04-11 00:00:00,2024-04-11 00:00:00
128,OFI-00118,Memoria USB 128 GB Altura Eco,Categoría: Oficina | Marca: Altura | Proveedor: Distribuidora Bajío,1680.36,62,1,2024-04-03 00:00:00,2024-04-03 00:00:00
129,ALI-00119,Galletas de Avena 300 g Altura Prime,Categoría: Alimentos | Marca: Altura | Proveedor: Distribuidora Nova,213.52,64,1,2024-03-11 00:00:00,2024-03-11 00:00:00
130,CUI-00120,Crema Corporal Nutritiva 400 ml Aurea Select,Categoría: Cuidado personal | Marca: Aurea | Proveedor: Distribuidora Central,949.85,75,1,2024-10-10 00:00:00,2024-10-10 00:00:00
131,HOG-00121,Organizador Multiusos Nexo Plus,Categoría: Hogar | Marca: Nexo | Proveedor: Distribuidora Mexicana,1678.76,13,1,2024-01-16 00:00:00,2024-01-16 00:00:00
132,HOG-00122,Termo de Acero Inoxidable Nova Pro,Categoría: Hogar | Marca: Nova | Proveedor: Distribuidora Hidalgo,721.19,64,1,2025-06-22 00:00:00,2025-06-22 00:00:00
133,ELE-00123,Bocina Resistente al Agua Prisma Lite,Categoría: Electrónica | Marca: Prisma | Proveedor: Distribuidora Nova,2137.78,231,1,2026-08-26 00:00:00,2026-08-26 00:00:00
134,ALI-00124,Galletas Integrales 350 g Cobalto Essential,Categoría: Alimentos | Marca: Cobalto | Proveedor: Distribuidora Hidalgo,72.08,245,1,2025-03-12 00:00:00,2025-03-12 00:00:00
135,DEP-00125,Balón de Fútbol Lumina Prime,Categoría: Deportes | Marca: Lumina | Proveedor: Distribuidora Mexicana,1859.15,33,1,2024-10-08 00:00:00,2024-10-08 00:00:00
136,CUI-00126,Secadora 2000 W Zenit Advance,Categoría: Cuidado personal | Marca: Zenit | Proveedor: Distribuidora Hidalgo,1506.15,232,1,2024-04-11 00:00:00,2024-04-11 00:00:00
137,ELE-00127,Webcam 2K Urban Max,Categoría: Electrónica | Marca: Urban | Proveedor: Distribuidora Metropolitana,3124.10,211,1,2026-04-27 00:00:00,2026-04-27 00:00:00
138,DEP-00128,Botella Deportiva con Popote Urban Prime,Categoría: Deportes | Marca: Urban | Proveedor: Distribuidora Mexicana,2024.46,191,1,2025-12-04 00:00:00,2025-12-04 00:00:00
139,ELE-00129,Audífonos Bluetooth Lumina Eco,Categoría: Electrónica | Marca: Lumina | Proveedor: Distribuidora Mexicana,472.49,190,1,2025-07-23 00:00:00,2025-07-23 00:00:00
140,CUI-00130,Secadora 2000 W Orion Eco,Categoría: Cuidado personal | Marca: Orion | Proveedor: Distribuidora Hidalgo,1018.81,340,1,2026-06-07 00:00:00,2026-06-07 00:00:00
141,ELE-00131,Mouse Gaming Prisma Plus,Categoría: Electrónica | Marca: Prisma | Proveedor: Distribuidora Mexicana,2085.03,108,1,2025-11-03 00:00:00,2025-11-03 00:00:00
142,ELE-00132,Mouse Gaming Orion Classic,Categoría: Electrónica | Marca: Orion | Proveedor: Distribuidora Central,2072.24,219,1,2025-09-15 00:00:00,2025-09-15 00:00:00
143,ALI-00133,Pasta Spaghetti 500 g Nexo Classic,Categoría: Alimentos | Marca: Nexo | Proveedor: Distribuidora Metropolitana,568.89,158,0,2024-12-25 00:00:00,2024-12-25 00:00:00
144,HOG-00134,Termo Térmico Lumina Pro,Categoría: Hogar | Marca: Lumina | Proveedor: Distribuidora del Norte,1872.15,15,1,2026-02-03 00:00:00,2026-02-03 00:00:00
145,DEP-00135,Balón Entrenamiento Marea Pro,Categoría: Deportes | Marca: Marea | Proveedor: Distribuidora del Norte,1165.85,166,1,2026-06-23 00:00:00,2026-06-23 00:00:00
146,HOG-00136,Termo 500 ml Lumina Classic,Categoría: Hogar | Marca: Lumina | Proveedor: Distribuidora Bajío,1151.33,217,1,2025-09-13 00:00:00,2025-09-13 00:00:00
147,OFI-00137,Mochila para Laptop 15.6 Prisma Eco,Categoría: Oficina | Marca: Prisma | Proveedor: Distribuidora Bajío,696.35,347,1,2025-06-23 00:00:00,2025-06-23 00:00:00
148,ELE-00138,Teclado RGB Altura Essential,Categoría: Electrónica | Marca: Altura | Proveedor: Distribuidora Mexicana,833.82,108,1,2026-02-21 00:00:00,2026-02-21 00:00:00
149,OFI-00139,Cuaderno Profesional Nativa Eco,Categoría: Oficina | Marca: Nativa | Proveedor: Distribuidora Nova,1082.84,194,1,2025-05-27 00:00:00,2025-05-27 00:00:00
150,ALI-00140,Pasta Spaghetti 500 g Zenit Essential,Categoría: Alimentos | Marca: Zenit | Proveedor: Distribuidora del Norte,362.63,235,1,2026-06-01 00:00:00,2026-06-01 00:00:00
151,DEP-00141,Guantes con Muñequera Urban Classic,Categoría: Deportes | Marca: Urban | Proveedor: Distribuidora Metropolitana,424.15,10,1,2024-06-24 00:00:00,2024-06-24 00:00:00
152,CUI-00142,Rasuradora Corporal Lumina Eco,Categoría: Cuidado personal | Marca: Lumina | Proveedor: Distribuidora Hidalgo,2370.71,124,1,2025-08-26 00:00:00,2025-08-26 00:00:00
153,ELE-00143,Bocina Inteligente Marea Select,Categoría: Electrónica | Marca: Marea | Proveedor: Distribuidora del Norte,1264.78,86,1,2025-06-06 00:00:00,2025-06-06 00:00:00
154,CUI-00144,Secadora Iónica Prisma Prime,Categoría: Cuidado personal | Marca: Prisma | Proveedor: Distribuidora Mexicana,2048.20,330,1,2024-08-29 00:00:00,2024-08-29 00:00:00
155,OFI-00145,Mochila Ejecutiva Vitta Plus,Categoría: Oficina | Marca: Vitta | Proveedor: Distribuidora Bajío,1091.50,321,1,2025-04-20 00:00:00,2025-04-20 00:00:00
156,CUI-00146,Rasuradora Corporal Marea Pro,Categoría: Cuidado personal | Marca: Marea | Proveedor: Distribuidora Bajío,1256.11,240,1,2025-10-08 00:00:00,2025-10-08 00:00:00
157,OFI-00147,Memoria USB 32 GB Prisma Lite,Categoría: Oficina | Marca: Prisma | Proveedor: Distribuidora Bajío,477.47,236,1,2024-02-08 00:00:00,2024-02-08 00:00:00
158,OFI-00148,Cuaderno Profesional Zenit Max,Categoría: Oficina | Marca: Zenit | Proveedor: Distribuidora Bajío,3496.08,21,1,2026-07-19 00:00:00,2026-07-19 00:00:00
159,ALI-00149,Cereal con Frutos 450 g Nativa Lite,Categoría: Alimentos | Marca: Nativa | Proveedor: Distribuidora Bajío,141.77,31,1,2024-04-15 00:00:00,2024-04-15 00:00:00
160,OFI-00150,Cuaderno de Notas Altura Select,Categoría: Oficina | Marca: Altura | Proveedor: Distribuidora Mexicana,4255.26,224,1,2025-01-07 00:00:00,2025-01-07 00:00:00
161,OFI-00151,Silla con Soporte Lumbar Marea Advance,Categoría: Oficina | Marca: Marea | Proveedor: Distribuidora Metropolitana,347.31,323,1,2024-03-08 00:00:00,2024-03-08 00:00:00
162,CUI-00152,Rasuradora Corporal Terra Advance,Categoría: Cuidado personal | Marca: Terra | Proveedor: Distribuidora del Norte,2450.01,170,1,2025-08-19 00:00:00,2025-08-19 00:00:00
163,OFI-00153,Calculadora Financiera Vitta Advance,Categoría: Oficina | Marca: Vitta | Proveedor: Distribuidora Pacífico,4262.49,43,1,2025-07-26 00:00:00,2025-07-26 00:00:00
164,OFI-00154,Mochila para Laptop 15.6 Urban Lite,Categoría: Oficina | Marca: Urban | Proveedor: Distribuidora Pacífico,2192.94,185,1,2024-07-03 00:00:00,2024-07-03 00:00:00
165,OFI-00155,Silla Ejecutiva Brava Pro,Categoría: Oficina | Marca: Brava | Proveedor: Distribuidora del Norte,959.09,151,1,2025-06-03 00:00:00,2025-06-03 00:00:00
166,ALI-00156,Galletas de Avena 300 g Marea Advance,Categoría: Alimentos | Marca: Marea | Proveedor: Distribuidora Mexicana,126.43,192,1,2024-06-15 00:00:00,2024-06-15 00:00:00
167,ALI-00157,Galletas de Avena 300 g Cobalto Essential,Categoría: Alimentos | Marca: Cobalto | Proveedor: Distribuidora Nova,343.00,346,1,2025-03-30 00:00:00,2025-03-30 00:00:00
168,ALI-00158,Aceite de Oliva 500 ml Brava Classic,Categoría: Alimentos | Marca: Brava | Proveedor: Distribuidora Nova,772.37,240,1,2025-01-11 00:00:00,2025-01-11 00:00:00
169,CUI-00159,Rasuradora de Precisión Kairo Eco,Categoría: Cuidado personal | Marca: Kairo | Proveedor: Distribuidora Mexicana,1430.01,214,1,2026-04-16 00:00:00,2026-04-16 00:00:00
170,CUI-00160,Crema Corporal con Aloe 500 ml Altura Max,Categoría: Cuidado personal | Marca: Altura | Proveedor: Distribuidora del Norte,2452.32,283,1,2025-12-29 00:00:00,2025-12-29 00:00:00
171,ELE-00161,Mouse Inalámbrico Nexo Classic,Categoría: Electrónica | Marca: Nexo | Proveedor: Distribuidora Mexicana,1654.22,262,1,2026-04-30 00:00:00,2026-04-30 00:00:00
172,HOG-00162,Juego de Toallas 6 Piezas Nova Eco,Categoría: Hogar | Marca: Nova | Proveedor: Distribuidora Metropolitana,207.88,257,1,2024-08-29 00:00:00,2024-08-29 00:00:00
173,ELE-00163,Mouse Ergonómico Nova Prime,Categoría: Electrónica | Marca: Nova | Proveedor: Distribuidora Metropolitana,3267.27,332,1,2026-03-21 00:00:00,2026-03-21 00:00:00
174,ELE-00164,Mouse Óptico Vitta Max,Categoría: Electrónica | Marca: Vitta | Proveedor: Distribuidora del Norte,1651.81,2,1,2024-01-20 00:00:00,2024-01-20 00:00:00
175,HOG-00165,Termo Térmico Orion Classic,Categoría: Hogar | Marca: Orion | Proveedor: Distribuidora Central,654.09,62,1,2024-09-01 00:00:00,2024-09-01 00:00:00
176,CUI-00166,Rasuradora Recargable Orion Max,Categoría: Cuidado personal | Marca: Orion | Proveedor: Distribuidora Nova,1688.42,8,1,2026-01-05 00:00:00,2026-01-05 00:00:00
177,DEP-00167,Botella Deportiva con Popote Brava Advance,Categoría: Deportes | Marca: Brava | Proveedor: Distribuidora del Norte,1301.21,340,1,2025-06-20 00:00:00,2025-06-20 00:00:00
178,ELE-00168,Cargador USB-C 20W Zenit Max,Categoría: Electrónica | Marca: Zenit | Proveedor: Distribuidora Metropolitana,294.84,198,1,2024-09-16 00:00:00,2024-09-16 00:00:00
179,OFI-00169,Cuaderno Pasta Dura Brava Plus,Categoría: Oficina | Marca: Brava | Proveedor: Distribuidora Mexicana,4636.23,170,1,2024-02-15 00:00:00,2024-02-15 00:00:00
180,OFI-00170,Mochila Impermeable Nativa Pro,Categoría: Oficina | Marca: Nativa | Proveedor: Distribuidora Bajío,4874.77,32,1,2024-02-07 00:00:00,2024-02-07 00:00:00
181,ELE-00171,Teclado Mecánico Marea Classic,Categoría: Electrónica | Marca: Marea | Proveedor: Distribuidora Bajío,1875.54,278,0,2024-09-16 00:00:00,2024-09-16 00:00:00
182,ALI-00172,Cereal con Frutos 450 g Prisma Essential,Categoría: Alimentos | Marca: Prisma | Proveedor: Distribuidora Pacífico,695.13,169,1,2024-05-07 00:00:00,2024-05-07 00:00:00
183,DEP-00173,Balón Entrenamiento Zenit Prime,Categoría: Deportes | Marca: Zenit | Proveedor: Distribuidora Bajío,2922.54,254,1,2025-01-11 00:00:00,2025-01-11 00:00:00
184,CUI-00174,Cepillo Dental Suave Urban Plus,Categoría: Cuidado personal | Marca: Urban | Proveedor: Distribuidora Pacífico,1230.89,92,1,2024-11-24 00:00:00,2024-11-24 00:00:00
185,OFI-00175,Calculadora Básica Cobalto Advance,Categoría: Oficina | Marca: Cobalto | Proveedor: Distribuidora Bajío,4315.14,85,1,2024-12-25 00:00:00,2024-12-25 00:00:00
186,ALI-00176,Pasta Fusilli 500 g Urban Classic,Categoría: Alimentos | Marca: Urban | Proveedor: Distribuidora del Norte,519.95,29,1,2025-11-18 00:00:00,2025-11-18 00:00:00
187,OFI-00177,Memoria USB 64 GB Nova Pro,Categoría: Oficina | Marca: Nova | Proveedor: Distribuidora Bajío,5096.46,347,1,2024-02-05 00:00:00,2024-02-05 00:00:00
188,HOG-00178,Sartén Antiadherente 28 cm Zenit Advance,Categoría: Hogar | Marca: Zenit | Proveedor: Distribuidora Bajío,157.37,78,1,2026-08-29 00:00:00,2026-08-29 00:00:00
189,DEP-00179,Botella Deportiva 1 L Prisma Eco,Categoría: Deportes | Marca: Prisma | Proveedor: Distribuidora Nova,1003.86,142,0,2024-04-26 00:00:00,2024-04-26 00:00:00
190,HOG-00180,Juego de Toallas Microfibra Orion Classic,Categoría: Hogar | Marca: Orion | Proveedor: Distribuidora Nova,1954.41,228,1,2025-09-18 00:00:00,2025-09-18 00:00:00
191,DEP-00181,Tapete de Yoga 6 mm Vitta Plus,Categoría: Deportes | Marca: Vitta | Proveedor: Distribuidora del Norte,1404.44,227,1,2026-04-09 00:00:00,2026-04-09 00:00:00
192,OFI-00182,Calculadora Científica Kairo Classic,Categoría: Oficina | Marca: Kairo | Proveedor: Distribuidora Mexicana,5112.52,326,1,2026-03-23 00:00:00,2026-03-23 00:00:00
193,HOG-00183,Lámpara LED Vitta Select,Categoría: Hogar | Marca: Vitta | Proveedor: Distribuidora Metropolitana,1991.70,13,1,2025-07-21 00:00:00,2025-07-21 00:00:00
194,DEP-00184,Guantes de Ciclismo Lumina Plus,Categoría: Deportes | Marca: Lumina | Proveedor: Distribuidora Hidalgo,989.04,245,1,2026-02-26 00:00:00,2026-02-26 00:00:00
195,CUI-00185,Shampoo Hidratante 750 ml Marea Plus,Categoría: Cuidado personal | Marca: Marea | Proveedor: Distribuidora Metropolitana,1284.23,348,1,2024-05-11 00:00:00,2024-05-11 00:00:00
196,CUI-00186,Secadora Iónica Vitta Eco,Categoría: Cuidado personal | Marca: Vitta | Proveedor: Distribuidora del Norte,1429.89,28,1,2025-06-14 00:00:00,2025-06-14 00:00:00
197,HOG-00187,Organizador Multiusos Brava Prime,Categoría: Hogar | Marca: Brava | Proveedor: Distribuidora Pacífico,2371.91,265,1,2026-05-16 00:00:00,2026-05-16 00:00:00
198,HOG-00188,Termo de Acero Inoxidable Vitta Classic,Categoría: Hogar | Marca: Vitta | Proveedor: Distribuidora Mexicana,1565.92,47,1,2025-08-29 00:00:00,2025-08-29 00:00:00
199,HOG-00189,Organizador Multiusos Altura Essential,Categoría: Hogar | Marca: Altura | Proveedor: Distribuidora Pacífico,275.56,328,1,2025-10-28 00:00:00,2025-10-28 00:00:00
200,CUI-00190,Rasuradora Recargable Nativa Lite,Categoría: Cuidado personal | Marca: Nativa | Proveedor: Distribuidora Bajío,842.76,154,1,2024-09-07 00:00:00,2024-09-07 00:00:00
201,ALI-00191,Aceite de Aguacate 500 ml Cobalto Plus,Categoría: Alimentos | Marca: Cobalto | Proveedor: Distribuidora Bajío,557.99,80,1,2025-03-01 00:00:00,2025-03-01 00:00:00
202,HOG-00192,Sartén de Acero 26 cm Vitta Prime,Categoría: Hogar | Marca: Vitta | Proveedor: Distribuidora Metropolitana,2163.79,163,1,2025-02-12 00:00:00,2025-02-12 00:00:00
203,OFI-00193,Memoria USB 32 GB Marea Select,Categoría: Oficina | Marca: Marea | Proveedor: Distribuidora Bajío,2817.04,136,1,2024-09-10 00:00:00,2024-09-10 00:00:00
204,ELE-00194,Mouse Óptico Urban Select,Categoría: Electrónica | Marca: Urban | Proveedor: Distribuidora Metropolitana,3374.00,81,1,2026-08-14 00:00:00,2026-08-14 00:00:00
205,OFI-00195,Mochila Ejecutiva Nativa Lite,Categoría: Oficina | Marca: Nativa | Proveedor: Distribuidora Bajío,2819.09,157,1,2024-01-24 00:00:00,2024-01-24 00:00:00
206,DEP-00196,Guantes con Muñequera Brava Select,Categoría: Deportes | Marca: Brava | Proveedor: Distribuidora Central,1786.53,24,1,2024-10-15 00:00:00,2024-10-15 00:00:00
207,ALI-00197,Aceite de Aguacate 500 ml Nova Plus,Categoría: Alimentos | Marca: Nova | Proveedor: Distribuidora Metropolitana,358.54,135,1,2026-02-21 00:00:00,2026-02-21 00:00:00
208,ELE-00198,Bocina Bluetooth Aurea Prime,Categoría: Electrónica | Marca: Aurea | Proveedor: Distribuidora Hidalgo,2002.30,37,1,2025-05-31 00:00:00,2025-05-31 00:00:00
209,CUI-00199,Cepillo Dental Suave Vitta Plus,Categoría: Cuidado personal | Marca: Vitta | Proveedor: Distribuidora Metropolitana,1129.81,173,1,2026-02-12 00:00:00,2026-02-12 00:00:00
210,CUI-00200,Secadora Profesional Altura Essential,Categoría: Cuidado personal | Marca: Altura | Proveedor: Distribuidora Bajío,152.17,170,1,2025-06-15 00:00:00,2025-06-15 00:00:00
211,CUI-00201,Secadora Iónica Marea Advance,Categoría: Cuidado personal | Marca: Marea | Proveedor: Distribuidora Pacífico,922.23,201,1,2025-08-30 00:00:00,2025-08-30 00:00:00
212,CUI-00202,Secadora Profesional Kairo Max,Categoría: Cuidado personal | Marca: Kairo | Proveedor: Distribuidora Metropolitana,2291.57,188,1,2025-11-20 00:00:00,2025-11-20 00:00:00
213,DEP-00203,Guantes Deportivos Nova Advance,Categoría: Deportes | Marca: Nova | Proveedor: Distribuidora Nova,1470.06,335,1,2026-01-08 00:00:00,2026-01-08 00:00:00
214,DEP-00204,Tapete de Yoga con Correa Vitta Select,Categoría: Deportes | Marca: Vitta | Proveedor: Distribuidora Nova,180.87,56,1,2024-01-20 00:00:00,2024-01-20 00:00:00
215,DEP-00205,Tapete de Yoga con Correa Aurea Eco,Categoría: Deportes | Marca: Aurea | Proveedor: Distribuidora Bajío,1549.29,313,1,2026-06-12 00:00:00,2026-06-12 00:00:00
216,ALI-00206,Café en Grano 1 kg Aurea Lite,Categoría: Alimentos | Marca: Aurea | Proveedor: Distribuidora Bajío,276.59,339,1,2025-06-22 00:00:00,2025-06-22 00:00:00
217,HOG-00207,Juego de Toallas 6 Piezas Prisma Classic,Categoría: Hogar | Marca: Prisma | Proveedor: Distribuidora Nova,1555.39,98,1,2024-10-12 00:00:00,2024-10-12 00:00:00
218,HOG-00208,Sartén Antiadherente 28 cm Aurea Max,Categoría: Hogar | Marca: Aurea | Proveedor: Distribuidora Pacífico,846.24,178,1,2024-10-21 00:00:00,2024-10-21 00:00:00
219,ALI-00209,Galletas Integrales 350 g Zenit Prime,Categoría: Alimentos | Marca: Zenit | Proveedor: Distribuidora Pacífico,763.87,74,1,2024-02-13 00:00:00,2024-02-13 00:00:00
220,ALI-00210,Café Americano 500 g Cobalto Classic,Categoría: Alimentos | Marca: Cobalto | Proveedor: Distribuidora Nova,603.44,109,1,2026-04-27 00:00:00,2026-04-27 00:00:00
221,CUI-00211,Cepillo Dental Medio Orion Advance,Categoría: Cuidado personal | Marca: Orion | Proveedor: Distribuidora Nova,2085.41,122,1,2024-02-21 00:00:00,2024-02-21 00:00:00
222,CUI-00212,Crema Corporal Nutritiva 400 ml Brava Essential,Categoría: Cuidado personal | Marca: Brava | Proveedor: Distribuidora Bajío,320.95,169,1,2024-04-12 00:00:00,2024-04-12 00:00:00
223,HOG-00213,Lámpara LED Urban Max,Categoría: Hogar | Marca: Urban | Proveedor: Distribuidora Pacífico,1234.43,102,1,2024-11-24 00:00:00,2024-11-24 00:00:00
224,ELE-00214,Audífonos Inalámbricos Altura Pro,Categoría: Electrónica | Marca: Altura | Proveedor: Distribuidora Central,1548.91,90,1,2026-05-06 00:00:00,2026-05-06 00:00:00
225,DEP-00215,Tapete de Yoga Antideslizante Altura Essential,Categoría: Deportes | Marca: Altura | Proveedor: Distribuidora del Norte,957.32,308,1,2026-08-08 00:00:00,2026-08-08 00:00:00
226,OFI-00216,Silla con Soporte Lumbar Vitta Lite,Categoría: Oficina | Marca: Vitta | Proveedor: Distribuidora del Norte,2826.28,98,1,2024-12-04 00:00:00,2024-12-04 00:00:00
227,DEP-00217,Mancuerna 10 kg Nova Prime,Categoría: Deportes | Marca: Nova | Proveedor: Distribuidora Nova,2390.13,290,1,2024-06-28 00:00:00,2024-06-28 00:00:00
228,ALI-00218,Aceite de Aguacate 500 ml Marea Plus,Categoría: Alimentos | Marca: Marea | Proveedor: Distribuidora Mexicana,335.24,48,1,2024-05-23 00:00:00,2024-05-23 00:00:00
229,HOG-00219,Lámpara de Noche Zenit Select,Categoría: Hogar | Marca: Zenit | Proveedor: Distribuidora Metropolitana,1160.10,136,1,2024-11-05 00:00:00,2024-11-05 00:00:00
230,CUI-00220,Shampoo Anticaspa 650 ml Prisma Select,Categoría: Cuidado personal | Marca: Prisma | Proveedor: Distribuidora Bajío,216.09,60,1,2024-11-10 00:00:00,2024-11-10 00:00:00
231,ALI-00221,Galletas con Chocolate 300 g Kairo Plus,Categoría: Alimentos | Marca: Kairo | Proveedor: Distribuidora Metropolitana,519.36,151,1,2025-09-21 00:00:00,2025-09-21 00:00:00
232,HOG-00222,Juego de Toallas 4 Piezas Cobalto Advance,Categoría: Hogar | Marca: Cobalto | Proveedor: Distribuidora Bajío,983.17,281,1,2026-02-14 00:00:00,2026-02-14 00:00:00
233,ALI-00223,Cereal Integral 500 g Lumina Lite,Categoría: Alimentos | Marca: Lumina | Proveedor: Distribuidora del Norte,370.78,185,1,2026-07-28 00:00:00,2026-07-28 00:00:00
234,ELE-00224,Cargador USB-C 45W Vitta Pro,Categoría: Electrónica | Marca: Vitta | Proveedor: Distribuidora Bajío,1248.19,266,1,2024-04-29 00:00:00,2024-04-29 00:00:00
235,ALI-00225,Galletas Integrales 350 g Lumina Lite,Categoría: Alimentos | Marca: Lumina | Proveedor: Distribuidora Bajío,369.80,28,1,2024-05-15 00:00:00,2024-05-15 00:00:00
236,DEP-00226,Guantes de Gimnasio Cobalto Classic,Categoría: Deportes | Marca: Cobalto | Proveedor: Distribuidora Pacífico,2193.75,202,0,2026-04-16 00:00:00,2026-04-16 00:00:00
237,HOG-00227,Termo 500 ml Altura Eco,Categoría: Hogar | Marca: Altura | Proveedor: Distribuidora Central,912.76,32,1,2026-08-15 00:00:00,2026-08-15 00:00:00
238,DEP-00228,Botella Deportiva con Popote Urban Pro,Categoría: Deportes | Marca: Urban | Proveedor: Distribuidora Hidalgo,2326.71,328,1,2025-01-18 00:00:00,2025-01-18 00:00:00
239,DEP-00229,Balón Entrenamiento Zenit Plus,Categoría: Deportes | Marca: Zenit | Proveedor: Distribuidora Mexicana,2075.75,338,1,2025-10-31 00:00:00,2025-10-31 00:00:00
240,ELE-00230,Teclado RGB Vitta Select,Categoría: Electrónica | Marca: Vitta | Proveedor: Distribuidora Pacífico,2945.65,11,1,2025-04-19 00:00:00,2025-04-19 00:00:00
241,CUI-00231,Rasuradora de Precisión Brava Select,Categoría: Cuidado personal | Marca: Brava | Proveedor: Distribuidora Pacífico,1313.56,79,1,2024-07-12 00:00:00,2024-07-12 00:00:00
242,ALI-00232,Café Molido 500 g Urban Advance,Categoría: Alimentos | Marca: Urban | Proveedor: Distribuidora Nova,617.93,8,1,2024-07-30 00:00:00,2024-07-30 00:00:00
243,CUI-00233,Shampoo Anticaspa 650 ml Altura Select,Categoría: Cuidado personal | Marca: Altura | Proveedor: Distribuidora Bajío,2084.45,205,1,2024-08-27 00:00:00,2024-08-27 00:00:00
244,ELE-00234,Teclado Compacto Brava Advance,Categoría: Electrónica | Marca: Brava | Proveedor: Distribuidora Metropolitana,1217.33,306,1,2024-08-30 00:00:00,2024-08-30 00:00:00
245,HOG-00235,Termo 750 ml Urban Classic,Categoría: Hogar | Marca: Urban | Proveedor: Distribuidora Mexicana,744.87,285,1,2025-10-03 00:00:00,2025-10-03 00:00:00
246,CUI-00236,Rasuradora Recargable Prisma Eco,Categoría: Cuidado personal | Marca: Prisma | Proveedor: Distribuidora Hidalgo,2209.11,163,1,2025-02-22 00:00:00,2025-02-22 00:00:00
247,DEP-00237,Tapete de Yoga con Correa Brava Select,Categoría: Deportes | Marca: Brava | Proveedor: Distribuidora Bajío,964.14,73,1,2026-07-25 00:00:00,2026-07-25 00:00:00
248,DEP-00238,Balón de Básquetbol Zenit Select,Categoría: Deportes | Marca: Zenit | Proveedor: Distribuidora del Norte,831.04,169,1,2026-08-02 00:00:00,2026-08-02 00:00:00
249,OFI-00239,Cuaderno de Notas Altura Classic,Categoría: Oficina | Marca: Altura | Proveedor: Distribuidora Central,2284.43,309,1,2026-06-13 00:00:00,2026-06-13 00:00:00
250,CUI-00240,Secadora Iónica Nativa Select,Categoría: Cuidado personal | Marca: Nativa | Proveedor: Distribuidora Pacífico,2439.53,170,1,2026-09-06 00:00:00,2026-09-06 00:00:00
251,HOG-00241,Organizador de Cocina Nativa Select,Categoría: Hogar | Marca: Nativa | Proveedor: Distribuidora Hidalgo,1762.42,104,1,2026-07-26 00:00:00,2026-07-26 00:00:00
252,OFI-00242,Calculadora Financiera Cobalto Lite,Categoría: Oficina | Marca: Cobalto | Proveedor: Distribuidora Pacífico,3903.97,157,1,2025-01-03 00:00:00,2025-01-03 00:00:00
253,DEP-00243,Balón de Fútbol Nativa Prime,Categoría: Deportes | Marca: Nativa | Proveedor: Distribuidora Metropolitana,2749.70,189,0,2025-02-27 00:00:00,2025-02-27 00:00:00
254,HOG-00244,Organizador de Cocina Terra Lite,Categoría: Hogar | Marca: Terra | Proveedor: Distribuidora Hidalgo,2341.11,296,1,2024-10-29 00:00:00,2024-10-29 00:00:00
255,OFI-00245,Mochila Impermeable Brava Max,Categoría: Oficina | Marca: Brava | Proveedor: Distribuidora Metropolitana,3319.03,350,1,2024-09-20 00:00:00,2024-09-20 00:00:00
256,DEP-00246,Balón Entrenamiento Nexo Prime,Categoría: Deportes | Marca: Nexo | Proveedor: Distribuidora Bajío,581.56,279,1,2024-07-07 00:00:00,2024-07-07 00:00:00
257,CUI-00247,Shampoo Reparador 700 ml Altura Plus,Categoría: Cuidado personal | Marca: Altura | Proveedor: Distribuidora Central,2648.05,342,0,2026-02-21 00:00:00,2026-02-21 00:00:00
258,HOG-00248,Organizador de Cocina Vitta Essential,Categoría: Hogar | Marca: Vitta | Proveedor: Distribuidora Metropolitana,608.30,233,1,2024-03-02 00:00:00,2024-03-02 00:00:00
259,ALI-00249,Galletas Integrales 350 g Nativa Essential,Categoría: Alimentos | Marca: Nativa | Proveedor: Distribuidora Hidalgo,30.12,282,0,2024-01-13 00:00:00,2024-01-13 00:00:00
260,ALI-00250,Pasta Fusilli 500 g Kairo Essential,Categoría: Alimentos | Marca: Kairo | Proveedor: Distribuidora Hidalgo,413.72,345,1,2026-04-05 00:00:00,2026-04-05 00:00:00
261,HOG-00251,Lámpara de Escritorio Vitta Select,Categoría: Hogar | Marca: Vitta | Proveedor: Distribuidora Pacífico,543.48,269,1,2026-04-14 00:00:00,2026-04-14 00:00:00
262,DEP-00252,Botella Deportiva con Popote Zenit Max,Categoría: Deportes | Marca: Zenit | Proveedor: Distribuidora Pacífico,1733.16,115,1,2025-12-01 00:00:00,2025-12-01 00:00:00
263,ELE-00253,Webcam Full HD Lumina Eco,Categoría: Electrónica | Marca: Lumina | Proveedor: Distribuidora Bajío,1419.53,282,1,2024-02-27 00:00:00,2024-02-27 00:00:00
264,ALI-00254,Cereal Integral 500 g Nativa Eco,Categoría: Alimentos | Marca: Nativa | Proveedor: Distribuidora del Norte,524.16,169,1,2026-07-05 00:00:00,2026-07-05 00:00:00
265,ELE-00255,Teclado Inalámbrico Nativa Classic,Categoría: Electrónica | Marca: Nativa | Proveedor: Distribuidora Pacífico,304.98,38,1,2026-07-09 00:00:00,2026-07-09 00:00:00
266,ALI-00256,Café en Grano 1 kg Marea Essential,Categoría: Alimentos | Marca: Marea | Proveedor: Distribuidora Mexicana,769.18,300,1,2026-02-09 00:00:00,2026-02-09 00:00:00
267,DEP-00257,Botella Deportiva con Popote Nexo Advance,Categoría: Deportes | Marca: Nexo | Proveedor: Distribuidora Metropolitana,788.77,199,1,2025-01-28 00:00:00,2025-01-28 00:00:00
268,HOG-00258,Lámpara de Noche Altura Plus,Categoría: Hogar | Marca: Altura | Proveedor: Distribuidora Metropolitana,1136.75,38,1,2025-09-11 00:00:00,2025-09-11 00:00:00
269,CUI-00259,Rasuradora Corporal Nova Classic,Categoría: Cuidado personal | Marca: Nova | Proveedor: Distribuidora Bajío,2202.89,230,1,2024-08-21 00:00:00,2024-08-21 00:00:00
270,DEP-00260,Balón de Básquetbol Zenit Plus,Categoría: Deportes | Marca: Zenit | Proveedor: Distribuidora Nova,2336.01,151,1,2025-12-31 00:00:00,2025-12-31 00:00:00
271,OFI-00261,Mochila Impermeable Vitta Eco,Categoría: Oficina | Marca: Vitta | Proveedor: Distribuidora del Norte,1923.67,54,1,2024-01-06 00:00:00,2024-01-06 00:00:00
272,DEP-00262,Mancuerna Ajustable Orion Pro,Categoría: Deportes | Marca: Orion | Proveedor: Distribuidora Bajío,343.03,220,1,2025-07-24 00:00:00,2025-07-24 00:00:00
273,DEP-00263,Botella Deportiva 750 ml Lumina Prime,Categoría: Deportes | Marca: Lumina | Proveedor: Distribuidora Metropolitana,1701.78,305,1,2026-06-03 00:00:00,2026-06-03 00:00:00
274,OFI-00264,Silla con Soporte Lumbar Lumina Lite,Categoría: Oficina | Marca: Lumina | Proveedor: Distribuidora Mexicana,5433.66,124,1,2025-12-02 00:00:00,2025-12-02 00:00:00
275,HOG-00265,Sartén Antiadherente 28 cm Terra Max,Categoría: Hogar | Marca: Terra | Proveedor: Distribuidora Hidalgo,432.16,85,1,2024-10-09 00:00:00,2024-10-09 00:00:00
276,DEP-00266,Botella Deportiva con Popote Terra Select,Categoría: Deportes | Marca: Terra | Proveedor: Distribuidora Nova,2186.82,253,1,2025-04-13 00:00:00,2025-04-13 00:00:00
277,OFI-00267,Cuaderno Cuadriculado Marea Advance,Categoría: Oficina | Marca: Marea | Proveedor: Distribuidora Bajío,2300.66,168,1,2024-12-08 00:00:00,2024-12-08 00:00:00
278,ALI-00268,Galletas de Avena 300 g Kairo Prime,Categoría: Alimentos | Marca: Kairo | Proveedor: Distribuidora Bajío,491.89,102,1,2024-11-17 00:00:00,2024-11-17 00:00:00
279,DEP-00269,Mancuerna Ajustable Nativa Advance,Categoría: Deportes | Marca: Nativa | Proveedor: Distribuidora Hidalgo,2364.55,166,1,2024-10-14 00:00:00,2024-10-14 00:00:00
280,DEP-00270,Mancuerna 5 kg Aurea Advance,Categoría: Deportes | Marca: Aurea | Proveedor: Distribuidora Central,2991.04,92,1,2026-09-02 00:00:00,2026-09-02 00:00:00
281,ALI-00271,Cereal con Frutos 450 g Kairo Plus,Categoría: Alimentos | Marca: Kairo | Proveedor: Distribuidora Bajío,658.88,209,1,2024-05-22 00:00:00,2024-05-22 00:00:00
282,HOG-00272,Sartén de Acero 26 cm Vitta Eco,Categoría: Hogar | Marca: Vitta | Proveedor: Distribuidora Bajío,1988.57,37,1,2025-09-04 00:00:00,2025-09-04 00:00:00
283,DEP-00273,Guantes con Muñequera Altura Prime,Categoría: Deportes | Marca: Altura | Proveedor: Distribuidora del Norte,2130.76,274,1,2024-04-21 00:00:00,2024-04-21 00:00:00
284,ALI-00274,Pasta Spaghetti 500 g Altura Advance,Categoría: Alimentos | Marca: Altura | Proveedor: Distribuidora Hidalgo,786.31,346,1,2026-02-09 00:00:00,2026-02-09 00:00:00
285,DEP-00275,Botella Deportiva 750 ml Orion Classic,Categoría: Deportes | Marca: Orion | Proveedor: Distribuidora Nova,735.02,265,1,2025-04-01 00:00:00,2025-04-01 00:00:00
286,DEP-00276,Guantes de Ciclismo Prisma Essential,Categoría: Deportes | Marca: Prisma | Proveedor: Distribuidora Hidalgo,1493.86,151,1,2026-07-31 00:00:00,2026-07-31 00:00:00
287,ELE-00277,Webcam 2K Prisma Classic,Categoría: Electrónica | Marca: Prisma | Proveedor: Distribuidora Bajío,1298.27,105,1,2024-12-22 00:00:00,2024-12-22 00:00:00
288,DEP-00278,Balón de Voleibol Lumina Classic,Categoría: Deportes | Marca: Lumina | Proveedor: Distribuidora Central,219.03,58,1,2026-05-19 00:00:00,2026-05-19 00:00:00
289,ELE-00279,Webcam 2K Brava Lite,Categoría: Electrónica | Marca: Brava | Proveedor: Distribuidora Metropolitana,733.42,81,1,2025-07-27 00:00:00,2025-07-27 00:00:00
290,DEP-00280,Tapete de Yoga con Correa Nexo Pro,Categoría: Deportes | Marca: Nexo | Proveedor: Distribuidora Hidalgo,1952.79,221,1,2024-01-30 00:00:00,2024-01-30 00:00:00
291,HOG-00281,Juego de Toallas Microfibra Zenit Essential,Categoría: Hogar | Marca: Zenit | Proveedor: Distribuidora Pacífico,1784.46,105,1,2026-02-09 00:00:00,2026-02-09 00:00:00
292,ELE-00282,Cargador USB-C 20W Nexo Prime,Categoría: Electrónica | Marca: Nexo | Proveedor: Distribuidora del Norte,1241.05,234,1,2024-09-25 00:00:00,2024-09-25 00:00:00
293,DEP-00283,Guantes Deportivos Zenit Advance,Categoría: Deportes | Marca: Zenit | Proveedor: Distribuidora Metropolitana,1231.30,58,1,2024-12-26 00:00:00,2024-12-26 00:00:00
294,CUI-00284,Crema Corporal Nutritiva 400 ml Kairo Advance,Categoría: Cuidado personal | Marca: Kairo | Proveedor: Distribuidora Mexicana,1670.32,344,1,2024-11-16 00:00:00,2024-11-16 00:00:00
295,OFI-00285,Cuaderno de Notas Prisma Pro,Categoría: Oficina | Marca: Prisma | Proveedor: Distribuidora Mexicana,3081.56,214,1,2025-08-11 00:00:00,2025-08-11 00:00:00
296,HOG-00286,Juego de Toallas 4 Piezas Nexo Max,Categoría: Hogar | Marca: Nexo | Proveedor: Distribuidora Metropolitana,777.98,95,1,2026-05-12 00:00:00,2026-05-12 00:00:00
297,ELE-00287,Mouse Inalámbrico Nativa Pro,Categoría: Electrónica | Marca: Nativa | Proveedor: Distribuidora Bajío,802.68,196,1,2025-02-22 00:00:00,2025-02-22 00:00:00
298,DEP-00288,Balón Entrenamiento Nexo Plus,Categoría: Deportes | Marca: Nexo | Proveedor: Distribuidora Pacífico,1734.31,112,1,2024-02-03 00:00:00,2024-02-03 00:00:00
299,CUI-00289,Cepillo Dental Medio Cobalto Advance,Categoría: Cuidado personal | Marca: Cobalto | Proveedor: Distribuidora del Norte,2089.90,253,1,2025-08-09 00:00:00,2025-08-09 00:00:00
300,CUI-00290,Cepillo Dental Suave Cobalto Lite,Categoría: Cuidado personal | Marca: Cobalto | Proveedor: Distribuidora del Norte,646.86,217,1,2026-01-23 00:00:00,2026-01-23 00:00:00
301,HOG-00291,Sartén Antiadherente 24 cm Cobalto Classic,Categoría: Hogar | Marca: Cobalto | Proveedor: Distribuidora Bajío,922.56,44,1,2026-06-05 00:00:00,2026-06-05 00:00:00
302,HOG-00292,Organizador Multiusos Urban Pro,Categoría: Hogar | Marca: Urban | Proveedor: Distribuidora Nova,1570.09,105,1,2026-04-04 00:00:00,2026-04-04 00:00:00
303,OFI-00293,Memoria USB 128 GB Nexo Prime,Categoría: Oficina | Marca: Nexo | Proveedor: Distribuidora Pacífico,5873.76,149,1,2025-08-09 00:00:00,2025-08-09 00:00:00
304,CUI-00294,Shampoo Hidratante 750 ml Urban Essential,Categoría: Cuidado personal | Marca: Urban | Proveedor: Distribuidora Mexicana,2778.31,335,1,2025-12-19 00:00:00,2025-12-19 00:00:00
305,HOG-00295,Organizador Multiusos Brava Eco,Categoría: Hogar | Marca: Brava | Proveedor: Distribuidora Pacífico,1263.49,295,1,2025-10-04 00:00:00,2025-10-04 00:00:00
306,DEP-00296,Botella Deportiva 750 ml Zenit Lite,Categoría: Deportes | Marca: Zenit | Proveedor: Distribuidora Bajío,2270.92,188,1,2026-08-31 00:00:00,2026-08-31 00:00:00
307,CUI-00297,Shampoo Reparador 700 ml Lumina Max,Categoría: Cuidado personal | Marca: Lumina | Proveedor: Distribuidora del Norte,1793.35,183,1,2026-03-25 00:00:00,2026-03-25 00:00:00
308,HOG-00298,Juego de Toallas 4 Piezas Nativa Classic,Categoría: Hogar | Marca: Nativa | Proveedor: Distribuidora Metropolitana,860.33,145,1,2025-07-14 00:00:00,2025-07-14 00:00:00
309,CUI-00299,Rasuradora Corporal Altura Essential,Categoría: Cuidado personal | Marca: Altura | Proveedor: Distribuidora Central,319.23,235,1,2024-05-07 00:00:00,2024-05-07 00:00:00
310,HOG-00300,Juego de Toallas Microfibra Nova Eco,Categoría: Hogar | Marca: Nova | Proveedor: Distribuidora Pacífico,568.61,67,1,2024-06-11 00:00:00,2024-06-11 00:00:00
311,OFI-00301,Cuaderno Pasta Dura Terra Plus,Categoría: Oficina | Marca: Terra | Proveedor: Distribuidora Mexicana,2252.68,332,1,2024-02-23 00:00:00,2024-02-23 00:00:00
312,OFI-00302,Mochila Impermeable Lumina Plus,Categoría: Oficina | Marca: Lumina | Proveedor: Distribuidora del Norte,41.48,244,1,2024-05-15 00:00:00,2024-05-15 00:00:00
313,CUI-00303,Rasuradora Recargable Nova Prime,Categoría: Cuidado personal | Marca: Nova | Proveedor: Distribuidora Mexicana,2295.32,216,1,2025-05-04 00:00:00,2025-05-04 00:00:00
314,DEP-00304,Botella Deportiva 750 ml Orion Prime,Categoría: Deportes | Marca: Orion | Proveedor: Distribuidora Mexicana,1158.60,153,1,2025-01-26 00:00:00,2025-01-26 00:00:00
315,HOG-00305,Organizador de Cocina Nova Advance,Categoría: Hogar | Marca: Nova | Proveedor: Distribuidora Metropolitana,1652.05,225,1,2026-01-09 00:00:00,2026-01-09 00:00:00
316,ALI-00306,Cereal con Frutos 450 g Cobalto Select,Categoría: Alimentos | Marca: Cobalto | Proveedor: Distribuidora Mexicana,92.10,51,1,2026-02-09 00:00:00,2026-02-09 00:00:00
317,ALI-00307,Aceite de Aguacate 500 ml Urban Prime,Categoría: Alimentos | Marca: Urban | Proveedor: Distribuidora Pacífico,637.29,126,1,2025-10-22 00:00:00,2025-10-22 00:00:00
318,CUI-00308,Secadora 2000 W Nova Classic,Categoría: Cuidado personal | Marca: Nova | Proveedor: Distribuidora Nova,610.80,310,1,2026-02-04 00:00:00,2026-02-04 00:00:00
319,ALI-00309,Café en Grano 1 kg Nativa Eco,Categoría: Alimentos | Marca: Nativa | Proveedor: Distribuidora del Norte,112.26,255,1,2025-06-24 00:00:00,2025-06-24 00:00:00
320,ELE-00310,Mouse Gaming Vitta Eco,Categoría: Electrónica | Marca: Vitta | Proveedor: Distribuidora Hidalgo,3032.73,291,1,2025-01-09 00:00:00,2025-01-09 00:00:00
321,HOG-00311,Juego de Toallas Algodón Nova Advance,Categoría: Hogar | Marca: Nova | Proveedor: Distribuidora Nova,242.43,134,1,2024-02-10 00:00:00,2024-02-10 00:00:00
322,DEP-00312,Guantes Deportivos Urban Eco,Categoría: Deportes | Marca: Urban | Proveedor: Distribuidora Mexicana,2131.27,42,1,2024-10-11 00:00:00,2024-10-11 00:00:00
323,ELE-00313,Cargador USB-C 45W Vitta Lite,Categoría: Electrónica | Marca: Vitta | Proveedor: Distribuidora del Norte,1243.61,300,1,2024-11-13 00:00:00,2024-11-13 00:00:00
324,ALI-00314,Cereal Integral 500 g Brava Plus,Categoría: Alimentos | Marca: Brava | Proveedor: Distribuidora Bajío,740.66,59,1,2025-09-18 00:00:00,2025-09-18 00:00:00
325,OFI-00315,Mochila para Laptop 15.6 Nova Pro,Categoría: Oficina | Marca: Nova | Proveedor: Distribuidora Bajío,4218.74,83,1,2026-09-02 00:00:00,2026-09-02 00:00:00
326,CUI-00316,Cepillo Dental Medio Prisma Pro,Categoría: Cuidado personal | Marca: Prisma | Proveedor: Distribuidora del Norte,2109.88,137,1,2026-02-28 00:00:00,2026-02-28 00:00:00
327,OFI-00317,Silla de Oficina Lumina Classic,Categoría: Oficina | Marca: Lumina | Proveedor: Distribuidora del Norte,4283.30,295,1,2025-05-23 00:00:00,2025-05-23 00:00:00
328,OFI-00318,Cuaderno Cuadriculado Nexo Prime,Categoría: Oficina | Marca: Nexo | Proveedor: Distribuidora del Norte,973.20,52,1,2024-08-21 00:00:00,2024-08-21 00:00:00
329,ELE-00319,Audífonos Bluetooth Brava Essential,Categoría: Electrónica | Marca: Brava | Proveedor: Distribuidora Mexicana,1729.41,196,1,2024-07-02 00:00:00,2024-07-02 00:00:00
330,ELE-00320,Cargador Doble Puerto Brava Prime,Categoría: Electrónica | Marca: Brava | Proveedor: Distribuidora Pacífico,980.68,163,1,2026-04-25 00:00:00,2026-04-25 00:00:00
331,OFI-00321,Cuaderno Profesional Nexo Select,Categoría: Oficina | Marca: Nexo | Proveedor: Distribuidora Hidalgo,4832.07,23,1,2024-03-11 00:00:00,2024-03-11 00:00:00
332,OFI-00322,Calculadora Básica Lumina Lite,Categoría: Oficina | Marca: Lumina | Proveedor: Distribuidora Nova,2759.03,188,1,2024-10-25 00:00:00,2024-10-25 00:00:00
333,OFI-00323,Memoria USB 64 GB Cobalto Prime,Categoría: Oficina | Marca: Cobalto | Proveedor: Distribuidora Nova,3563.84,252,1,2026-01-20 00:00:00,2026-01-20 00:00:00
334,HOG-00324,Organizador de Cocina Urban Essential,Categoría: Hogar | Marca: Urban | Proveedor: Distribuidora Central,642.85,177,1,2026-08-31 00:00:00,2026-08-31 00:00:00
335,ALI-00325,Aceite Vegetal 1 L Kairo Plus,Categoría: Alimentos | Marca: Kairo | Proveedor: Distribuidora Hidalgo,183.82,121,1,2025-05-18 00:00:00,2025-05-18 00:00:00
336,HOG-00326,Sartén Antiadherente 24 cm Altura Select,Categoría: Hogar | Marca: Altura | Proveedor: Distribuidora Hidalgo,2250.44,266,1,2025-12-18 00:00:00,2025-12-18 00:00:00
337,DEP-00327,Botella Deportiva 750 ml Vitta Eco,Categoría: Deportes | Marca: Vitta | Proveedor: Distribuidora Central,306.76,290,1,2025-03-21 00:00:00,2025-03-21 00:00:00
338,HOG-00328,Organizador Multiusos Terra Prime,Categoría: Hogar | Marca: Terra | Proveedor: Distribuidora Metropolitana,2320.02,201,1,2024-11-21 00:00:00,2024-11-21 00:00:00
339,HOG-00329,Lámpara LED Vitta Advance,Categoría: Hogar | Marca: Vitta | Proveedor: Distribuidora Mexicana,342.71,54,1,2025-04-05 00:00:00,2025-04-05 00:00:00
340,DEP-00330,Botella Deportiva con Popote Aurea Max,Categoría: Deportes | Marca: Aurea | Proveedor: Distribuidora del Norte,986.18,135,1,2024-04-02 00:00:00,2024-04-02 00:00:00
341,ALI-00331,Pasta Fusilli 500 g Altura Select,Categoría: Alimentos | Marca: Altura | Proveedor: Distribuidora Mexicana,672.01,167,1,2024-04-03 00:00:00,2024-04-03 00:00:00
342,OFI-00332,Silla Ergonómica Kairo Classic,Categoría: Oficina | Marca: Kairo | Proveedor: Distribuidora Central,4926.01,89,1,2026-09-01 00:00:00,2026-09-01 00:00:00
343,DEP-00333,Guantes de Ciclismo Orion Max,Categoría: Deportes | Marca: Orion | Proveedor: Distribuidora del Norte,385.55,71,1,2024-01-13 00:00:00,2024-01-13 00:00:00
344,HOG-00334,Organizador de Escritorio Zenit Prime,Categoría: Hogar | Marca: Zenit | Proveedor: Distribuidora del Norte,1739.81,330,1,2025-08-19 00:00:00,2025-08-19 00:00:00
345,ELE-00335,Audífonos Bluetooth Aurea Max,Categoría: Electrónica | Marca: Aurea | Proveedor: Distribuidora Metropolitana,2860.15,47,0,2024-05-05 00:00:00,2024-05-05 00:00:00
346,DEP-00336,Botella Deportiva 1 L Urban Eco,Categoría: Deportes | Marca: Urban | Proveedor: Distribuidora Hidalgo,1532.73,195,1,2024-06-25 00:00:00,2024-06-25 00:00:00
347,HOG-00337,Sartén Antiadherente 28 cm Cobalto Pro,Categoría: Hogar | Marca: Cobalto | Proveedor: Distribuidora Nova,162.85,317,1,2025-10-24 00:00:00,2025-10-24 00:00:00
348,DEP-00338,Guantes con Muñequera Altura Plus,Categoría: Deportes | Marca: Altura | Proveedor: Distribuidora Hidalgo,903.15,70,1,2024-07-23 00:00:00,2024-07-23 00:00:00
349,CUI-00339,Crema Corporal Nutritiva 400 ml Nova Eco,Categoría: Cuidado personal | Marca: Nova | Proveedor: Distribuidora Bajío,2198.40,183,1,2025-07-11 00:00:00,2025-07-11 00:00:00
350,OFI-00340,Memoria USB 128 GB Zenit Classic,Categoría: Oficina | Marca: Zenit | Proveedor: Distribuidora Nova,1107.42,163,1,2024-01-31 00:00:00,2024-01-31 00:00:00
351,OFI-00341,Cuaderno Cuadriculado Prisma Advance,Categoría: Oficina | Marca: Prisma | Proveedor: Distribuidora del Norte,5996.65,81,1,2024-09-10 00:00:00,2024-09-10 00:00:00
352,OFI-00342,Memoria USB 32 GB Brava Advance,Categoría: Oficina | Marca: Brava | Proveedor: Distribuidora Metropolitana,5083.56,198,1,2026-08-15 00:00:00,2026-08-15 00:00:00
353,HOG-00343,Organizador de Escritorio Marea Prime,Categoría: Hogar | Marca: Marea | Proveedor: Distribuidora Metropolitana,2290.83,14,1,2026-08-28 00:00:00,2026-08-28 00:00:00
354,HOG-00344,Termo 750 ml Nativa Lite,Categoría: Hogar | Marca: Nativa | Proveedor: Distribuidora Central,826.91,251,1,2024-04-02 00:00:00,2024-04-02 00:00:00
355,CUI-00345,Crema Corporal Hidratante 400 ml Nativa Essential,Categoría: Cuidado personal | Marca: Nativa | Proveedor: Distribuidora Nova,958.60,314,1,2026-04-05 00:00:00,2026-04-05 00:00:00
356,ALI-00346,Cereal con Frutos 450 g Altura Essential,Categoría: Alimentos | Marca: Altura | Proveedor: Distribuidora del Norte,139.33,72,1,2026-05-16 00:00:00,2026-05-16 00:00:00
357,OFI-00347,Cuaderno Pasta Dura Zenit Advance,Categoría: Oficina | Marca: Zenit | Proveedor: Distribuidora Metropolitana,637.56,154,1,2024-05-19 00:00:00,2024-05-19 00:00:00
358,ALI-00348,Aceite Vegetal 1 L Nativa Prime,Categoría: Alimentos | Marca: Nativa | Proveedor: Distribuidora Metropolitana,159.83,287,1,2024-08-16 00:00:00,2024-08-16 00:00:00
359,HOG-00349,Juego de Toallas 6 Piezas Kairo Pro,Categoría: Hogar | Marca: Kairo | Proveedor: Distribuidora Hidalgo,509.05,0,1,2026-05-21 00:00:00,2026-05-21 00:00:00
360,CUI-00350,Shampoo Hidratante 750 ml Marea Advance,Categoría: Cuidado personal | Marca: Marea | Proveedor: Distribuidora del Norte,653.35,289,1,2026-08-17 00:00:00,2026-08-17 00:00:00
361,OFI-00351,Cuaderno de Notas Prisma Prime,Categoría: Oficina | Marca: Prisma | Proveedor: Distribuidora Metropolitana,1036.28,45,0,2025-04-02 00:00:00,2025-04-02 00:00:00
362,HOG-00352,Organizador de Cocina Prisma Classic,Categoría: Hogar | Marca: Prisma | Proveedor: Distribuidora Central,1983.59,0,1,2025-01-30 00:00:00,2025-01-30 00:00:00
363,DEP-00353,Tapete de Yoga con Correa Nativa Eco,Categoría: Deportes | Marca: Nativa | Proveedor: Distribuidora del Norte,1111.08,192,1,2026-04-28 00:00:00,2026-04-28 00:00:00
364,CUI-00354,Crema Corporal Hidratante 400 ml Cobalto Plus,Categoría: Cuidado personal | Marca: Cobalto | Proveedor: Distribuidora Pacífico,2245.98,17,1,2024-01-21 00:00:00,2024-01-21 00:00:00
365,ELE-00355,Audífonos USB-C Nexo Eco,Categoría: Electrónica | Marca: Nexo | Proveedor: Distribuidora del Norte,688.03,38,1,2024-12-12 00:00:00,2024-12-12 00:00:00
366,CUI-00356,Rasuradora Recargable Urban Pro,Categoría: Cuidado personal | Marca: Urban | Proveedor: Distribuidora Mexicana,1717.55,222,1,2024-02-24 00:00:00,2024-02-24 00:00:00
367,HOG-00357,Organizador de Baño Terra Classic,Categoría: Hogar | Marca: Terra | Proveedor: Distribuidora Central,798.71,49,1,2025-02-06 00:00:00,2025-02-06 00:00:00
368,DEP-00358,Tapete de Yoga 6 mm Prisma Essential,Categoría: Deportes | Marca: Prisma | Proveedor: Distribuidora Bajío,1333.33,150,1,2024-07-23 00:00:00,2024-07-23 00:00:00
369,HOG-00359,Organizador Multiusos Lumina Max,Categoría: Hogar | Marca: Lumina | Proveedor: Distribuidora Hidalgo,2120.92,157,1,2025-04-27 00:00:00,2025-04-27 00:00:00
370,ALI-00360,Pasta Spaghetti 500 g Zenit Pro,Categoría: Alimentos | Marca: Zenit | Proveedor: Distribuidora Metropolitana,312.17,195,1,2024-07-10 00:00:00,2024-07-10 00:00:00
371,OFI-00361,Silla con Soporte Lumbar Terra Select,Categoría: Oficina | Marca: Terra | Proveedor: Distribuidora Central,5027.34,288,1,2024-06-03 00:00:00,2024-06-03 00:00:00
372,ALI-00362,Café Molido 500 g Prisma Lite,Categoría: Alimentos | Marca: Prisma | Proveedor: Distribuidora Nova,345.43,301,1,2025-07-20 00:00:00,2025-07-20 00:00:00
373,DEP-00363,Guantes con Muñequera Nativa Advance,Categoría: Deportes | Marca: Nativa | Proveedor: Distribuidora Pacífico,2654.61,243,1,2024-03-21 00:00:00,2024-03-21 00:00:00
374,ALI-00364,Café en Grano 1 kg Orion Max,Categoría: Alimentos | Marca: Orion | Proveedor: Distribuidora Nova,158.81,85,1,2026-04-07 00:00:00,2026-04-07 00:00:00
375,ELE-00365,Bocina Bluetooth Urban Select,Categoría: Electrónica | Marca: Urban | Proveedor: Distribuidora Mexicana,3489.85,321,1,2026-05-04 00:00:00,2026-05-04 00:00:00
376,OFI-00366,Cuaderno Profesional Zenit Lite,Categoría: Oficina | Marca: Zenit | Proveedor: Distribuidora Pacífico,2404.83,166,1,2025-06-16 00:00:00,2025-06-16 00:00:00
377,ELE-00367,Webcam Autofocus Orion Eco,Categoría: Electrónica | Marca: Orion | Proveedor: Distribuidora del Norte,650.30,290,1,2026-08-05 00:00:00,2026-08-05 00:00:00
378,ELE-00368,Mouse Gaming Urban Classic,Categoría: Electrónica | Marca: Urban | Proveedor: Distribuidora Bajío,1432.20,248,1,2024-02-08 00:00:00,2024-02-08 00:00:00
379,DEP-00369,Tapete de Yoga con Correa Altura Eco,Categoría: Deportes | Marca: Altura | Proveedor: Distribuidora Nova,2677.66,169,1,2024-02-20 00:00:00,2024-02-20 00:00:00
380,OFI-00370,Calculadora Científica Marea Classic,Categoría: Oficina | Marca: Marea | Proveedor: Distribuidora del Norte,1889.50,251,1,2026-06-08 00:00:00,2026-06-08 00:00:00
381,OFI-00371,Silla de Oficina Terra Eco,Categoría: Oficina | Marca: Terra | Proveedor: Distribuidora Nova,3643.10,45,1,2025-03-28 00:00:00,2025-03-28 00:00:00
382,DEP-00372,Balón de Voleibol Altura Lite,Categoría: Deportes | Marca: Altura | Proveedor: Distribuidora Pacífico,2392.24,33,1,2025-12-27 00:00:00,2025-12-27 00:00:00
383,HOG-00373,Termo 500 ml Nexo Select,Categoría: Hogar | Marca: Nexo | Proveedor: Distribuidora Central,2196.94,102,0,2024-09-12 00:00:00,2024-09-12 00:00:00
384,ELE-00374,Mouse Ergonómico Terra Prime,Categoría: Electrónica | Marca: Terra | Proveedor: Distribuidora Hidalgo,2907.75,258,1,2025-10-12 00:00:00,2025-10-12 00:00:00
385,ALI-00375,Café en Grano 1 kg Prisma Max,Categoría: Alimentos | Marca: Prisma | Proveedor: Distribuidora Bajío,484.79,90,1,2025-08-23 00:00:00,2025-08-23 00:00:00
386,OFI-00376,Mochila Antirrobo Lumina Classic,Categoría: Oficina | Marca: Lumina | Proveedor: Distribuidora Mexicana,198.71,25,1,2026-05-24 00:00:00,2026-05-24 00:00:00
387,HOG-00377,Organizador de Escritorio Aurea Classic,Categoría: Hogar | Marca: Aurea | Proveedor: Distribuidora Central,1655.84,262,1,2026-06-04 00:00:00,2026-06-04 00:00:00
388,ALI-00378,Café Descafeinado 400 g Vitta Pro,Categoría: Alimentos | Marca: Vitta | Proveedor: Distribuidora Nova,490.28,4,1,2024-09-15 00:00:00,2024-09-15 00:00:00
389,OFI-00379,Calculadora Financiera Zenit Prime,Categoría: Oficina | Marca: Zenit | Proveedor: Distribuidora Bajío,2772.46,111,1,2024-11-05 00:00:00,2024-11-05 00:00:00
390,CUI-00380,Rasuradora Recargable Nova Lite,Categoría: Cuidado personal | Marca: Nova | Proveedor: Distribuidora Pacífico,2797.43,191,1,2024-11-01 00:00:00,2024-11-01 00:00:00
391,DEP-00381,Botella Deportiva con Popote Terra Prime,Categoría: Deportes | Marca: Terra | Proveedor: Distribuidora Pacífico,2595.94,133,1,2024-07-11 00:00:00,2024-07-11 00:00:00
392,HOG-00382,Lámpara Minimalista Marea Pro,Categoría: Hogar | Marca: Marea | Proveedor: Distribuidora Bajío,1824.51,335,1,2024-10-29 00:00:00,2024-10-29 00:00:00
393,DEP-00383,Balón Entrenamiento Altura Advance,Categoría: Deportes | Marca: Altura | Proveedor: Distribuidora Nova,2149.48,292,1,2024-12-17 00:00:00,2024-12-17 00:00:00
394,HOG-00384,Termo Térmico Prisma Lite,Categoría: Hogar | Marca: Prisma | Proveedor: Distribuidora Mexicana,805.47,87,1,2024-10-27 00:00:00,2024-10-27 00:00:00
395,HOG-00385,Sartén de Acero 26 cm Nexo Prime,Categoría: Hogar | Marca: Nexo | Proveedor: Distribuidora Metropolitana,1662.73,113,1,2024-08-16 00:00:00,2024-08-16 00:00:00
396,OFI-00386,Silla de Oficina Prisma Classic,Categoría: Oficina | Marca: Prisma | Proveedor: Distribuidora del Norte,3527.34,237,1,2025-04-26 00:00:00,2025-04-26 00:00:00
397,ALI-00387,Galletas con Chocolate 300 g Lumina Max,Categoría: Alimentos | Marca: Lumina | Proveedor: Distribuidora del Norte,713.42,256,1,2026-06-07 00:00:00,2026-06-07 00:00:00
398,CUI-00388,Cepillo Dental Eléctrico Altura Pro,Categoría: Cuidado personal | Marca: Altura | Proveedor: Distribuidora Metropolitana,423.30,102,1,2025-02-23 00:00:00,2025-02-23 00:00:00
399,DEP-00389,Tapete de Yoga Antideslizante Nexo Plus,Categoría: Deportes | Marca: Nexo | Proveedor: Distribuidora Mexicana,1507.86,323,1,2024-11-16 00:00:00,2024-11-16 00:00:00
400,ELE-00390,Bocina Inteligente Aurea Pro,Categoría: Electrónica | Marca: Aurea | Proveedor: Distribuidora Bajío,2079.53,81,1,2026-03-15 00:00:00,2026-03-15 00:00:00
401,ELE-00391,Teclado RGB Urban Eco,Categoría: Electrónica | Marca: Urban | Proveedor: Distribuidora Hidalgo,1586.24,244,0,2024-01-05 00:00:00,2024-01-05 00:00:00
402,HOG-00392,Sartén Antiadherente 24 cm Marea Lite,Categoría: Hogar | Marca: Marea | Proveedor: Distribuidora Central,540.20,346,1,2025-10-03 00:00:00,2025-10-03 00:00:00
403,HOG-00393,Sartén Antiadherente 28 cm Vitta Plus,Categoría: Hogar | Marca: Vitta | Proveedor: Distribuidora Pacífico,1007.19,301,1,2024-06-20 00:00:00,2024-06-20 00:00:00
404,ELE-00394,Mouse Gaming Cobalto Lite,Categoría: Electrónica | Marca: Cobalto | Proveedor: Distribuidora Hidalgo,2146.84,172,1,2026-06-28 00:00:00,2026-06-28 00:00:00
405,HOG-00395,Sartén Antiadherente 28 cm Prisma Select,Categoría: Hogar | Marca: Prisma | Proveedor: Distribuidora Central,478.02,206,1,2024-08-21 00:00:00,2024-08-21 00:00:00
406,HOG-00396,Organizador de Cocina Nexo Plus,Categoría: Hogar | Marca: Nexo | Proveedor: Distribuidora Central,966.15,333,1,2025-01-19 00:00:00,2025-01-19 00:00:00
407,OFI-00397,Memoria USB 32 GB Altura Plus,Categoría: Oficina | Marca: Altura | Proveedor: Distribuidora Central,3932.88,10,1,2025-12-07 00:00:00,2025-12-07 00:00:00
408,DEP-00398,Balón de Fútbol Terra Max,Categoría: Deportes | Marca: Terra | Proveedor: Distribuidora Central,2131.44,105,1,2024-11-04 00:00:00,2024-11-04 00:00:00
409,ELE-00399,Webcam con Micrófono Vitta Eco,Categoría: Electrónica | Marca: Vitta | Proveedor: Distribuidora del Norte,2931.69,53,1,2024-10-16 00:00:00,2024-10-16 00:00:00
410,ELE-00400,Bocina Portátil Aurea Classic,Categoría: Electrónica | Marca: Aurea | Proveedor: Distribuidora Metropolitana,2934.52,103,1,2025-12-21 00:00:00,2025-12-21 00:00:00
411,HOG-00401,Lámpara Minimalista Aurea Max,Categoría: Hogar | Marca: Aurea | Proveedor: Distribuidora Central,879.06,1,1,2025-11-18 00:00:00,2025-11-18 00:00:00
412,ELE-00402,Cargador Doble Puerto Vitta Plus,Categoría: Electrónica | Marca: Vitta | Proveedor: Distribuidora del Norte,2760.41,38,1,2026-07-15 00:00:00,2026-07-15 00:00:00
413,HOG-00403,Juego de Toallas 6 Piezas Terra Max,Categoría: Hogar | Marca: Terra | Proveedor: Distribuidora Central,200.19,89,1,2026-05-22 00:00:00,2026-05-22 00:00:00
414,ALI-00404,Pasta Penne 500 g Orion Plus,Categoría: Alimentos | Marca: Orion | Proveedor: Distribuidora Central,683.86,23,1,2026-05-22 00:00:00,2026-05-22 00:00:00
415,ALI-00405,Cereal con Frutos 450 g Prisma Max,Categoría: Alimentos | Marca: Prisma | Proveedor: Distribuidora del Norte,764.24,137,1,2025-01-16 00:00:00,2025-01-16 00:00:00
416,HOG-00406,Lámpara Minimalista Zenit Max,Categoría: Hogar | Marca: Zenit | Proveedor: Distribuidora Bajío,736.84,197,1,2026-03-30 00:00:00,2026-03-30 00:00:00
417,HOG-00407,Lámpara LED Altura Pro,Categoría: Hogar | Marca: Altura | Proveedor: Distribuidora Bajío,329.99,302,1,2026-04-01 00:00:00,2026-04-01 00:00:00
418,DEP-00408,Tapete de Yoga con Correa Prisma Advance,Categoría: Deportes | Marca: Prisma | Proveedor: Distribuidora Mexicana,172.86,350,1,2025-05-09 00:00:00,2025-05-09 00:00:00
419,ELE-00409,Bocina Resistente al Agua Altura Plus,Categoría: Electrónica | Marca: Altura | Proveedor: Distribuidora Central,1025.40,160,1,2025-12-22 00:00:00,2025-12-22 00:00:00
420,CUI-00410,Secadora Iónica Marea Lite,Categoría: Cuidado personal | Marca: Marea | Proveedor: Distribuidora del Norte,1485.63,316,1,2025-03-19 00:00:00,2025-03-19 00:00:00
421,HOG-00411,Juego de Toallas 6 Piezas Zenit Pro,Categoría: Hogar | Marca: Zenit | Proveedor: Distribuidora Central,2109.46,285,1,2024-01-12 00:00:00,2024-01-12 00:00:00
422,HOG-00412,Termo Térmico Nativa Pro,Categoría: Hogar | Marca: Nativa | Proveedor: Distribuidora Metropolitana,260.17,251,1,2024-09-03 00:00:00,2024-09-03 00:00:00
423,OFI-00413,Cuaderno de Notas Zenit Eco,Categoría: Oficina | Marca: Zenit | Proveedor: Distribuidora Bajío,4908.20,40,1,2025-03-30 00:00:00,2025-03-30 00:00:00
424,DEP-00414,Botella Deportiva Térmica Cobalto Prime,Categoría: Deportes | Marca: Cobalto | Proveedor: Distribuidora Central,434.44,254,1,2024-04-15 00:00:00,2024-04-15 00:00:00
425,ELE-00415,Cargador USB-C 20W Lumina Advance,Categoría: Electrónica | Marca: Lumina | Proveedor: Distribuidora Pacífico,3375.62,326,1,2026-06-30 00:00:00,2026-06-30 00:00:00
426,HOG-00416,Juego de Toallas 6 Piezas Prisma Essential,Categoría: Hogar | Marca: Prisma | Proveedor: Distribuidora Metropolitana,2055.14,232,1,2025-07-27 00:00:00,2025-07-27 00:00:00
427,CUI-00417,Rasuradora Corporal Cobalto Plus,Categoría: Cuidado personal | Marca: Cobalto | Proveedor: Distribuidora Nova,313.34,337,1,2024-01-03 00:00:00,2024-01-03 00:00:00
428,ALI-00418,Pasta Fusilli 500 g Prisma Plus,Categoría: Alimentos | Marca: Prisma | Proveedor: Distribuidora Bajío,60.43,84,1,2024-05-23 00:00:00,2024-05-23 00:00:00
429,ALI-00419,Aceite de Oliva 500 ml Terra Advance,Categoría: Alimentos | Marca: Terra | Proveedor: Distribuidora Hidalgo,176.64,61,1,2024-08-08 00:00:00,2024-08-08 00:00:00
430,HOG-00420,Sartén Antiadherente 24 cm Urban Essential,Categoría: Hogar | Marca: Urban | Proveedor: Distribuidora del Norte,2321.44,344,1,2026-03-01 00:00:00,2026-03-01 00:00:00
431,DEP-00421,Guantes de Ciclismo Nativa Essential,Categoría: Deportes | Marca: Nativa | Proveedor: Distribuidora Hidalgo,1632.36,24,1,2026-05-08 00:00:00,2026-05-08 00:00:00
432,CUI-00422,Crema Corporal Nutritiva 400 ml Nexo Pro,Categoría: Cuidado personal | Marca: Nexo | Proveedor: Distribuidora Metropolitana,330.19,336,1,2025-05-31 00:00:00,2025-05-31 00:00:00
433,DEP-00423,Guantes de Ciclismo Terra Eco,Categoría: Deportes | Marca: Terra | Proveedor: Distribuidora Bajío,2893.06,150,1,2026-04-04 00:00:00,2026-04-04 00:00:00
434,DEP-00424,Guantes Deportivos Marea Lite,Categoría: Deportes | Marca: Marea | Proveedor: Distribuidora Nova,1929.82,102,1,2025-10-01 00:00:00,2025-10-01 00:00:00
435,ALI-00425,Pasta Fusilli 500 g Vitta Pro,Categoría: Alimentos | Marca: Vitta | Proveedor: Distribuidora Metropolitana,415.01,326,1,2025-12-28 00:00:00,2025-12-28 00:00:00
436,OFI-00426,Memoria USB USB 3.2 Urban Lite,Categoría: Oficina | Marca: Urban | Proveedor: Distribuidora Central,1740.27,216,1,2025-06-19 00:00:00,2025-06-19 00:00:00
437,DEP-00427,Tapete de Yoga 6 mm Altura Select,Categoría: Deportes | Marca: Altura | Proveedor: Distribuidora Pacífico,865.91,82,1,2025-11-30 00:00:00,2025-11-30 00:00:00
438,ELE-00428,Webcam con Micrófono Aurea Lite,Categoría: Electrónica | Marca: Aurea | Proveedor: Distribuidora del Norte,257.23,231,1,2025-09-22 00:00:00,2025-09-22 00:00:00
439,ALI-00429,Galletas de Avena 300 g Zenit Select,Categoría: Alimentos | Marca: Zenit | Proveedor: Distribuidora Central,420.45,147,1,2026-08-06 00:00:00,2026-08-06 00:00:00
440,DEP-00430,Mancuerna 5 kg Nova Classic,Categoría: Deportes | Marca: Nova | Proveedor: Distribuidora Nova,679.98,226,1,2026-07-22 00:00:00,2026-07-22 00:00:00
441,ALI-00431,Pasta Fusilli 500 g Aurea Select,Categoría: Alimentos | Marca: Aurea | Proveedor: Distribuidora del Norte,252.69,90,1,2024-07-10 00:00:00,2024-07-10 00:00:00
442,ALI-00432,Galletas de Avena 300 g Zenit Essential,Categoría: Alimentos | Marca: Zenit | Proveedor: Distribuidora Pacífico,356.67,284,1,2024-05-13 00:00:00,2024-05-13 00:00:00
443,OFI-00433,Cuaderno Pasta Dura Cobalto Pro,Categoría: Oficina | Marca: Cobalto | Proveedor: Distribuidora Central,273.21,165,1,2026-03-03 00:00:00,2026-03-03 00:00:00
444,CUI-00434,Cepillo Dental Eléctrico Prisma Plus,Categoría: Cuidado personal | Marca: Prisma | Proveedor: Distribuidora Nova,2204.22,162,1,2026-09-06 00:00:00,2026-09-06 00:00:00
445,ELE-00435,Cargador USB-C 45W Urban Lite,Categoría: Electrónica | Marca: Urban | Proveedor: Distribuidora Metropolitana,1948.07,47,1,2024-08-14 00:00:00,2024-08-14 00:00:00
446,ALI-00436,Pasta Penne 500 g Prisma Classic,Categoría: Alimentos | Marca: Prisma | Proveedor: Distribuidora Bajío,194.08,316,1,2025-07-28 00:00:00,2025-07-28 00:00:00
447,ALI-00437,Café Molido 500 g Prisma Max,Categoría: Alimentos | Marca: Prisma | Proveedor: Distribuidora Nova,211.03,328,1,2024-02-10 00:00:00,2024-02-10 00:00:00
448,OFI-00438,Silla Ergonómica Zenit Classic,Categoría: Oficina | Marca: Zenit | Proveedor: Distribuidora Central,3256.98,144,1,2026-07-22 00:00:00,2026-07-22 00:00:00
449,OFI-00439,Memoria USB USB 3.2 Nativa Essential,Categoría: Oficina | Marca: Nativa | Proveedor: Distribuidora Nova,1802.93,333,1,2024-11-24 00:00:00,2024-11-24 00:00:00
450,ELE-00440,Teclado Mecánico Lumina Select,Categoría: Electrónica | Marca: Lumina | Proveedor: Distribuidora Hidalgo,2394.62,109,1,2026-05-05 00:00:00,2026-05-05 00:00:00
451,CUI-00441,Rasuradora Recargable Vitta Essential,Categoría: Cuidado personal | Marca: Vitta | Proveedor: Distribuidora Central,1309.71,169,1,2024-03-30 00:00:00,2024-03-30 00:00:00
452,HOG-00442,Sartén de Acero 26 cm Lumina Advance,Categoría: Hogar | Marca: Lumina | Proveedor: Distribuidora Hidalgo,2067.32,132,1,2025-02-01 00:00:00,2025-02-01 00:00:00
453,DEP-00443,Balón de Voleibol Nova Eco,Categoría: Deportes | Marca: Nova | Proveedor: Distribuidora Central,2048.30,273,1,2025-10-18 00:00:00,2025-10-18 00:00:00
454,ELE-00444,Webcam Full HD Lumina Prime,Categoría: Electrónica | Marca: Lumina | Proveedor: Distribuidora Pacífico,3257.96,54,1,2026-03-16 00:00:00,2026-03-16 00:00:00
455,CUI-00445,Shampoo Anticaspa 650 ml Cobalto Eco,Categoría: Cuidado personal | Marca: Cobalto | Proveedor: Distribuidora Central,1133.14,338,1,2025-04-30 00:00:00,2025-04-30 00:00:00
456,HOG-00446,Organizador de Baño Kairo Pro,Categoría: Hogar | Marca: Kairo | Proveedor: Distribuidora Metropolitana,800.30,331,1,2026-09-07 00:00:00,2026-09-07 00:00:00
457,CUI-00447,Secadora Iónica Orion Essential,Categoría: Cuidado personal | Marca: Orion | Proveedor: Distribuidora Hidalgo,58.85,305,1,2025-07-04 00:00:00,2025-07-04 00:00:00
458,ELE-00448,Mouse Ergonómico Prisma Select,Categoría: Electrónica | Marca: Prisma | Proveedor: Distribuidora Mexicana,1531.39,330,1,2024-06-13 00:00:00,2024-06-13 00:00:00
459,CUI-00449,Cepillo Dental Medio Orion Pro,Categoría: Cuidado personal | Marca: Orion | Proveedor: Distribuidora Central,1892.87,290,1,2026-05-21 00:00:00,2026-05-21 00:00:00
460,CUI-00450,Rasuradora Recargable Kairo Plus,Categoría: Cuidado personal | Marca: Kairo | Proveedor: Distribuidora Bajío,735.39,101,1,2026-09-01 00:00:00,2026-09-01 00:00:00
461,HOG-00451,Organizador de Cocina Kairo Advance,Categoría: Hogar | Marca: Kairo | Proveedor: Distribuidora Metropolitana,247.94,99,1,2025-05-12 00:00:00,2025-05-12 00:00:00
462,CUI-00452,Cepillo Dental Medio Prisma Prime,Categoría: Cuidado personal | Marca: Prisma | Proveedor: Distribuidora Central,2685.15,86,1,2024-11-16 00:00:00,2024-11-16 00:00:00
463,HOG-00453,Juego de Toallas 6 Piezas Prisma Pro,Categoría: Hogar | Marca: Prisma | Proveedor: Distribuidora Bajío,1723.58,169,1,2025-04-18 00:00:00,2025-04-18 00:00:00
464,OFI-00454,Silla Ergonómica Nexo Advance,Categoría: Oficina | Marca: Nexo | Proveedor: Distribuidora Mexicana,523.89,143,1,2026-07-01 00:00:00,2026-07-01 00:00:00
465,OFI-00455,Cuaderno Profesional Nova Lite,Categoría: Oficina | Marca: Nova | Proveedor: Distribuidora Hidalgo,3802.02,297,1,2026-02-26 00:00:00,2026-02-26 00:00:00
466,ELE-00456,Cargador Inalámbrico Nativa Pro,Categoría: Electrónica | Marca: Nativa | Proveedor: Distribuidora Pacífico,1374.49,114,1,2024-05-17 00:00:00,2024-05-17 00:00:00
467,CUI-00457,Shampoo Anticaspa 650 ml Prisma Lite,Categoría: Cuidado personal | Marca: Prisma | Proveedor: Distribuidora Mexicana,74.17,122,1,2026-02-14 00:00:00,2026-02-14 00:00:00
468,DEP-00458,Tapete de Yoga 8 mm Vitta Max,Categoría: Deportes | Marca: Vitta | Proveedor: Distribuidora Nova,2822.00,20,1,2026-02-18 00:00:00,2026-02-18 00:00:00
469,ELE-00459,Mouse Gaming Brava Essential,Categoría: Electrónica | Marca: Brava | Proveedor: Distribuidora Metropolitana,2388.76,265,1,2025-02-01 00:00:00,2025-02-01 00:00:00
470,DEP-00460,Botella Deportiva 750 ml Marea Plus,Categoría: Deportes | Marca: Marea | Proveedor: Distribuidora Pacífico,2136.87,266,1,2026-05-04 00:00:00,2026-05-04 00:00:00
471,CUI-00461,Secadora Iónica Zenit Eco,Categoría: Cuidado personal | Marca: Zenit | Proveedor: Distribuidora del Norte,1051.03,334,1,2025-06-13 00:00:00,2025-06-13 00:00:00
472,HOG-00462,Termo Térmico Prisma Prime,Categoría: Hogar | Marca: Prisma | Proveedor: Distribuidora Central,1257.20,246,1,2025-05-28 00:00:00,2025-05-28 00:00:00
473,DEP-00463,Tapete de Yoga 8 mm Lumina Lite,Categoría: Deportes | Marca: Lumina | Proveedor: Distribuidora Mexicana,1961.52,108,1,2024-07-10 00:00:00,2024-07-10 00:00:00
474,CUI-00464,Shampoo Reparador 700 ml Brava Eco,Categoría: Cuidado personal | Marca: Brava | Proveedor: Distribuidora Bajío,2278.97,58,1,2025-11-22 00:00:00,2025-11-22 00:00:00
475,HOG-00465,Termo 750 ml Urban Essential,Categoría: Hogar | Marca: Urban | Proveedor: Distribuidora Mexicana,668.68,65,1,2024-05-17 00:00:00,2024-05-17 00:00:00
476,ELE-00466,Cargador USB-C 45W Altura Pro,Categoría: Electrónica | Marca: Altura | Proveedor: Distribuidora Hidalgo,1014.17,92,1,2025-09-05 00:00:00,2025-09-05 00:00:00
477,ALI-00467,Café Americano 500 g Lumina Select,Categoría: Alimentos | Marca: Lumina | Proveedor: Distribuidora Bajío,372.68,241,1,2024-06-23 00:00:00,2024-06-23 00:00:00
478,DEP-00468,Guantes de Ciclismo Nexo Advance,Categoría: Deportes | Marca: Nexo | Proveedor: Distribuidora Mexicana,2008.58,135,1,2026-01-11 00:00:00,2026-01-11 00:00:00
479,DEP-00469,Guantes de Gimnasio Brava Eco,Categoría: Deportes | Marca: Brava | Proveedor: Distribuidora Central,1210.69,55,1,2024-07-26 00:00:00,2024-07-26 00:00:00
480,CUI-00470,Rasuradora 3 Cabezas Orion Pro,Categoría: Cuidado personal | Marca: Orion | Proveedor: Distribuidora Central,1355.54,314,1,2026-06-17 00:00:00,2026-06-17 00:00:00
481,CUI-00471,Shampoo Hidratante 750 ml Nativa Pro,Categoría: Cuidado personal | Marca: Nativa | Proveedor: Distribuidora Central,2529.07,276,1,2026-07-07 00:00:00,2026-07-07 00:00:00
482,ALI-00472,Aceite Vegetal 1 L Urban Prime,Categoría: Alimentos | Marca: Urban | Proveedor: Distribuidora Hidalgo,702.11,271,1,2024-08-22 00:00:00,2024-08-22 00:00:00
483,DEP-00473,Balón de Voleibol Orion Eco,Categoría: Deportes | Marca: Orion | Proveedor: Distribuidora Nova,478.60,244,1,2026-07-20 00:00:00,2026-07-20 00:00:00
484,OFI-00474,Memoria USB USB 3.2 Terra Select,Categoría: Oficina | Marca: Terra | Proveedor: Distribuidora del Norte,67.62,3,0,2025-06-16 00:00:00,2025-06-16 00:00:00
485,ALI-00475,Cereal de Avena 500 g Marea Eco,Categoría: Alimentos | Marca: Marea | Proveedor: Distribuidora Hidalgo,305.40,79,1,2025-10-29 00:00:00,2025-10-29 00:00:00
486,OFI-00476,Memoria USB USB 3.2 Prisma Advance,Categoría: Oficina | Marca: Prisma | Proveedor: Distribuidora Hidalgo,1678.44,348,1,2026-02-12 00:00:00,2026-02-12 00:00:00
487,CUI-00477,Secadora Profesional Nexo Prime,Categoría: Cuidado personal | Marca: Nexo | Proveedor: Distribuidora Pacífico,1584.74,247,1,2024-11-10 00:00:00,2024-11-10 00:00:00
488,ALI-00478,Aceite Vegetal 1 L Vitta Plus,Categoría: Alimentos | Marca: Vitta | Proveedor: Distribuidora Mexicana,603.81,228,1,2024-04-12 00:00:00,2024-04-12 00:00:00
489,DEP-00479,Mancuerna 5 kg Nexo Eco,Categoría: Deportes | Marca: Nexo | Proveedor: Distribuidora del Norte,2895.90,2,1,2026-04-23 00:00:00,2026-04-23 00:00:00
490,CUI-00480,Rasuradora Recargable Lumina Classic,Categoría: Cuidado personal | Marca: Lumina | Proveedor: Distribuidora Central,655.76,40,1,2026-01-11 00:00:00,2026-01-11 00:00:00
491,DEP-00481,Guantes Deportivos Altura Pro,Categoría: Deportes | Marca: Altura | Proveedor: Distribuidora Central,1952.25,224,1,2024-07-25 00:00:00,2024-07-25 00:00:00
492,CUI-00482,Cepillo Dental Medio Altura Advance,Categoría: Cuidado personal | Marca: Altura | Proveedor: Distribuidora Mexicana,1451.05,118,0,2025-11-21 00:00:00,2025-11-21 00:00:00
493,HOG-00483,Lámpara LED Lumina Classic,Categoría: Hogar | Marca: Lumina | Proveedor: Distribuidora Hidalgo,1965.81,180,1,2025-02-19 00:00:00,2025-02-19 00:00:00
494,CUI-00484,Shampoo Reparador 700 ml Lumina Plus,Categoría: Cuidado personal | Marca: Lumina | Proveedor: Distribuidora Metropolitana,1558.58,286,1,2024-12-21 00:00:00,2024-12-21 00:00:00
495,OFI-00485,Mochila Ejecutiva Cobalto Eco,Categoría: Oficina | Marca: Cobalto | Proveedor: Distribuidora Mexicana,3463.74,133,1,2025-02-20 00:00:00,2025-02-20 00:00:00
496,CUI-00486,Shampoo Reparador 700 ml Kairo Prime,Categoría: Cuidado personal | Marca: Kairo | Proveedor: Distribuidora Pacífico,2653.08,262,1,2026-06-16 00:00:00,2026-06-16 00:00:00
497,CUI-00487,Cepillo Dental Eléctrico Zenit Advance,Categoría: Cuidado personal | Marca: Zenit | Proveedor: Distribuidora Metropolitana,1376.92,124,1,2026-03-05 00:00:00,2026-03-05 00:00:00
498,DEP-00488,Guantes de Gimnasio Nativa Plus,Categoría: Deportes | Marca: Nativa | Proveedor: Distribuidora Nova,839.26,195,1,2025-11-24 00:00:00,2025-11-24 00:00:00
499,OFI-00489,Silla de Oficina Nova Classic,Categoría: Oficina | Marca: Nova | Proveedor: Distribuidora Hidalgo,1515.61,47,1,2025-11-20 00:00:00,2025-11-20 00:00:00
500,OFI-00490,Cuaderno de Notas Nativa Prime,Categoría: Oficina | Marca: Nativa | Proveedor: Distribuidora Pacífico,2143.50,293,1,2024-07-06 00:00:00,2024-07-06 00:00:00
501,ALI-00491,Cereal con Frutos 450 g Aurea Select,Categoría: Alimentos | Marca: Aurea | Proveedor: Distribuidora Nova,594.22,135,1,2024-08-22 00:00:00,2024-08-22 00:00:00
502,HOG-00492,Termo de Acero Inoxidable Vitta Plus,Categoría: Hogar | Marca: Vitta | Proveedor: Distribuidora Bajío,369.11,40,0,2025-09-20 00:00:00,2025-09-20 00:00:00
503,CUI-00493,Shampoo Anticaspa 650 ml Prisma Advance,Categoría: Cuidado personal | Marca: Prisma | Proveedor: Distribuidora Pacífico,913.66,294,1,2025-05-17 00:00:00,2025-05-17 00:00:00
504,CUI-00494,Cepillo Dental Eléctrico Brava Advance,Categoría: Cuidado personal | Marca: Brava | Proveedor: Distribuidora Hidalgo,398.19,269,1,2025-05-04 00:00:00,2025-05-04 00:00:00
505,ELE-00495,Cargador Inalámbrico Zenit Pro,Categoría: Electrónica | Marca: Zenit | Proveedor: Distribuidora Bajío,1680.61,61,1,2024-11-19 00:00:00,2024-11-19 00:00:00
506,ELE-00496,Webcam 2K Zenit Advance,Categoría: Electrónica | Marca: Zenit | Proveedor: Distribuidora Pacífico,486.51,185,1,2024-07-10 00:00:00,2024-07-10 00:00:00
507,HOG-00497,Sartén Antiadherente 28 cm Marea Prime,Categoría: Hogar | Marca: Marea | Proveedor: Distribuidora Nova,524.07,217,1,2025-03-05 00:00:00,2025-03-05 00:00:00
508,OFI-00498,Calculadora Financiera Terra Max,Categoría: Oficina | Marca: Terra | Proveedor: Distribuidora Nova,1107.86,67,1,2026-04-13 00:00:00,2026-04-13 00:00:00
509,OFI-00499,Mochila Impermeable Zenit Select,Categoría: Oficina | Marca: Zenit | Proveedor: Distribuidora Bajío,904.81,76,0,2026-04-05 00:00:00,2026-04-05 00:00:00
510,DEP-00500,Balón de Básquetbol Marea Max,Categoría: Deportes | Marca: Marea | Proveedor: Distribuidora Central,962.10,287,1,2025-02-11 00:00:00,2025-02-11 00:00:00
511,HOG-00501,Lámpara LED Terra Max,Categoría: Hogar | Marca: Terra | Proveedor: Distribuidora Bajío,2109.31,49,1,2026-02-01 00:00:00,2026-02-01 00:00:00
512,OFI-00502,Calculadora Básica Prisma Essential,Categoría: Oficina | Marca: Prisma | Proveedor: Distribuidora Nova,2490.74,179,1,2025-08-13 00:00:00,2025-08-13 00:00:00
513,ALI-00503,Galletas de Avena 300 g Kairo Prime,Categoría: Alimentos | Marca: Kairo | Proveedor: Distribuidora Bajío,276.62,261,1,2026-03-04 00:00:00,2026-03-04 00:00:00
514,ELE-00504,Bocina Inteligente Cobalto Pro,Categoría: Electrónica | Marca: Cobalto | Proveedor: Distribuidora Metropolitana,3057.66,327,1,2025-03-07 00:00:00,2025-03-07 00:00:00
515,CUI-00505,Rasuradora Recargable Lumina Pro,Categoría: Cuidado personal | Marca: Lumina | Proveedor: Distribuidora Metropolitana,991.34,160,1,2025-10-30 00:00:00,2025-10-30 00:00:00
516,OFI-00506,Memoria USB USB 3.2 Terra Max,Categoría: Oficina | Marca: Terra | Proveedor: Distribuidora Bajío,4692.73,185,1,2025-02-27 00:00:00,2025-02-27 00:00:00
517,ELE-00507,Teclado Inalámbrico Terra Plus,Categoría: Electrónica | Marca: Terra | Proveedor: Distribuidora del Norte,854.41,203,1,2024-04-07 00:00:00,2024-04-07 00:00:00
518,DEP-00508,Guantes de Gimnasio Nova Eco,Categoría: Deportes | Marca: Nova | Proveedor: Distribuidora del Norte,1613.79,42,1,2024-09-25 00:00:00,2024-09-25 00:00:00
519,ELE-00509,Webcam Autofocus Kairo Select,Categoría: Electrónica | Marca: Kairo | Proveedor: Distribuidora Bajío,977.78,145,1,2025-10-03 00:00:00,2025-10-03 00:00:00
520,CUI-00510,Crema Corporal Hidratante 400 ml Altura Prime,Categoría: Cuidado personal | Marca: Altura | Proveedor: Distribuidora Bajío,2414.46,166,1,2025-04-23 00:00:00,2025-04-23 00:00:00
521,CUI-00511,Cepillo Dental Eléctrico Vitta Lite,Categoría: Cuidado personal | Marca: Vitta | Proveedor: Distribuidora Bajío,532.56,305,1,2025-10-08 00:00:00,2025-10-08 00:00:00
522,CUI-00512,Rasuradora Corporal Prisma Max,Categoría: Cuidado personal | Marca: Prisma | Proveedor: Distribuidora Bajío,1531.25,45,1,2024-11-11 00:00:00,2024-11-11 00:00:00
523,OFI-00513,Mochila Antirrobo Nova Essential,Categoría: Oficina | Marca: Nova | Proveedor: Distribuidora Metropolitana,3156.06,69,1,2024-10-20 00:00:00,2024-10-20 00:00:00
524,ELE-00514,Webcam Autofocus Nativa Classic,Categoría: Electrónica | Marca: Nativa | Proveedor: Distribuidora Pacífico,179.59,220,1,2025-09-03 00:00:00,2025-09-03 00:00:00
525,ELE-00515,Cargador Inalámbrico Aurea Eco,Categoría: Electrónica | Marca: Aurea | Proveedor: Distribuidora Hidalgo,3104.24,223,1,2024-09-12 00:00:00,2024-09-12 00:00:00
526,ALI-00516,Aceite de Aguacate 500 ml Brava Classic,Categoría: Alimentos | Marca: Brava | Proveedor: Distribuidora Nova,86.31,320,1,2025-06-13 00:00:00,2025-06-13 00:00:00
527,CUI-00517,Cepillo Dental Pack 3 Terra Eco,Categoría: Cuidado personal | Marca: Terra | Proveedor: Distribuidora Mexicana,562.75,35,1,2024-05-19 00:00:00,2024-05-19 00:00:00
528,ALI-00518,Aceite Vegetal 1 L Cobalto Classic,Categoría: Alimentos | Marca: Cobalto | Proveedor: Distribuidora Nova,567.17,251,0,2024-11-24 00:00:00,2024-11-24 00:00:00
529,ELE-00519,Cargador USB-C 20W Nexo Plus,Categoría: Electrónica | Marca: Nexo | Proveedor: Distribuidora Bajío,1094.08,64,0,2026-01-14 00:00:00,2026-01-14 00:00:00
530,ELE-00520,Teclado Mecánico Nativa Select,Categoría: Electrónica | Marca: Nativa | Proveedor: Distribuidora Bajío,1294.41,159,1,2025-01-15 00:00:00,2025-01-15 00:00:00
531,ELE-00521,Mouse Inalámbrico Vitta Essential,Categoría: Electrónica | Marca: Vitta | Proveedor: Distribuidora del Norte,1041.79,200,1,2025-07-10 00:00:00,2025-07-10 00:00:00
532,HOG-00522,Sartén Antiadherente 28 cm Nova Plus,Categoría: Hogar | Marca: Nova | Proveedor: Distribuidora Hidalgo,2437.53,127,1,2026-02-28 00:00:00,2026-02-28 00:00:00
533,HOG-00523,Lámpara LED Cobalto Plus,Categoría: Hogar | Marca: Cobalto | Proveedor: Distribuidora Bajío,1340.16,106,1,2025-02-02 00:00:00,2025-02-02 00:00:00
534,OFI-00524,Calculadora de Escritorio Altura Lite,Categoría: Oficina | Marca: Altura | Proveedor: Distribuidora Bajío,3141.80,129,1,2025-10-15 00:00:00,2025-10-15 00:00:00
535,OFI-00525,Cuaderno de Notas Orion Select,Categoría: Oficina | Marca: Orion | Proveedor: Distribuidora Central,3809.67,166,1,2024-06-20 00:00:00,2024-06-20 00:00:00
536,CUI-00526,Shampoo Anticaspa 650 ml Brava Essential,Categoría: Cuidado personal | Marca: Brava | Proveedor: Distribuidora Bajío,2713.17,297,1,2025-12-05 00:00:00,2025-12-05 00:00:00
537,OFI-00527,Cuaderno de Notas Nexo Max,Categoría: Oficina | Marca: Nexo | Proveedor: Distribuidora Metropolitana,580.12,316,1,2026-08-11 00:00:00,2026-08-11 00:00:00
538,ALI-00528,Café Molido 500 g Prisma Pro,Categoría: Alimentos | Marca: Prisma | Proveedor: Distribuidora Mexicana,567.83,54,1,2025-05-14 00:00:00,2025-05-14 00:00:00
539,CUI-00529,Cepillo Dental Eléctrico Aurea Essential,Categoría: Cuidado personal | Marca: Aurea | Proveedor: Distribuidora Mexicana,1943.19,183,1,2024-09-13 00:00:00,2024-09-13 00:00:00
540,DEP-00530,Balón de Voleibol Nativa Select,Categoría: Deportes | Marca: Nativa | Proveedor: Distribuidora Metropolitana,1738.10,278,1,2024-11-27 00:00:00,2024-11-27 00:00:00
541,OFI-00531,Memoria USB 64 GB Lumina Lite,Categoría: Oficina | Marca: Lumina | Proveedor: Distribuidora Pacífico,959.57,151,1,2025-07-08 00:00:00,2025-07-08 00:00:00
542,ELE-00532,Webcam Autofocus Nexo Essential,Categoría: Electrónica | Marca: Nexo | Proveedor: Distribuidora Nova,2225.11,186,1,2024-11-24 00:00:00,2024-11-24 00:00:00
543,ALI-00533,Galletas Integrales 350 g Aurea Lite,Categoría: Alimentos | Marca: Aurea | Proveedor: Distribuidora Mexicana,553.82,282,1,2025-09-19 00:00:00,2025-09-19 00:00:00
544,DEP-00534,Mancuerna 5 kg Orion Lite,Categoría: Deportes | Marca: Orion | Proveedor: Distribuidora Mexicana,2006.37,22,1,2024-07-01 00:00:00,2024-07-01 00:00:00
545,HOG-00535,Lámpara Minimalista Aurea Plus,Categoría: Hogar | Marca: Aurea | Proveedor: Distribuidora Hidalgo,156.00,328,1,2025-11-04 00:00:00,2025-11-04 00:00:00
546,CUI-00536,Secadora 2000 W Altura Prime,Categoría: Cuidado personal | Marca: Altura | Proveedor: Distribuidora Central,652.87,36,1,2026-08-10 00:00:00,2026-08-10 00:00:00
547,ALI-00537,Aceite de Oliva 500 ml Cobalto Essential,Categoría: Alimentos | Marca: Cobalto | Proveedor: Distribuidora Metropolitana,304.36,212,1,2026-03-24 00:00:00,2026-03-24 00:00:00
548,CUI-00538,Cepillo Dental Suave Lumina Classic,Categoría: Cuidado personal | Marca: Lumina | Proveedor: Distribuidora del Norte,259.63,110,1,2024-04-13 00:00:00,2024-04-13 00:00:00
549,CUI-00539,Rasuradora 3 Cabezas Aurea Lite,Categoría: Cuidado personal | Marca: Aurea | Proveedor: Distribuidora Mexicana,1854.04,291,1,2025-07-25 00:00:00,2025-07-25 00:00:00
550,DEP-00540,Botella Deportiva con Popote Cobalto Eco,Categoría: Deportes | Marca: Cobalto | Proveedor: Distribuidora Mexicana,2658.02,85,1,2025-07-17 00:00:00,2025-07-17 00:00:00
551,OFI-00541,Mochila Impermeable Prisma Prime,Categoría: Oficina | Marca: Prisma | Proveedor: Distribuidora Metropolitana,3315.69,166,1,2025-02-26 00:00:00,2025-02-26 00:00:00
552,DEP-00542,Mancuerna 10 kg Aurea Eco,Categoría: Deportes | Marca: Aurea | Proveedor: Distribuidora Metropolitana,2317.21,130,1,2025-04-08 00:00:00,2025-04-08 00:00:00
553,DEP-00543,Botella Deportiva 750 ml Kairo Advance,Categoría: Deportes | Marca: Kairo | Proveedor: Distribuidora Pacífico,136.44,69,1,2024-01-07 00:00:00,2024-01-07 00:00:00
554,HOG-00544,Organizador Multiusos Nova Classic,Categoría: Hogar | Marca: Nova | Proveedor: Distribuidora Mexicana,2303.25,261,0,2024-04-06 00:00:00,2024-04-06 00:00:00
555,OFI-00545,Mochila Ejecutiva Terra Prime,Categoría: Oficina | Marca: Terra | Proveedor: Distribuidora Nova,5340.73,127,1,2024-09-19 00:00:00,2024-09-19 00:00:00
556,ELE-00546,Cargador Doble Puerto Aurea Plus,Categoría: Electrónica | Marca: Aurea | Proveedor: Distribuidora Mexicana,2572.99,247,1,2025-05-14 00:00:00,2025-05-14 00:00:00
557,ALI-00547,Galletas de Avena 300 g Kairo Essential,Categoría: Alimentos | Marca: Kairo | Proveedor: Distribuidora Hidalgo,590.63,295,1,2024-03-21 00:00:00,2024-03-21 00:00:00
558,OFI-00548,Calculadora Financiera Urban Plus,Categoría: Oficina | Marca: Urban | Proveedor: Distribuidora Central,5222.41,116,1,2025-10-11 00:00:00,2025-10-11 00:00:00
559,DEP-00549,Botella Deportiva con Popote Altura Prime,Categoría: Deportes | Marca: Altura | Proveedor: Distribuidora Metropolitana,1660.20,76,1,2025-05-29 00:00:00,2025-05-29 00:00:00
560,HOG-00550,Lámpara Minimalista Cobalto Advance,Categoría: Hogar | Marca: Cobalto | Proveedor: Distribuidora Nova,1471.12,46,1,2025-03-18 00:00:00,2025-03-18 00:00:00
561,DEP-00551,Tapete de Yoga 8 mm Marea Plus,Categoría: Deportes | Marca: Marea | Proveedor: Distribuidora Hidalgo,1473.74,25,1,2024-09-25 00:00:00,2024-09-25 00:00:00
562,CUI-00552,Rasuradora 3 Cabezas Vitta Max,Categoría: Cuidado personal | Marca: Vitta | Proveedor: Distribuidora Hidalgo,1585.30,249,1,2025-10-29 00:00:00,2025-10-29 00:00:00
563,CUI-00553,Secadora Iónica Brava Plus,Categoría: Cuidado personal | Marca: Brava | Proveedor: Distribuidora Metropolitana,778.27,220,1,2025-12-02 00:00:00,2025-12-02 00:00:00
564,ELE-00554,Audífonos con Micrófono Urban Prime,Categoría: Electrónica | Marca: Urban | Proveedor: Distribuidora Metropolitana,1315.83,164,1,2025-08-31 00:00:00,2025-08-31 00:00:00
565,OFI-00555,Mochila Antirrobo Cobalto Advance,Categoría: Oficina | Marca: Cobalto | Proveedor: Distribuidora Nova,904.66,22,1,2024-07-23 00:00:00,2024-07-23 00:00:00
566,HOG-00556,Lámpara de Escritorio Altura Select,Categoría: Hogar | Marca: Altura | Proveedor: Distribuidora Pacífico,2375.44,75,1,2024-01-15 00:00:00,2024-01-15 00:00:00
567,ELE-00557,Mouse Óptico Nativa Essential,Categoría: Electrónica | Marca: Nativa | Proveedor: Distribuidora Nova,1260.79,275,1,2024-07-27 00:00:00,2024-07-27 00:00:00
568,OFI-00558,Memoria USB USB 3.2 Vitta Essential,Categoría: Oficina | Marca: Vitta | Proveedor: Distribuidora Central,2281.08,339,1,2024-09-18 00:00:00,2024-09-18 00:00:00
569,OFI-00559,Mochila Antirrobo Altura Max,Categoría: Oficina | Marca: Altura | Proveedor: Distribuidora del Norte,3939.98,4,1,2025-02-01 00:00:00,2025-02-01 00:00:00
570,ALI-00560,Pasta Spaghetti 500 g Nova Classic,Categoría: Alimentos | Marca: Nova | Proveedor: Distribuidora Hidalgo,696.38,332,1,2024-08-24 00:00:00,2024-08-24 00:00:00
571,CUI-00561,Shampoo Anticaspa 650 ml Nativa Advance,Categoría: Cuidado personal | Marca: Nativa | Proveedor: Distribuidora Nova,1508.92,95,1,2025-05-27 00:00:00,2025-05-27 00:00:00
572,CUI-00562,Shampoo Hidratante 750 ml Brava Lite,Categoría: Cuidado personal | Marca: Brava | Proveedor: Distribuidora Hidalgo,884.77,250,1,2026-02-01 00:00:00,2026-02-01 00:00:00
573,OFI-00563,Calculadora Básica Kairo Select,Categoría: Oficina | Marca: Kairo | Proveedor: Distribuidora Pacífico,5975.11,256,1,2026-04-11 00:00:00,2026-04-11 00:00:00
574,OFI-00564,Silla Ergonómica Terra Select,Categoría: Oficina | Marca: Terra | Proveedor: Distribuidora Mexicana,939.79,201,1,2024-03-30 00:00:00,2024-03-30 00:00:00
575,CUI-00565,Secadora Iónica Urban Select,Categoría: Cuidado personal | Marca: Urban | Proveedor: Distribuidora Pacífico,1622.76,218,1,2026-07-20 00:00:00,2026-07-20 00:00:00
576,DEP-00566,Guantes de Ciclismo Aurea Pro,Categoría: Deportes | Marca: Aurea | Proveedor: Distribuidora Nova,1779.80,350,1,2026-06-02 00:00:00,2026-06-02 00:00:00
577,ALI-00567,Galletas de Avena 300 g Urban Pro,Categoría: Alimentos | Marca: Urban | Proveedor: Distribuidora Mexicana,532.92,289,1,2024-11-21 00:00:00,2024-11-21 00:00:00
578,CUI-00568,Shampoo Hidratante 750 ml Marea Pro,Categoría: Cuidado personal | Marca: Marea | Proveedor: Distribuidora Hidalgo,2047.38,163,1,2025-02-25 00:00:00,2025-02-25 00:00:00
579,ALI-00569,Pasta Spaghetti 500 g Aurea Plus,Categoría: Alimentos | Marca: Aurea | Proveedor: Distribuidora Pacífico,126.82,13,1,2025-09-12 00:00:00,2025-09-12 00:00:00
580,HOG-00570,Termo 750 ml Brava Essential,Categoría: Hogar | Marca: Brava | Proveedor: Distribuidora Mexicana,948.41,244,1,2025-05-29 00:00:00,2025-05-29 00:00:00
581,DEP-00571,Mancuerna 10 kg Zenit Max,Categoría: Deportes | Marca: Zenit | Proveedor: Distribuidora Nova,1467.89,83,0,2024-08-19 00:00:00,2024-08-19 00:00:00
582,ELE-00572,Mouse Óptico Brava Select,Categoría: Electrónica | Marca: Brava | Proveedor: Distribuidora Mexicana,2687.55,33,1,2026-08-07 00:00:00,2026-08-07 00:00:00
583,DEP-00573,Guantes con Muñequera Marea Max,Categoría: Deportes | Marca: Marea | Proveedor: Distribuidora Hidalgo,2671.88,218,0,2026-03-05 00:00:00,2026-03-05 00:00:00
584,ALI-00574,Aceite Vegetal 1 L Marea Eco,Categoría: Alimentos | Marca: Marea | Proveedor: Distribuidora Central,498.30,292,1,2025-06-17 00:00:00,2025-06-17 00:00:00
585,DEP-00575,Botella Deportiva 1 L Zenit Essential,Categoría: Deportes | Marca: Zenit | Proveedor: Distribuidora Central,1711.91,264,1,2024-07-13 00:00:00,2024-07-13 00:00:00
586,DEP-00576,Mancuerna Ajustable Cobalto Pro,Categoría: Deportes | Marca: Cobalto | Proveedor: Distribuidora Central,1318.36,313,1,2025-12-07 00:00:00,2025-12-07 00:00:00
587,HOG-00577,Juego de Toallas Microfibra Lumina Lite,Categoría: Hogar | Marca: Lumina | Proveedor: Distribuidora Mexicana,352.88,299,1,2025-02-06 00:00:00,2025-02-06 00:00:00
588,DEP-00578,Botella Deportiva 1 L Cobalto Advance,Categoría: Deportes | Marca: Cobalto | Proveedor: Distribuidora Bajío,2698.16,103,1,2024-04-02 00:00:00,2024-04-02 00:00:00
589,ALI-00579,Cereal de Avena 500 g Orion Plus,Categoría: Alimentos | Marca: Orion | Proveedor: Distribuidora Metropolitana,113.36,230,1,2024-03-28 00:00:00,2024-03-28 00:00:00
590,DEP-00580,Guantes de Ciclismo Zenit Lite,Categoría: Deportes | Marca: Zenit | Proveedor: Distribuidora Metropolitana,1196.57,87,1,2025-08-02 00:00:00,2025-08-02 00:00:00
591,HOG-00581,Organizador de Escritorio Nexo Essential,Categoría: Hogar | Marca: Nexo | Proveedor: Distribuidora Bajío,1094.39,158,1,2024-10-22 00:00:00,2024-10-22 00:00:00
592,ELE-00582,Teclado Inalámbrico Nova Advance,Categoría: Electrónica | Marca: Nova | Proveedor: Distribuidora Bajío,2713.08,6,1,2025-05-24 00:00:00,2025-05-24 00:00:00
593,CUI-00583,Shampoo Reparador 700 ml Nativa Select,Categoría: Cuidado personal | Marca: Nativa | Proveedor: Distribuidora Bajío,642.27,337,1,2025-04-09 00:00:00,2025-04-09 00:00:00
594,ELE-00584,Cargador USB-C 20W Brava Lite,Categoría: Electrónica | Marca: Brava | Proveedor: Distribuidora Nova,1080.68,321,1,2024-02-20 00:00:00,2024-02-20 00:00:00
595,ELE-00585,Webcam con Micrófono Altura Pro,Categoría: Electrónica | Marca: Altura | Proveedor: Distribuidora Pacífico,3009.33,341,1,2024-12-05 00:00:00,2024-12-05 00:00:00
596,ELE-00586,Audífonos con Micrófono Nexo Pro,Categoría: Electrónica | Marca: Nexo | Proveedor: Distribuidora Mexicana,2400.50,312,1,2025-04-11 00:00:00,2025-04-11 00:00:00
597,OFI-00587,Cuaderno Profesional Kairo Prime,Categoría: Oficina | Marca: Kairo | Proveedor: Distribuidora del Norte,2233.15,194,1,2026-02-15 00:00:00,2026-02-15 00:00:00
598,CUI-00588,Shampoo Anticaspa 650 ml Nativa Pro,Categoría: Cuidado personal | Marca: Nativa | Proveedor: Distribuidora Metropolitana,381.05,140,1,2025-06-23 00:00:00,2025-06-23 00:00:00
599,HOG-00589,Organizador de Cocina Orion Advance,Categoría: Hogar | Marca: Orion | Proveedor: Distribuidora del Norte,1844.94,322,1,2025-05-10 00:00:00,2025-05-10 00:00:00
600,CUI-00590,Cepillo Dental Eléctrico Marea Classic,Categoría: Cuidado personal | Marca: Marea | Proveedor: Distribuidora Metropolitana,1491.93,319,1,2026-08-07 00:00:00,2026-08-07 00:00:00
601,CUI-00591,Rasuradora de Precisión Nativa Pro,Categoría: Cuidado personal | Marca: Nativa | Proveedor: Distribuidora Pacífico,2478.61,119,0,2024-07-17 00:00:00,2024-07-17 00:00:00
602,ELE-00592,Bocina Bluetooth Aurea Advance,Categoría: Electrónica | Marca: Aurea | Proveedor: Distribuidora Central,3495.61,211,1,2024-12-07 00:00:00,2024-12-07 00:00:00
603,ALI-00593,Cereal Integral 500 g Aurea Classic,Categoría: Alimentos | Marca: Aurea | Proveedor: Distribuidora Pacífico,221.92,34,1,2024-11-03 00:00:00,2024-11-03 00:00:00
604,OFI-00594,Cuaderno Profesional Marea Prime,Categoría: Oficina | Marca: Marea | Proveedor: Distribuidora Central,2397.04,291,1,2026-05-02 00:00:00,2026-05-02 00:00:00
605,OFI-00595,Calculadora Financiera Nativa Essential,Categoría: Oficina | Marca: Nativa | Proveedor: Distribuidora Mexicana,3885.67,246,1,2025-10-04 00:00:00,2025-10-04 00:00:00
606,CUI-00596,Cepillo Dental Eléctrico Urban Essential,Categoría: Cuidado personal | Marca: Urban | Proveedor: Distribuidora Metropolitana,2344.88,153,1,2025-07-22 00:00:00,2025-07-22 00:00:00
607,HOG-00597,Termo de Acero Inoxidable Prisma Plus,Categoría: Hogar | Marca: Prisma | Proveedor: Distribuidora Central,2425.46,143,1,2024-12-13 00:00:00,2024-12-13 00:00:00
608,ALI-00598,Galletas de Avena 300 g Zenit Pro,Categoría: Alimentos | Marca: Zenit | Proveedor: Distribuidora Metropolitana,485.68,157,0,2025-12-27 00:00:00,2025-12-27 00:00:00
609,DEP-00599,Botella Deportiva Térmica Brava Prime,Categoría: Deportes | Marca: Brava | Proveedor: Distribuidora Nova,1404.05,154,1,2025-06-21 00:00:00,2025-06-21 00:00:00
610,ELE-00600,Mouse Inalámbrico Aurea Plus,Categoría: Electrónica | Marca: Aurea | Proveedor: Distribuidora Bajío,1635.64,12,1,2026-07-15 00:00:00,2026-07-15 00:00:00
611,HOG-00601,Sartén Antiadherente 28 cm Kairo Prime,Categoría: Hogar | Marca: Kairo | Proveedor: Distribuidora Mexicana,425.77,50,1,2024-07-29 00:00:00,2024-07-29 00:00:00
612,DEP-00602,Balón de Fútbol Nova Classic,Categoría: Deportes | Marca: Nova | Proveedor: Distribuidora del Norte,2802.10,304,1,2024-12-07 00:00:00,2024-12-07 00:00:00
613,ELE-00603,Audífonos USB-C Nova Advance,Categoría: Electrónica | Marca: Nova | Proveedor: Distribuidora Nova,2689.95,327,1,2024-11-24 00:00:00,2024-11-24 00:00:00
614,OFI-00604,Calculadora Básica Cobalto Plus,Categoría: Oficina | Marca: Cobalto | Proveedor: Distribuidora Pacífico,1661.11,80,0,2024-04-27 00:00:00,2024-04-27 00:00:00
615,CUI-00605,Secadora Compacta Aurea Lite,Categoría: Cuidado personal | Marca: Aurea | Proveedor: Distribuidora Pacífico,1009.78,163,1,2024-05-24 00:00:00,2024-05-24 00:00:00
616,OFI-00606,Memoria USB 64 GB Nexo Plus,Categoría: Oficina | Marca: Nexo | Proveedor: Distribuidora Bajío,1892.06,173,1,2024-02-21 00:00:00,2024-02-21 00:00:00
617,DEP-00607,Botella Deportiva 750 ml Zenit Essential,Categoría: Deportes | Marca: Zenit | Proveedor: Distribuidora Mexicana,339.61,200,1,2025-12-22 00:00:00,2025-12-22 00:00:00
618,CUI-00608,Rasuradora Corporal Kairo Prime,Categoría: Cuidado personal | Marca: Kairo | Proveedor: Distribuidora del Norte,2296.24,343,1,2026-08-02 00:00:00,2026-08-02 00:00:00
619,DEP-00609,Guantes de Ciclismo Lumina Max,Categoría: Deportes | Marca: Lumina | Proveedor: Distribuidora Bajío,372.04,158,1,2025-04-26 00:00:00,2025-04-26 00:00:00
620,HOG-00610,Organizador Multiusos Prisma Eco,Categoría: Hogar | Marca: Prisma | Proveedor: Distribuidora Metropolitana,522.71,340,1,2026-03-18 00:00:00,2026-03-18 00:00:00
621,OFI-00611,Silla con Soporte Lumbar Nova Plus,Categoría: Oficina | Marca: Nova | Proveedor: Distribuidora Bajío,2869.89,179,1,2025-04-17 00:00:00,2025-04-17 00:00:00
622,OFI-00612,Calculadora de Escritorio Orion Eco,Categoría: Oficina | Marca: Orion | Proveedor: Distribuidora Metropolitana,4910.89,54,1,2025-07-23 00:00:00,2025-07-23 00:00:00
623,OFI-00613,Memoria USB USB 3.2 Zenit Advance,Categoría: Oficina | Marca: Zenit | Proveedor: Distribuidora Nova,2500.77,317,1,2025-07-15 00:00:00,2025-07-15 00:00:00
624,DEP-00614,Balón de Fútbol Marea Select,Categoría: Deportes | Marca: Marea | Proveedor: Distribuidora Hidalgo,2457.49,302,1,2026-03-14 00:00:00,2026-03-14 00:00:00
625,CUI-00615,Cepillo Dental Medio Nexo Plus,Categoría: Cuidado personal | Marca: Nexo | Proveedor: Distribuidora Bajío,2081.22,293,1,2024-04-27 00:00:00,2024-04-27 00:00:00
626,DEP-00616,Mancuerna 5 kg Cobalto Pro,Categoría: Deportes | Marca: Cobalto | Proveedor: Distribuidora del Norte,985.38,207,1,2025-09-04 00:00:00,2025-09-04 00:00:00
627,CUI-00617,Rasuradora Corporal Nativa Essential,Categoría: Cuidado personal | Marca: Nativa | Proveedor: Distribuidora Central,294.33,71,1,2026-02-14 00:00:00,2026-02-14 00:00:00
628,HOG-00618,Juego de Toallas 6 Piezas Zenit Advance,Categoría: Hogar | Marca: Zenit | Proveedor: Distribuidora Nova,1477.59,100,1,2025-11-28 00:00:00,2025-11-28 00:00:00
629,OFI-00619,Memoria USB 128 GB Urban Prime,Categoría: Oficina | Marca: Urban | Proveedor: Distribuidora Central,5941.09,298,1,2025-09-18 00:00:00,2025-09-18 00:00:00
630,DEP-00620,Tapete de Yoga Antideslizante Altura Prime,Categoría: Deportes | Marca: Altura | Proveedor: Distribuidora Central,2711.13,27,1,2025-12-21 00:00:00,2025-12-21 00:00:00
631,OFI-00621,Cuaderno Pasta Dura Nova Select,Categoría: Oficina | Marca: Nova | Proveedor: Distribuidora Hidalgo,2609.75,302,1,2025-10-02 00:00:00,2025-10-02 00:00:00
632,DEP-00622,Balón Entrenamiento Urban Lite,Categoría: Deportes | Marca: Urban | Proveedor: Distribuidora Bajío,703.64,88,1,2024-05-22 00:00:00,2024-05-22 00:00:00
633,DEP-00623,Mancuerna Hexagonal Vitta Classic,Categoría: Deportes | Marca: Vitta | Proveedor: Distribuidora Mexicana,2991.60,343,0,2024-05-17 00:00:00,2024-05-17 00:00:00
634,ALI-00624,Café en Grano 1 kg Nativa Eco,Categoría: Alimentos | Marca: Nativa | Proveedor: Distribuidora del Norte,779.63,69,1,2024-05-20 00:00:00,2024-05-20 00:00:00
635,DEP-00625,Balón Entrenamiento Nexo Max,Categoría: Deportes | Marca: Nexo | Proveedor: Distribuidora Bajío,1571.40,282,1,2025-01-28 00:00:00,2025-01-28 00:00:00
636,HOG-00626,Juego de Toallas Algodón Nativa Select,Categoría: Hogar | Marca: Nativa | Proveedor: Distribuidora Hidalgo,1802.35,137,1,2026-08-06 00:00:00,2026-08-06 00:00:00
637,OFI-00627,Cuaderno Profesional Nativa Prime,Categoría: Oficina | Marca: Nativa | Proveedor: Distribuidora del Norte,709.91,246,1,2024-05-25 00:00:00,2024-05-25 00:00:00
638,CUI-00628,Cepillo Dental Eléctrico Lumina Lite,Categoría: Cuidado personal | Marca: Lumina | Proveedor: Distribuidora Nova,2495.83,45,1,2025-04-28 00:00:00,2025-04-28 00:00:00
639,ALI-00629,Café Americano 500 g Altura Prime,Categoría: Alimentos | Marca: Altura | Proveedor: Distribuidora Bajío,439.12,5,1,2025-04-09 00:00:00,2025-04-09 00:00:00
640,DEP-00630,Guantes Deportivos Urban Prime,Categoría: Deportes | Marca: Urban | Proveedor: Distribuidora Pacífico,2884.29,150,0,2024-06-20 00:00:00,2024-06-20 00:00:00
641,CUI-00631,Cepillo Dental Pack 3 Altura Max,Categoría: Cuidado personal | Marca: Altura | Proveedor: Distribuidora Central,1637.20,293,1,2025-11-03 00:00:00,2025-11-03 00:00:00
642,ALI-00632,Galletas de Avena 300 g Kairo Max,Categoría: Alimentos | Marca: Kairo | Proveedor: Distribuidora del Norte,88.86,258,1,2026-05-21 00:00:00,2026-05-21 00:00:00
643,OFI-00633,Mochila Antirrobo Terra Classic,Categoría: Oficina | Marca: Terra | Proveedor: Distribuidora Mexicana,119.71,57,1,2026-07-20 00:00:00,2026-07-20 00:00:00
644,HOG-00634,Juego de Toallas 6 Piezas Nexo Classic,Categoría: Hogar | Marca: Nexo | Proveedor: Distribuidora Bajío,1972.72,120,1,2024-07-04 00:00:00,2024-07-04 00:00:00
645,ELE-00635,Mouse Inalámbrico Vitta Advance,Categoría: Electrónica | Marca: Vitta | Proveedor: Distribuidora Bajío,3277.71,78,1,2026-02-09 00:00:00,2026-02-09 00:00:00
646,DEP-00636,Tapete de Yoga con Correa Nexo Select,Categoría: Deportes | Marca: Nexo | Proveedor: Distribuidora Central,1770.27,176,1,2025-10-19 00:00:00,2025-10-19 00:00:00
647,ELE-00637,Audífonos Inalámbricos Cobalto Eco,Categoría: Electrónica | Marca: Cobalto | Proveedor: Distribuidora Nova,1744.38,243,1,2025-01-23 00:00:00,2025-01-23 00:00:00
648,DEP-00638,Balón de Voleibol Vitta Lite,Categoría: Deportes | Marca: Vitta | Proveedor: Distribuidora Pacífico,2621.51,6,1,2026-08-07 00:00:00,2026-08-07 00:00:00
649,DEP-00639,Mancuerna 5 kg Orion Lite,Categoría: Deportes | Marca: Orion | Proveedor: Distribuidora Pacífico,1943.90,221,1,2024-12-09 00:00:00,2024-12-09 00:00:00
650,ELE-00640,Mouse Óptico Cobalto Select,Categoría: Electrónica | Marca: Cobalto | Proveedor: Distribuidora Nova,2608.95,301,1,2025-06-16 00:00:00,2025-06-16 00:00:00
651,ALI-00641,Cereal con Frutos 450 g Nova Essential,Categoría: Alimentos | Marca: Nova | Proveedor: Distribuidora Hidalgo,668.73,6,1,2024-04-10 00:00:00,2024-04-10 00:00:00
652,ALI-00642,Aceite de Aguacate 500 ml Brava Classic,Categoría: Alimentos | Marca: Brava | Proveedor: Distribuidora Central,219.97,17,1,2025-09-26 00:00:00,2025-09-26 00:00:00
653,CUI-00643,Crema Corporal Nutritiva 400 ml Orion Plus,Categoría: Cuidado personal | Marca: Orion | Proveedor: Distribuidora Mexicana,282.91,309,1,2025-01-19 00:00:00,2025-01-19 00:00:00
654,ALI-00644,Galletas de Avena 300 g Orion Pro,Categoría: Alimentos | Marca: Orion | Proveedor: Distribuidora del Norte,221.08,239,1,2025-10-16 00:00:00,2025-10-16 00:00:00
655,OFI-00645,Silla de Oficina Terra Pro,Categoría: Oficina | Marca: Terra | Proveedor: Distribuidora Central,4691.28,141,1,2025-01-26 00:00:00,2025-01-26 00:00:00
656,ELE-00646,Mouse Gaming Nexo Max,Categoría: Electrónica | Marca: Nexo | Proveedor: Distribuidora Hidalgo,381.48,102,1,2024-07-01 00:00:00,2024-07-01 00:00:00
657,ELE-00647,Teclado RGB Aurea Advance,Categoría: Electrónica | Marca: Aurea | Proveedor: Distribuidora Pacífico,2304.18,226,0,2024-04-15 00:00:00,2024-04-15 00:00:00
658,ELE-00648,Cargador Inalámbrico Cobalto Essential,Categoría: Electrónica | Marca: Cobalto | Proveedor: Distribuidora Central,3152.32,76,0,2026-08-13 00:00:00,2026-08-13 00:00:00
659,DEP-00649,Mancuerna 10 kg Marea Eco,Categoría: Deportes | Marca: Marea | Proveedor: Distribuidora Bajío,1761.20,263,1,2025-05-04 00:00:00,2025-05-04 00:00:00
660,ALI-00650,Café en Grano 1 kg Nova Eco,Categoría: Alimentos | Marca: Nova | Proveedor: Distribuidora del Norte,763.52,246,1,2025-08-03 00:00:00,2025-08-03 00:00:00
661,OFI-00651,Calculadora Básica Zenit Essential,Categoría: Oficina | Marca: Zenit | Proveedor: Distribuidora del Norte,3805.87,331,1,2025-01-09 00:00:00,2025-01-09 00:00:00
662,OFI-00652,Cuaderno Cuadriculado Kairo Select,Categoría: Oficina | Marca: Kairo | Proveedor: Distribuidora Hidalgo,1088.35,20,1,2025-11-07 00:00:00,2025-11-07 00:00:00
663,ALI-00653,Aceite de Oliva 500 ml Prisma Max,Categoría: Alimentos | Marca: Prisma | Proveedor: Distribuidora Bajío,90.68,323,1,2026-01-22 00:00:00,2026-01-22 00:00:00
664,ELE-00654,Teclado Mecánico Brava Max,Categoría: Electrónica | Marca: Brava | Proveedor: Distribuidora Pacífico,1451.37,276,1,2025-05-26 00:00:00,2025-05-26 00:00:00
665,DEP-00655,Botella Deportiva 750 ml Marea Essential,Categoría: Deportes | Marca: Marea | Proveedor: Distribuidora Hidalgo,1071.76,21,1,2024-05-01 00:00:00,2024-05-01 00:00:00
666,ALI-00656,Galletas Integrales 350 g Vitta Advance,Categoría: Alimentos | Marca: Vitta | Proveedor: Distribuidora Central,205.33,36,1,2026-01-23 00:00:00,2026-01-23 00:00:00
667,ALI-00657,Café Descafeinado 400 g Altura Select,Categoría: Alimentos | Marca: Altura | Proveedor: Distribuidora Central,567.80,66,1,2024-06-25 00:00:00,2024-06-25 00:00:00
668,OFI-00658,Cuaderno Cuadriculado Nexo Advance,Categoría: Oficina | Marca: Nexo | Proveedor: Distribuidora del Norte,416.44,54,1,2025-05-24 00:00:00,2025-05-24 00:00:00
669,CUI-00659,Crema Corporal Hidratante 400 ml Aurea Eco,Categoría: Cuidado personal | Marca: Aurea | Proveedor: Distribuidora Hidalgo,974.04,347,1,2024-11-28 00:00:00,2024-11-28 00:00:00
670,ALI-00660,Galletas con Chocolate 300 g Vitta Prime,Categoría: Alimentos | Marca: Vitta | Proveedor: Distribuidora Central,672.39,109,1,2025-08-30 00:00:00,2025-08-30 00:00:00
671,ELE-00661,Audífonos USB-C Vitta Eco,Categoría: Electrónica | Marca: Vitta | Proveedor: Distribuidora Mexicana,711.97,189,1,2025-03-25 00:00:00,2025-03-25 00:00:00
672,CUI-00662,Shampoo Hidratante 750 ml Orion Advance,Categoría: Cuidado personal | Marca: Orion | Proveedor: Distribuidora Central,1080.86,80,1,2026-06-19 00:00:00,2026-06-19 00:00:00
673,ELE-00663,Audífonos Inalámbricos Lumina Advance,Categoría: Electrónica | Marca: Lumina | Proveedor: Distribuidora Bajío,3120.17,213,1,2025-12-09 00:00:00,2025-12-09 00:00:00
674,HOG-00664,Sartén de Acero 26 cm Cobalto Eco,Categoría: Hogar | Marca: Cobalto | Proveedor: Distribuidora Central,657.99,89,1,2025-09-02 00:00:00,2025-09-02 00:00:00
675,DEP-00665,Guantes de Gimnasio Kairo Prime,Categoría: Deportes | Marca: Kairo | Proveedor: Distribuidora Nova,1307.67,285,1,2024-07-15 00:00:00,2024-07-15 00:00:00
676,CUI-00666,Shampoo Reparador 700 ml Prisma Lite,Categoría: Cuidado personal | Marca: Prisma | Proveedor: Distribuidora Nova,1442.77,237,1,2024-10-10 00:00:00,2024-10-10 00:00:00
677,ELE-00667,Teclado RGB Nativa Pro,Categoría: Electrónica | Marca: Nativa | Proveedor: Distribuidora Central,684.19,22,1,2025-10-22 00:00:00,2025-10-22 00:00:00
678,HOG-00668,Juego de Toallas 6 Piezas Marea Advance,Categoría: Hogar | Marca: Marea | Proveedor: Distribuidora Central,2027.47,232,1,2024-04-16 00:00:00,2024-04-16 00:00:00
679,CUI-00669,Crema Corporal Hidratante 400 ml Nova Max,Categoría: Cuidado personal | Marca: Nova | Proveedor: Distribuidora Nova,1463.04,36,1,2026-01-08 00:00:00,2026-01-08 00:00:00
680,CUI-00670,Cepillo Dental Eléctrico Aurea Prime,Categoría: Cuidado personal | Marca: Aurea | Proveedor: Distribuidora Metropolitana,678.59,56,1,2024-08-21 00:00:00,2024-08-21 00:00:00
681,ALI-00671,Aceite de Oliva 500 ml Zenit Select,Categoría: Alimentos | Marca: Zenit | Proveedor: Distribuidora Bajío,81.91,299,1,2024-02-25 00:00:00,2024-02-25 00:00:00
682,HOG-00672,Organizador de Baño Nexo Eco,Categoría: Hogar | Marca: Nexo | Proveedor: Distribuidora Nova,982.83,234,1,2025-10-09 00:00:00,2025-10-09 00:00:00
683,OFI-00673,Mochila Antirrobo Vitta Essential,Categoría: Oficina | Marca: Vitta | Proveedor: Distribuidora Pacífico,4163.34,30,1,2024-05-19 00:00:00,2024-05-19 00:00:00
684,DEP-00674,Balón Entrenamiento Nexo Prime,Categoría: Deportes | Marca: Nexo | Proveedor: Distribuidora Mexicana,728.77,151,1,2026-03-19 00:00:00,2026-03-19 00:00:00
685,CUI-00675,Crema Corporal Nutritiva 400 ml Brava Plus,Categoría: Cuidado personal | Marca: Brava | Proveedor: Distribuidora Bajío,1178.81,267,1,2026-06-01 00:00:00,2026-06-01 00:00:00
686,CUI-00676,Rasuradora de Precisión Terra Essential,Categoría: Cuidado personal | Marca: Terra | Proveedor: Distribuidora Nova,2055.47,126,1,2024-12-01 00:00:00,2024-12-01 00:00:00
687,HOG-00677,Termo 750 ml Nova Eco,Categoría: Hogar | Marca: Nova | Proveedor: Distribuidora Bajío,2451.05,20,1,2026-01-21 00:00:00,2026-01-21 00:00:00
688,ELE-00678,Bocina Resistente al Agua Nativa Plus,Categoría: Electrónica | Marca: Nativa | Proveedor: Distribuidora del Norte,1664.68,123,1,2025-07-25 00:00:00,2025-07-25 00:00:00
689,ALI-00679,Aceite de Oliva 500 ml Vitta Prime,Categoría: Alimentos | Marca: Vitta | Proveedor: Distribuidora del Norte,253.94,331,1,2024-01-17 00:00:00,2024-01-17 00:00:00
690,OFI-00680,Mochila Impermeable Nova Max,Categoría: Oficina | Marca: Nova | Proveedor: Distribuidora Hidalgo,2800.87,70,1,2024-07-08 00:00:00,2024-07-08 00:00:00
691,OFI-00681,Silla Ergonómica Lumina Eco,Categoría: Oficina | Marca: Lumina | Proveedor: Distribuidora Central,5363.44,170,1,2024-10-30 00:00:00,2024-10-30 00:00:00
692,OFI-00682,Memoria USB 64 GB Lumina Advance,Categoría: Oficina | Marca: Lumina | Proveedor: Distribuidora Metropolitana,5288.37,28,1,2026-06-28 00:00:00,2026-06-28 00:00:00
693,DEP-00683,Mancuerna Hexagonal Altura Prime,Categoría: Deportes | Marca: Altura | Proveedor: Distribuidora del Norte,1155.32,331,1,2025-07-28 00:00:00,2025-07-28 00:00:00
694,HOG-00684,Organizador Multiusos Brava Lite,Categoría: Hogar | Marca: Brava | Proveedor: Distribuidora Nova,353.81,244,1,2026-02-10 00:00:00,2026-02-10 00:00:00
695,HOG-00685,Sartén Antiadherente 28 cm Terra Lite,Categoría: Hogar | Marca: Terra | Proveedor: Distribuidora Central,1725.15,141,1,2024-03-05 00:00:00,2024-03-05 00:00:00
696,DEP-00686,Balón de Fútbol Nativa Lite,Categoría: Deportes | Marca: Nativa | Proveedor: Distribuidora Pacífico,2062.88,272,1,2025-04-07 00:00:00,2025-04-07 00:00:00
697,ALI-00687,Café en Grano 1 kg Cobalto Plus,Categoría: Alimentos | Marca: Cobalto | Proveedor: Distribuidora Pacífico,87.05,91,1,2026-09-06 00:00:00,2026-09-06 00:00:00
698,HOG-00688,Sartén Antiadherente 24 cm Vitta Max,Categoría: Hogar | Marca: Vitta | Proveedor: Distribuidora Central,443.21,104,1,2024-10-27 00:00:00,2024-10-27 00:00:00
699,ALI-00689,Galletas de Avena 300 g Nativa Prime,Categoría: Alimentos | Marca: Nativa | Proveedor: Distribuidora Central,350.18,330,1,2024-10-25 00:00:00,2024-10-25 00:00:00
700,ELE-00690,Teclado Compacto Urban Advance,Categoría: Electrónica | Marca: Urban | Proveedor: Distribuidora Metropolitana,1297.35,330,1,2025-05-12 00:00:00,2025-05-12 00:00:00
701,ALI-00691,Galletas con Chocolate 300 g Cobalto Max,Categoría: Alimentos | Marca: Cobalto | Proveedor: Distribuidora Pacífico,260.36,67,1,2024-06-24 00:00:00,2024-06-24 00:00:00
702,HOG-00692,Juego de Toallas 6 Piezas Kairo Essential,Categoría: Hogar | Marca: Kairo | Proveedor: Distribuidora Bajío,437.98,145,1,2026-09-06 00:00:00,2026-09-06 00:00:00
703,HOG-00693,Termo de Acero Inoxidable Nexo Pro,Categoría: Hogar | Marca: Nexo | Proveedor: Distribuidora Mexicana,2110.18,341,1,2024-06-14 00:00:00,2024-06-14 00:00:00
704,ELE-00694,Mouse Ergonómico Cobalto Classic,Categoría: Electrónica | Marca: Cobalto | Proveedor: Distribuidora Central,1387.40,105,1,2025-11-12 00:00:00,2025-11-12 00:00:00
705,OFI-00695,Mochila Antirrobo Cobalto Lite,Categoría: Oficina | Marca: Cobalto | Proveedor: Distribuidora Pacífico,5852.68,273,1,2024-05-04 00:00:00,2024-05-04 00:00:00
706,DEP-00696,Balón de Básquetbol Cobalto Prime,Categoría: Deportes | Marca: Cobalto | Proveedor: Distribuidora Metropolitana,543.12,279,1,2025-10-24 00:00:00,2025-10-24 00:00:00
707,DEP-00697,Mancuerna 10 kg Cobalto Prime,Categoría: Deportes | Marca: Cobalto | Proveedor: Distribuidora Central,2094.42,245,1,2024-05-22 00:00:00,2024-05-22 00:00:00
708,ELE-00698,Mouse Inalámbrico Zenit Advance,Categoría: Electrónica | Marca: Zenit | Proveedor: Distribuidora Metropolitana,2965.94,228,1,2024-04-04 00:00:00,2024-04-04 00:00:00
709,CUI-00699,Crema Corporal Nutritiva 400 ml Brava Classic,Categoría: Cuidado personal | Marca: Brava | Proveedor: Distribuidora Bajío,584.00,42,1,2025-11-24 00:00:00,2025-11-24 00:00:00
710,ELE-00700,Cargador Doble Puerto Aurea Max,Categoría: Electrónica | Marca: Aurea | Proveedor: Distribuidora Central,1213.49,309,1,2026-07-19 00:00:00,2026-07-19 00:00:00
711,DEP-00701,Tapete de Yoga con Correa Prisma Eco,Categoría: Deportes | Marca: Prisma | Proveedor: Distribuidora Metropolitana,1173.94,145,1,2024-12-25 00:00:00,2024-12-25 00:00:00
712,DEP-00702,Guantes de Gimnasio Aurea Max,Categoría: Deportes | Marca: Aurea | Proveedor: Distribuidora Bajío,2246.85,212,1,2024-10-22 00:00:00,2024-10-22 00:00:00
713,ALI-00703,Aceite Vegetal 1 L Urban Pro,Categoría: Alimentos | Marca: Urban | Proveedor: Distribuidora del Norte,671.69,306,1,2024-05-27 00:00:00,2024-05-27 00:00:00
714,DEP-00704,Guantes Deportivos Lumina Advance,Categoría: Deportes | Marca: Lumina | Proveedor: Distribuidora Central,2289.29,45,1,2025-02-23 00:00:00,2025-02-23 00:00:00
715,OFI-00705,Silla Ejecutiva Cobalto Advance,Categoría: Oficina | Marca: Cobalto | Proveedor: Distribuidora Nova,4539.27,70,1,2024-07-09 00:00:00,2024-07-09 00:00:00
716,OFI-00706,Memoria USB USB 3.2 Altura Classic,Categoría: Oficina | Marca: Altura | Proveedor: Distribuidora Bajío,5012.47,155,1,2025-07-26 00:00:00,2025-07-26 00:00:00
717,HOG-00707,Lámpara de Escritorio Vitta Classic,Categoría: Hogar | Marca: Vitta | Proveedor: Distribuidora Bajío,805.41,327,1,2024-05-07 00:00:00,2024-05-07 00:00:00
718,OFI-00708,Silla Ejecutiva Nativa Select,Categoría: Oficina | Marca: Nativa | Proveedor: Distribuidora Bajío,204.63,141,1,2024-03-09 00:00:00,2024-03-09 00:00:00
719,OFI-00709,Memoria USB USB 3.2 Urban Classic,Categoría: Oficina | Marca: Urban | Proveedor: Distribuidora del Norte,3780.37,243,1,2025-01-17 00:00:00,2025-01-17 00:00:00
720,CUI-00710,Shampoo Anticaspa 650 ml Nexo Advance,Categoría: Cuidado personal | Marca: Nexo | Proveedor: Distribuidora Bajío,206.14,163,1,2026-06-18 00:00:00,2026-06-18 00:00:00
721,OFI-00711,Mochila para Laptop 15.6 Terra Prime,Categoría: Oficina | Marca: Terra | Proveedor: Distribuidora Central,2536.98,182,1,2024-10-23 00:00:00,2024-10-23 00:00:00
722,ALI-00712,Café en Grano 1 kg Nexo Plus,Categoría: Alimentos | Marca: Nexo | Proveedor: Distribuidora Metropolitana,488.44,85,1,2026-06-12 00:00:00,2026-06-12 00:00:00
723,ALI-00713,Pasta Penne 500 g Prisma Plus,Categoría: Alimentos | Marca: Prisma | Proveedor: Distribuidora Mexicana,438.64,180,1,2024-01-14 00:00:00,2024-01-14 00:00:00
724,OFI-00714,Calculadora Financiera Urban Prime,Categoría: Oficina | Marca: Urban | Proveedor: Distribuidora del Norte,5527.29,83,1,2024-08-11 00:00:00,2024-08-11 00:00:00
725,HOG-00715,Organizador de Cocina Urban Max,Categoría: Hogar | Marca: Urban | Proveedor: Distribuidora Mexicana,2295.80,59,0,2026-08-03 00:00:00,2026-08-03 00:00:00
726,OFI-00716,Calculadora Básica Vitta Max,Categoría: Oficina | Marca: Vitta | Proveedor: Distribuidora Metropolitana,5341.33,305,1,2024-06-25 00:00:00,2024-06-25 00:00:00
727,ELE-00717,Webcam Full HD Brava Pro,Categoría: Electrónica | Marca: Brava | Proveedor: Distribuidora Nova,3019.33,72,1,2024-11-10 00:00:00,2024-11-10 00:00:00
728,HOG-00718,Lámpara Minimalista Orion Plus,Categoría: Hogar | Marca: Orion | Proveedor: Distribuidora Hidalgo,124.51,247,1,2024-02-13 00:00:00,2024-02-13 00:00:00
729,ELE-00719,Webcam Full HD Nativa Plus,Categoría: Electrónica | Marca: Nativa | Proveedor: Distribuidora del Norte,3192.57,22,1,2024-11-04 00:00:00,2024-11-04 00:00:00
730,ELE-00720,Audífonos Inalámbricos Aurea Pro,Categoría: Electrónica | Marca: Aurea | Proveedor: Distribuidora del Norte,2395.51,14,1,2024-05-29 00:00:00,2024-05-29 00:00:00
731,OFI-00721,Memoria USB 128 GB Prisma Pro,Categoría: Oficina | Marca: Prisma | Proveedor: Distribuidora Nova,5135.04,313,1,2025-06-01 00:00:00,2025-06-01 00:00:00
732,ELE-00722,Cargador USB-C 20W Aurea Select,Categoría: Electrónica | Marca: Aurea | Proveedor: Distribuidora Central,3379.28,87,1,2026-01-12 00:00:00,2026-01-12 00:00:00
733,HOG-00723,Termo Térmico Prisma Advance,Categoría: Hogar | Marca: Prisma | Proveedor: Distribuidora del Norte,527.00,344,1,2024-07-04 00:00:00,2024-07-04 00:00:00
734,DEP-00724,Balón de Básquetbol Brava Eco,Categoría: Deportes | Marca: Brava | Proveedor: Distribuidora del Norte,417.38,160,1,2025-04-22 00:00:00,2025-04-22 00:00:00
735,HOG-00725,Juego de Toallas 6 Piezas Kairo Lite,Categoría: Hogar | Marca: Kairo | Proveedor: Distribuidora Metropolitana,1826.57,42,1,2025-05-20 00:00:00,2025-05-20 00:00:00
736,OFI-00726,Silla de Oficina Cobalto Select,Categoría: Oficina | Marca: Cobalto | Proveedor: Distribuidora Hidalgo,3338.55,148,1,2024-07-12 00:00:00,2024-07-12 00:00:00
737,DEP-00727,Mancuerna 10 kg Nova Max,Categoría: Deportes | Marca: Nova | Proveedor: Distribuidora Bajío,2044.80,202,1,2025-06-19 00:00:00,2025-06-19 00:00:00
738,ELE-00728,Audífonos Inalámbricos Zenit Eco,Categoría: Electrónica | Marca: Zenit | Proveedor: Distribuidora Mexicana,2477.37,52,1,2024-03-07 00:00:00,2024-03-07 00:00:00
739,HOG-00729,Sartén Antiadherente 24 cm Zenit Plus,Categoría: Hogar | Marca: Zenit | Proveedor: Distribuidora Bajío,642.54,217,1,2024-10-12 00:00:00,2024-10-12 00:00:00
740,CUI-00730,Secadora 2000 W Zenit Prime,Categoría: Cuidado personal | Marca: Zenit | Proveedor: Distribuidora Hidalgo,1355.43,308,1,2025-05-11 00:00:00,2025-05-11 00:00:00
741,HOG-00731,Juego de Toallas Algodón Orion Classic,Categoría: Hogar | Marca: Orion | Proveedor: Distribuidora Mexicana,1263.21,118,1,2024-01-31 00:00:00,2024-01-31 00:00:00
742,ELE-00732,Audífonos con Micrófono Nova Pro,Categoría: Electrónica | Marca: Nova | Proveedor: Distribuidora Metropolitana,1430.82,347,1,2024-06-05 00:00:00,2024-06-05 00:00:00
743,CUI-00733,Shampoo Hidratante 750 ml Nativa Max,Categoría: Cuidado personal | Marca: Nativa | Proveedor: Distribuidora Bajío,601.12,338,1,2025-05-17 00:00:00,2025-05-17 00:00:00
744,CUI-00734,Cepillo Dental Suave Altura Eco,Categoría: Cuidado personal | Marca: Altura | Proveedor: Distribuidora Hidalgo,2468.87,60,1,2025-04-05 00:00:00,2025-04-05 00:00:00
745,DEP-00735,Balón Entrenamiento Altura Essential,Categoría: Deportes | Marca: Altura | Proveedor: Distribuidora Pacífico,603.69,337,1,2026-06-24 00:00:00,2026-06-24 00:00:00
746,DEP-00736,Balón de Básquetbol Kairo Eco,Categoría: Deportes | Marca: Kairo | Proveedor: Distribuidora Bajío,1507.49,56,1,2025-11-06 00:00:00,2025-11-06 00:00:00
747,CUI-00737,Secadora Profesional Nativa Lite,Categoría: Cuidado personal | Marca: Nativa | Proveedor: Distribuidora Central,2397.88,259,1,2025-02-04 00:00:00,2025-02-04 00:00:00
748,CUI-00738,Rasuradora Corporal Kairo Prime,Categoría: Cuidado personal | Marca: Kairo | Proveedor: Distribuidora Central,214.16,302,1,2024-05-11 00:00:00,2024-05-11 00:00:00
749,OFI-00739,Memoria USB 32 GB Marea Eco,Categoría: Oficina | Marca: Marea | Proveedor: Distribuidora Metropolitana,615.60,176,1,2025-02-25 00:00:00,2025-02-25 00:00:00
750,ALI-00740,Cereal Integral 500 g Brava Classic,Categoría: Alimentos | Marca: Brava | Proveedor: Distribuidora Pacífico,483.62,33,1,2024-04-27 00:00:00,2024-04-27 00:00:00
751,ELE-00741,Cargador Inalámbrico Altura Max,Categoría: Electrónica | Marca: Altura | Proveedor: Distribuidora Hidalgo,2352.52,216,0,2024-09-30 00:00:00,2024-09-30 00:00:00
752,DEP-00742,Guantes de Gimnasio Marea Eco,Categoría: Deportes | Marca: Marea | Proveedor: Distribuidora del Norte,1748.73,165,1,2026-04-07 00:00:00,2026-04-07 00:00:00
753,ALI-00743,Cereal con Frutos 450 g Nativa Lite,Categoría: Alimentos | Marca: Nativa | Proveedor: Distribuidora Metropolitana,653.07,341,1,2024-06-19 00:00:00,2024-06-19 00:00:00
754,OFI-00744,Silla Ejecutiva Nativa Plus,Categoría: Oficina | Marca: Nativa | Proveedor: Distribuidora Nova,5047.03,274,1,2024-10-21 00:00:00,2024-10-21 00:00:00
755,OFI-00745,Memoria USB USB 3.2 Brava Advance,Categoría: Oficina | Marca: Brava | Proveedor: Distribuidora del Norte,4465.58,47,1,2025-08-29 00:00:00,2025-08-29 00:00:00
756,ELE-00746,Cargador Doble Puerto Urban Select,Categoría: Electrónica | Marca: Urban | Proveedor: Distribuidora Pacífico,1312.51,39,1,2025-05-31 00:00:00,2025-05-31 00:00:00
757,DEP-00747,Guantes Deportivos Aurea Eco,Categoría: Deportes | Marca: Aurea | Proveedor: Distribuidora Bajío,1259.70,319,1,2025-11-18 00:00:00,2025-11-18 00:00:00
758,HOG-00748,Lámpara LED Nativa Select,Categoría: Hogar | Marca: Nativa | Proveedor: Distribuidora Pacífico,1678.15,239,1,2026-08-17 00:00:00,2026-08-17 00:00:00
759,CUI-00749,Rasuradora Recargable Aurea Prime,Categoría: Cuidado personal | Marca: Aurea | Proveedor: Distribuidora Mexicana,1318.69,123,1,2026-02-03 00:00:00,2026-02-03 00:00:00
760,OFI-00750,Silla con Soporte Lumbar Marea Plus,Categoría: Oficina | Marca: Marea | Proveedor: Distribuidora Pacífico,3815.74,211,1,2026-04-23 00:00:00,2026-04-23 00:00:00
761,HOG-00751,Sartén de Acero 26 cm Brava Eco,Categoría: Hogar | Marca: Brava | Proveedor: Distribuidora Nova,656.13,76,1,2024-01-29 00:00:00,2024-01-29 00:00:00
762,OFI-00752,Silla con Soporte Lumbar Urban Eco,Categoría: Oficina | Marca: Urban | Proveedor: Distribuidora Nova,3893.24,18,1,2024-06-12 00:00:00,2024-06-12 00:00:00
763,ELE-00753,Mouse Gaming Nexo Essential,Categoría: Electrónica | Marca: Nexo | Proveedor: Distribuidora Central,3377.69,248,1,2024-02-26 00:00:00,2024-02-26 00:00:00
764,ELE-00754,Mouse Gaming Lumina Eco,Categoría: Electrónica | Marca: Lumina | Proveedor: Distribuidora del Norte,3153.19,343,1,2025-02-10 00:00:00,2025-02-10 00:00:00
765,ALI-00755,Cereal Integral 500 g Orion Advance,Categoría: Alimentos | Marca: Orion | Proveedor: Distribuidora Pacífico,593.49,61,1,2025-05-23 00:00:00,2025-05-23 00:00:00
766,HOG-00756,Termo 500 ml Marea Prime,Categoría: Hogar | Marca: Marea | Proveedor: Distribuidora Nova,2093.25,199,1,2026-08-15 00:00:00,2026-08-15 00:00:00
767,HOG-00757,Lámpara LED Aurea Classic,Categoría: Hogar | Marca: Aurea | Proveedor: Distribuidora Central,1142.53,130,1,2025-05-17 00:00:00,2025-05-17 00:00:00
768,ALI-00758,Café Americano 500 g Urban Max,Categoría: Alimentos | Marca: Urban | Proveedor: Distribuidora Mexicana,553.44,142,1,2025-01-06 00:00:00,2025-01-06 00:00:00
769,OFI-00759,Calculadora Científica Altura Essential,Categoría: Oficina | Marca: Altura | Proveedor: Distribuidora Nova,4154.23,343,1,2024-09-16 00:00:00,2024-09-16 00:00:00
770,OFI-00760,Calculadora Científica Brava Max,Categoría: Oficina | Marca: Brava | Proveedor: Distribuidora Pacífico,2351.84,201,1,2024-11-04 00:00:00,2024-11-04 00:00:00
771,HOG-00761,Sartén Antiadherente 24 cm Nexo Max,Categoría: Hogar | Marca: Nexo | Proveedor: Distribuidora Hidalgo,1606.87,329,0,2026-03-19 00:00:00,2026-03-19 00:00:00
772,ELE-00762,Bocina Resistente al Agua Urban Prime,Categoría: Electrónica | Marca: Urban | Proveedor: Distribuidora Mexicana,2552.24,51,1,2025-12-16 00:00:00,2025-12-16 00:00:00
773,ELE-00763,Mouse Óptico Marea Max,Categoría: Electrónica | Marca: Marea | Proveedor: Distribuidora Mexicana,2477.95,26,1,2025-10-07 00:00:00,2025-10-07 00:00:00
774,ALI-00764,Cereal Integral 500 g Zenit Select,Categoría: Alimentos | Marca: Zenit | Proveedor: Distribuidora del Norte,511.30,160,1,2024-04-23 00:00:00,2024-04-23 00:00:00
775,CUI-00765,Crema Corporal Nutritiva 400 ml Urban Prime,Categoría: Cuidado personal | Marca: Urban | Proveedor: Distribuidora Pacífico,1288.40,68,1,2024-06-26 00:00:00,2024-06-26 00:00:00
776,OFI-00766,Calculadora de Escritorio Lumina Eco,Categoría: Oficina | Marca: Lumina | Proveedor: Distribuidora Hidalgo,2227.36,201,1,2026-08-25 00:00:00,2026-08-25 00:00:00
777,CUI-00767,Crema Corporal Hidratante 400 ml Nova Lite,Categoría: Cuidado personal | Marca: Nova | Proveedor: Distribuidora Nova,1827.13,320,1,2026-07-17 00:00:00,2026-07-17 00:00:00
778,DEP-00768,Tapete de Yoga Antideslizante Nexo Essential,Categoría: Deportes | Marca: Nexo | Proveedor: Distribuidora Pacífico,1256.01,219,1,2024-06-01 00:00:00,2024-06-01 00:00:00
779,OFI-00769,Mochila para Laptop 15.6 Nova Lite,Categoría: Oficina | Marca: Nova | Proveedor: Distribuidora Bajío,2630.29,232,1,2024-05-01 00:00:00,2024-05-01 00:00:00
780,HOG-00770,Organizador Multiusos Kairo Max,Categoría: Hogar | Marca: Kairo | Proveedor: Distribuidora Nova,1003.62,220,1,2025-09-06 00:00:00,2025-09-06 00:00:00
781,OFI-00771,Mochila Impermeable Nexo Eco,Categoría: Oficina | Marca: Nexo | Proveedor: Distribuidora Pacífico,4761.25,14,1,2024-09-25 00:00:00,2024-09-25 00:00:00
782,DEP-00772,Tapete de Yoga Antideslizante Cobalto Plus,Categoría: Deportes | Marca: Cobalto | Proveedor: Distribuidora Metropolitana,119.03,68,1,2025-12-10 00:00:00,2025-12-10 00:00:00
783,HOG-00773,Juego de Toallas Microfibra Terra Plus,Categoría: Hogar | Marca: Terra | Proveedor: Distribuidora Central,309.58,30,1,2024-12-06 00:00:00,2024-12-06 00:00:00
784,DEP-00774,Mancuerna 5 kg Nova Classic,Categoría: Deportes | Marca: Nova | Proveedor: Distribuidora Pacífico,1557.22,195,1,2025-02-08 00:00:00,2025-02-08 00:00:00
785,HOG-00775,Termo 500 ml Nexo Classic,Categoría: Hogar | Marca: Nexo | Proveedor: Distribuidora Metropolitana,490.08,252,1,2026-06-17 00:00:00,2026-06-17 00:00:00
786,ELE-00776,Mouse Óptico Vitta Classic,Categoría: Electrónica | Marca: Vitta | Proveedor: Distribuidora Mexicana,540.42,22,1,2025-05-26 00:00:00,2025-05-26 00:00:00
787,OFI-00777,Calculadora Financiera Kairo Classic,Categoría: Oficina | Marca: Kairo | Proveedor: Distribuidora Metropolitana,3690.52,135,1,2025-03-22 00:00:00,2025-03-22 00:00:00
788,OFI-00778,Silla Ejecutiva Cobalto Essential,Categoría: Oficina | Marca: Cobalto | Proveedor: Distribuidora Nova,1161.72,27,0,2024-07-06 00:00:00,2024-07-06 00:00:00
789,OFI-00779,Mochila Impermeable Urban Plus,Categoría: Oficina | Marca: Urban | Proveedor: Distribuidora Central,5970.38,253,1,2025-03-28 00:00:00,2025-03-28 00:00:00
790,ALI-00780,Galletas Integrales 350 g Cobalto Max,Categoría: Alimentos | Marca: Cobalto | Proveedor: Distribuidora del Norte,112.07,75,1,2024-12-23 00:00:00,2024-12-23 00:00:00
791,OFI-00781,Mochila Ejecutiva Terra Advance,Categoría: Oficina | Marca: Terra | Proveedor: Distribuidora Nova,5348.29,299,1,2025-08-20 00:00:00,2025-08-20 00:00:00
792,ELE-00782,Cargador USB-C 45W Urban Plus,Categoría: Electrónica | Marca: Urban | Proveedor: Distribuidora del Norte,973.63,255,1,2026-06-27 00:00:00,2026-06-27 00:00:00
793,OFI-00783,Cuaderno Cuadriculado Prisma Advance,Categoría: Oficina | Marca: Prisma | Proveedor: Distribuidora Metropolitana,5576.44,54,0,2024-06-06 00:00:00,2024-06-06 00:00:00
794,DEP-00784,Balón Entrenamiento Terra Advance,Categoría: Deportes | Marca: Terra | Proveedor: Distribuidora Central,2003.80,168,1,2025-11-02 00:00:00,2025-11-02 00:00:00
795,DEP-00785,Mancuerna 10 kg Aurea Essential,Categoría: Deportes | Marca: Aurea | Proveedor: Distribuidora Metropolitana,2421.53,144,1,2026-03-28 00:00:00,2026-03-28 00:00:00
796,ELE-00786,Cargador Doble Puerto Lumina Eco,Categoría: Electrónica | Marca: Lumina | Proveedor: Distribuidora Hidalgo,1003.80,122,0,2024-04-01 00:00:00,2024-04-01 00:00:00
797,HOG-00787,Organizador de Baño Zenit Classic,Categoría: Hogar | Marca: Zenit | Proveedor: Distribuidora Mexicana,1645.15,334,1,2024-05-03 00:00:00,2024-05-03 00:00:00
798,DEP-00788,Mancuerna 10 kg Prisma Plus,Categoría: Deportes | Marca: Prisma | Proveedor: Distribuidora Nova,2510.27,262,1,2025-05-16 00:00:00,2025-05-16 00:00:00
799,DEP-00789,Balón de Voleibol Urban Plus,Categoría: Deportes | Marca: Urban | Proveedor: Distribuidora Mexicana,2290.39,188,1,2025-03-20 00:00:00,2025-03-20 00:00:00
800,ELE-00790,Audífonos USB-C Cobalto Select,Categoría: Electrónica | Marca: Cobalto | Proveedor: Distribuidora Bajío,2318.50,79,1,2025-06-23 00:00:00,2025-06-23 00:00:00
801,CUI-00791,Shampoo Anticaspa 650 ml Cobalto Eco,Categoría: Cuidado personal | Marca: Cobalto | Proveedor: Distribuidora Pacífico,263.07,244,1,2024-06-01 00:00:00,2024-06-01 00:00:00
802,ALI-00792,Pasta Spaghetti 500 g Urban Classic,Categoría: Alimentos | Marca: Urban | Proveedor: Distribuidora del Norte,465.05,282,0,2026-07-28 00:00:00,2026-07-28 00:00:00
803,ELE-00793,Cargador Doble Puerto Urban Plus,Categoría: Electrónica | Marca: Urban | Proveedor: Distribuidora Pacífico,1705.60,291,1,2024-12-29 00:00:00,2024-12-29 00:00:00
804,ELE-00794,Cargador USB-C 20W Orion Max,Categoría: Electrónica | Marca: Orion | Proveedor: Distribuidora Hidalgo,750.50,93,1,2024-02-16 00:00:00,2024-02-16 00:00:00
805,ALI-00795,Pasta Penne 500 g Cobalto Max,Categoría: Alimentos | Marca: Cobalto | Proveedor: Distribuidora Metropolitana,507.83,135,1,2026-07-29 00:00:00,2026-07-29 00:00:00
806,HOG-00796,Organizador de Escritorio Lumina Advance,Categoría: Hogar | Marca: Lumina | Proveedor: Distribuidora del Norte,706.55,344,1,2025-03-20 00:00:00,2025-03-20 00:00:00
807,ELE-00797,Bocina Bluetooth Nova Pro,Categoría: Electrónica | Marca: Nova | Proveedor: Distribuidora Hidalgo,2345.93,235,1,2026-06-08 00:00:00,2026-06-08 00:00:00
808,ALI-00798,Galletas con Chocolate 300 g Nativa Classic,Categoría: Alimentos | Marca: Nativa | Proveedor: Distribuidora Metropolitana,503.72,315,1,2025-12-08 00:00:00,2025-12-08 00:00:00
809,ALI-00799,Aceite de Aguacate 500 ml Lumina Pro,Categoría: Alimentos | Marca: Lumina | Proveedor: Distribuidora del Norte,129.58,97,0,2026-04-15 00:00:00,2026-04-15 00:00:00
810,HOG-00800,Lámpara LED Nativa Pro,Categoría: Hogar | Marca: Nativa | Proveedor: Distribuidora Nova,1651.37,223,1,2024-03-29 00:00:00,2024-03-29 00:00:00
811,DEP-00801,Tapete de Yoga con Correa Urban Essential,Categoría: Deportes | Marca: Urban | Proveedor: Distribuidora Bajío,427.90,78,1,2025-05-11 00:00:00,2025-05-11 00:00:00
812,DEP-00802,Guantes de Ciclismo Aurea Classic,Categoría: Deportes | Marca: Aurea | Proveedor: Distribuidora Central,1746.04,200,0,2024-12-07 00:00:00,2024-12-07 00:00:00
813,ALI-00803,Aceite de Aguacate 500 ml Nativa Advance,Categoría: Alimentos | Marca: Nativa | Proveedor: Distribuidora Pacífico,486.18,283,1,2024-02-07 00:00:00,2024-02-07 00:00:00
814,DEP-00804,Guantes con Muñequera Brava Essential,Categoría: Deportes | Marca: Brava | Proveedor: Distribuidora Metropolitana,1626.38,216,1,2025-07-20 00:00:00,2025-07-20 00:00:00
815,ALI-00805,Aceite de Aguacate 500 ml Orion Max,Categoría: Alimentos | Marca: Orion | Proveedor: Distribuidora Metropolitana,506.97,330,1,2025-04-04 00:00:00,2025-04-04 00:00:00
816,ELE-00806,Teclado Compacto Aurea Max,Categoría: Electrónica | Marca: Aurea | Proveedor: Distribuidora Nova,1300.89,118,1,2025-08-24 00:00:00,2025-08-24 00:00:00
817,OFI-00807,Memoria USB USB 3.2 Vitta Classic,Categoría: Oficina | Marca: Vitta | Proveedor: Distribuidora Hidalgo,4346.94,199,1,2026-05-03 00:00:00,2026-05-03 00:00:00
818,ALI-00808,Pasta Penne 500 g Nexo Advance,Categoría: Alimentos | Marca: Nexo | Proveedor: Distribuidora Bajío,185.38,44,1,2024-05-12 00:00:00,2024-05-12 00:00:00
819,HOG-00809,Termo Térmico Orion Eco,Categoría: Hogar | Marca: Orion | Proveedor: Distribuidora Pacífico,2361.19,252,1,2024-08-28 00:00:00,2024-08-28 00:00:00
820,ELE-00810,Audífonos USB-C Terra Prime,Categoría: Electrónica | Marca: Terra | Proveedor: Distribuidora Central,2416.71,89,1,2026-04-06 00:00:00,2026-04-06 00:00:00
821,DEP-00811,Botella Deportiva 1 L Orion Lite,Categoría: Deportes | Marca: Orion | Proveedor: Distribuidora Metropolitana,741.12,132,1,2026-03-14 00:00:00,2026-03-14 00:00:00
822,ELE-00812,Cargador Inalámbrico Vitta Lite,Categoría: Electrónica | Marca: Vitta | Proveedor: Distribuidora Central,2173.37,53,1,2026-08-06 00:00:00,2026-08-06 00:00:00
823,DEP-00813,Botella Deportiva 750 ml Orion Lite,Categoría: Deportes | Marca: Orion | Proveedor: Distribuidora Mexicana,211.13,53,1,2025-10-07 00:00:00,2025-10-07 00:00:00
824,HOG-00814,Sartén Antiadherente 24 cm Kairo Max,Categoría: Hogar | Marca: Kairo | Proveedor: Distribuidora del Norte,1922.95,255,1,2024-06-06 00:00:00,2024-06-06 00:00:00
825,OFI-00815,Mochila para Laptop 15.6 Aurea Max,Categoría: Oficina | Marca: Aurea | Proveedor: Distribuidora Nova,5817.91,3,1,2026-05-04 00:00:00,2026-05-04 00:00:00
826,OFI-00816,Calculadora de Escritorio Lumina Classic,Categoría: Oficina | Marca: Lumina | Proveedor: Distribuidora Metropolitana,2256.21,212,1,2025-10-06 00:00:00,2025-10-06 00:00:00
827,HOG-00817,Termo Térmico Brava Pro,Categoría: Hogar | Marca: Brava | Proveedor: Distribuidora Hidalgo,2019.28,211,1,2026-07-08 00:00:00,2026-07-08 00:00:00
828,CUI-00818,Cepillo Dental Suave Cobalto Pro,Categoría: Cuidado personal | Marca: Cobalto | Proveedor: Distribuidora del Norte,2166.00,264,1,2024-03-27 00:00:00,2024-03-27 00:00:00
829,DEP-00819,Tapete de Yoga con Correa Altura Eco,Categoría: Deportes | Marca: Altura | Proveedor: Distribuidora Mexicana,2298.25,338,1,2026-07-13 00:00:00,2026-07-13 00:00:00
830,ALI-00820,Galletas Integrales 350 g Urban Eco,Categoría: Alimentos | Marca: Urban | Proveedor: Distribuidora Pacífico,710.60,283,1,2026-01-08 00:00:00,2026-01-08 00:00:00
831,OFI-00821,Cuaderno Pasta Dura Vitta Eco,Categoría: Oficina | Marca: Vitta | Proveedor: Distribuidora Bajío,2696.07,105,1,2025-12-15 00:00:00,2025-12-15 00:00:00
832,ALI-00822,Aceite de Oliva 500 ml Kairo Plus,Categoría: Alimentos | Marca: Kairo | Proveedor: Distribuidora Hidalgo,53.61,171,1,2026-01-12 00:00:00,2026-01-12 00:00:00
833,HOG-00823,Termo de Acero Inoxidable Aurea Plus,Categoría: Hogar | Marca: Aurea | Proveedor: Distribuidora Metropolitana,1317.25,159,1,2026-02-14 00:00:00,2026-02-14 00:00:00
834,ELE-00824,Audífonos USB-C Brava Classic,Categoría: Electrónica | Marca: Brava | Proveedor: Distribuidora del Norte,2582.81,258,1,2026-01-19 00:00:00,2026-01-19 00:00:00
835,OFI-00825,Calculadora Básica Orion Essential,Categoría: Oficina | Marca: Orion | Proveedor: Distribuidora Bajío,4547.12,63,1,2024-11-01 00:00:00,2024-11-01 00:00:00
836,ELE-00826,Bocina Inteligente Brava Advance,Categoría: Electrónica | Marca: Brava | Proveedor: Distribuidora Nova,2043.75,321,1,2024-12-24 00:00:00,2024-12-24 00:00:00
837,ALI-00827,Galletas con Chocolate 300 g Vitta Eco,Categoría: Alimentos | Marca: Vitta | Proveedor: Distribuidora del Norte,427.22,126,1,2024-12-01 00:00:00,2024-12-01 00:00:00
838,HOG-00828,Sartén Antiadherente 28 cm Orion Pro,Categoría: Hogar | Marca: Orion | Proveedor: Distribuidora del Norte,1801.17,210,1,2024-04-04 00:00:00,2024-04-04 00:00:00
839,HOG-00829,Juego de Toallas 4 Piezas Cobalto Plus,Categoría: Hogar | Marca: Cobalto | Proveedor: Distribuidora Hidalgo,972.69,269,1,2025-08-25 00:00:00,2025-08-25 00:00:00
840,DEP-00830,Mancuerna Hexagonal Urban Max,Categoría: Deportes | Marca: Urban | Proveedor: Distribuidora Hidalgo,2094.04,250,1,2026-04-23 00:00:00,2026-04-23 00:00:00
841,CUI-00831,Crema Corporal con Aloe 500 ml Cobalto Pro,Categoría: Cuidado personal | Marca: Cobalto | Proveedor: Distribuidora del Norte,2710.96,262,1,2025-12-12 00:00:00,2025-12-12 00:00:00
842,DEP-00832,Botella Deportiva 1 L Prisma Plus,Categoría: Deportes | Marca: Prisma | Proveedor: Distribuidora del Norte,1839.66,209,1,2024-05-03 00:00:00,2024-05-03 00:00:00
843,OFI-00833,Cuaderno de Notas Orion Prime,Categoría: Oficina | Marca: Orion | Proveedor: Distribuidora Pacífico,1853.57,191,1,2024-10-28 00:00:00,2024-10-28 00:00:00
844,HOG-00834,Organizador de Baño Altura Classic,Categoría: Hogar | Marca: Altura | Proveedor: Distribuidora Mexicana,2230.52,110,1,2026-04-18 00:00:00,2026-04-18 00:00:00
845,ELE-00835,Audífonos USB-C Lumina Essential,Categoría: Electrónica | Marca: Lumina | Proveedor: Distribuidora Pacífico,1547.88,293,1,2025-08-02 00:00:00,2025-08-02 00:00:00
846,OFI-00836,Silla con Soporte Lumbar Vitta Pro,Categoría: Oficina | Marca: Vitta | Proveedor: Distribuidora Bajío,3045.41,235,1,2025-11-14 00:00:00,2025-11-14 00:00:00
847,ALI-00837,Pasta Spaghetti 500 g Urban Eco,Categoría: Alimentos | Marca: Urban | Proveedor: Distribuidora Metropolitana,205.20,202,0,2025-07-07 00:00:00,2025-07-07 00:00:00
848,ALI-00838,Aceite Vegetal 1 L Terra Plus,Categoría: Alimentos | Marca: Terra | Proveedor: Distribuidora Pacífico,695.25,12,1,2025-07-28 00:00:00,2025-07-28 00:00:00
849,ALI-00839,Galletas de Avena 300 g Aurea Advance,Categoría: Alimentos | Marca: Aurea | Proveedor: Distribuidora Nova,444.38,27,1,2026-02-07 00:00:00,2026-02-07 00:00:00
850,ELE-00840,Audífonos Inalámbricos Nova Classic,Categoría: Electrónica | Marca: Nova | Proveedor: Distribuidora Bajío,2784.64,125,1,2024-03-27 00:00:00,2024-03-27 00:00:00
851,CUI-00841,Cepillo Dental Eléctrico Altura Max,Categoría: Cuidado personal | Marca: Altura | Proveedor: Distribuidora Metropolitana,2418.88,11,1,2025-03-23 00:00:00,2025-03-23 00:00:00
852,ELE-00842,Cargador Inalámbrico Zenit Classic,Categoría: Electrónica | Marca: Zenit | Proveedor: Distribuidora Mexicana,453.93,50,1,2024-10-19 00:00:00,2024-10-19 00:00:00
853,OFI-00843,Cuaderno de Notas Kairo Eco,Categoría: Oficina | Marca: Kairo | Proveedor: Distribuidora Metropolitana,4082.22,30,0,2024-07-04 00:00:00,2024-07-04 00:00:00
854,ELE-00844,Mouse Óptico Orion Prime,Categoría: Electrónica | Marca: Orion | Proveedor: Distribuidora Pacífico,626.24,165,1,2025-01-19 00:00:00,2025-01-19 00:00:00
855,ELE-00845,Audífonos Inalámbricos Brava Advance,Categoría: Electrónica | Marca: Brava | Proveedor: Distribuidora Hidalgo,2112.20,252,1,2026-08-30 00:00:00,2026-08-30 00:00:00
856,ELE-00846,Mouse Óptico Urban Plus,Categoría: Electrónica | Marca: Urban | Proveedor: Distribuidora Nova,1770.97,208,1,2026-07-24 00:00:00,2026-07-24 00:00:00
857,OFI-00847,Memoria USB 32 GB Brava Lite,Categoría: Oficina | Marca: Brava | Proveedor: Distribuidora Pacífico,3920.85,64,1,2025-08-04 00:00:00,2025-08-04 00:00:00
858,ELE-00848,Webcam 2K Vitta Prime,Categoría: Electrónica | Marca: Vitta | Proveedor: Distribuidora Nova,1959.47,86,1,2025-07-04 00:00:00,2025-07-04 00:00:00
859,CUI-00849,Rasuradora Recargable Nova Max,Categoría: Cuidado personal | Marca: Nova | Proveedor: Distribuidora Pacífico,2691.91,317,1,2025-10-30 00:00:00,2025-10-30 00:00:00
860,ELE-00850,Audífonos con Micrófono Terra Advance,Categoría: Electrónica | Marca: Terra | Proveedor: Distribuidora Hidalgo,989.48,348,1,2024-12-25 00:00:00,2024-12-25 00:00:00
861,HOG-00851,Termo de Acero Inoxidable Altura Pro,Categoría: Hogar | Marca: Altura | Proveedor: Distribuidora del Norte,1867.82,288,1,2024-11-03 00:00:00,2024-11-03 00:00:00
862,ALI-00852,Café en Grano 1 kg Terra Eco,Categoría: Alimentos | Marca: Terra | Proveedor: Distribuidora Metropolitana,188.20,258,1,2026-06-24 00:00:00,2026-06-24 00:00:00
863,OFI-00853,Calculadora Financiera Terra Select,Categoría: Oficina | Marca: Terra | Proveedor: Distribuidora Metropolitana,3984.82,164,1,2024-08-03 00:00:00,2024-08-03 00:00:00
864,CUI-00854,Cepillo Dental Suave Vitta Essential,Categoría: Cuidado personal | Marca: Vitta | Proveedor: Distribuidora Central,1721.60,2,1,2025-11-19 00:00:00,2025-11-19 00:00:00
865,CUI-00855,Rasuradora de Precisión Lumina Plus,Categoría: Cuidado personal | Marca: Lumina | Proveedor: Distribuidora Bajío,1528.44,343,1,2025-11-19 00:00:00,2025-11-19 00:00:00
866,DEP-00856,Guantes Deportivos Zenit Pro,Categoría: Deportes | Marca: Zenit | Proveedor: Distribuidora del Norte,2530.91,4,1,2025-04-18 00:00:00,2025-04-18 00:00:00
867,HOG-00857,Juego de Toallas Algodón Brava Essential,Categoría: Hogar | Marca: Brava | Proveedor: Distribuidora Metropolitana,1914.38,348,1,2024-07-15 00:00:00,2024-07-15 00:00:00
868,CUI-00858,Cepillo Dental Medio Brava Max,Categoría: Cuidado personal | Marca: Brava | Proveedor: Distribuidora Pacífico,2708.93,18,1,2025-05-19 00:00:00,2025-05-19 00:00:00
869,ALI-00859,Galletas de Avena 300 g Nova Select,Categoría: Alimentos | Marca: Nova | Proveedor: Distribuidora Hidalgo,786.82,326,1,2024-04-23 00:00:00,2024-04-23 00:00:00
870,CUI-00860,Secadora Profesional Nexo Lite,Categoría: Cuidado personal | Marca: Nexo | Proveedor: Distribuidora Mexicana,578.64,289,1,2024-03-07 00:00:00,2024-03-07 00:00:00
871,ALI-00861,Café en Grano 1 kg Terra Advance,Categoría: Alimentos | Marca: Terra | Proveedor: Distribuidora Pacífico,687.14,267,1,2024-07-15 00:00:00,2024-07-15 00:00:00
872,ELE-00862,Webcam con Micrófono Cobalto Essential,Categoría: Electrónica | Marca: Cobalto | Proveedor: Distribuidora Central,3290.93,328,1,2026-05-24 00:00:00,2026-05-24 00:00:00
873,DEP-00863,Balón de Voleibol Orion Lite,Categoría: Deportes | Marca: Orion | Proveedor: Distribuidora Central,1446.77,185,1,2026-06-24 00:00:00,2026-06-24 00:00:00
874,ELE-00864,Mouse Óptico Cobalto Prime,Categoría: Electrónica | Marca: Cobalto | Proveedor: Distribuidora Metropolitana,166.28,99,1,2024-03-24 00:00:00,2024-03-24 00:00:00
875,ELE-00865,Webcam 2K Urban Plus,Categoría: Electrónica | Marca: Urban | Proveedor: Distribuidora Mexicana,3220.93,100,1,2024-12-03 00:00:00,2024-12-03 00:00:00
876,ALI-00866,Café Molido 500 g Nativa Eco,Categoría: Alimentos | Marca: Nativa | Proveedor: Distribuidora Metropolitana,650.44,303,1,2026-05-10 00:00:00,2026-05-10 00:00:00
877,ELE-00867,Bocina Portátil Marea Essential,Categoría: Electrónica | Marca: Marea | Proveedor: Distribuidora Nova,2901.47,266,1,2026-08-24 00:00:00,2026-08-24 00:00:00
878,CUI-00868,Secadora Profesional Orion Max,Categoría: Cuidado personal | Marca: Orion | Proveedor: Distribuidora Central,1639.39,43,0,2026-07-27 00:00:00,2026-07-27 00:00:00
879,OFI-00869,Cuaderno de Notas Altura Max,Categoría: Oficina | Marca: Altura | Proveedor: Distribuidora Hidalgo,361.76,312,1,2024-03-08 00:00:00,2024-03-08 00:00:00
880,ELE-00870,Cargador USB-C 20W Kairo Eco,Categoría: Electrónica | Marca: Kairo | Proveedor: Distribuidora Hidalgo,1494.64,316,1,2024-08-26 00:00:00,2024-08-26 00:00:00
881,ALI-00871,Galletas de Avena 300 g Cobalto Eco,Categoría: Alimentos | Marca: Cobalto | Proveedor: Distribuidora del Norte,384.30,219,1,2024-12-13 00:00:00,2024-12-13 00:00:00
882,ALI-00872,Café Descafeinado 400 g Marea Advance,Categoría: Alimentos | Marca: Marea | Proveedor: Distribuidora Central,173.98,52,1,2025-09-01 00:00:00,2025-09-01 00:00:00
883,CUI-00873,Crema Corporal Nutritiva 400 ml Vitta Lite,Categoría: Cuidado personal | Marca: Vitta | Proveedor: Distribuidora Bajío,750.81,215,1,2026-01-12 00:00:00,2026-01-12 00:00:00
884,HOG-00874,Organizador de Escritorio Altura Essential,Categoría: Hogar | Marca: Altura | Proveedor: Distribuidora Hidalgo,387.99,299,1,2025-06-09 00:00:00,2025-06-09 00:00:00
885,OFI-00875,Calculadora de Escritorio Vitta Max,Categoría: Oficina | Marca: Vitta | Proveedor: Distribuidora Pacífico,1875.93,175,1,2025-01-12 00:00:00,2025-01-12 00:00:00
886,CUI-00876,Secadora Iónica Altura Select,Categoría: Cuidado personal | Marca: Altura | Proveedor: Distribuidora Central,1441.58,286,1,2025-03-08 00:00:00,2025-03-08 00:00:00
887,HOG-00877,Organizador de Cocina Marea Select,Categoría: Hogar | Marca: Marea | Proveedor: Distribuidora Metropolitana,1695.22,239,1,2026-05-22 00:00:00,2026-05-22 00:00:00
888,OFI-00878,Memoria USB 128 GB Urban Prime,Categoría: Oficina | Marca: Urban | Proveedor: Distribuidora Central,1002.84,232,1,2025-05-22 00:00:00,2025-05-22 00:00:00
889,ELE-00879,Webcam 2K Brava Max,Categoría: Electrónica | Marca: Brava | Proveedor: Distribuidora Bajío,2239.13,122,1,2026-01-22 00:00:00,2026-01-22 00:00:00
890,OFI-00880,Silla Ejecutiva Zenit Pro,Categoría: Oficina | Marca: Zenit | Proveedor: Distribuidora Metropolitana,4961.77,3,1,2024-01-11 00:00:00,2024-01-11 00:00:00
891,ELE-00881,Cargador USB-C 20W Vitta Classic,Categoría: Electrónica | Marca: Vitta | Proveedor: Distribuidora Metropolitana,1624.37,323,1,2024-02-14 00:00:00,2024-02-14 00:00:00
892,HOG-00882,Organizador Multiusos Nexo Select,Categoría: Hogar | Marca: Nexo | Proveedor: Distribuidora Metropolitana,2221.62,89,1,2026-05-17 00:00:00,2026-05-17 00:00:00
893,HOG-00883,Organizador de Cocina Nexo Classic,Categoría: Hogar | Marca: Nexo | Proveedor: Distribuidora Mexicana,2282.77,10,1,2025-01-23 00:00:00,2025-01-23 00:00:00
894,ELE-00884,Mouse Ergonómico Kairo Max,Categoría: Electrónica | Marca: Kairo | Proveedor: Distribuidora Mexicana,953.50,190,1,2026-08-21 00:00:00,2026-08-21 00:00:00
895,CUI-00885,Rasuradora Recargable Orion Pro,Categoría: Cuidado personal | Marca: Orion | Proveedor: Distribuidora Nova,2476.02,66,1,2024-07-15 00:00:00,2024-07-15 00:00:00
896,ALI-00886,Pasta Penne 500 g Urban Select,Categoría: Alimentos | Marca: Urban | Proveedor: Distribuidora Nova,737.86,315,1,2026-05-24 00:00:00,2026-05-24 00:00:00
897,HOG-00887,Sartén Antiadherente 24 cm Altura Classic,Categoría: Hogar | Marca: Altura | Proveedor: Distribuidora Bajío,2191.30,260,1,2024-08-02 00:00:00,2024-08-02 00:00:00
898,DEP-00888,Guantes de Gimnasio Nexo Lite,Categoría: Deportes | Marca: Nexo | Proveedor: Distribuidora Metropolitana,1218.42,330,1,2025-05-25 00:00:00,2025-05-25 00:00:00
899,HOG-00889,Sartén de Acero 26 cm Prisma Lite,Categoría: Hogar | Marca: Prisma | Proveedor: Distribuidora Bajío,1759.71,253,1,2024-10-01 00:00:00,2024-10-01 00:00:00
900,ALI-00890,Galletas con Chocolate 300 g Altura Select,Categoría: Alimentos | Marca: Altura | Proveedor: Distribuidora Bajío,194.91,103,1,2026-06-02 00:00:00,2026-06-02 00:00:00
901,HOG-00891,Sartén Antiadherente 28 cm Zenit Advance,Categoría: Hogar | Marca: Zenit | Proveedor: Distribuidora Pacífico,459.45,191,1,2025-07-17 00:00:00,2025-07-17 00:00:00
902,ELE-00892,Mouse Óptico Prisma Select,Categoría: Electrónica | Marca: Prisma | Proveedor: Distribuidora Metropolitana,2105.27,238,1,2025-03-12 00:00:00,2025-03-12 00:00:00
903,DEP-00893,Balón de Voleibol Nativa Prime,Categoría: Deportes | Marca: Nativa | Proveedor: Distribuidora Mexicana,883.49,12,1,2025-03-28 00:00:00,2025-03-28 00:00:00
904,ALI-00894,Café Americano 500 g Lumina Classic,Categoría: Alimentos | Marca: Lumina | Proveedor: Distribuidora del Norte,677.18,262,1,2026-03-15 00:00:00,2026-03-15 00:00:00
905,HOG-00895,Lámpara de Escritorio Lumina Prime,Categoría: Hogar | Marca: Lumina | Proveedor: Distribuidora Metropolitana,171.64,102,1,2024-07-20 00:00:00,2024-07-20 00:00:00
906,OFI-00896,Calculadora Básica Aurea Advance,Categoría: Oficina | Marca: Aurea | Proveedor: Distribuidora Pacífico,5987.05,278,1,2024-01-09 00:00:00,2024-01-09 00:00:00
907,OFI-00897,Calculadora Financiera Zenit Advance,Categoría: Oficina | Marca: Zenit | Proveedor: Distribuidora Bajío,4554.56,6,1,2025-10-31 00:00:00,2025-10-31 00:00:00
908,HOG-00898,Juego de Toallas 4 Piezas Brava Select,Categoría: Hogar | Marca: Brava | Proveedor: Distribuidora Bajío,1227.14,264,1,2026-01-09 00:00:00,2026-01-09 00:00:00
909,OFI-00899,Cuaderno Pasta Dura Aurea Eco,Categoría: Oficina | Marca: Aurea | Proveedor: Distribuidora Nova,4628.06,213,1,2025-03-25 00:00:00,2025-03-25 00:00:00
910,CUI-00900,Shampoo Anticaspa 650 ml Vitta Advance,Categoría: Cuidado personal | Marca: Vitta | Proveedor: Distribuidora Central,2451.31,156,1,2025-05-26 00:00:00,2025-05-26 00:00:00
911,OFI-00901,Calculadora de Escritorio Urban Eco,Categoría: Oficina | Marca: Urban | Proveedor: Distribuidora Pacífico,4124.89,206,1,2024-11-29 00:00:00,2024-11-29 00:00:00
912,CUI-00902,Shampoo Hidratante 750 ml Vitta Prime,Categoría: Cuidado personal | Marca: Vitta | Proveedor: Distribuidora Hidalgo,1609.80,308,1,2025-01-25 00:00:00,2025-01-25 00:00:00
913,DEP-00903,Botella Deportiva Térmica Aurea Max,Categoría: Deportes | Marca: Aurea | Proveedor: Distribuidora Bajío,405.14,291,1,2025-10-16 00:00:00,2025-10-16 00:00:00
914,ELE-00904,Teclado Mecánico Nexo Essential,Categoría: Electrónica | Marca: Nexo | Proveedor: Distribuidora Bajío,2917.69,308,1,2024-01-28 00:00:00,2024-01-28 00:00:00
915,ELE-00905,Bocina Inteligente Aurea Select,Categoría: Electrónica | Marca: Aurea | Proveedor: Distribuidora del Norte,1124.20,268,1,2025-04-10 00:00:00,2025-04-10 00:00:00
916,CUI-00906,Shampoo Hidratante 750 ml Marea Eco,Categoría: Cuidado personal | Marca: Marea | Proveedor: Distribuidora Mexicana,1122.10,56,1,2025-07-03 00:00:00,2025-07-03 00:00:00
917,ALI-00907,Café Descafeinado 400 g Aurea Pro,Categoría: Alimentos | Marca: Aurea | Proveedor: Distribuidora Hidalgo,698.73,158,1,2026-04-17 00:00:00,2026-04-17 00:00:00
918,DEP-00908,Tapete de Yoga Antideslizante Aurea Lite,Categoría: Deportes | Marca: Aurea | Proveedor: Distribuidora Pacífico,2174.81,234,0,2024-07-25 00:00:00,2024-07-25 00:00:00
919,HOG-00909,Juego de Toallas Algodón Zenit Advance,Categoría: Hogar | Marca: Zenit | Proveedor: Distribuidora Metropolitana,2033.31,269,1,2026-07-21 00:00:00,2026-07-21 00:00:00
920,DEP-00910,Balón Entrenamiento Altura Plus,Categoría: Deportes | Marca: Altura | Proveedor: Distribuidora Metropolitana,926.82,233,1,2025-12-18 00:00:00,2025-12-18 00:00:00
921,OFI-00911,Silla Ejecutiva Urban Select,Categoría: Oficina | Marca: Urban | Proveedor: Distribuidora Hidalgo,1106.00,316,1,2025-04-13 00:00:00,2025-04-13 00:00:00
922,ALI-00912,Cereal de Avena 500 g Orion Eco,Categoría: Alimentos | Marca: Orion | Proveedor: Distribuidora Nova,565.75,22,1,2026-06-25 00:00:00,2026-06-25 00:00:00
923,OFI-00913,Memoria USB 128 GB Lumina Select,Categoría: Oficina | Marca: Lumina | Proveedor: Distribuidora del Norte,5454.70,210,1,2025-01-12 00:00:00,2025-01-12 00:00:00
924,ELE-00914,Cargador Inalámbrico Urban Max,Categoría: Electrónica | Marca: Urban | Proveedor: Distribuidora Central,701.21,106,0,2025-04-18 00:00:00,2025-04-18 00:00:00
925,ALI-00915,Aceite de Aguacate 500 ml Marea Eco,Categoría: Alimentos | Marca: Marea | Proveedor: Distribuidora Central,687.37,203,1,2024-01-11 00:00:00,2024-01-11 00:00:00
926,ALI-00916,Cereal con Frutos 450 g Cobalto Max,Categoría: Alimentos | Marca: Cobalto | Proveedor: Distribuidora Nova,382.09,42,1,2025-12-31 00:00:00,2025-12-31 00:00:00
927,HOG-00917,Juego de Toallas 6 Piezas Nexo Pro,Categoría: Hogar | Marca: Nexo | Proveedor: Distribuidora del Norte,2108.16,310,1,2024-06-30 00:00:00,2024-06-30 00:00:00
928,CUI-00918,Rasuradora 3 Cabezas Lumina Essential,Categoría: Cuidado personal | Marca: Lumina | Proveedor: Distribuidora Bajío,1910.51,78,1,2025-01-01 00:00:00,2025-01-01 00:00:00
929,ALI-00919,Café en Grano 1 kg Cobalto Essential,Categoría: Alimentos | Marca: Cobalto | Proveedor: Distribuidora del Norte,672.45,267,1,2025-02-03 00:00:00,2025-02-03 00:00:00
930,DEP-00920,Botella Deportiva 750 ml Altura Eco,Categoría: Deportes | Marca: Altura | Proveedor: Distribuidora Metropolitana,2321.30,127,1,2026-07-19 00:00:00,2026-07-19 00:00:00
931,ELE-00921,Audífonos con Micrófono Nova Essential,Categoría: Electrónica | Marca: Nova | Proveedor: Distribuidora del Norte,1278.34,98,1,2024-08-13 00:00:00,2024-08-13 00:00:00
932,ELE-00922,Webcam 2K Nexo Essential,Categoría: Electrónica | Marca: Nexo | Proveedor: Distribuidora Metropolitana,1541.53,55,1,2024-11-26 00:00:00,2024-11-26 00:00:00
933,HOG-00923,Termo 750 ml Zenit Eco,Categoría: Hogar | Marca: Zenit | Proveedor: Distribuidora del Norte,371.35,109,1,2024-12-31 00:00:00,2024-12-31 00:00:00
934,ELE-00924,Bocina Inteligente Nova Eco,Categoría: Electrónica | Marca: Nova | Proveedor: Distribuidora del Norte,861.77,112,1,2025-11-04 00:00:00,2025-11-04 00:00:00
935,ALI-00925,Galletas Integrales 350 g Altura Plus,Categoría: Alimentos | Marca: Altura | Proveedor: Distribuidora Pacífico,710.35,210,1,2026-02-24 00:00:00,2026-02-24 00:00:00
936,ELE-00926,Webcam 2K Terra Plus,Categoría: Electrónica | Marca: Terra | Proveedor: Distribuidora Hidalgo,2158.55,323,1,2025-11-25 00:00:00,2025-11-25 00:00:00
937,ALI-00927,Cereal con Frutos 450 g Nexo Prime,Categoría: Alimentos | Marca: Nexo | Proveedor: Distribuidora Bajío,781.99,341,1,2024-03-10 00:00:00,2024-03-10 00:00:00
938,CUI-00928,Secadora Profesional Zenit Lite,Categoría: Cuidado personal | Marca: Zenit | Proveedor: Distribuidora Central,1809.19,119,0,2024-08-26 00:00:00,2024-08-26 00:00:00
939,ELE-00929,Mouse Ergonómico Urban Select,Categoría: Electrónica | Marca: Urban | Proveedor: Distribuidora Mexicana,2225.22,30,1,2025-01-18 00:00:00,2025-01-18 00:00:00
940,HOG-00930,Organizador de Baño Aurea Essential,Categoría: Hogar | Marca: Aurea | Proveedor: Distribuidora Bajío,655.11,306,1,2026-01-26 00:00:00,2026-01-26 00:00:00
941,HOG-00931,Sartén Antiadherente 28 cm Altura Lite,Categoría: Hogar | Marca: Altura | Proveedor: Distribuidora Pacífico,1995.11,212,0,2026-02-07 00:00:00,2026-02-07 00:00:00
942,ALI-00932,Pasta Penne 500 g Brava Select,Categoría: Alimentos | Marca: Brava | Proveedor: Distribuidora Nova,442.43,340,1,2026-03-31 00:00:00,2026-03-31 00:00:00
943,ALI-00933,Cereal de Avena 500 g Zenit Lite,Categoría: Alimentos | Marca: Zenit | Proveedor: Distribuidora Central,273.95,226,1,2024-03-07 00:00:00,2024-03-07 00:00:00
944,ELE-00934,Teclado Mecánico Vitta Select,Categoría: Electrónica | Marca: Vitta | Proveedor: Distribuidora Nova,569.63,88,1,2024-08-29 00:00:00,2024-08-29 00:00:00
945,DEP-00935,Balón de Voleibol Nexo Select,Categoría: Deportes | Marca: Nexo | Proveedor: Distribuidora Nova,801.73,90,1,2024-11-06 00:00:00,2024-11-06 00:00:00
946,DEP-00936,Tapete de Yoga Antideslizante Nativa Plus,Categoría: Deportes | Marca: Nativa | Proveedor: Distribuidora Hidalgo,2856.45,184,1,2025-01-21 00:00:00,2025-01-21 00:00:00
947,DEP-00937,Balón Entrenamiento Vitta Max,Categoría: Deportes | Marca: Vitta | Proveedor: Distribuidora Hidalgo,146.65,195,1,2026-05-24 00:00:00,2026-05-24 00:00:00
948,OFI-00938,Memoria USB 64 GB Nexo Classic,Categoría: Oficina | Marca: Nexo | Proveedor: Distribuidora Bajío,2304.01,156,1,2024-10-17 00:00:00,2024-10-17 00:00:00
949,CUI-00939,Rasuradora Recargable Marea Pro,Categoría: Cuidado personal | Marca: Marea | Proveedor: Distribuidora Mexicana,2013.73,100,1,2026-07-27 00:00:00,2026-07-27 00:00:00
950,ELE-00940,Cargador Inalámbrico Nativa Eco,Categoría: Electrónica | Marca: Nativa | Proveedor: Distribuidora Metropolitana,3250.07,202,1,2025-01-28 00:00:00,2025-01-28 00:00:00
951,ALI-00941,Galletas de Avena 300 g Urban Essential,Categoría: Alimentos | Marca: Urban | Proveedor: Distribuidora Hidalgo,793.17,63,1,2026-08-12 00:00:00,2026-08-12 00:00:00
952,HOG-00942,Juego de Toallas 6 Piezas Prisma Lite,Categoría: Hogar | Marca: Prisma | Proveedor: Distribuidora Metropolitana,1795.09,325,1,2025-12-14 00:00:00,2025-12-14 00:00:00
953,DEP-00943,Balón de Básquetbol Brava Max,Categoría: Deportes | Marca: Brava | Proveedor: Distribuidora Central,189.42,185,1,2025-12-15 00:00:00,2025-12-15 00:00:00
954,HOG-00944,Sartén de Acero 26 cm Cobalto Pro,Categoría: Hogar | Marca: Cobalto | Proveedor: Distribuidora Mexicana,694.38,308,1,2024-01-13 00:00:00,2024-01-13 00:00:00
955,ELE-00945,Webcam Autofocus Zenit Advance,Categoría: Electrónica | Marca: Zenit | Proveedor: Distribuidora Nova,3412.39,41,1,2026-06-16 00:00:00,2026-06-16 00:00:00
956,DEP-00946,Mancuerna Ajustable Zenit Advance,Categoría: Deportes | Marca: Zenit | Proveedor: Distribuidora del Norte,985.22,210,1,2024-04-21 00:00:00,2024-04-21 00:00:00
957,OFI-00947,Mochila Antirrobo Aurea Eco,Categoría: Oficina | Marca: Aurea | Proveedor: Distribuidora Mexicana,4203.89,3,1,2026-04-15 00:00:00,2026-04-15 00:00:00
958,ELE-00948,Audífonos con Micrófono Urban Classic,Categoría: Electrónica | Marca: Urban | Proveedor: Distribuidora Mexicana,2604.69,87,1,2025-01-18 00:00:00,2025-01-18 00:00:00
959,HOG-00949,Organizador de Baño Nexo Lite,Categoría: Hogar | Marca: Nexo | Proveedor: Distribuidora Nova,2374.33,230,1,2024-07-09 00:00:00,2024-07-09 00:00:00
960,ALI-00950,Cereal Integral 500 g Terra Eco,Categoría: Alimentos | Marca: Terra | Proveedor: Distribuidora del Norte,366.13,319,1,2026-06-08 00:00:00,2026-06-08 00:00:00
961,ELE-00951,Mouse Inalámbrico Zenit Plus,Categoría: Electrónica | Marca: Zenit | Proveedor: Distribuidora Central,1076.15,175,1,2025-08-22 00:00:00,2025-08-22 00:00:00
962,DEP-00952,Botella Deportiva 750 ml Altura Classic,Categoría: Deportes | Marca: Altura | Proveedor: Distribuidora Central,2276.73,3,1,2024-04-09 00:00:00,2024-04-09 00:00:00
963,ELE-00953,Bocina Inteligente Nativa Max,Categoría: Electrónica | Marca: Nativa | Proveedor: Distribuidora Hidalgo,2684.65,309,1,2024-12-10 00:00:00,2024-12-10 00:00:00
964,OFI-00954,Calculadora de Escritorio Prisma Eco,Categoría: Oficina | Marca: Prisma | Proveedor: Distribuidora Metropolitana,2291.99,29,1,2026-06-13 00:00:00,2026-06-13 00:00:00
965,ELE-00955,Audífonos con Micrófono Zenit Pro,Categoría: Electrónica | Marca: Zenit | Proveedor: Distribuidora Pacífico,235.03,62,1,2026-08-31 00:00:00,2026-08-31 00:00:00
966,HOG-00956,Sartén Antiadherente 28 cm Nativa Lite,Categoría: Hogar | Marca: Nativa | Proveedor: Distribuidora Central,1078.77,96,1,2025-10-15 00:00:00,2025-10-15 00:00:00
967,OFI-00957,Cuaderno Pasta Dura Altura Prime,Categoría: Oficina | Marca: Altura | Proveedor: Distribuidora Bajío,4078.17,119,1,2025-02-13 00:00:00,2025-02-13 00:00:00
968,ELE-00958,Mouse Óptico Nativa Plus,Categoría: Electrónica | Marca: Nativa | Proveedor: Distribuidora Nova,2608.83,150,1,2025-12-30 00:00:00,2025-12-30 00:00:00
969,CUI-00959,Secadora Compacta Vitta Max,Categoría: Cuidado personal | Marca: Vitta | Proveedor: Distribuidora Bajío,2239.44,154,1,2024-06-21 00:00:00,2024-06-21 00:00:00
970,ELE-00960,Bocina Portátil Brava Select,Categoría: Electrónica | Marca: Brava | Proveedor: Distribuidora del Norte,719.95,337,1,2024-04-18 00:00:00,2024-04-18 00:00:00
971,ALI-00961,Café en Grano 1 kg Marea Eco,Categoría: Alimentos | Marca: Marea | Proveedor: Distribuidora Pacífico,618.12,112,1,2025-11-12 00:00:00,2025-11-12 00:00:00
972,ALI-00962,Café en Grano 1 kg Nativa Plus,Categoría: Alimentos | Marca: Nativa | Proveedor: Distribuidora Nova,640.75,170,1,2026-08-12 00:00:00,2026-08-12 00:00:00
973,CUI-00963,Shampoo Reparador 700 ml Marea Eco,Categoría: Cuidado personal | Marca: Marea | Proveedor: Distribuidora Hidalgo,2551.60,195,1,2026-04-07 00:00:00,2026-04-07 00:00:00
974,OFI-00964,Cuaderno Pasta Dura Lumina Plus,Categoría: Oficina | Marca: Lumina | Proveedor: Distribuidora Nova,566.63,303,1,2026-02-01 00:00:00,2026-02-01 00:00:00
975,CUI-00965,Cepillo Dental Medio Marea Eco,Categoría: Cuidado personal | Marca: Marea | Proveedor: Distribuidora Pacífico,1633.83,0,1,2024-03-04 00:00:00,2024-03-04 00:00:00
976,HOG-00966,Juego de Toallas Microfibra Marea Prime,Categoría: Hogar | Marca: Marea | Proveedor: Distribuidora Nova,2008.99,64,1,2024-04-19 00:00:00,2024-04-19 00:00:00
977,CUI-00967,Rasuradora Corporal Vitta Classic,Categoría: Cuidado personal | Marca: Vitta | Proveedor: Distribuidora Bajío,2350.69,255,1,2024-05-30 00:00:00,2024-05-30 00:00:00
978,HOG-00968,Lámpara de Noche Kairo Lite,Categoría: Hogar | Marca: Kairo | Proveedor: Distribuidora Pacífico,2475.61,63,1,2026-05-18 00:00:00,2026-05-18 00:00:00
979,DEP-00969,Tapete de Yoga con Correa Kairo Eco,Categoría: Deportes | Marca: Kairo | Proveedor: Distribuidora Mexicana,260.14,170,1,2026-04-27 00:00:00,2026-04-27 00:00:00
980,ALI-00970,Cereal de Avena 500 g Altura Pro,Categoría: Alimentos | Marca: Altura | Proveedor: Distribuidora Pacífico,688.15,200,1,2026-04-14 00:00:00,2026-04-14 00:00:00
981,HOG-00971,Lámpara Minimalista Marea Eco,Categoría: Hogar | Marca: Marea | Proveedor: Distribuidora Hidalgo,1719.51,178,1,2025-02-04 00:00:00,2025-02-04 00:00:00
982,ALI-00972,Pasta Penne 500 g Aurea Lite,Categoría: Alimentos | Marca: Aurea | Proveedor: Distribuidora Metropolitana,329.78,67,1,2026-02-09 00:00:00,2026-02-09 00:00:00
983,ELE-00973,Webcam con Micrófono Cobalto Pro,Categoría: Electrónica | Marca: Cobalto | Proveedor: Distribuidora Bajío,2082.48,226,1,2024-10-25 00:00:00,2024-10-25 00:00:00
984,HOG-00974,Organizador de Escritorio Nova Prime,Categoría: Hogar | Marca: Nova | Proveedor: Distribuidora del Norte,1835.82,294,1,2025-11-25 00:00:00,2025-11-25 00:00:00
985,HOG-00975,Juego de Toallas Microfibra Nexo Essential,Categoría: Hogar | Marca: Nexo | Proveedor: Distribuidora Mexicana,311.44,242,1,2026-08-25 00:00:00,2026-08-25 00:00:00
986,CUI-00976,Cepillo Dental Eléctrico Vitta Eco,Categoría: Cuidado personal | Marca: Vitta | Proveedor: Distribuidora Nova,719.73,60,1,2025-02-10 00:00:00,2025-02-10 00:00:00
987,ALI-00977,Galletas de Avena 300 g Zenit Plus,Categoría: Alimentos | Marca: Zenit | Proveedor: Distribuidora Hidalgo,626.96,332,1,2024-10-08 00:00:00,2024-10-08 00:00:00
988,DEP-00978,Mancuerna 5 kg Orion Plus,Categoría: Deportes | Marca: Orion | Proveedor: Distribuidora Nova,329.47,250,1,2024-01-24 00:00:00,2024-01-24 00:00:00
989,CUI-00979,Rasuradora Corporal Orion Advance,Categoría: Cuidado personal | Marca: Orion | Proveedor: Distribuidora Hidalgo,543.74,247,1,2024-11-01 00:00:00,2024-11-01 00:00:00
990,ELE-00980,Mouse Inalámbrico Nexo Eco,Categoría: Electrónica | Marca: Nexo | Proveedor: Distribuidora Hidalgo,2872.11,10,1,2025-07-23 00:00:00,2025-07-23 00:00:00
991,CUI-00981,Rasuradora Recargable Orion Select,Categoría: Cuidado personal | Marca: Orion | Proveedor: Distribuidora Mexicana,2704.49,60,1,2026-06-01 00:00:00,2026-06-01 00:00:00
992,HOG-00982,Lámpara Minimalista Marea Plus,Categoría: Hogar | Marca: Marea | Proveedor: Distribuidora Nova,173.73,294,1,2025-10-30 00:00:00,2025-10-30 00:00:00
993,CUI-00983,Cepillo Dental Suave Lumina Plus,Categoría: Cuidado personal | Marca: Lumina | Proveedor: Distribuidora Mexicana,1438.93,186,1,2025-03-09 00:00:00,2025-03-09 00:00:00
994,ALI-00984,Café en Grano 1 kg Kairo Essential,Categoría: Alimentos | Marca: Kairo | Proveedor: Distribuidora Pacífico,757.37,265,1,2025-11-05 00:00:00,2025-11-05 00:00:00
995,HOG-00985,Termo Térmico Marea Lite,Categoría: Hogar | Marca: Marea | Proveedor: Distribuidora Nova,2283.10,180,1,2025-12-05 00:00:00,2025-12-05 00:00:00
996,ELE-00986,Teclado Mecánico Aurea Pro,Categoría: Electrónica | Marca: Aurea | Proveedor: Distribuidora Mexicana,1153.03,110,1,2025-09-08 00:00:00,2025-09-08 00:00:00
997,CUI-00987,Cepillo Dental Pack 3 Vitta Advance,Categoría: Cuidado personal | Marca: Vitta | Proveedor: Distribuidora Pacífico,1207.23,281,1,2024-09-23 00:00:00,2024-09-23 00:00:00
998,HOG-00988,Juego de Toallas Microfibra Lumina Classic,Categoría: Hogar | Marca: Lumina | Proveedor: Distribuidora Nova,1716.19,73,1,2024-03-13 00:00:00,2024-03-13 00:00:00
999,OFI-00989,Mochila Antirrobo Nexo Eco,Categoría: Oficina | Marca: Nexo | Proveedor: Distribuidora Hidalgo,4934.83,161,0,2025-01-23 00:00:00,2025-01-23 00:00:00
1000,CUI-00990,Crema Corporal Hidratante 400 ml Terra Plus,Categoría: Cuidado personal | Marca: Terra | Proveedor: Distribuidora Hidalgo,1508.67,350,1,2024-03-08 00:00:00,2024-03-08 00:00:00
1001,ELE-00991,Mouse Gaming Terra Pro,Categoría: Electrónica | Marca: Terra | Proveedor: Distribuidora Pacífico,3059.67,115,1,2024-01-11 00:00:00,2024-01-11 00:00:00
1002,HOG-00992,Juego de Toallas Algodón Orion Pro,Categoría: Hogar | Marca: Orion | Proveedor: Distribuidora Bajío,1353.07,156,1,2024-04-07 00:00:00,2024-04-07 00:00:00
1003,ALI-00993,Galletas Integrales 350 g Terra Advance,Categoría: Alimentos | Marca: Terra | Proveedor: Distribuidora Mexicana,101.68,24,1,2024-11-21 00:00:00,2024-11-21 00:00:00
1004,DEP-00994,Tapete de Yoga Antideslizante Zenit Max,Categoría: Deportes | Marca: Zenit | Proveedor: Distribuidora Central,1812.62,132,1,2025-12-04 00:00:00,2025-12-04 00:00:00
1005,HOG-00995,Organizador de Escritorio Zenit Advance,Categoría: Hogar | Marca: Zenit | Proveedor: Distribuidora Metropolitana,1858.72,27,1,2025-12-25 00:00:00,2025-12-25 00:00:00
1006,ALI-00996,Galletas Integrales 350 g Cobalto Pro,Categoría: Alimentos | Marca: Cobalto | Proveedor: Distribuidora Bajío,364.76,181,1,2025-05-29 00:00:00,2025-05-29 00:00:00
1007,DEP-00997,Guantes de Ciclismo Kairo Plus,Categoría: Deportes | Marca: Kairo | Proveedor: Distribuidora Metropolitana,2846.09,208,1,2026-05-15 00:00:00,2026-05-15 00:00:00
1008,ELE-00998,Audífonos Inalámbricos Lumina Pro,Categoría: Electrónica | Marca: Lumina | Proveedor: Distribuidora Pacífico,2076.31,43,1,2025-07-21 00:00:00,2025-07-21 00:00:00
1009,ELE-00999,Bocina Portátil Nativa Max,Categoría: Electrónica | Marca: Nativa | Proveedor: Distribuidora del Norte,1874.29,346,0,2025-02-19 00:00:00,2025-02-19 00:00:00
1010,HOG-01000,Lámpara Minimalista Prisma Select,Categoría: Hogar | Marca: Prisma | Proveedor: Distribuidora Central,2485.02,338,1,2025-09-13 00:00:00,2025-09-13 00:00:00
1011,HOG-01001,Termo 750 ml Nexo Plus,Categoría: Hogar | Marca: Nexo | Proveedor: Distribuidora Metropolitana,967.26,68,1,2026-09-02 00:00:00,2026-09-02 00:00:00
1012,DEP-01002,Balón de Básquetbol Prisma Plus,Categoría: Deportes | Marca: Prisma | Proveedor: Distribuidora Nova,1072.46,347,1,2026-05-01 00:00:00,2026-05-01 00:00:00
1013,ELE-01003,Mouse Gaming Nativa Classic,Categoría: Electrónica | Marca: Nativa | Proveedor: Distribuidora Hidalgo,1035.92,1,1,2024-08-10 00:00:00,2024-08-10 00:00:00
1014,ALI-01004,Galletas de Avena 300 g Cobalto Advance,Categoría: Alimentos | Marca: Cobalto | Proveedor: Distribuidora Metropolitana,681.62,29,1,2024-01-07 00:00:00,2024-01-07 00:00:00
1015,OFI-01005,Calculadora Básica Orion Essential,Categoría: Oficina | Marca: Orion | Proveedor: Distribuidora Hidalgo,2120.74,95,0,2024-12-29 00:00:00,2024-12-29 00:00:00
1016,DEP-01006,Balón de Básquetbol Lumina Lite,Categoría: Deportes | Marca: Lumina | Proveedor: Distribuidora Hidalgo,1585.67,78,1,2024-05-06 00:00:00,2024-05-06 00:00:00
1017,ELE-01007,Teclado Compacto Brava Max,Categoría: Electrónica | Marca: Brava | Proveedor: Distribuidora Metropolitana,1473.45,153,1,2025-03-14 00:00:00,2025-03-14 00:00:00
1018,CUI-01008,Cepillo Dental Suave Cobalto Max,Categoría: Cuidado personal | Marca: Cobalto | Proveedor: Distribuidora Hidalgo,490.69,181,1,2024-01-06 00:00:00,2024-01-06 00:00:00
1019,ALI-01009,Cereal Integral 500 g Aurea Classic,Categoría: Alimentos | Marca: Aurea | Proveedor: Distribuidora Hidalgo,56.16,202,1,2026-01-31 00:00:00,2026-01-31 00:00:00
1020,ELE-01010,Teclado Inalámbrico Nativa Classic,Categoría: Electrónica | Marca: Nativa | Proveedor: Distribuidora Bajío,546.95,250,1,2026-03-30 00:00:00,2026-03-30 00:00:00
1021,HOG-01011,Sartén Antiadherente 28 cm Zenit Pro,Categoría: Hogar | Marca: Zenit | Proveedor: Distribuidora Central,344.55,55,1,2024-05-09 00:00:00,2024-05-09 00:00:00
1022,CUI-01012,Shampoo Reparador 700 ml Brava Essential,Categoría: Cuidado personal | Marca: Brava | Proveedor: Distribuidora Hidalgo,1913.07,175,1,2025-09-03 00:00:00,2025-09-03 00:00:00
1023,DEP-01013,Balón de Voleibol Kairo Max,Categoría: Deportes | Marca: Kairo | Proveedor: Distribuidora Nova,329.41,219,1,2025-09-24 00:00:00,2025-09-24 00:00:00
1024,CUI-01014,Crema Corporal Hidratante 400 ml Terra Plus,Categoría: Cuidado personal | Marca: Terra | Proveedor: Distribuidora Hidalgo,2424.92,126,1,2024-07-22 00:00:00,2024-07-22 00:00:00
1025,ELE-01015,Webcam 2K Aurea Advance,Categoría: Electrónica | Marca: Aurea | Proveedor: Distribuidora Nova,2255.84,76,1,2024-05-03 00:00:00,2024-05-03 00:00:00
1026,ELE-01016,Mouse Ergonómico Vitta Eco,Categoría: Electrónica | Marca: Vitta | Proveedor: Distribuidora del Norte,208.17,102,1,2026-06-04 00:00:00,2026-06-04 00:00:00
1027,DEP-01017,Guantes Deportivos Brava Select,Categoría: Deportes | Marca: Brava | Proveedor: Distribuidora Central,1067.28,245,1,2025-06-06 00:00:00,2025-06-06 00:00:00
1028,ELE-01018,Mouse Inalámbrico Terra Prime,Categoría: Electrónica | Marca: Terra | Proveedor: Distribuidora Hidalgo,1088.86,179,1,2024-09-09 00:00:00,2024-09-09 00:00:00
1029,ELE-01019,Teclado Mecánico Nova Essential,Categoría: Electrónica | Marca: Nova | Proveedor: Distribuidora Nova,2361.44,164,1,2024-10-19 00:00:00,2024-10-19 00:00:00
1030,CUI-01020,Shampoo Anticaspa 650 ml Nexo Classic,Categoría: Cuidado personal | Marca: Nexo | Proveedor: Distribuidora Metropolitana,2656.70,186,1,2024-11-07 00:00:00,2024-11-07 00:00:00
1031,ALI-01021,Café en Grano 1 kg Marea Prime,Categoría: Alimentos | Marca: Marea | Proveedor: Distribuidora Metropolitana,598.76,185,1,2024-08-31 00:00:00,2024-08-31 00:00:00
1032,HOG-01022,Termo Térmico Lumina Plus,Categoría: Hogar | Marca: Lumina | Proveedor: Distribuidora del Norte,394.77,308,1,2024-02-12 00:00:00,2024-02-12 00:00:00
1033,ALI-01023,Cereal Integral 500 g Cobalto Plus,Categoría: Alimentos | Marca: Cobalto | Proveedor: Distribuidora Metropolitana,82.96,279,1,2024-11-04 00:00:00,2024-11-04 00:00:00
1034,HOG-01024,Termo 750 ml Altura Pro,Categoría: Hogar | Marca: Altura | Proveedor: Distribuidora Pacífico,542.93,281,1,2026-07-01 00:00:00,2026-07-01 00:00:00
1035,CUI-01025,Cepillo Dental Pack 3 Cobalto Plus,Categoría: Cuidado personal | Marca: Cobalto | Proveedor: Distribuidora Bajío,2553.48,34,1,2025-03-05 00:00:00,2025-03-05 00:00:00
1036,CUI-01026,Shampoo Hidratante 750 ml Terra Pro,Categoría: Cuidado personal | Marca: Terra | Proveedor: Distribuidora Central,842.71,289,1,2026-03-24 00:00:00,2026-03-24 00:00:00
1037,HOG-01027,Juego de Toallas Microfibra Lumina Pro,Categoría: Hogar | Marca: Lumina | Proveedor: Distribuidora Hidalgo,1138.34,260,1,2025-07-29 00:00:00,2025-07-29 00:00:00
1038,DEP-01028,Guantes Deportivos Aurea Pro,Categoría: Deportes | Marca: Aurea | Proveedor: Distribuidora Nova,99.48,292,1,2025-08-29 00:00:00,2025-08-29 00:00:00
1039,CUI-01029,Rasuradora Corporal Kairo Select,Categoría: Cuidado personal | Marca: Kairo | Proveedor: Distribuidora del Norte,861.19,137,1,2024-06-24 00:00:00,2024-06-24 00:00:00
1040,CUI-01030,Crema Corporal con Aloe 500 ml Altura Pro,Categoría: Cuidado personal | Marca: Altura | Proveedor: Distribuidora Mexicana,2639.39,142,1,2024-10-03 00:00:00,2024-10-03 00:00:00
1041,ELE-01031,Webcam 2K Aurea Lite,Categoría: Electrónica | Marca: Aurea | Proveedor: Distribuidora Metropolitana,538.22,332,1,2025-10-09 00:00:00,2025-10-09 00:00:00
1042,OFI-01032,Calculadora Científica Terra Pro,Categoría: Oficina | Marca: Terra | Proveedor: Distribuidora Pacífico,2470.36,313,1,2024-11-28 00:00:00,2024-11-28 00:00:00
1043,ALI-01033,Café Americano 500 g Brava Classic,Categoría: Alimentos | Marca: Brava | Proveedor: Distribuidora del Norte,161.79,8,1,2026-01-09 00:00:00,2026-01-09 00:00:00
1044,DEP-01034,Mancuerna 10 kg Cobalto Select,Categoría: Deportes | Marca: Cobalto | Proveedor: Distribuidora Hidalgo,1032.61,104,1,2024-06-08 00:00:00,2024-06-08 00:00:00
1045,ALI-01035,Aceite de Aguacate 500 ml Vitta Max,Categoría: Alimentos | Marca: Vitta | Proveedor: Distribuidora Bajío,97.52,92,1,2024-07-08 00:00:00,2024-07-08 00:00:00
1046,HOG-01036,Organizador de Baño Nexo Classic,Categoría: Hogar | Marca: Nexo | Proveedor: Distribuidora Mexicana,129.93,83,1,2026-04-17 00:00:00,2026-04-17 00:00:00
1047,CUI-01037,Crema Corporal Hidratante 400 ml Vitta Plus,Categoría: Cuidado personal | Marca: Vitta | Proveedor: Distribuidora Hidalgo,1219.29,232,1,2024-04-12 00:00:00,2024-04-12 00:00:00
1048,HOG-01038,Lámpara de Escritorio Zenit Eco,Categoría: Hogar | Marca: Zenit | Proveedor: Distribuidora Central,129.13,6,1,2024-05-15 00:00:00,2024-05-15 00:00:00
1049,ELE-01039,Mouse Ergonómico Nova Essential,Categoría: Electrónica | Marca: Nova | Proveedor: Distribuidora Metropolitana,3357.02,54,1,2026-05-23 00:00:00,2026-05-23 00:00:00
1050,HOG-01040,Organizador de Baño Cobalto Pro,Categoría: Hogar | Marca: Cobalto | Proveedor: Distribuidora Mexicana,822.87,245,1,2024-09-06 00:00:00,2024-09-06 00:00:00
1051,ALI-01041,Pasta Fusilli 500 g Orion Essential,Categoría: Alimentos | Marca: Orion | Proveedor: Distribuidora Pacífico,663.49,52,1,2024-04-15 00:00:00,2024-04-15 00:00:00
1052,DEP-01042,Tapete de Yoga 6 mm Brava Essential,Categoría: Deportes | Marca: Brava | Proveedor: Distribuidora Mexicana,748.62,197,1,2024-12-27 00:00:00,2024-12-27 00:00:00
1053,HOG-01043,Juego de Toallas Algodón Nativa Pro,Categoría: Hogar | Marca: Nativa | Proveedor: Distribuidora del Norte,2476.66,114,1,2026-09-06 00:00:00,2026-09-06 00:00:00
1054,OFI-01044,Cuaderno Pasta Dura Orion Prime,Categoría: Oficina | Marca: Orion | Proveedor: Distribuidora Central,5541.68,43,1,2025-09-11 00:00:00,2025-09-11 00:00:00
1055,DEP-01045,Guantes Deportivos Nexo Eco,Categoría: Deportes | Marca: Nexo | Proveedor: Distribuidora Pacífico,526.14,341,1,2025-10-01 00:00:00,2025-10-01 00:00:00
1056,OFI-01046,Cuaderno Pasta Dura Nativa Prime,Categoría: Oficina | Marca: Nativa | Proveedor: Distribuidora Central,5598.71,39,1,2026-06-01 00:00:00,2026-06-01 00:00:00
1057,HOG-01047,Organizador Multiusos Vitta Eco,Categoría: Hogar | Marca: Vitta | Proveedor: Distribuidora del Norte,1160.00,244,1,2024-04-25 00:00:00,2024-04-25 00:00:00
1058,ALI-01048,Pasta Spaghetti 500 g Lumina Prime,Categoría: Alimentos | Marca: Lumina | Proveedor: Distribuidora Hidalgo,794.95,93,1,2024-12-27 00:00:00,2024-12-27 00:00:00
1059,DEP-01049,Balón Entrenamiento Marea Pro,Categoría: Deportes | Marca: Marea | Proveedor: Distribuidora Nova,2423.23,334,1,2025-01-27 00:00:00,2025-01-27 00:00:00
1060,DEP-01050,Guantes con Muñequera Brava Eco,Categoría: Deportes | Marca: Brava | Proveedor: Distribuidora Nova,332.33,215,1,2025-12-20 00:00:00,2025-12-20 00:00:00
1061,OFI-01051,Cuaderno de Notas Nova Prime,Categoría: Oficina | Marca: Nova | Proveedor: Distribuidora del Norte,3365.15,68,1,2024-03-02 00:00:00,2024-03-02 00:00:00
1062,OFI-01052,Mochila Antirrobo Cobalto Pro,Categoría: Oficina | Marca: Cobalto | Proveedor: Distribuidora Hidalgo,5016.44,282,1,2024-09-05 00:00:00,2024-09-05 00:00:00
1063,HOG-01053,Lámpara LED Orion Pro,Categoría: Hogar | Marca: Orion | Proveedor: Distribuidora Hidalgo,992.46,13,1,2025-01-15 00:00:00,2025-01-15 00:00:00
1064,ELE-01054,Webcam Full HD Nativa Advance,Categoría: Electrónica | Marca: Nativa | Proveedor: Distribuidora Mexicana,3065.10,15,1,2025-01-09 00:00:00,2025-01-09 00:00:00
1065,HOG-01055,Lámpara de Escritorio Urban Pro,Categoría: Hogar | Marca: Urban | Proveedor: Distribuidora Mexicana,1931.31,240,1,2026-02-05 00:00:00,2026-02-05 00:00:00
1066,OFI-01056,Silla con Soporte Lumbar Marea Max,Categoría: Oficina | Marca: Marea | Proveedor: Distribuidora Pacífico,4695.25,6,1,2024-04-23 00:00:00,2024-04-23 00:00:00
1067,ALI-01057,Café en Grano 1 kg Nexo Essential,Categoría: Alimentos | Marca: Nexo | Proveedor: Distribuidora Bajío,331.81,216,1,2025-07-21 00:00:00,2025-07-21 00:00:00
1068,OFI-01058,Memoria USB 128 GB Brava Eco,Categoría: Oficina | Marca: Brava | Proveedor: Distribuidora del Norte,5590.17,139,1,2025-06-18 00:00:00,2025-06-18 00:00:00
1069,HOG-01059,Organizador de Baño Altura Select,Categoría: Hogar | Marca: Altura | Proveedor: Distribuidora del Norte,1028.34,286,1,2026-04-16 00:00:00,2026-04-16 00:00:00
1070,DEP-01060,Mancuerna Hexagonal Zenit Pro,Categoría: Deportes | Marca: Zenit | Proveedor: Distribuidora Hidalgo,248.09,190,1,2024-07-18 00:00:00,2024-07-18 00:00:00
1071,ELE-01061,Audífonos USB-C Marea Essential,Categoría: Electrónica | Marca: Marea | Proveedor: Distribuidora del Norte,951.43,83,1,2024-03-07 00:00:00,2024-03-07 00:00:00
1072,ELE-01062,Mouse Ergonómico Aurea Essential,Categoría: Electrónica | Marca: Aurea | Proveedor: Distribuidora Central,954.12,43,1,2025-07-31 00:00:00,2025-07-31 00:00:00
1073,DEP-01063,Botella Deportiva 750 ml Marea Plus,Categoría: Deportes | Marca: Marea | Proveedor: Distribuidora Metropolitana,2834.61,4,1,2026-02-08 00:00:00,2026-02-08 00:00:00
1074,DEP-01064,Guantes de Ciclismo Marea Eco,Categoría: Deportes | Marca: Marea | Proveedor: Distribuidora del Norte,2200.75,66,1,2024-12-05 00:00:00,2024-12-05 00:00:00
1075,ALI-01065,Galletas de Avena 300 g Vitta Essential,Categoría: Alimentos | Marca: Vitta | Proveedor: Distribuidora Bajío,479.47,195,1,2025-08-23 00:00:00,2025-08-23 00:00:00
1076,ELE-01066,Mouse Ergonómico Vitta Max,Categoría: Electrónica | Marca: Vitta | Proveedor: Distribuidora del Norte,412.82,320,1,2026-09-02 00:00:00,2026-09-02 00:00:00
1077,HOG-01067,Organizador de Escritorio Marea Max,Categoría: Hogar | Marca: Marea | Proveedor: Distribuidora Pacífico,1979.55,173,1,2025-01-03 00:00:00,2025-01-03 00:00:00
1078,DEP-01068,Botella Deportiva Térmica Brava Select,Categoría: Deportes | Marca: Brava | Proveedor: Distribuidora del Norte,2990.30,310,1,2024-06-05 00:00:00,2024-06-05 00:00:00
1079,DEP-01069,Botella Deportiva 750 ml Vitta Classic,Categoría: Deportes | Marca: Vitta | Proveedor: Distribuidora Bajío,1681.17,44,1,2024-04-06 00:00:00,2024-04-06 00:00:00
1080,HOG-01070,Sartén Antiadherente 24 cm Lumina Classic,Categoría: Hogar | Marca: Lumina | Proveedor: Distribuidora del Norte,1474.16,180,1,2024-03-13 00:00:00,2024-03-13 00:00:00
1081,DEP-01071,Mancuerna Hexagonal Terra Max,Categoría: Deportes | Marca: Terra | Proveedor: Distribuidora del Norte,1981.35,71,1,2025-08-05 00:00:00,2025-08-05 00:00:00
1082,OFI-01072,Calculadora Financiera Urban Advance,Categoría: Oficina | Marca: Urban | Proveedor: Distribuidora Bajío,5504.82,66,1,2025-01-10 00:00:00,2025-01-10 00:00:00
1083,CUI-01073,Cepillo Dental Pack 3 Lumina Eco,Categoría: Cuidado personal | Marca: Lumina | Proveedor: Distribuidora Central,1438.37,134,1,2025-09-27 00:00:00,2025-09-27 00:00:00
1084,ELE-01074,Webcam 2K Nova Pro,Categoría: Electrónica | Marca: Nova | Proveedor: Distribuidora Hidalgo,3006.75,148,1,2024-06-11 00:00:00,2024-06-11 00:00:00
1085,ELE-01075,Teclado RGB Cobalto Plus,Categoría: Electrónica | Marca: Cobalto | Proveedor: Distribuidora Bajío,1317.94,239,1,2024-04-21 00:00:00,2024-04-21 00:00:00
1086,ALI-01076,Café Descafeinado 400 g Urban Select,Categoría: Alimentos | Marca: Urban | Proveedor: Distribuidora Metropolitana,335.78,33,1,2024-12-16 00:00:00,2024-12-16 00:00:00
1087,DEP-01077,Tapete de Yoga con Correa Orion Classic,Categoría: Deportes | Marca: Orion | Proveedor: Distribuidora Mexicana,1411.82,279,1,2026-08-29 00:00:00,2026-08-29 00:00:00
1088,ALI-01078,Cereal con Frutos 450 g Altura Advance,Categoría: Alimentos | Marca: Altura | Proveedor: Distribuidora Metropolitana,624.24,31,1,2026-03-19 00:00:00,2026-03-19 00:00:00
1089,DEP-01079,Tapete de Yoga 6 mm Aurea Essential,Categoría: Deportes | Marca: Aurea | Proveedor: Distribuidora Hidalgo,2861.20,350,1,2024-10-03 00:00:00,2024-10-03 00:00:00
1090,HOG-01080,Lámpara LED Lumina Classic,Categoría: Hogar | Marca: Lumina | Proveedor: Distribuidora Bajío,1059.27,152,1,2026-06-11 00:00:00,2026-06-11 00:00:00
1091,HOG-01081,Sartén Antiadherente 24 cm Altura Plus,Categoría: Hogar | Marca: Altura | Proveedor: Distribuidora Metropolitana,2244.79,219,1,2026-02-10 00:00:00,2026-02-10 00:00:00
1092,HOG-01082,Sartén Antiadherente 28 cm Nativa Max,Categoría: Hogar | Marca: Nativa | Proveedor: Distribuidora Hidalgo,1374.93,82,1,2024-12-29 00:00:00,2024-12-29 00:00:00
1093,CUI-01083,Rasuradora Recargable Aurea Plus,Categoría: Cuidado personal | Marca: Aurea | Proveedor: Distribuidora Mexicana,2035.38,296,1,2024-11-27 00:00:00,2024-11-27 00:00:00
1094,ALI-01084,Pasta Spaghetti 500 g Vitta Max,Categoría: Alimentos | Marca: Vitta | Proveedor: Distribuidora Metropolitana,747.78,255,1,2024-04-26 00:00:00,2024-04-26 00:00:00
1095,ALI-01085,Aceite de Aguacate 500 ml Nova Max,Categoría: Alimentos | Marca: Nova | Proveedor: Distribuidora Bajío,755.13,64,1,2025-10-16 00:00:00,2025-10-16 00:00:00
1096,ELE-01086,Audífonos Inalámbricos Aurea Eco,Categoría: Electrónica | Marca: Aurea | Proveedor: Distribuidora Hidalgo,2482.09,85,1,2024-08-09 00:00:00,2024-08-09 00:00:00
1097,HOG-01087,Termo 500 ml Prisma Prime,Categoría: Hogar | Marca: Prisma | Proveedor: Distribuidora del Norte,118.18,157,1,2025-12-17 00:00:00,2025-12-17 00:00:00
1098,DEP-01088,Balón Entrenamiento Prisma Prime,Categoría: Deportes | Marca: Prisma | Proveedor: Distribuidora Metropolitana,2499.02,218,1,2024-04-26 00:00:00,2024-04-26 00:00:00
1099,DEP-01089,Balón de Voleibol Nexo Lite,Categoría: Deportes | Marca: Nexo | Proveedor: Distribuidora Hidalgo,1820.14,277,1,2025-01-25 00:00:00,2025-01-25 00:00:00
1100,ALI-01090,Aceite Vegetal 1 L Kairo Advance,Categoría: Alimentos | Marca: Kairo | Proveedor: Distribuidora del Norte,750.94,50,1,2026-04-05 00:00:00,2026-04-05 00:00:00
1101,ELE-01091,Webcam Full HD Urban Plus,Categoría: Electrónica | Marca: Urban | Proveedor: Distribuidora del Norte,1811.96,319,1,2025-10-10 00:00:00,2025-10-10 00:00:00
1102,CUI-01092,Shampoo Reparador 700 ml Kairo Eco,Categoría: Cuidado personal | Marca: Kairo | Proveedor: Distribuidora Hidalgo,628.49,232,1,2024-04-27 00:00:00,2024-04-27 00:00:00
1103,DEP-01093,Botella Deportiva con Popote Cobalto Eco,Categoría: Deportes | Marca: Cobalto | Proveedor: Distribuidora Hidalgo,2731.26,330,1,2024-01-08 00:00:00,2024-01-08 00:00:00
1104,HOG-01094,Termo de Acero Inoxidable Terra Classic,Categoría: Hogar | Marca: Terra | Proveedor: Distribuidora Nova,822.90,212,1,2024-01-05 00:00:00,2024-01-05 00:00:00
1105,DEP-01095,Botella Deportiva 750 ml Nova Pro,Categoría: Deportes | Marca: Nova | Proveedor: Distribuidora Metropolitana,2389.38,265,1,2024-12-09 00:00:00,2024-12-09 00:00:00
1106,CUI-01096,Rasuradora 3 Cabezas Zenit Select,Categoría: Cuidado personal | Marca: Zenit | Proveedor: Distribuidora Central,1742.20,201,1,2026-03-31 00:00:00,2026-03-31 00:00:00
1107,DEP-01097,Tapete de Yoga con Correa Nexo Eco,Categoría: Deportes | Marca: Nexo | Proveedor: Distribuidora Mexicana,2720.14,264,1,2025-03-23 00:00:00,2025-03-23 00:00:00
1108,ALI-01098,Cereal de Avena 500 g Orion Advance,Categoría: Alimentos | Marca: Orion | Proveedor: Distribuidora Pacífico,632.03,321,1,2026-05-07 00:00:00,2026-05-07 00:00:00
1109,OFI-01099,Mochila para Laptop 15.6 Lumina Essential,Categoría: Oficina | Marca: Lumina | Proveedor: Distribuidora Mexicana,2643.78,321,1,2024-01-29 00:00:00,2024-01-29 00:00:00
1110,CUI-01100,Shampoo Reparador 700 ml Zenit Essential,Categoría: Cuidado personal | Marca: Zenit | Proveedor: Distribuidora Bajío,2089.40,66,1,2025-10-11 00:00:00,2025-10-11 00:00:00
1111,OFI-01101,Mochila Ejecutiva Brava Classic,Categoría: Oficina | Marca: Brava | Proveedor: Distribuidora Hidalgo,1191.00,125,1,2026-02-27 00:00:00,2026-02-27 00:00:00
1112,ELE-01102,Mouse Inalámbrico Vitta Essential,Categoría: Electrónica | Marca: Vitta | Proveedor: Distribuidora del Norte,2287.60,296,1,2024-04-23 00:00:00,2024-04-23 00:00:00
1113,CUI-01103,Shampoo Hidratante 750 ml Vitta Classic,Categoría: Cuidado personal | Marca: Vitta | Proveedor: Distribuidora del Norte,766.53,92,1,2024-03-20 00:00:00,2024-03-20 00:00:00
1114,OFI-01104,Mochila Impermeable Orion Max,Categoría: Oficina | Marca: Orion | Proveedor: Distribuidora del Norte,4779.01,211,1,2025-05-13 00:00:00,2025-05-13 00:00:00
1115,ELE-01105,Teclado RGB Zenit Prime,Categoría: Electrónica | Marca: Zenit | Proveedor: Distribuidora Mexicana,2271.40,230,1,2024-07-03 00:00:00,2024-07-03 00:00:00
1116,HOG-01106,Termo 500 ml Orion Prime,Categoría: Hogar | Marca: Orion | Proveedor: Distribuidora Central,2483.85,247,1,2024-06-11 00:00:00,2024-06-11 00:00:00
1117,OFI-01107,Cuaderno de Notas Nova Lite,Categoría: Oficina | Marca: Nova | Proveedor: Distribuidora Mexicana,172.40,262,1,2024-08-09 00:00:00,2024-08-09 00:00:00
1118,ELE-01108,Teclado Mecánico Marea Pro,Categoría: Electrónica | Marca: Marea | Proveedor: Distribuidora Pacífico,885.20,64,1,2024-10-07 00:00:00,2024-10-07 00:00:00
1119,ELE-01109,Mouse Gaming Cobalto Max,Categoría: Electrónica | Marca: Cobalto | Proveedor: Distribuidora Nova,1609.81,204,1,2024-09-13 00:00:00,2024-09-13 00:00:00
1120,ALI-01110,Pasta Penne 500 g Orion Advance,Categoría: Alimentos | Marca: Orion | Proveedor: Distribuidora Pacífico,638.90,300,1,2024-06-18 00:00:00,2024-06-18 00:00:00
1121,ALI-01111,Aceite de Aguacate 500 ml Cobalto Eco,Categoría: Alimentos | Marca: Cobalto | Proveedor: Distribuidora Metropolitana,486.56,139,1,2025-09-29 00:00:00,2025-09-29 00:00:00
1122,DEP-01112,Balón de Básquetbol Prisma Prime,Categoría: Deportes | Marca: Prisma | Proveedor: Distribuidora Bajío,2701.87,32,1,2024-06-20 00:00:00,2024-06-20 00:00:00
1123,CUI-01113,Cepillo Dental Eléctrico Kairo Advance,Categoría: Cuidado personal | Marca: Kairo | Proveedor: Distribuidora Metropolitana,2321.69,330,0,2025-02-11 00:00:00,2025-02-11 00:00:00
1124,HOG-01114,Sartén Antiadherente 28 cm Nexo Prime,Categoría: Hogar | Marca: Nexo | Proveedor: Distribuidora Metropolitana,672.67,110,1,2025-01-15 00:00:00,2025-01-15 00:00:00
1125,OFI-01115,Cuaderno Profesional Marea Essential,Categoría: Oficina | Marca: Marea | Proveedor: Distribuidora Bajío,4310.01,109,1,2025-08-04 00:00:00,2025-08-04 00:00:00
1126,HOG-01116,Termo 500 ml Zenit Classic,Categoría: Hogar | Marca: Zenit | Proveedor: Distribuidora Nova,1535.36,269,1,2024-04-15 00:00:00,2024-04-15 00:00:00
1127,ALI-01117,Galletas con Chocolate 300 g Lumina Advance,Categoría: Alimentos | Marca: Lumina | Proveedor: Distribuidora Hidalgo,715.92,215,1,2024-11-21 00:00:00,2024-11-21 00:00:00
1128,HOG-01118,Organizador de Cocina Nativa Max,Categoría: Hogar | Marca: Nativa | Proveedor: Distribuidora Hidalgo,192.24,140,1,2024-05-02 00:00:00,2024-05-02 00:00:00
1129,HOG-01119,Termo de Acero Inoxidable Zenit Select,Categoría: Hogar | Marca: Zenit | Proveedor: Distribuidora Central,1473.92,145,1,2025-10-21 00:00:00,2025-10-21 00:00:00
1130,CUI-01120,Shampoo Anticaspa 650 ml Kairo Pro,Categoría: Cuidado personal | Marca: Kairo | Proveedor: Distribuidora Central,2362.88,206,1,2026-07-06 00:00:00,2026-07-06 00:00:00
1131,CUI-01121,Shampoo Anticaspa 650 ml Nova Plus,Categoría: Cuidado personal | Marca: Nova | Proveedor: Distribuidora Pacífico,1339.09,212,1,2024-10-08 00:00:00,2024-10-08 00:00:00
1132,OFI-01122,Silla Ergonómica Marea Max,Categoría: Oficina | Marca: Marea | Proveedor: Distribuidora Pacífico,3686.88,201,1,2025-12-14 00:00:00,2025-12-14 00:00:00
1133,DEP-01123,Botella Deportiva con Popote Orion Essential,Categoría: Deportes | Marca: Orion | Proveedor: Distribuidora Mexicana,740.88,5,1,2024-04-17 00:00:00,2024-04-17 00:00:00
1134,ALI-01124,Aceite de Oliva 500 ml Nexo Plus,Categoría: Alimentos | Marca: Nexo | Proveedor: Distribuidora Central,172.96,188,1,2026-08-14 00:00:00,2026-08-14 00:00:00
1135,ELE-01125,Mouse Inalámbrico Orion Essential,Categoría: Electrónica | Marca: Orion | Proveedor: Distribuidora Pacífico,3321.94,38,1,2024-12-03 00:00:00,2024-12-03 00:00:00
1136,DEP-01126,Mancuerna 10 kg Vitta Advance,Categoría: Deportes | Marca: Vitta | Proveedor: Distribuidora Metropolitana,1429.62,64,1,2026-06-01 00:00:00,2026-06-01 00:00:00
1137,CUI-01127,Rasuradora de Precisión Orion Lite,Categoría: Cuidado personal | Marca: Orion | Proveedor: Distribuidora Bajío,1497.98,295,1,2025-11-08 00:00:00,2025-11-08 00:00:00
1138,OFI-01128,Calculadora Financiera Brava Plus,Categoría: Oficina | Marca: Brava | Proveedor: Distribuidora del Norte,1608.37,151,1,2024-12-27 00:00:00,2024-12-27 00:00:00
1139,HOG-01129,Organizador de Cocina Lumina Max,Categoría: Hogar | Marca: Lumina | Proveedor: Distribuidora Nova,224.85,6,1,2025-04-24 00:00:00,2025-04-24 00:00:00
1140,HOG-01130,Juego de Toallas Algodón Marea Select,Categoría: Hogar | Marca: Marea | Proveedor: Distribuidora Metropolitana,2048.87,270,1,2026-02-17 00:00:00,2026-02-17 00:00:00
1141,ALI-01131,Aceite Vegetal 1 L Vitta Lite,Categoría: Alimentos | Marca: Vitta | Proveedor: Distribuidora Nova,106.78,66,1,2026-07-27 00:00:00,2026-07-27 00:00:00
1142,DEP-01132,Guantes de Ciclismo Zenit Select,Categoría: Deportes | Marca: Zenit | Proveedor: Distribuidora Mexicana,288.74,216,1,2025-12-03 00:00:00,2025-12-03 00:00:00
1143,CUI-01133,Shampoo Hidratante 750 ml Cobalto Plus,Categoría: Cuidado personal | Marca: Cobalto | Proveedor: Distribuidora Central,2096.80,123,1,2026-07-04 00:00:00,2026-07-04 00:00:00
1144,OFI-01134,Cuaderno Cuadriculado Cobalto Prime,Categoría: Oficina | Marca: Cobalto | Proveedor: Distribuidora del Norte,1618.91,281,1,2024-12-28 00:00:00,2024-12-28 00:00:00
1145,HOG-01135,Juego de Toallas Microfibra Marea Essential,Categoría: Hogar | Marca: Marea | Proveedor: Distribuidora del Norte,1147.04,189,1,2024-02-20 00:00:00,2024-02-20 00:00:00
1146,ALI-01136,Aceite de Oliva 500 ml Kairo Select,Categoría: Alimentos | Marca: Kairo | Proveedor: Distribuidora Pacífico,336.68,304,1,2025-06-26 00:00:00,2025-06-26 00:00:00
1147,CUI-01137,Rasuradora Recargable Altura Select,Categoría: Cuidado personal | Marca: Altura | Proveedor: Distribuidora del Norte,2686.01,112,1,2024-02-24 00:00:00,2024-02-24 00:00:00
1148,CUI-01138,Cepillo Dental Medio Lumina Lite,Categoría: Cuidado personal | Marca: Lumina | Proveedor: Distribuidora Hidalgo,323.24,115,1,2025-02-05 00:00:00,2025-02-05 00:00:00
1149,HOG-01139,Sartén Antiadherente 28 cm Aurea Pro,Categoría: Hogar | Marca: Aurea | Proveedor: Distribuidora Pacífico,1980.46,177,1,2025-12-23 00:00:00,2025-12-23 00:00:00
1150,ALI-01140,Café Molido 500 g Nexo Lite,Categoría: Alimentos | Marca: Nexo | Proveedor: Distribuidora Bajío,727.62,318,1,2026-01-26 00:00:00,2026-01-26 00:00:00
1151,ALI-01141,Cereal Integral 500 g Marea Plus,Categoría: Alimentos | Marca: Marea | Proveedor: Distribuidora Bajío,153.98,170,1,2024-05-25 00:00:00,2024-05-25 00:00:00
1152,ALI-01142,Aceite de Aguacate 500 ml Marea Essential,Categoría: Alimentos | Marca: Marea | Proveedor: Distribuidora del Norte,162.40,135,1,2024-06-23 00:00:00,2024-06-23 00:00:00
1153,ELE-01143,Cargador Inalámbrico Nativa Advance,Categoría: Electrónica | Marca: Nativa | Proveedor: Distribuidora Bajío,152.37,126,0,2024-04-22 00:00:00,2024-04-22 00:00:00
1154,ELE-01144,Cargador Inalámbrico Brava Lite,Categoría: Electrónica | Marca: Brava | Proveedor: Distribuidora del Norte,1834.54,75,1,2024-04-12 00:00:00,2024-04-12 00:00:00
1155,ALI-01145,Pasta Penne 500 g Nativa Prime,Categoría: Alimentos | Marca: Nativa | Proveedor: Distribuidora Bajío,791.10,131,1,2024-09-16 00:00:00,2024-09-16 00:00:00
1156,ELE-01146,Mouse Gaming Marea Lite,Categoría: Electrónica | Marca: Marea | Proveedor: Distribuidora Bajío,2743.66,305,1,2024-04-25 00:00:00,2024-04-25 00:00:00
1157,CUI-01147,Shampoo Hidratante 750 ml Urban Select,Categoría: Cuidado personal | Marca: Urban | Proveedor: Distribuidora Metropolitana,1860.90,72,0,2025-05-24 00:00:00,2025-05-24 00:00:00
1158,CUI-01148,Rasuradora Corporal Aurea Plus,Categoría: Cuidado personal | Marca: Aurea | Proveedor: Distribuidora del Norte,578.84,193,1,2024-10-07 00:00:00,2024-10-07 00:00:00
1159,ALI-01149,Galletas Integrales 350 g Nexo Classic,Categoría: Alimentos | Marca: Nexo | Proveedor: Distribuidora Metropolitana,729.59,178,1,2025-02-04 00:00:00,2025-02-04 00:00:00
1160,OFI-01150,Calculadora de Escritorio Altura Advance,Categoría: Oficina | Marca: Altura | Proveedor: Distribuidora del Norte,3136.74,175,1,2025-03-19 00:00:00,2025-03-19 00:00:00
1161,CUI-01151,Cepillo Dental Pack 3 Orion Essential,Categoría: Cuidado personal | Marca: Orion | Proveedor: Distribuidora Mexicana,1419.05,350,1,2025-04-22 00:00:00,2025-04-22 00:00:00
1162,CUI-01152,Cepillo Dental Medio Kairo Max,Categoría: Cuidado personal | Marca: Kairo | Proveedor: Distribuidora Central,838.87,150,0,2025-04-09 00:00:00,2025-04-09 00:00:00
1163,OFI-01153,Memoria USB 32 GB Altura Max,Categoría: Oficina | Marca: Altura | Proveedor: Distribuidora Metropolitana,1858.92,220,1,2025-11-07 00:00:00,2025-11-07 00:00:00
1164,ELE-01154,Mouse Ergonómico Prisma Classic,Categoría: Electrónica | Marca: Prisma | Proveedor: Distribuidora Mexicana,2779.63,257,1,2026-09-03 00:00:00,2026-09-03 00:00:00
1165,OFI-01155,Mochila Ejecutiva Urban Advance,Categoría: Oficina | Marca: Urban | Proveedor: Distribuidora Nova,5511.50,148,1,2024-02-02 00:00:00,2024-02-02 00:00:00
1166,OFI-01156,Mochila Impermeable Urban Eco,Categoría: Oficina | Marca: Urban | Proveedor: Distribuidora Pacífico,5801.63,50,1,2026-07-31 00:00:00,2026-07-31 00:00:00
1167,OFI-01157,Mochila Impermeable Marea Advance,Categoría: Oficina | Marca: Marea | Proveedor: Distribuidora Pacífico,865.05,102,1,2024-05-18 00:00:00,2024-05-18 00:00:00
1168,HOG-01158,Sartén Antiadherente 28 cm Lumina Classic,Categoría: Hogar | Marca: Lumina | Proveedor: Distribuidora Bajío,1450.33,321,1,2025-07-12 00:00:00,2025-07-12 00:00:00
1169,DEP-01159,Botella Deportiva 1 L Cobalto Prime,Categoría: Deportes | Marca: Cobalto | Proveedor: Distribuidora Metropolitana,1555.10,350,1,2025-04-24 00:00:00,2025-04-24 00:00:00
1170,DEP-01160,Balón Entrenamiento Cobalto Essential,Categoría: Deportes | Marca: Cobalto | Proveedor: Distribuidora Hidalgo,2744.54,13,1,2024-03-31 00:00:00,2024-03-31 00:00:00
1171,CUI-01161,Cepillo Dental Medio Prisma Pro,Categoría: Cuidado personal | Marca: Prisma | Proveedor: Distribuidora Pacífico,1754.93,289,1,2024-02-24 00:00:00,2024-02-24 00:00:00
1172,DEP-01162,Tapete de Yoga con Correa Nova Max,Categoría: Deportes | Marca: Nova | Proveedor: Distribuidora Bajío,2438.77,265,1,2026-05-09 00:00:00,2026-05-09 00:00:00
1173,ELE-01163,Mouse Inalámbrico Marea Advance,Categoría: Electrónica | Marca: Marea | Proveedor: Distribuidora Bajío,475.29,148,1,2025-12-08 00:00:00,2025-12-08 00:00:00
1174,ELE-01164,Audífonos Bluetooth Aurea Lite,Categoría: Electrónica | Marca: Aurea | Proveedor: Distribuidora Mexicana,631.91,253,1,2024-08-16 00:00:00,2024-08-16 00:00:00
1175,ALI-01165,Cereal con Frutos 450 g Kairo Essential,Categoría: Alimentos | Marca: Kairo | Proveedor: Distribuidora Nova,648.55,319,1,2024-04-27 00:00:00,2024-04-27 00:00:00
1176,HOG-01166,Termo 500 ml Orion Select,Categoría: Hogar | Marca: Orion | Proveedor: Distribuidora Central,573.39,242,1,2026-05-02 00:00:00,2026-05-02 00:00:00
1177,DEP-01167,Botella Deportiva 750 ml Kairo Eco,Categoría: Deportes | Marca: Kairo | Proveedor: Distribuidora Nova,1496.62,94,1,2026-05-11 00:00:00,2026-05-11 00:00:00
1178,OFI-01168,Memoria USB USB 3.2 Orion Eco,Categoría: Oficina | Marca: Orion | Proveedor: Distribuidora Mexicana,907.21,11,1,2024-05-25 00:00:00,2024-05-25 00:00:00
1179,ALI-01169,Cereal Integral 500 g Aurea Max,Categoría: Alimentos | Marca: Aurea | Proveedor: Distribuidora del Norte,396.88,148,1,2025-08-25 00:00:00,2025-08-25 00:00:00
1180,ALI-01170,Pasta Penne 500 g Zenit Plus,Categoría: Alimentos | Marca: Zenit | Proveedor: Distribuidora Mexicana,384.11,217,1,2024-01-29 00:00:00,2024-01-29 00:00:00
1181,ELE-01171,Cargador Doble Puerto Nova Advance,Categoría: Electrónica | Marca: Nova | Proveedor: Distribuidora Bajío,1163.25,330,1,2024-02-13 00:00:00,2024-02-13 00:00:00
1182,OFI-01172,Mochila Impermeable Cobalto Classic,Categoría: Oficina | Marca: Cobalto | Proveedor: Distribuidora Metropolitana,89.39,81,1,2025-05-27 00:00:00,2025-05-27 00:00:00
1183,CUI-01173,Crema Corporal con Aloe 500 ml Zenit Lite,Categoría: Cuidado personal | Marca: Zenit | Proveedor: Distribuidora Mexicana,217.86,335,1,2024-12-26 00:00:00,2024-12-26 00:00:00
1184,CUI-01174,Cepillo Dental Eléctrico Vitta Classic,Categoría: Cuidado personal | Marca: Vitta | Proveedor: Distribuidora Pacífico,2206.78,337,1,2026-08-03 00:00:00,2026-08-03 00:00:00
1185,ALI-01175,Aceite de Aguacate 500 ml Nativa Advance,Categoría: Alimentos | Marca: Nativa | Proveedor: Distribuidora Pacífico,535.04,294,1,2024-05-12 00:00:00,2024-05-12 00:00:00
1186,CUI-01176,Secadora 2000 W Zenit Plus,Categoría: Cuidado personal | Marca: Zenit | Proveedor: Distribuidora Nova,168.73,81,1,2024-04-08 00:00:00,2024-04-08 00:00:00
1187,DEP-01177,Balón de Voleibol Brava Select,Categoría: Deportes | Marca: Brava | Proveedor: Distribuidora Hidalgo,395.81,89,1,2026-02-12 00:00:00,2026-02-12 00:00:00
1188,ELE-01178,Audífonos USB-C Orion Essential,Categoría: Electrónica | Marca: Orion | Proveedor: Distribuidora Bajío,2985.79,37,1,2026-02-20 00:00:00,2026-02-20 00:00:00
1189,ALI-01179,Café en Grano 1 kg Marea Plus,Categoría: Alimentos | Marca: Marea | Proveedor: Distribuidora Mexicana,565.81,193,1,2025-10-14 00:00:00,2025-10-14 00:00:00
1190,HOG-01180,Organizador Multiusos Nativa Max,Categoría: Hogar | Marca: Nativa | Proveedor: Distribuidora Nova,1721.81,115,1,2026-01-29 00:00:00,2026-01-29 00:00:00
1191,CUI-01181,Crema Corporal Hidratante 400 ml Nova Plus,Categoría: Cuidado personal | Marca: Nova | Proveedor: Distribuidora Central,605.55,71,1,2025-01-03 00:00:00,2025-01-03 00:00:00
1192,CUI-01182,Secadora Compacta Marea Pro,Categoría: Cuidado personal | Marca: Marea | Proveedor: Distribuidora Bajío,1924.22,328,1,2024-07-13 00:00:00,2024-07-13 00:00:00
1193,CUI-01183,Rasuradora Corporal Prisma Advance,Categoría: Cuidado personal | Marca: Prisma | Proveedor: Distribuidora del Norte,2522.93,70,1,2025-03-25 00:00:00,2025-03-25 00:00:00
1194,DEP-01184,Botella Deportiva 750 ml Vitta Lite,Categoría: Deportes | Marca: Vitta | Proveedor: Distribuidora Bajío,956.84,60,1,2024-08-24 00:00:00,2024-08-24 00:00:00
1195,CUI-01185,Cepillo Dental Suave Brava Classic,Categoría: Cuidado personal | Marca: Brava | Proveedor: Distribuidora Hidalgo,2584.94,128,1,2025-12-21 00:00:00,2025-12-21 00:00:00
1196,HOG-01186,Sartén Antiadherente 24 cm Brava Lite,Categoría: Hogar | Marca: Brava | Proveedor: Distribuidora Pacífico,2333.98,256,1,2025-02-12 00:00:00,2025-02-12 00:00:00
1197,CUI-01187,Shampoo Reparador 700 ml Nativa Classic,Categoría: Cuidado personal | Marca: Nativa | Proveedor: Distribuidora Metropolitana,1844.00,16,1,2025-03-07 00:00:00,2025-03-07 00:00:00
1198,OFI-01188,Cuaderno de Notas Aurea Lite,Categoría: Oficina | Marca: Aurea | Proveedor: Distribuidora Central,4906.17,168,1,2024-08-29 00:00:00,2024-08-29 00:00:00
1199,CUI-01189,Secadora Compacta Prisma Plus,Categoría: Cuidado personal | Marca: Prisma | Proveedor: Distribuidora del Norte,2661.05,306,1,2026-06-27 00:00:00,2026-06-27 00:00:00
1200,HOG-01190,Sartén de Acero 26 cm Altura Plus,Categoría: Hogar | Marca: Altura | Proveedor: Distribuidora Nova,165.15,259,1,2025-10-27 00:00:00,2025-10-27 00:00:00
1201,DEP-01191,Mancuerna 10 kg Nova Essential,Categoría: Deportes | Marca: Nova | Proveedor: Distribuidora Hidalgo,165.69,100,1,2025-11-29 00:00:00,2025-11-29 00:00:00
1202,ELE-01192,Cargador Doble Puerto Altura Eco,Categoría: Electrónica | Marca: Altura | Proveedor: Distribuidora Hidalgo,2714.03,64,1,2025-12-19 00:00:00,2025-12-19 00:00:00
1203,HOG-01193,Lámpara Minimalista Orion Advance,Categoría: Hogar | Marca: Orion | Proveedor: Distribuidora Metropolitana,2456.73,188,1,2024-07-17 00:00:00,2024-07-17 00:00:00
1204,ELE-01194,Teclado Inalámbrico Lumina Advance,Categoría: Electrónica | Marca: Lumina | Proveedor: Distribuidora Central,182.67,211,0,2026-04-01 00:00:00,2026-04-01 00:00:00
1205,ALI-01195,Cereal Integral 500 g Lumina Essential,Categoría: Alimentos | Marca: Lumina | Proveedor: Distribuidora Pacífico,123.08,92,1,2024-02-14 00:00:00,2024-02-14 00:00:00
1206,CUI-01196,Crema Corporal con Aloe 500 ml Vitta Advance,Categoría: Cuidado personal | Marca: Vitta | Proveedor: Distribuidora del Norte,1140.59,336,1,2025-11-03 00:00:00,2025-11-03 00:00:00
1207,OFI-01197,Memoria USB 64 GB Nativa Prime,Categoría: Oficina | Marca: Nativa | Proveedor: Distribuidora Bajío,5388.53,112,1,2025-12-31 00:00:00,2025-12-31 00:00:00
1208,OFI-01198,Memoria USB 128 GB Brava Lite,Categoría: Oficina | Marca: Brava | Proveedor: Distribuidora del Norte,5360.72,163,1,2024-02-25 00:00:00,2024-02-25 00:00:00
1209,DEP-01199,Guantes con Muñequera Terra Plus,Categoría: Deportes | Marca: Terra | Proveedor: Distribuidora Nova,681.34,70,1,2024-11-08 00:00:00,2024-11-08 00:00:00
1210,HOG-01200,Lámpara de Noche Vitta Essential,Categoría: Hogar | Marca: Vitta | Proveedor: Distribuidora Bajío,2445.54,225,1,2026-09-02 00:00:00,2026-09-02 00:00:00
1211,DEP-01201,Botella Deportiva con Popote Terra Advance,Categoría: Deportes | Marca: Terra | Proveedor: Distribuidora Central,1206.95,43,1,2024-10-12 00:00:00,2024-10-12 00:00:00
1212,DEP-01202,Balón de Fútbol Zenit Eco,Categoría: Deportes | Marca: Zenit | Proveedor: Distribuidora Nova,1381.10,114,1,2025-01-23 00:00:00,2025-01-23 00:00:00
1213,DEP-01203,Guantes de Gimnasio Kairo Essential,Categoría: Deportes | Marca: Kairo | Proveedor: Distribuidora Central,1664.91,178,1,2026-07-20 00:00:00,2026-07-20 00:00:00
1214,OFI-01204,Calculadora de Escritorio Nova Prime,Categoría: Oficina | Marca: Nova | Proveedor: Distribuidora Hidalgo,4363.59,318,1,2026-06-05 00:00:00,2026-06-05 00:00:00
1215,ALI-01205,Café Molido 500 g Zenit Classic,Categoría: Alimentos | Marca: Zenit | Proveedor: Distribuidora Bajío,689.49,273,1,2025-03-10 00:00:00,2025-03-10 00:00:00
1216,CUI-01206,Secadora 2000 W Nexo Eco,Categoría: Cuidado personal | Marca: Nexo | Proveedor: Distribuidora Mexicana,1332.03,121,0,2026-07-18 00:00:00,2026-07-18 00:00:00
1217,ALI-01207,Pasta Spaghetti 500 g Brava Lite,Categoría: Alimentos | Marca: Brava | Proveedor: Distribuidora Hidalgo,253.97,292,1,2024-02-09 00:00:00,2024-02-09 00:00:00
1218,OFI-01208,Calculadora Básica Nova Plus,Categoría: Oficina | Marca: Nova | Proveedor: Distribuidora Metropolitana,1865.32,338,1,2026-05-06 00:00:00,2026-05-06 00:00:00
1219,HOG-01209,Juego de Toallas Microfibra Nova Max,Categoría: Hogar | Marca: Nova | Proveedor: Distribuidora Metropolitana,100.47,18,1,2025-05-06 00:00:00,2025-05-06 00:00:00
1220,CUI-01210,Crema Corporal con Aloe 500 ml Altura Advance,Categoría: Cuidado personal | Marca: Altura | Proveedor: Distribuidora Metropolitana,2630.55,141,1,2026-09-03 00:00:00,2026-09-03 00:00:00
1221,HOG-01211,Sartén Antiadherente 28 cm Terra Max,Categoría: Hogar | Marca: Terra | Proveedor: Distribuidora Mexicana,386.88,322,1,2024-05-30 00:00:00,2024-05-30 00:00:00
1222,ALI-01212,Café en Grano 1 kg Orion Essential,Categoría: Alimentos | Marca: Orion | Proveedor: Distribuidora Bajío,167.61,259,1,2025-08-16 00:00:00,2025-08-16 00:00:00
1223,CUI-01213,Crema Corporal Hidratante 400 ml Terra Classic,Categoría: Cuidado personal | Marca: Terra | Proveedor: Distribuidora Central,89.39,180,1,2025-09-06 00:00:00,2025-09-06 00:00:00
1224,ELE-01214,Audífonos con Micrófono Orion Lite,Categoría: Electrónica | Marca: Orion | Proveedor: Distribuidora Metropolitana,408.46,104,1,2025-08-07 00:00:00,2025-08-07 00:00:00
1225,ALI-01215,Aceite de Oliva 500 ml Urban Classic,Categoría: Alimentos | Marca: Urban | Proveedor: Distribuidora Metropolitana,135.74,167,1,2024-12-09 00:00:00,2024-12-09 00:00:00
1226,ALI-01216,Pasta Penne 500 g Kairo Advance,Categoría: Alimentos | Marca: Kairo | Proveedor: Distribuidora Central,49.12,188,1,2024-10-24 00:00:00,2024-10-24 00:00:00
1227,CUI-01217,Shampoo Hidratante 750 ml Aurea Prime,Categoría: Cuidado personal | Marca: Aurea | Proveedor: Distribuidora Metropolitana,1451.73,260,1,2026-08-20 00:00:00,2026-08-20 00:00:00
1228,CUI-01218,Shampoo Reparador 700 ml Vitta Eco,Categoría: Cuidado personal | Marca: Vitta | Proveedor: Distribuidora del Norte,2145.23,332,1,2026-09-05 00:00:00,2026-09-05 00:00:00
1229,HOG-01219,Termo Térmico Orion Lite,Categoría: Hogar | Marca: Orion | Proveedor: Distribuidora Bajío,2010.66,310,1,2025-11-06 00:00:00,2025-11-06 00:00:00
1230,DEP-01220,Mancuerna Ajustable Aurea Advance,Categoría: Deportes | Marca: Aurea | Proveedor: Distribuidora Metropolitana,941.82,124,1,2024-09-05 00:00:00,2024-09-05 00:00:00
1231,OFI-01221,Mochila Impermeable Marea Plus,Categoría: Oficina | Marca: Marea | Proveedor: Distribuidora Hidalgo,4168.49,227,1,2025-01-05 00:00:00,2025-01-05 00:00:00
1232,CUI-01222,Secadora Compacta Prisma Max,Categoría: Cuidado personal | Marca: Prisma | Proveedor: Distribuidora Hidalgo,1711.77,229,1,2024-08-23 00:00:00,2024-08-23 00:00:00
1233,HOG-01223,Termo 750 ml Urban Advance,Categoría: Hogar | Marca: Urban | Proveedor: Distribuidora Pacífico,1690.48,310,1,2026-03-25 00:00:00,2026-03-25 00:00:00
1234,OFI-01224,Cuaderno Profesional Urban Eco,Categoría: Oficina | Marca: Urban | Proveedor: Distribuidora Bajío,3046.97,75,1,2025-10-09 00:00:00,2025-10-09 00:00:00
1235,HOG-01225,Organizador de Baño Nova Pro,Categoría: Hogar | Marca: Nova | Proveedor: Distribuidora Bajío,371.31,134,1,2026-01-30 00:00:00,2026-01-30 00:00:00
1236,ELE-01226,Bocina Bluetooth Nexo Plus,Categoría: Electrónica | Marca: Nexo | Proveedor: Distribuidora Hidalgo,592.47,271,1,2026-07-14 00:00:00,2026-07-14 00:00:00
1237,HOG-01227,Juego de Toallas 4 Piezas Kairo Plus,Categoría: Hogar | Marca: Kairo | Proveedor: Distribuidora del Norte,894.08,172,0,2026-01-09 00:00:00,2026-01-09 00:00:00
1238,ALI-01228,Pasta Penne 500 g Urban Max,Categoría: Alimentos | Marca: Urban | Proveedor: Distribuidora Pacífico,598.30,223,1,2026-02-14 00:00:00,2026-02-14 00:00:00
1239,HOG-01229,Organizador de Cocina Vitta Essential,Categoría: Hogar | Marca: Vitta | Proveedor: Distribuidora Bajío,1515.40,189,1,2025-01-23 00:00:00,2025-01-23 00:00:00
1240,HOG-01230,Termo de Acero Inoxidable Orion Select,Categoría: Hogar | Marca: Orion | Proveedor: Distribuidora Central,798.58,174,1,2025-07-31 00:00:00,2025-07-31 00:00:00
1241,CUI-01231,Secadora Profesional Kairo Prime,Categoría: Cuidado personal | Marca: Kairo | Proveedor: Distribuidora Mexicana,1102.72,91,1,2024-02-12 00:00:00,2024-02-12 00:00:00
1242,ALI-01232,Cereal con Frutos 450 g Terra Advance,Categoría: Alimentos | Marca: Terra | Proveedor: Distribuidora del Norte,705.80,160,1,2024-12-21 00:00:00,2024-12-21 00:00:00
1243,ELE-01233,Mouse Gaming Nativa Max,Categoría: Electrónica | Marca: Nativa | Proveedor: Distribuidora Pacífico,898.17,86,1,2026-08-19 00:00:00,2026-08-19 00:00:00
1244,CUI-01234,Shampoo Hidratante 750 ml Terra Pro,Categoría: Cuidado personal | Marca: Terra | Proveedor: Distribuidora Mexicana,309.32,282,1,2024-01-29 00:00:00,2024-01-29 00:00:00
1245,ELE-01235,Cargador USB-C 45W Nova Max,Categoría: Electrónica | Marca: Nova | Proveedor: Distribuidora Metropolitana,2937.89,13,1,2024-07-27 00:00:00,2024-07-27 00:00:00
1246,CUI-01236,Rasuradora de Precisión Vitta Max,Categoría: Cuidado personal | Marca: Vitta | Proveedor: Distribuidora del Norte,857.27,56,1,2025-03-31 00:00:00,2025-03-31 00:00:00
1247,DEP-01237,Mancuerna 5 kg Vitta Classic,Categoría: Deportes | Marca: Vitta | Proveedor: Distribuidora Metropolitana,2218.05,59,1,2026-04-02 00:00:00,2026-04-02 00:00:00
1248,HOG-01238,Lámpara de Noche Nexo Lite,Categoría: Hogar | Marca: Nexo | Proveedor: Distribuidora del Norte,890.52,232,1,2025-12-24 00:00:00,2025-12-24 00:00:00
1249,ELE-01239,Bocina Bluetooth Marea Select,Categoría: Electrónica | Marca: Marea | Proveedor: Distribuidora Central,2967.79,338,1,2026-08-29 00:00:00,2026-08-29 00:00:00
1250,ELE-01240,Teclado Inalámbrico Zenit Select,Categoría: Electrónica | Marca: Zenit | Proveedor: Distribuidora Bajío,2404.71,135,1,2024-06-04 00:00:00,2024-06-04 00:00:00
1251,HOG-01241,Juego de Toallas 6 Piezas Vitta Select,Categoría: Hogar | Marca: Vitta | Proveedor: Distribuidora Nova,1615.15,45,1,2024-01-04 00:00:00,2024-01-04 00:00:00
1252,DEP-01242,Guantes de Ciclismo Nexo Essential,Categoría: Deportes | Marca: Nexo | Proveedor: Distribuidora Hidalgo,1305.84,134,1,2025-10-08 00:00:00,2025-10-08 00:00:00
1253,ALI-01243,Pasta Penne 500 g Nexo Classic,Categoría: Alimentos | Marca: Nexo | Proveedor: Distribuidora Bajío,675.70,149,1,2025-05-16 00:00:00,2025-05-16 00:00:00
1254,DEP-01244,Guantes Deportivos Nativa Classic,Categoría: Deportes | Marca: Nativa | Proveedor: Distribuidora Pacífico,369.91,57,1,2025-03-05 00:00:00,2025-03-05 00:00:00
1255,OFI-01245,Mochila Impermeable Orion Pro,Categoría: Oficina | Marca: Orion | Proveedor: Distribuidora del Norte,2806.69,163,1,2024-12-21 00:00:00,2024-12-21 00:00:00
1256,ALI-01246,Cereal con Frutos 450 g Nativa Advance,Categoría: Alimentos | Marca: Nativa | Proveedor: Distribuidora Central,343.89,120,1,2024-10-24 00:00:00,2024-10-24 00:00:00
1257,HOG-01247,Juego de Toallas Algodón Marea Classic,Categoría: Hogar | Marca: Marea | Proveedor: Distribuidora Hidalgo,1712.47,210,1,2026-04-08 00:00:00,2026-04-08 00:00:00
1258,DEP-01248,Mancuerna 5 kg Terra Max,Categoría: Deportes | Marca: Terra | Proveedor: Distribuidora Central,2208.02,173,1,2024-11-11 00:00:00,2024-11-11 00:00:00
1259,HOG-01249,Termo 750 ml Aurea Plus,Categoría: Hogar | Marca: Aurea | Proveedor: Distribuidora Metropolitana,2372.86,314,1,2024-05-12 00:00:00,2024-05-12 00:00:00
1260,ELE-01250,Webcam Full HD Zenit Plus,Categoría: Electrónica | Marca: Zenit | Proveedor: Distribuidora Metropolitana,2763.45,170,1,2026-02-24 00:00:00,2026-02-24 00:00:00
1261,ELE-01251,Webcam Full HD Aurea Prime,Categoría: Electrónica | Marca: Aurea | Proveedor: Distribuidora Hidalgo,1942.83,80,1,2026-05-30 00:00:00,2026-05-30 00:00:00
1262,OFI-01252,Mochila Antirrobo Marea Eco,Categoría: Oficina | Marca: Marea | Proveedor: Distribuidora Central,1320.93,127,1,2024-02-06 00:00:00,2024-02-06 00:00:00
1263,CUI-01253,Shampoo Reparador 700 ml Zenit Max,Categoría: Cuidado personal | Marca: Zenit | Proveedor: Distribuidora Pacífico,161.45,144,1,2024-01-25 00:00:00,2024-01-25 00:00:00
1264,ALI-01254,Cereal Integral 500 g Terra Plus,Categoría: Alimentos | Marca: Terra | Proveedor: Distribuidora Hidalgo,654.26,193,1,2024-05-14 00:00:00,2024-05-14 00:00:00
1265,OFI-01255,Cuaderno Profesional Lumina Lite,Categoría: Oficina | Marca: Lumina | Proveedor: Distribuidora Central,4341.68,212,1,2024-01-16 00:00:00,2024-01-16 00:00:00
1266,CUI-01256,Secadora Iónica Orion Advance,Categoría: Cuidado personal | Marca: Orion | Proveedor: Distribuidora Pacífico,2227.88,99,1,2026-03-14 00:00:00,2026-03-14 00:00:00
1267,CUI-01257,Shampoo Anticaspa 650 ml Terra Max,Categoría: Cuidado personal | Marca: Terra | Proveedor: Distribuidora Bajío,603.14,135,1,2025-01-20 00:00:00,2025-01-20 00:00:00
1268,ELE-01258,Teclado RGB Terra Max,Categoría: Electrónica | Marca: Terra | Proveedor: Distribuidora Nova,1101.82,273,0,2025-01-26 00:00:00,2025-01-26 00:00:00
1269,DEP-01259,Balón de Voleibol Orion Max,Categoría: Deportes | Marca: Orion | Proveedor: Distribuidora Hidalgo,741.02,12,1,2026-02-28 00:00:00,2026-02-28 00:00:00
1270,OFI-01260,Silla Ergonómica Kairo Prime,Categoría: Oficina | Marca: Kairo | Proveedor: Distribuidora del Norte,892.45,322,1,2024-04-07 00:00:00,2024-04-07 00:00:00
1271,HOG-01261,Juego de Toallas 4 Piezas Lumina Pro,Categoría: Hogar | Marca: Lumina | Proveedor: Distribuidora Nova,1054.73,242,1,2024-03-01 00:00:00,2024-03-01 00:00:00
1272,OFI-01262,Silla de Oficina Marea Pro,Categoría: Oficina | Marca: Marea | Proveedor: Distribuidora Hidalgo,252.74,289,0,2026-06-11 00:00:00,2026-06-11 00:00:00
1273,ALI-01263,Cereal de Avena 500 g Nativa Lite,Categoría: Alimentos | Marca: Nativa | Proveedor: Distribuidora Nova,411.86,333,1,2024-11-25 00:00:00,2024-11-25 00:00:00
1274,DEP-01264,Guantes de Gimnasio Orion Eco,Categoría: Deportes | Marca: Orion | Proveedor: Distribuidora Mexicana,2123.83,192,0,2026-02-14 00:00:00,2026-02-14 00:00:00
1275,CUI-01265,Shampoo Hidratante 750 ml Aurea Max,Categoría: Cuidado personal | Marca: Aurea | Proveedor: Distribuidora Central,2440.29,58,1,2026-06-25 00:00:00,2026-06-25 00:00:00
1276,HOG-01266,Termo Térmico Vitta Lite,Categoría: Hogar | Marca: Vitta | Proveedor: Distribuidora Pacífico,1090.92,4,1,2024-04-30 00:00:00,2024-04-30 00:00:00
1277,OFI-01267,Calculadora Básica Prisma Advance,Categoría: Oficina | Marca: Prisma | Proveedor: Distribuidora Pacífico,3912.92,72,1,2025-06-19 00:00:00,2025-06-19 00:00:00
1278,CUI-01268,Cepillo Dental Pack 3 Nativa Max,Categoría: Cuidado personal | Marca: Nativa | Proveedor: Distribuidora Mexicana,625.04,169,1,2024-06-17 00:00:00,2024-06-17 00:00:00
1279,DEP-01269,Botella Deportiva con Popote Urban Pro,Categoría: Deportes | Marca: Urban | Proveedor: Distribuidora Central,526.52,34,1,2024-11-15 00:00:00,2024-11-15 00:00:00
1280,HOG-01270,Lámpara Minimalista Marea Plus,Categoría: Hogar | Marca: Marea | Proveedor: Distribuidora Mexicana,226.88,239,1,2024-03-09 00:00:00,2024-03-09 00:00:00
1281,CUI-01271,Crema Corporal con Aloe 500 ml Nova Select,Categoría: Cuidado personal | Marca: Nova | Proveedor: Distribuidora Pacífico,801.20,218,1,2025-01-11 00:00:00,2025-01-11 00:00:00
1282,DEP-01272,Mancuerna 10 kg Lumina Advance,Categoría: Deportes | Marca: Lumina | Proveedor: Distribuidora Pacífico,532.55,110,1,2024-07-01 00:00:00,2024-07-01 00:00:00
1283,ELE-01273,Teclado RGB Marea Advance,Categoría: Electrónica | Marca: Marea | Proveedor: Distribuidora Pacífico,2735.13,303,1,2026-04-06 00:00:00,2026-04-06 00:00:00
1284,CUI-01274,Rasuradora 3 Cabezas Nexo Essential,Categoría: Cuidado personal | Marca: Nexo | Proveedor: Distribuidora del Norte,2202.39,110,1,2026-08-09 00:00:00,2026-08-09 00:00:00
1285,HOG-01275,Organizador de Escritorio Nativa Essential,Categoría: Hogar | Marca: Nativa | Proveedor: Distribuidora Mexicana,861.48,26,1,2025-06-07 00:00:00,2025-06-07 00:00:00
1286,DEP-01276,Balón de Voleibol Kairo Lite,Categoría: Deportes | Marca: Kairo | Proveedor: Distribuidora Hidalgo,2300.62,123,1,2025-01-21 00:00:00,2025-01-21 00:00:00
1287,ALI-01277,Aceite de Aguacate 500 ml Kairo Lite,Categoría: Alimentos | Marca: Kairo | Proveedor: Distribuidora Nova,270.34,40,1,2026-09-05 00:00:00,2026-09-05 00:00:00
1288,ALI-01278,Pasta Fusilli 500 g Vitta Eco,Categoría: Alimentos | Marca: Vitta | Proveedor: Distribuidora Pacífico,458.82,250,1,2025-12-02 00:00:00,2025-12-02 00:00:00
1289,DEP-01279,Mancuerna 10 kg Nova Prime,Categoría: Deportes | Marca: Nova | Proveedor: Distribuidora Metropolitana,2578.13,343,1,2026-01-15 00:00:00,2026-01-15 00:00:00
1290,CUI-01280,Secadora Iónica Zenit Prime,Categoría: Cuidado personal | Marca: Zenit | Proveedor: Distribuidora Nova,537.98,5,1,2025-03-28 00:00:00,2025-03-28 00:00:00
1291,HOG-01281,Lámpara de Noche Marea Plus,Categoría: Hogar | Marca: Marea | Proveedor: Distribuidora Central,2283.72,129,1,2025-09-13 00:00:00,2025-09-13 00:00:00
1292,ALI-01282,Pasta Fusilli 500 g Nativa Eco,Categoría: Alimentos | Marca: Nativa | Proveedor: Distribuidora Pacífico,58.99,129,1,2025-10-02 00:00:00,2025-10-02 00:00:00
1293,CUI-01283,Shampoo Reparador 700 ml Nativa Advance,Categoría: Cuidado personal | Marca: Nativa | Proveedor: Distribuidora Mexicana,1786.19,251,1,2025-04-29 00:00:00,2025-04-29 00:00:00
1294,ALI-01284,Galletas de Avena 300 g Altura Prime,Categoría: Alimentos | Marca: Altura | Proveedor: Distribuidora Mexicana,47.32,78,1,2026-06-10 00:00:00,2026-06-10 00:00:00
1295,ELE-01285,Bocina Bluetooth Altura Max,Categoría: Electrónica | Marca: Altura | Proveedor: Distribuidora Metropolitana,2284.55,31,1,2024-04-09 00:00:00,2024-04-09 00:00:00
1296,OFI-01286,Mochila para Laptop 15.6 Marea Prime,Categoría: Oficina | Marca: Marea | Proveedor: Distribuidora Metropolitana,5389.10,86,0,2025-06-12 00:00:00,2025-06-12 00:00:00
1297,ALI-01287,Aceite de Aguacate 500 ml Altura Plus,Categoría: Alimentos | Marca: Altura | Proveedor: Distribuidora Mexicana,174.34,256,1,2026-01-16 00:00:00,2026-01-16 00:00:00
1298,HOG-01288,Juego de Toallas Algodón Terra Advance,Categoría: Hogar | Marca: Terra | Proveedor: Distribuidora Hidalgo,559.81,258,1,2024-06-26 00:00:00,2024-06-26 00:00:00
1299,ELE-01289,Mouse Gaming Prisma Plus,Categoría: Electrónica | Marca: Prisma | Proveedor: Distribuidora del Norte,1292.87,290,1,2025-08-02 00:00:00,2025-08-02 00:00:00
1300,ELE-01290,Audífonos Bluetooth Nexo Plus,Categoría: Electrónica | Marca: Nexo | Proveedor: Distribuidora Central,770.96,302,1,2026-02-24 00:00:00,2026-02-24 00:00:00
1301,ELE-01291,Teclado Compacto Cobalto Plus,Categoría: Electrónica | Marca: Cobalto | Proveedor: Distribuidora Pacífico,3087.61,126,1,2026-05-07 00:00:00,2026-05-07 00:00:00
1302,HOG-01292,Organizador Multiusos Altura Eco,Categoría: Hogar | Marca: Altura | Proveedor: Distribuidora Pacífico,1787.31,91,1,2024-05-23 00:00:00,2024-05-23 00:00:00
1303,DEP-01293,Tapete de Yoga 8 mm Terra Select,Categoría: Deportes | Marca: Terra | Proveedor: Distribuidora Pacífico,604.40,151,1,2025-12-15 00:00:00,2025-12-15 00:00:00
1304,ELE-01294,Bocina Inteligente Prisma Prime,Categoría: Electrónica | Marca: Prisma | Proveedor: Distribuidora Bajío,2736.44,267,1,2026-04-29 00:00:00,2026-04-29 00:00:00
1305,HOG-01295,Lámpara Minimalista Vitta Lite,Categoría: Hogar | Marca: Vitta | Proveedor: Distribuidora Metropolitana,1455.28,222,1,2025-10-23 00:00:00,2025-10-23 00:00:00
1306,OFI-01296,Mochila Antirrobo Terra Plus,Categoría: Oficina | Marca: Terra | Proveedor: Distribuidora Pacífico,3096.16,107,1,2024-08-11 00:00:00,2024-08-11 00:00:00
1307,ELE-01297,Audífonos Inalámbricos Nativa Pro,Categoría: Electrónica | Marca: Nativa | Proveedor: Distribuidora Metropolitana,1714.28,165,1,2025-07-31 00:00:00,2025-07-31 00:00:00
1308,CUI-01298,Shampoo Anticaspa 650 ml Orion Prime,Categoría: Cuidado personal | Marca: Orion | Proveedor: Distribuidora Mexicana,2439.13,4,1,2025-03-07 00:00:00,2025-03-07 00:00:00
1309,OFI-01299,Cuaderno de Notas Prisma Classic,Categoría: Oficina | Marca: Prisma | Proveedor: Distribuidora Mexicana,1005.62,279,0,2026-02-09 00:00:00,2026-02-09 00:00:00
1310,CUI-01300,Rasuradora de Precisión Zenit Max,Categoría: Cuidado personal | Marca: Zenit | Proveedor: Distribuidora Metropolitana,2342.10,129,1,2025-09-07 00:00:00,2025-09-07 00:00:00
1311,ALI-01301,Aceite de Aguacate 500 ml Altura Select,Categoría: Alimentos | Marca: Altura | Proveedor: Distribuidora del Norte,615.70,259,1,2025-03-07 00:00:00,2025-03-07 00:00:00
1312,OFI-01302,Memoria USB USB 3.2 Nova Pro,Categoría: Oficina | Marca: Nova | Proveedor: Distribuidora Nova,3089.79,153,1,2026-09-01 00:00:00,2026-09-01 00:00:00
1313,HOG-01303,Organizador Multiusos Altura Plus,Categoría: Hogar | Marca: Altura | Proveedor: Distribuidora Metropolitana,827.44,72,1,2025-04-14 00:00:00,2025-04-14 00:00:00
1314,DEP-01304,Botella Deportiva 1 L Aurea Pro,Categoría: Deportes | Marca: Aurea | Proveedor: Distribuidora Mexicana,965.73,41,1,2024-08-29 00:00:00,2024-08-29 00:00:00
1315,DEP-01305,Botella Deportiva 1 L Vitta Lite,Categoría: Deportes | Marca: Vitta | Proveedor: Distribuidora Central,2549.90,191,1,2025-05-03 00:00:00,2025-05-03 00:00:00
1316,ELE-01306,Bocina Resistente al Agua Aurea Max,Categoría: Electrónica | Marca: Aurea | Proveedor: Distribuidora Nova,2388.26,237,1,2026-02-20 00:00:00,2026-02-20 00:00:00
1317,DEP-01307,Tapete de Yoga Antideslizante Vitta Eco,Categoría: Deportes | Marca: Vitta | Proveedor: Distribuidora Hidalgo,2339.19,144,1,2025-09-03 00:00:00,2025-09-03 00:00:00
1318,ELE-01308,Mouse Óptico Nova Select,Categoría: Electrónica | Marca: Nova | Proveedor: Distribuidora Nova,3115.72,91,1,2025-01-12 00:00:00,2025-01-12 00:00:00
1319,CUI-01309,Shampoo Reparador 700 ml Zenit Plus,Categoría: Cuidado personal | Marca: Zenit | Proveedor: Distribuidora Bajío,1822.92,70,0,2024-07-11 00:00:00,2024-07-11 00:00:00
1320,OFI-01310,Silla Ergonómica Marea Eco,Categoría: Oficina | Marca: Marea | Proveedor: Distribuidora Mexicana,3935.72,217,1,2024-10-18 00:00:00,2024-10-18 00:00:00
1321,ALI-01311,Aceite de Oliva 500 ml Terra Eco,Categoría: Alimentos | Marca: Terra | Proveedor: Distribuidora del Norte,163.95,203,1,2025-04-21 00:00:00,2025-04-21 00:00:00
1322,OFI-01312,Cuaderno Cuadriculado Nova Pro,Categoría: Oficina | Marca: Nova | Proveedor: Distribuidora Hidalgo,1937.67,294,1,2025-12-03 00:00:00,2025-12-03 00:00:00
1323,DEP-01313,Balón Entrenamiento Altura Classic,Categoría: Deportes | Marca: Altura | Proveedor: Distribuidora del Norte,1325.70,324,1,2025-09-10 00:00:00,2025-09-10 00:00:00
1324,DEP-01314,Guantes Deportivos Nativa Prime,Categoría: Deportes | Marca: Nativa | Proveedor: Distribuidora del Norte,2545.53,186,1,2026-03-15 00:00:00,2026-03-15 00:00:00
1325,DEP-01315,Guantes con Muñequera Lumina Pro,Categoría: Deportes | Marca: Lumina | Proveedor: Distribuidora Pacífico,109.24,302,1,2024-07-21 00:00:00,2024-07-21 00:00:00
1326,CUI-01316,Rasuradora de Precisión Altura Max,Categoría: Cuidado personal | Marca: Altura | Proveedor: Distribuidora Bajío,820.84,62,1,2025-04-16 00:00:00,2025-04-16 00:00:00
1327,CUI-01317,Cepillo Dental Pack 3 Urban Prime,Categoría: Cuidado personal | Marca: Urban | Proveedor: Distribuidora Pacífico,1903.94,12,1,2024-07-02 00:00:00,2024-07-02 00:00:00
1328,DEP-01318,Botella Deportiva Térmica Marea Classic,Categoría: Deportes | Marca: Marea | Proveedor: Distribuidora del Norte,1939.71,305,1,2024-12-31 00:00:00,2024-12-31 00:00:00
1329,CUI-01319,Rasuradora 3 Cabezas Nexo Plus,Categoría: Cuidado personal | Marca: Nexo | Proveedor: Distribuidora Mexicana,1518.35,64,1,2025-10-10 00:00:00,2025-10-10 00:00:00
1330,OFI-01320,Calculadora Financiera Brava Lite,Categoría: Oficina | Marca: Brava | Proveedor: Distribuidora del Norte,3428.92,20,1,2024-11-30 00:00:00,2024-11-30 00:00:00
1331,HOG-01321,Termo 500 ml Zenit Lite,Categoría: Hogar | Marca: Zenit | Proveedor: Distribuidora Metropolitana,2451.24,40,1,2026-08-07 00:00:00,2026-08-07 00:00:00
1332,OFI-01322,Silla con Soporte Lumbar Nova Pro,Categoría: Oficina | Marca: Nova | Proveedor: Distribuidora del Norte,5702.94,131,1,2026-05-06 00:00:00,2026-05-06 00:00:00
1333,ELE-01323,Teclado Compacto Kairo Advance,Categoría: Electrónica | Marca: Kairo | Proveedor: Distribuidora Central,1871.03,124,1,2025-01-18 00:00:00,2025-01-18 00:00:00
1334,HOG-01324,Juego de Toallas 6 Piezas Nexo Classic,Categoría: Hogar | Marca: Nexo | Proveedor: Distribuidora Hidalgo,1292.78,23,1,2026-07-20 00:00:00,2026-07-20 00:00:00
1335,OFI-01325,Calculadora Científica Urban Select,Categoría: Oficina | Marca: Urban | Proveedor: Distribuidora Mexicana,146.64,212,1,2024-10-08 00:00:00,2024-10-08 00:00:00
1336,CUI-01326,Cepillo Dental Suave Brava Select,Categoría: Cuidado personal | Marca: Brava | Proveedor: Distribuidora Nova,94.77,166,1,2024-03-06 00:00:00,2024-03-06 00:00:00
1337,ALI-01327,Galletas Integrales 350 g Urban Advance,Categoría: Alimentos | Marca: Urban | Proveedor: Distribuidora Bajío,279.45,199,1,2026-08-10 00:00:00,2026-08-10 00:00:00
1338,OFI-01328,Calculadora Básica Prisma Max,Categoría: Oficina | Marca: Prisma | Proveedor: Distribuidora Nova,940.21,255,1,2025-06-29 00:00:00,2025-06-29 00:00:00
1339,ALI-01329,Aceite de Aguacate 500 ml Zenit Essential,Categoría: Alimentos | Marca: Zenit | Proveedor: Distribuidora del Norte,536.38,292,1,2025-10-08 00:00:00,2025-10-08 00:00:00
1340,OFI-01330,Cuaderno de Notas Prisma Classic,Categoría: Oficina | Marca: Prisma | Proveedor: Distribuidora Bajío,1775.43,161,1,2025-11-21 00:00:00,2025-11-21 00:00:00
1341,HOG-01331,Termo 750 ml Prisma Advance,Categoría: Hogar | Marca: Prisma | Proveedor: Distribuidora Pacífico,1123.30,11,1,2025-07-23 00:00:00,2025-07-23 00:00:00
1342,HOG-01332,Juego de Toallas 4 Piezas Zenit Advance,Categoría: Hogar | Marca: Zenit | Proveedor: Distribuidora del Norte,2375.14,63,1,2025-02-09 00:00:00,2025-02-09 00:00:00
1343,ELE-01333,Cargador Inalámbrico Nexo Pro,Categoría: Electrónica | Marca: Nexo | Proveedor: Distribuidora Hidalgo,2718.03,205,1,2024-12-26 00:00:00,2024-12-26 00:00:00
1344,DEP-01334,Guantes Deportivos Marea Prime,Categoría: Deportes | Marca: Marea | Proveedor: Distribuidora Metropolitana,1923.10,340,1,2025-05-29 00:00:00,2025-05-29 00:00:00
1345,DEP-01335,Tapete de Yoga con Correa Nativa Max,Categoría: Deportes | Marca: Nativa | Proveedor: Distribuidora Mexicana,922.08,230,1,2026-08-04 00:00:00,2026-08-04 00:00:00
1346,DEP-01336,Mancuerna 5 kg Marea Max,Categoría: Deportes | Marca: Marea | Proveedor: Distribuidora del Norte,1998.51,349,1,2025-01-27 00:00:00,2025-01-27 00:00:00
1347,DEP-01337,Balón Entrenamiento Aurea Essential,Categoría: Deportes | Marca: Aurea | Proveedor: Distribuidora del Norte,1889.93,70,1,2025-09-05 00:00:00,2025-09-05 00:00:00
1348,DEP-01338,Botella Deportiva con Popote Brava Pro,Categoría: Deportes | Marca: Brava | Proveedor: Distribuidora del Norte,1745.68,241,1,2026-09-01 00:00:00,2026-09-01 00:00:00
1349,ALI-01339,Galletas con Chocolate 300 g Zenit Lite,Categoría: Alimentos | Marca: Zenit | Proveedor: Distribuidora Mexicana,420.77,98,1,2025-04-13 00:00:00,2025-04-13 00:00:00
1350,HOG-01340,Organizador de Baño Aurea Prime,Categoría: Hogar | Marca: Aurea | Proveedor: Distribuidora Central,400.01,33,1,2024-07-30 00:00:00,2024-07-30 00:00:00
1351,DEP-01341,Tapete de Yoga con Correa Brava Pro,Categoría: Deportes | Marca: Brava | Proveedor: Distribuidora del Norte,2919.86,256,1,2026-04-02 00:00:00,2026-04-02 00:00:00
1352,OFI-01342,Mochila Ejecutiva Cobalto Plus,Categoría: Oficina | Marca: Cobalto | Proveedor: Distribuidora Hidalgo,76.05,16,1,2026-06-06 00:00:00,2026-06-06 00:00:00
1353,DEP-01343,Balón de Fútbol Urban Classic,Categoría: Deportes | Marca: Urban | Proveedor: Distribuidora del Norte,2659.57,275,1,2026-01-02 00:00:00,2026-01-02 00:00:00
1354,ALI-01344,Galletas con Chocolate 300 g Nova Max,Categoría: Alimentos | Marca: Nova | Proveedor: Distribuidora Pacífico,397.15,30,1,2026-04-11 00:00:00,2026-04-11 00:00:00
1355,ALI-01345,Café Americano 500 g Zenit Lite,Categoría: Alimentos | Marca: Zenit | Proveedor: Distribuidora Hidalgo,512.05,225,1,2026-03-17 00:00:00,2026-03-17 00:00:00
1356,HOG-01346,Sartén de Acero 26 cm Orion Pro,Categoría: Hogar | Marca: Orion | Proveedor: Distribuidora Metropolitana,965.84,336,1,2024-05-25 00:00:00,2024-05-25 00:00:00
1357,DEP-01347,Tapete de Yoga Antideslizante Orion Prime,Categoría: Deportes | Marca: Orion | Proveedor: Distribuidora Bajío,1957.32,37,1,2026-07-09 00:00:00,2026-07-09 00:00:00
1358,HOG-01348,Sartén Antiadherente 28 cm Kairo Max,Categoría: Hogar | Marca: Kairo | Proveedor: Distribuidora Pacífico,879.20,230,1,2025-08-04 00:00:00,2025-08-04 00:00:00
1359,ELE-01349,Teclado Inalámbrico Kairo Essential,Categoría: Electrónica | Marca: Kairo | Proveedor: Distribuidora Metropolitana,889.42,189,1,2025-12-31 00:00:00,2025-12-31 00:00:00
1360,ALI-01350,Cereal de Avena 500 g Kairo Max,Categoría: Alimentos | Marca: Kairo | Proveedor: Distribuidora Pacífico,576.92,344,1,2024-06-07 00:00:00,2024-06-07 00:00:00
1361,ALI-01351,Cereal Integral 500 g Kairo Eco,Categoría: Alimentos | Marca: Kairo | Proveedor: Distribuidora Central,224.15,116,1,2026-05-21 00:00:00,2026-05-21 00:00:00
1362,OFI-01352,Mochila para Laptop 15.6 Terra Prime,Categoría: Oficina | Marca: Terra | Proveedor: Distribuidora Hidalgo,4335.88,264,1,2025-05-03 00:00:00,2025-05-03 00:00:00
1363,HOG-01353,Sartén de Acero 26 cm Vitta Advance,Categoría: Hogar | Marca: Vitta | Proveedor: Distribuidora Metropolitana,2142.32,160,1,2025-01-22 00:00:00,2025-01-22 00:00:00
1364,DEP-01354,Tapete de Yoga con Correa Nexo Max,Categoría: Deportes | Marca: Nexo | Proveedor: Distribuidora del Norte,2699.66,7,1,2024-12-16 00:00:00,2024-12-16 00:00:00
1365,HOG-01355,Organizador de Escritorio Terra Advance,Categoría: Hogar | Marca: Terra | Proveedor: Distribuidora Nova,1961.79,61,1,2024-12-31 00:00:00,2024-12-31 00:00:00
1366,CUI-01356,Shampoo Reparador 700 ml Brava Select,Categoría: Cuidado personal | Marca: Brava | Proveedor: Distribuidora Hidalgo,1046.25,16,1,2025-10-03 00:00:00,2025-10-03 00:00:00
1367,OFI-01357,Memoria USB 32 GB Terra Lite,Categoría: Oficina | Marca: Terra | Proveedor: Distribuidora del Norte,5770.32,275,1,2026-03-28 00:00:00,2026-03-28 00:00:00
1368,CUI-01358,Secadora Iónica Brava Classic,Categoría: Cuidado personal | Marca: Brava | Proveedor: Distribuidora Nova,2240.68,93,1,2024-08-21 00:00:00,2024-08-21 00:00:00
1369,DEP-01359,Tapete de Yoga 6 mm Terra Lite,Categoría: Deportes | Marca: Terra | Proveedor: Distribuidora del Norte,896.46,97,1,2026-07-16 00:00:00,2026-07-16 00:00:00
1370,CUI-01360,Cepillo Dental Suave Aurea Select,Categoría: Cuidado personal | Marca: Aurea | Proveedor: Distribuidora Bajío,716.81,297,1,2025-04-20 00:00:00,2025-04-20 00:00:00
1371,ELE-01361,Mouse Inalámbrico Aurea Max,Categoría: Electrónica | Marca: Aurea | Proveedor: Distribuidora Bajío,538.96,42,1,2024-07-21 00:00:00,2024-07-21 00:00:00
1372,CUI-01362,Crema Corporal Nutritiva 400 ml Nativa Classic,Categoría: Cuidado personal | Marca: Nativa | Proveedor: Distribuidora Hidalgo,1612.93,297,1,2026-05-31 00:00:00,2026-05-31 00:00:00
1373,ALI-01363,Aceite Vegetal 1 L Aurea Advance,Categoría: Alimentos | Marca: Aurea | Proveedor: Distribuidora Bajío,648.66,314,1,2024-01-01 00:00:00,2024-01-01 00:00:00
1374,DEP-01364,Guantes Deportivos Nativa Pro,Categoría: Deportes | Marca: Nativa | Proveedor: Distribuidora Pacífico,1045.34,247,1,2026-09-01 00:00:00,2026-09-01 00:00:00
1375,OFI-01365,Memoria USB 64 GB Marea Classic,Categoría: Oficina | Marca: Marea | Proveedor: Distribuidora Pacífico,4077.65,257,1,2025-10-02 00:00:00,2025-10-02 00:00:00
1376,HOG-01366,Juego de Toallas Algodón Marea Lite,Categoría: Hogar | Marca: Marea | Proveedor: Distribuidora Mexicana,1217.63,83,1,2024-03-08 00:00:00,2024-03-08 00:00:00
1377,ALI-01367,Pasta Spaghetti 500 g Cobalto Prime,Categoría: Alimentos | Marca: Cobalto | Proveedor: Distribuidora Mexicana,518.72,275,1,2024-07-17 00:00:00,2024-07-17 00:00:00
1378,HOG-01368,Organizador Multiusos Kairo Prime,Categoría: Hogar | Marca: Kairo | Proveedor: Distribuidora del Norte,1933.74,241,1,2025-12-02 00:00:00,2025-12-02 00:00:00
1379,CUI-01369,Crema Corporal Nutritiva 400 ml Vitta Prime,Categoría: Cuidado personal | Marca: Vitta | Proveedor: Distribuidora Mexicana,475.69,202,1,2026-05-22 00:00:00,2026-05-22 00:00:00
1380,ALI-01370,Cereal con Frutos 450 g Nativa Advance,Categoría: Alimentos | Marca: Nativa | Proveedor: Distribuidora Nova,635.49,137,1,2026-08-13 00:00:00,2026-08-13 00:00:00
1381,OFI-01371,Calculadora de Escritorio Kairo Prime,Categoría: Oficina | Marca: Kairo | Proveedor: Distribuidora Bajío,4369.10,161,1,2024-11-11 00:00:00,2024-11-11 00:00:00
1382,DEP-01372,Balón de Fútbol Zenit Essential,Categoría: Deportes | Marca: Zenit | Proveedor: Distribuidora Mexicana,2907.86,181,1,2025-04-12 00:00:00,2025-04-12 00:00:00
1383,ELE-01373,Webcam 2K Aurea Classic,Categoría: Electrónica | Marca: Aurea | Proveedor: Distribuidora Central,1136.57,191,1,2024-11-25 00:00:00,2024-11-25 00:00:00
1384,DEP-01374,Mancuerna 10 kg Aurea Advance,Categoría: Deportes | Marca: Aurea | Proveedor: Distribuidora del Norte,1552.57,140,1,2024-03-17 00:00:00,2024-03-17 00:00:00
1385,OFI-01375,Silla con Soporte Lumbar Altura Eco,Categoría: Oficina | Marca: Altura | Proveedor: Distribuidora Nova,4137.04,249,1,2024-10-13 00:00:00,2024-10-13 00:00:00
1386,CUI-01376,Rasuradora Recargable Orion Essential,Categoría: Cuidado personal | Marca: Orion | Proveedor: Distribuidora Metropolitana,1806.54,141,1,2025-03-24 00:00:00,2025-03-24 00:00:00
1387,ELE-01377,Bocina Portátil Lumina Prime,Categoría: Electrónica | Marca: Lumina | Proveedor: Distribuidora Mexicana,3422.55,211,1,2026-06-13 00:00:00,2026-06-13 00:00:00
1388,OFI-01378,Memoria USB 64 GB Lumina Max,Categoría: Oficina | Marca: Lumina | Proveedor: Distribuidora Pacífico,1497.53,293,1,2025-07-24 00:00:00,2025-07-24 00:00:00
1389,OFI-01379,Cuaderno de Notas Lumina Prime,Categoría: Oficina | Marca: Lumina | Proveedor: Distribuidora Bajío,5743.74,184,1,2026-02-04 00:00:00,2026-02-04 00:00:00
1390,HOG-01380,Sartén Antiadherente 28 cm Brava Max,Categoría: Hogar | Marca: Brava | Proveedor: Distribuidora Pacífico,955.53,101,1,2024-09-18 00:00:00,2024-09-18 00:00:00
1391,ELE-01381,Teclado Mecánico Urban Eco,Categoría: Electrónica | Marca: Urban | Proveedor: Distribuidora Central,1476.63,249,1,2026-05-01 00:00:00,2026-05-01 00:00:00
1392,CUI-01382,Cepillo Dental Suave Urban Essential,Categoría: Cuidado personal | Marca: Urban | Proveedor: Distribuidora Bajío,2688.26,167,1,2024-10-16 00:00:00,2024-10-16 00:00:00
1393,ALI-01383,Café Molido 500 g Lumina Lite,Categoría: Alimentos | Marca: Lumina | Proveedor: Distribuidora Mexicana,629.18,272,1,2026-03-28 00:00:00,2026-03-28 00:00:00
1394,ELE-01384,Cargador Doble Puerto Aurea Plus,Categoría: Electrónica | Marca: Aurea | Proveedor: Distribuidora Pacífico,2718.84,220,1,2025-04-21 00:00:00,2025-04-21 00:00:00
1395,ALI-01385,Cereal de Avena 500 g Marea Plus,Categoría: Alimentos | Marca: Marea | Proveedor: Distribuidora Metropolitana,165.62,294,1,2025-04-09 00:00:00,2025-04-09 00:00:00
1396,ALI-01386,Aceite de Oliva 500 ml Zenit Advance,Categoría: Alimentos | Marca: Zenit | Proveedor: Distribuidora Hidalgo,252.41,319,0,2024-01-20 00:00:00,2024-01-20 00:00:00
1397,OFI-01387,Silla Ejecutiva Terra Select,Categoría: Oficina | Marca: Terra | Proveedor: Distribuidora Bajío,3520.22,167,1,2025-10-31 00:00:00,2025-10-31 00:00:00
1398,CUI-01388,Cepillo Dental Medio Aurea Pro,Categoría: Cuidado personal | Marca: Aurea | Proveedor: Distribuidora del Norte,612.72,92,1,2024-01-27 00:00:00,2024-01-27 00:00:00
1399,ELE-01389,Teclado Compacto Lumina Prime,Categoría: Electrónica | Marca: Lumina | Proveedor: Distribuidora Nova,3065.36,117,1,2024-07-25 00:00:00,2024-07-25 00:00:00
1400,DEP-01390,Mancuerna 10 kg Aurea Prime,Categoría: Deportes | Marca: Aurea | Proveedor: Distribuidora del Norte,168.43,225,1,2026-05-04 00:00:00,2026-05-04 00:00:00
1401,ELE-01391,Bocina Portátil Zenit Essential,Categoría: Electrónica | Marca: Zenit | Proveedor: Distribuidora Nova,1645.82,204,1,2024-07-29 00:00:00,2024-07-29 00:00:00
1402,CUI-01392,Shampoo Hidratante 750 ml Nexo Lite,Categoría: Cuidado personal | Marca: Nexo | Proveedor: Distribuidora del Norte,2560.18,264,1,2024-06-15 00:00:00,2024-06-15 00:00:00
1403,ELE-01393,Bocina Inteligente Marea Eco,Categoría: Electrónica | Marca: Marea | Proveedor: Distribuidora Metropolitana,788.79,46,1,2025-05-04 00:00:00,2025-05-04 00:00:00
1404,ELE-01394,Bocina Bluetooth Nova Eco,Categoría: Electrónica | Marca: Nova | Proveedor: Distribuidora del Norte,2840.43,204,1,2024-12-29 00:00:00,2024-12-29 00:00:00
1405,OFI-01395,Cuaderno Cuadriculado Kairo Select,Categoría: Oficina | Marca: Kairo | Proveedor: Distribuidora Hidalgo,5997.25,43,1,2026-06-15 00:00:00,2026-06-15 00:00:00
1406,OFI-01396,Calculadora Científica Vitta Select,Categoría: Oficina | Marca: Vitta | Proveedor: Distribuidora Mexicana,1092.77,4,1,2025-06-15 00:00:00,2025-06-15 00:00:00
1407,ALI-01397,Aceite de Oliva 500 ml Altura Advance,Categoría: Alimentos | Marca: Altura | Proveedor: Distribuidora Pacífico,646.04,338,1,2025-01-15 00:00:00,2025-01-15 00:00:00
1408,HOG-01398,Juego de Toallas 4 Piezas Nexo Lite,Categoría: Hogar | Marca: Nexo | Proveedor: Distribuidora Mexicana,2415.03,342,1,2025-01-08 00:00:00,2025-01-08 00:00:00
1409,ELE-01399,Teclado Mecánico Nativa Select,Categoría: Electrónica | Marca: Nativa | Proveedor: Distribuidora Metropolitana,1174.32,320,1,2026-07-19 00:00:00,2026-07-19 00:00:00
1410,CUI-01400,Cepillo Dental Suave Nova Prime,Categoría: Cuidado personal | Marca: Nova | Proveedor: Distribuidora Central,123.48,240,1,2026-01-22 00:00:00,2026-01-22 00:00:00
1411,DEP-01401,Botella Deportiva Térmica Nexo Pro,Categoría: Deportes | Marca: Nexo | Proveedor: Distribuidora Nova,380.34,178,1,2024-04-04 00:00:00,2024-04-04 00:00:00
1412,ELE-01402,Audífonos con Micrófono Cobalto Eco,Categoría: Electrónica | Marca: Cobalto | Proveedor: Distribuidora Bajío,3017.07,274,1,2024-05-17 00:00:00,2024-05-17 00:00:00
1413,ALI-01403,Café Americano 500 g Nativa Max,Categoría: Alimentos | Marca: Nativa | Proveedor: Distribuidora Mexicana,721.25,131,1,2024-11-26 00:00:00,2024-11-26 00:00:00
1414,OFI-01404,Memoria USB 32 GB Nativa Max,Categoría: Oficina | Marca: Nativa | Proveedor: Distribuidora Nova,4500.36,292,1,2024-05-08 00:00:00,2024-05-08 00:00:00
1415,HOG-01405,Organizador de Escritorio Lumina Plus,Categoría: Hogar | Marca: Lumina | Proveedor: Distribuidora del Norte,1814.79,144,1,2024-09-12 00:00:00,2024-09-12 00:00:00
1416,HOG-01406,Sartén Antiadherente 28 cm Cobalto Advance,Categoría: Hogar | Marca: Cobalto | Proveedor: Distribuidora Pacífico,1337.20,295,1,2026-02-17 00:00:00,2026-02-17 00:00:00
1417,OFI-01407,Silla de Oficina Vitta Advance,Categoría: Oficina | Marca: Vitta | Proveedor: Distribuidora Hidalgo,4426.95,17,0,2025-10-09 00:00:00,2025-10-09 00:00:00
1418,HOG-01408,Organizador de Cocina Vitta Essential,Categoría: Hogar | Marca: Vitta | Proveedor: Distribuidora Mexicana,2100.62,121,1,2025-02-10 00:00:00,2025-02-10 00:00:00
1419,CUI-01409,Rasuradora de Precisión Prisma Select,Categoría: Cuidado personal | Marca: Prisma | Proveedor: Distribuidora Hidalgo,1776.48,295,1,2025-04-07 00:00:00,2025-04-07 00:00:00
1420,DEP-01410,Guantes Deportivos Cobalto Plus,Categoría: Deportes | Marca: Cobalto | Proveedor: Distribuidora Metropolitana,2256.83,335,1,2024-12-11 00:00:00,2024-12-11 00:00:00
1421,HOG-01411,Sartén Antiadherente 28 cm Nativa Lite,Categoría: Hogar | Marca: Nativa | Proveedor: Distribuidora Metropolitana,1183.28,49,1,2026-02-20 00:00:00,2026-02-20 00:00:00
1422,ELE-01412,Mouse Óptico Nova Lite,Categoría: Electrónica | Marca: Nova | Proveedor: Distribuidora Bajío,571.86,116,1,2026-04-29 00:00:00,2026-04-29 00:00:00
1423,CUI-01413,Cepillo Dental Medio Prisma Classic,Categoría: Cuidado personal | Marca: Prisma | Proveedor: Distribuidora del Norte,1291.36,283,1,2026-06-06 00:00:00,2026-06-06 00:00:00
1424,HOG-01414,Juego de Toallas 4 Piezas Vitta Select,Categoría: Hogar | Marca: Vitta | Proveedor: Distribuidora Metropolitana,1956.71,101,1,2025-06-22 00:00:00,2025-06-22 00:00:00
1425,HOG-01415,Termo 500 ml Prisma Lite,Categoría: Hogar | Marca: Prisma | Proveedor: Distribuidora Mexicana,636.62,271,1,2025-01-18 00:00:00,2025-01-18 00:00:00
1426,ALI-01416,Cereal de Avena 500 g Brava Pro,Categoría: Alimentos | Marca: Brava | Proveedor: Distribuidora Hidalgo,443.60,312,1,2026-05-28 00:00:00,2026-05-28 00:00:00
1427,ELE-01417,Bocina Inteligente Zenit Lite,Categoría: Electrónica | Marca: Zenit | Proveedor: Distribuidora Bajío,3405.23,243,1,2024-11-25 00:00:00,2024-11-25 00:00:00
1428,OFI-01418,Cuaderno Profesional Terra Lite,Categoría: Oficina | Marca: Terra | Proveedor: Distribuidora del Norte,4019.67,106,1,2024-03-01 00:00:00,2024-03-01 00:00:00
1429,HOG-01419,Organizador de Baño Nexo Select,Categoría: Hogar | Marca: Nexo | Proveedor: Distribuidora Hidalgo,1025.80,81,1,2025-02-04 00:00:00,2025-02-04 00:00:00
1430,HOG-01420,Sartén Antiadherente 24 cm Brava Classic,Categoría: Hogar | Marca: Brava | Proveedor: Distribuidora del Norte,418.87,205,1,2026-01-13 00:00:00,2026-01-13 00:00:00
1431,ALI-01421,Cereal Integral 500 g Cobalto Pro,Categoría: Alimentos | Marca: Cobalto | Proveedor: Distribuidora Central,545.31,167,1,2025-10-14 00:00:00,2025-10-14 00:00:00
1432,OFI-01422,Memoria USB 32 GB Nativa Select,Categoría: Oficina | Marca: Nativa | Proveedor: Distribuidora del Norte,3973.75,152,1,2025-07-08 00:00:00,2025-07-08 00:00:00
1433,DEP-01423,Tapete de Yoga 6 mm Marea Classic,Categoría: Deportes | Marca: Marea | Proveedor: Distribuidora Hidalgo,2852.01,20,1,2026-05-08 00:00:00,2026-05-08 00:00:00
1434,ELE-01424,Webcam Autofocus Urban Advance,Categoría: Electrónica | Marca: Urban | Proveedor: Distribuidora Pacífico,713.33,249,1,2024-08-18 00:00:00,2024-08-18 00:00:00
1435,ELE-01425,Webcam con Micrófono Brava Max,Categoría: Electrónica | Marca: Brava | Proveedor: Distribuidora Hidalgo,2951.98,221,1,2024-02-28 00:00:00,2024-02-28 00:00:00
1436,OFI-01426,Calculadora Básica Marea Eco,Categoría: Oficina | Marca: Marea | Proveedor: Distribuidora Metropolitana,4012.86,128,0,2024-03-26 00:00:00,2024-03-26 00:00:00
1437,ALI-01427,Aceite de Oliva 500 ml Nativa Select,Categoría: Alimentos | Marca: Nativa | Proveedor: Distribuidora Pacífico,482.50,340,1,2024-04-16 00:00:00,2024-04-16 00:00:00
1438,ALI-01428,Aceite Vegetal 1 L Zenit Advance,Categoría: Alimentos | Marca: Zenit | Proveedor: Distribuidora Hidalgo,426.68,341,1,2024-02-13 00:00:00,2024-02-13 00:00:00
1439,CUI-01429,Shampoo Reparador 700 ml Orion Plus,Categoría: Cuidado personal | Marca: Orion | Proveedor: Distribuidora Metropolitana,2707.37,122,1,2025-08-17 00:00:00,2025-08-17 00:00:00
1440,CUI-01430,Rasuradora de Precisión Altura Prime,Categoría: Cuidado personal | Marca: Altura | Proveedor: Distribuidora Bajío,1827.08,225,1,2025-08-10 00:00:00,2025-08-10 00:00:00
1441,ELE-01431,Bocina Resistente al Agua Nova Select,Categoría: Electrónica | Marca: Nova | Proveedor: Distribuidora Metropolitana,2048.22,12,1,2024-04-11 00:00:00,2024-04-11 00:00:00
1442,DEP-01432,Botella Deportiva Térmica Terra Prime,Categoría: Deportes | Marca: Terra | Proveedor: Distribuidora Metropolitana,2470.45,176,1,2024-09-11 00:00:00,2024-09-11 00:00:00
1443,ELE-01433,Mouse Óptico Terra Pro,Categoría: Electrónica | Marca: Terra | Proveedor: Distribuidora Metropolitana,850.43,280,1,2026-01-28 00:00:00,2026-01-28 00:00:00
1444,OFI-01434,Mochila Impermeable Lumina Prime,Categoría: Oficina | Marca: Lumina | Proveedor: Distribuidora Nova,2133.16,275,1,2024-11-20 00:00:00,2024-11-20 00:00:00
1445,ELE-01435,Webcam Full HD Zenit Prime,Categoría: Electrónica | Marca: Zenit | Proveedor: Distribuidora Mexicana,2232.03,327,1,2026-02-13 00:00:00,2026-02-13 00:00:00
1446,OFI-01436,Silla de Oficina Marea Max,Categoría: Oficina | Marca: Marea | Proveedor: Distribuidora Mexicana,5377.43,81,0,2024-11-26 00:00:00,2024-11-26 00:00:00
1447,HOG-01437,Termo de Acero Inoxidable Kairo Lite,Categoría: Hogar | Marca: Kairo | Proveedor: Distribuidora del Norte,1381.58,203,1,2024-07-22 00:00:00,2024-07-22 00:00:00
1448,ALI-01438,Galletas con Chocolate 300 g Zenit Classic,Categoría: Alimentos | Marca: Zenit | Proveedor: Distribuidora Metropolitana,137.82,174,1,2025-02-10 00:00:00,2025-02-10 00:00:00
1449,DEP-01439,Botella Deportiva con Popote Lumina Prime,Categoría: Deportes | Marca: Lumina | Proveedor: Distribuidora Central,2997.37,226,1,2024-09-08 00:00:00,2024-09-08 00:00:00
1450,ALI-01440,Pasta Spaghetti 500 g Nativa Select,Categoría: Alimentos | Marca: Nativa | Proveedor: Distribuidora Nova,669.93,112,1,2026-06-15 00:00:00,2026-06-15 00:00:00
1451,ALI-01441,Cereal Integral 500 g Nova Classic,Categoría: Alimentos | Marca: Nova | Proveedor: Distribuidora Bajío,213.61,10,1,2026-05-08 00:00:00,2026-05-08 00:00:00
1452,CUI-01442,Secadora Iónica Urban Pro,Categoría: Cuidado personal | Marca: Urban | Proveedor: Distribuidora Hidalgo,2380.13,297,1,2025-10-04 00:00:00,2025-10-04 00:00:00
1453,DEP-01443,Mancuerna Ajustable Terra Eco,Categoría: Deportes | Marca: Terra | Proveedor: Distribuidora Metropolitana,1166.36,120,1,2025-07-07 00:00:00,2025-07-07 00:00:00
1454,ALI-01444,Cereal con Frutos 450 g Brava Lite,Categoría: Alimentos | Marca: Brava | Proveedor: Distribuidora Bajío,473.11,49,1,2025-07-02 00:00:00,2025-07-02 00:00:00
1455,CUI-01445,Crema Corporal Nutritiva 400 ml Prisma Lite,Categoría: Cuidado personal | Marca: Prisma | Proveedor: Distribuidora Bajío,2306.25,114,1,2024-10-02 00:00:00,2024-10-02 00:00:00
1456,ELE-01446,Bocina Resistente al Agua Nativa Advance,Categoría: Electrónica | Marca: Nativa | Proveedor: Distribuidora Central,1610.22,87,1,2025-07-27 00:00:00,2025-07-27 00:00:00
1457,ALI-01447,Café Americano 500 g Nativa Pro,Categoría: Alimentos | Marca: Nativa | Proveedor: Distribuidora del Norte,74.36,181,1,2026-09-04 00:00:00,2026-09-04 00:00:00
1458,CUI-01448,Cepillo Dental Suave Nativa Eco,Categoría: Cuidado personal | Marca: Nativa | Proveedor: Distribuidora Hidalgo,1984.42,68,1,2024-08-08 00:00:00,2024-08-08 00:00:00
1459,OFI-01449,Memoria USB 128 GB Marea Select,Categoría: Oficina | Marca: Marea | Proveedor: Distribuidora Hidalgo,3433.63,260,1,2024-05-27 00:00:00,2024-05-27 00:00:00
1460,ALI-01450,Galletas Integrales 350 g Nova Advance,Categoría: Alimentos | Marca: Nova | Proveedor: Distribuidora del Norte,66.00,183,1,2026-03-04 00:00:00,2026-03-04 00:00:00
1461,CUI-01451,Shampoo Reparador 700 ml Urban Pro,Categoría: Cuidado personal | Marca: Urban | Proveedor: Distribuidora Mexicana,2062.46,127,1,2026-05-05 00:00:00,2026-05-05 00:00:00
1462,ALI-01452,Aceite Vegetal 1 L Orion Prime,Categoría: Alimentos | Marca: Orion | Proveedor: Distribuidora Hidalgo,93.97,206,1,2026-04-04 00:00:00,2026-04-04 00:00:00
1463,ALI-01453,Aceite de Oliva 500 ml Marea Pro,Categoría: Alimentos | Marca: Marea | Proveedor: Distribuidora Mexicana,99.20,181,1,2025-12-25 00:00:00,2025-12-25 00:00:00
1464,OFI-01454,Silla Ergonómica Nexo Classic,Categoría: Oficina | Marca: Nexo | Proveedor: Distribuidora Metropolitana,2429.12,116,1,2025-10-24 00:00:00,2025-10-24 00:00:00
1465,OFI-01455,Silla Ergonómica Terra Essential,Categoría: Oficina | Marca: Terra | Proveedor: Distribuidora Central,5279.15,31,1,2025-11-30 00:00:00,2025-11-30 00:00:00
1466,HOG-01456,Lámpara de Escritorio Nova Prime,Categoría: Hogar | Marca: Nova | Proveedor: Distribuidora Metropolitana,1010.10,14,1,2026-05-29 00:00:00,2026-05-29 00:00:00
1467,HOG-01457,Organizador de Baño Nexo Lite,Categoría: Hogar | Marca: Nexo | Proveedor: Distribuidora del Norte,607.46,176,1,2026-06-12 00:00:00,2026-06-12 00:00:00
1468,HOG-01458,Termo de Acero Inoxidable Nexo Max,Categoría: Hogar | Marca: Nexo | Proveedor: Distribuidora Mexicana,1788.41,90,1,2026-04-13 00:00:00,2026-04-13 00:00:00
1469,ELE-01459,Cargador USB-C 20W Orion Classic,Categoría: Electrónica | Marca: Orion | Proveedor: Distribuidora Metropolitana,3281.36,55,1,2025-11-30 00:00:00,2025-11-30 00:00:00
1470,CUI-01460,Crema Corporal Hidratante 400 ml Nativa Select,Categoría: Cuidado personal | Marca: Nativa | Proveedor: Distribuidora Metropolitana,1707.05,313,1,2026-08-18 00:00:00,2026-08-18 00:00:00
1471,ALI-01461,Galletas Integrales 350 g Cobalto Plus,Categoría: Alimentos | Marca: Cobalto | Proveedor: Distribuidora Metropolitana,542.58,33,1,2024-09-09 00:00:00,2024-09-09 00:00:00
1472,HOG-01462,Juego de Toallas 4 Piezas Zenit Essential,Categoría: Hogar | Marca: Zenit | Proveedor: Distribuidora del Norte,946.14,245,1,2026-05-18 00:00:00,2026-05-18 00:00:00
1473,ALI-01463,Pasta Fusilli 500 g Zenit Lite,Categoría: Alimentos | Marca: Zenit | Proveedor: Distribuidora Metropolitana,522.84,144,1,2024-05-18 00:00:00,2024-05-18 00:00:00
1474,HOG-01464,Sartén de Acero 26 cm Urban Eco,Categoría: Hogar | Marca: Urban | Proveedor: Distribuidora Bajío,1132.04,42,1,2024-01-25 00:00:00,2024-01-25 00:00:00
1475,OFI-01465,Memoria USB USB 3.2 Zenit Classic,Categoría: Oficina | Marca: Zenit | Proveedor: Distribuidora Central,3002.77,147,1,2025-06-24 00:00:00,2025-06-24 00:00:00
1476,HOG-01466,Lámpara de Noche Nexo Prime,Categoría: Hogar | Marca: Nexo | Proveedor: Distribuidora Central,1868.00,273,1,2024-02-18 00:00:00,2024-02-18 00:00:00
1477,DEP-01467,Tapete de Yoga Antideslizante Altura Eco,Categoría: Deportes | Marca: Altura | Proveedor: Distribuidora Mexicana,2238.15,268,1,2025-06-04 00:00:00,2025-06-04 00:00:00
1478,ALI-01468,Café en Grano 1 kg Orion Max,Categoría: Alimentos | Marca: Orion | Proveedor: Distribuidora Metropolitana,760.27,113,1,2024-03-15 00:00:00,2024-03-15 00:00:00
1479,DEP-01469,Tapete de Yoga 6 mm Altura Eco,Categoría: Deportes | Marca: Altura | Proveedor: Distribuidora Pacífico,688.55,59,1,2024-01-05 00:00:00,2024-01-05 00:00:00
1480,ALI-01470,Pasta Spaghetti 500 g Zenit Select,Categoría: Alimentos | Marca: Zenit | Proveedor: Distribuidora Central,312.76,205,1,2024-06-08 00:00:00,2024-06-08 00:00:00
1481,HOG-01471,Termo de Acero Inoxidable Urban Advance,Categoría: Hogar | Marca: Urban | Proveedor: Distribuidora Pacífico,1797.62,320,1,2024-07-28 00:00:00,2024-07-28 00:00:00
1482,ALI-01472,Pasta Penne 500 g Nova Eco,Categoría: Alimentos | Marca: Nova | Proveedor: Distribuidora Pacífico,662.43,193,1,2026-05-12 00:00:00,2026-05-12 00:00:00
1483,DEP-01473,Mancuerna 5 kg Zenit Essential,Categoría: Deportes | Marca: Zenit | Proveedor: Distribuidora Mexicana,2114.37,229,1,2025-11-09 00:00:00,2025-11-09 00:00:00
1484,ELE-01474,Webcam Full HD Orion Pro,Categoría: Electrónica | Marca: Orion | Proveedor: Distribuidora del Norte,3171.43,250,1,2024-07-06 00:00:00,2024-07-06 00:00:00
1485,HOG-01475,Sartén de Acero 26 cm Zenit Classic,Categoría: Hogar | Marca: Zenit | Proveedor: Distribuidora Pacífico,1376.75,145,1,2024-04-21 00:00:00,2024-04-21 00:00:00
1486,DEP-01476,Tapete de Yoga 6 mm Nativa Select,Categoría: Deportes | Marca: Nativa | Proveedor: Distribuidora Bajío,458.90,18,1,2025-05-05 00:00:00,2025-05-05 00:00:00
1487,HOG-01477,Lámpara Minimalista Nexo Plus,Categoría: Hogar | Marca: Nexo | Proveedor: Distribuidora Nova,1924.35,34,1,2025-03-22 00:00:00,2025-03-22 00:00:00
1488,DEP-01478,Tapete de Yoga con Correa Altura Lite,Categoría: Deportes | Marca: Altura | Proveedor: Distribuidora Nova,2320.36,96,1,2026-01-12 00:00:00,2026-01-12 00:00:00
1489,CUI-01479,Shampoo Hidratante 750 ml Marea Classic,Categoría: Cuidado personal | Marca: Marea | Proveedor: Distribuidora Bajío,2583.75,179,1,2024-07-24 00:00:00,2024-07-24 00:00:00
1490,ELE-01480,Bocina Resistente al Agua Vitta Classic,Categoría: Electrónica | Marca: Vitta | Proveedor: Distribuidora Mexicana,1842.74,115,1,2025-10-04 00:00:00,2025-10-04 00:00:00
1491,ALI-01481,Aceite de Oliva 500 ml Cobalto Plus,Categoría: Alimentos | Marca: Cobalto | Proveedor: Distribuidora Pacífico,677.81,308,1,2025-07-24 00:00:00,2025-07-24 00:00:00
1492,CUI-01482,Cepillo Dental Suave Orion Plus,Categoría: Cuidado personal | Marca: Orion | Proveedor: Distribuidora Central,1173.93,273,1,2025-09-25 00:00:00,2025-09-25 00:00:00
1493,ALI-01483,Pasta Penne 500 g Altura Pro,Categoría: Alimentos | Marca: Altura | Proveedor: Distribuidora Nova,722.78,350,1,2024-01-07 00:00:00,2024-01-07 00:00:00
1494,CUI-01484,Shampoo Anticaspa 650 ml Orion Select,Categoría: Cuidado personal | Marca: Orion | Proveedor: Distribuidora del Norte,2144.03,18,1,2024-01-21 00:00:00,2024-01-21 00:00:00
1495,DEP-01485,Guantes con Muñequera Kairo Advance,Categoría: Deportes | Marca: Kairo | Proveedor: Distribuidora Bajío,1214.49,121,1,2025-09-19 00:00:00,2025-09-19 00:00:00
1496,ALI-01486,Aceite de Aguacate 500 ml Vitta Max,Categoría: Alimentos | Marca: Vitta | Proveedor: Distribuidora Nova,440.22,184,1,2024-05-27 00:00:00,2024-05-27 00:00:00
1497,ALI-01487,Cereal con Frutos 450 g Terra Pro,Categoría: Alimentos | Marca: Terra | Proveedor: Distribuidora Hidalgo,309.89,10,1,2026-04-04 00:00:00,2026-04-04 00:00:00
1498,ELE-01488,Bocina Resistente al Agua Brava Eco,Categoría: Electrónica | Marca: Brava | Proveedor: Distribuidora Metropolitana,567.83,320,1,2024-08-01 00:00:00,2024-08-01 00:00:00
1499,DEP-01489,Balón Entrenamiento Cobalto Max,Categoría: Deportes | Marca: Cobalto | Proveedor: Distribuidora Metropolitana,2860.41,237,1,2024-12-11 00:00:00,2024-12-11 00:00:00
1500,DEP-01490,Tapete de Yoga 8 mm Brava Select,Categoría: Deportes | Marca: Brava | Proveedor: Distribuidora Nova,2162.64,291,1,2026-08-28 00:00:00,2026-08-28 00:00:00
1501,ALI-01491,Galletas Integrales 350 g Cobalto Lite,Categoría: Alimentos | Marca: Cobalto | Proveedor: Distribuidora Metropolitana,692.53,209,1,2025-10-21 00:00:00,2025-10-21 00:00:00
1502,DEP-01492,Tapete de Yoga con Correa Orion Lite,Categoría: Deportes | Marca: Orion | Proveedor: Distribuidora Hidalgo,1987.01,153,1,2024-02-22 00:00:00,2024-02-22 00:00:00
1503,OFI-01493,Memoria USB 64 GB Zenit Lite,Categoría: Oficina | Marca: Zenit | Proveedor: Distribuidora Central,2610.16,226,1,2025-12-11 00:00:00,2025-12-11 00:00:00
1504,CUI-01494,Crema Corporal con Aloe 500 ml Vitta Eco,Categoría: Cuidado personal | Marca: Vitta | Proveedor: Distribuidora Mexicana,1628.74,101,1,2025-02-25 00:00:00,2025-02-25 00:00:00
1505,HOG-01495,Organizador de Baño Marea Advance,Categoría: Hogar | Marca: Marea | Proveedor: Distribuidora Central,2336.91,313,1,2025-11-23 00:00:00,2025-11-23 00:00:00
1506,ELE-01496,Audífonos Bluetooth Nova Essential,Categoría: Electrónica | Marca: Nova | Proveedor: Distribuidora Metropolitana,1259.55,46,1,2026-08-11 00:00:00,2026-08-11 00:00:00
1507,HOG-01497,Organizador de Escritorio Kairo Plus,Categoría: Hogar | Marca: Kairo | Proveedor: Distribuidora Bajío,957.31,161,1,2025-05-01 00:00:00,2025-05-01 00:00:00
1508,HOG-01498,Sartén Antiadherente 28 cm Orion Lite,Categoría: Hogar | Marca: Orion | Proveedor: Distribuidora Mexicana,465.75,77,1,2025-03-01 00:00:00,2025-03-01 00:00:00
1509,CUI-01499,Rasuradora 3 Cabezas Nativa Classic,Categoría: Cuidado personal | Marca: Nativa | Proveedor: Distribuidora del Norte,1945.16,127,1,2025-11-10 00:00:00,2025-11-10 00:00:00
1510,DEP-01500,Botella Deportiva 750 ml Vitta Eco,Categoría: Deportes | Marca: Vitta | Proveedor: Distribuidora Mexicana,1464.89,244,0,2026-02-24 00:00:00,2026-02-24 00:00:00
1511,ALI-01501,Pasta Penne 500 g Nexo Max,Categoría: Alimentos | Marca: Nexo | Proveedor: Distribuidora Metropolitana,716.95,251,1,2026-06-25 00:00:00,2026-06-25 00:00:00
1512,ELE-01502,Mouse Inalámbrico Nexo Pro,Categoría: Electrónica | Marca: Nexo | Proveedor: Distribuidora Hidalgo,2239.50,346,1,2026-07-27 00:00:00,2026-07-27 00:00:00
1513,ALI-01503,Cereal de Avena 500 g Marea Classic,Categoría: Alimentos | Marca: Marea | Proveedor: Distribuidora Metropolitana,575.63,42,1,2025-09-09 00:00:00,2025-09-09 00:00:00
1514,DEP-01504,Botella Deportiva Térmica Nexo Prime,Categoría: Deportes | Marca: Nexo | Proveedor: Distribuidora Pacífico,2566.15,98,1,2025-06-16 00:00:00,2025-06-16 00:00:00
1515,ELE-01505,Bocina Inteligente Nexo Essential,Categoría: Electrónica | Marca: Nexo | Proveedor: Distribuidora Pacífico,2324.51,156,1,2025-04-04 00:00:00,2025-04-04 00:00:00
1516,OFI-01506,Cuaderno Pasta Dura Cobalto Plus,Categoría: Oficina | Marca: Cobalto | Proveedor: Distribuidora Mexicana,2020.53,16,1,2026-06-11 00:00:00,2026-06-11 00:00:00
1517,CUI-01507,Shampoo Reparador 700 ml Nova Classic,Categoría: Cuidado personal | Marca: Nova | Proveedor: Distribuidora Hidalgo,1093.37,240,0,2025-02-01 00:00:00,2025-02-01 00:00:00
1518,ALI-01508,Pasta Fusilli 500 g Zenit Prime,Categoría: Alimentos | Marca: Zenit | Proveedor: Distribuidora Hidalgo,308.90,262,1,2025-02-20 00:00:00,2025-02-20 00:00:00
1519,HOG-01509,Sartén de Acero 26 cm Terra Lite,Categoría: Hogar | Marca: Terra | Proveedor: Distribuidora Pacífico,545.83,144,1,2024-03-26 00:00:00,2024-03-26 00:00:00
1520,ALI-01510,Café Americano 500 g Orion Essential,Categoría: Alimentos | Marca: Orion | Proveedor: Distribuidora Nova,652.52,54,1,2024-03-17 00:00:00,2024-03-17 00:00:00
1521,ELE-01511,Teclado Inalámbrico Lumina Plus,Categoría: Electrónica | Marca: Lumina | Proveedor: Distribuidora Metropolitana,181.31,6,1,2026-06-10 00:00:00,2026-06-10 00:00:00
1522,ELE-01512,Teclado RGB Marea Plus,Categoría: Electrónica | Marca: Marea | Proveedor: Distribuidora Mexicana,2201.09,28,1,2024-07-23 00:00:00,2024-07-23 00:00:00
1523,ELE-01513,Teclado Mecánico Lumina Essential,Categoría: Electrónica | Marca: Lumina | Proveedor: Distribuidora Nova,1599.45,119,1,2024-02-21 00:00:00,2024-02-21 00:00:00
1524,DEP-01514,Mancuerna 10 kg Nativa Select,Categoría: Deportes | Marca: Nativa | Proveedor: Distribuidora Mexicana,2149.97,253,1,2025-04-25 00:00:00,2025-04-25 00:00:00
1525,ALI-01515,Galletas de Avena 300 g Cobalto Pro,Categoría: Alimentos | Marca: Cobalto | Proveedor: Distribuidora Mexicana,417.87,40,1,2024-07-21 00:00:00,2024-07-21 00:00:00
1526,CUI-01516,Secadora Iónica Orion Plus,Categoría: Cuidado personal | Marca: Orion | Proveedor: Distribuidora Nova,563.30,164,1,2024-06-15 00:00:00,2024-06-15 00:00:00
1527,CUI-01517,Cepillo Dental Eléctrico Kairo Select,Categoría: Cuidado personal | Marca: Kairo | Proveedor: Distribuidora Nova,1219.65,176,0,2025-06-27 00:00:00,2025-06-27 00:00:00
1528,ALI-01518,Pasta Penne 500 g Nexo Plus,Categoría: Alimentos | Marca: Nexo | Proveedor: Distribuidora Metropolitana,72.69,252,1,2026-07-13 00:00:00,2026-07-13 00:00:00
1529,CUI-01519,Rasuradora Recargable Cobalto Essential,Categoría: Cuidado personal | Marca: Cobalto | Proveedor: Distribuidora del Norte,2736.12,345,1,2024-11-22 00:00:00,2024-11-22 00:00:00
1530,OFI-01520,Memoria USB 32 GB Terra Prime,Categoría: Oficina | Marca: Terra | Proveedor: Distribuidora Metropolitana,2723.49,245,1,2025-05-26 00:00:00,2025-05-26 00:00:00
1531,DEP-01521,Mancuerna 10 kg Brava Advance,Categoría: Deportes | Marca: Brava | Proveedor: Distribuidora Hidalgo,585.31,180,1,2025-04-21 00:00:00,2025-04-21 00:00:00
1532,OFI-01522,Silla con Soporte Lumbar Cobalto Max,Categoría: Oficina | Marca: Cobalto | Proveedor: Distribuidora Hidalgo,945.61,197,0,2026-08-30 00:00:00,2026-08-30 00:00:00
1533,HOG-01523,Sartén Antiadherente 28 cm Vitta Eco,Categoría: Hogar | Marca: Vitta | Proveedor: Distribuidora Mexicana,964.02,222,1,2024-06-03 00:00:00,2024-06-03 00:00:00
1534,HOG-01524,Organizador de Cocina Nova Eco,Categoría: Hogar | Marca: Nova | Proveedor: Distribuidora Metropolitana,1221.94,138,0,2024-07-21 00:00:00,2024-07-21 00:00:00
1535,DEP-01525,Tapete de Yoga Antideslizante Terra Select,Categoría: Deportes | Marca: Terra | Proveedor: Distribuidora Bajío,641.74,310,1,2025-03-19 00:00:00,2025-03-19 00:00:00
1536,HOG-01526,Juego de Toallas Algodón Prisma Plus,Categoría: Hogar | Marca: Prisma | Proveedor: Distribuidora Bajío,240.91,165,1,2025-09-14 00:00:00,2025-09-14 00:00:00
1537,HOG-01527,Termo Térmico Aurea Eco,Categoría: Hogar | Marca: Aurea | Proveedor: Distribuidora Mexicana,1266.03,157,1,2024-12-12 00:00:00,2024-12-12 00:00:00
1538,ALI-01528,Galletas Integrales 350 g Orion Advance,Categoría: Alimentos | Marca: Orion | Proveedor: Distribuidora Metropolitana,125.18,144,1,2026-01-12 00:00:00,2026-01-12 00:00:00
1539,ALI-01529,Cereal con Frutos 450 g Nativa Plus,Categoría: Alimentos | Marca: Nativa | Proveedor: Distribuidora Hidalgo,38.71,189,1,2024-09-09 00:00:00,2024-09-09 00:00:00
1540,OFI-01530,Mochila Antirrobo Nativa Classic,Categoría: Oficina | Marca: Nativa | Proveedor: Distribuidora Metropolitana,3344.99,295,1,2025-12-16 00:00:00,2025-12-16 00:00:00
1541,HOG-01531,Sartén de Acero 26 cm Brava Advance,Categoría: Hogar | Marca: Brava | Proveedor: Distribuidora Bajío,1553.72,127,1,2025-07-30 00:00:00,2025-07-30 00:00:00
1542,ELE-01532,Mouse Inalámbrico Zenit Pro,Categoría: Electrónica | Marca: Zenit | Proveedor: Distribuidora Bajío,2238.08,41,1,2025-04-18 00:00:00,2025-04-18 00:00:00
1543,ALI-01533,Pasta Spaghetti 500 g Cobalto Eco,Categoría: Alimentos | Marca: Cobalto | Proveedor: Distribuidora Mexicana,626.73,141,1,2025-01-07 00:00:00,2025-01-07 00:00:00
1544,ELE-01534,Bocina Portátil Brava Essential,Categoría: Electrónica | Marca: Brava | Proveedor: Distribuidora Bajío,1245.17,317,1,2025-07-29 00:00:00,2025-07-29 00:00:00
1545,OFI-01535,Calculadora Financiera Marea Advance,Categoría: Oficina | Marca: Marea | Proveedor: Distribuidora Nova,5302.49,102,1,2026-09-07 00:00:00,2026-09-07 00:00:00
1546,CUI-01536,Shampoo Anticaspa 650 ml Altura Select,Categoría: Cuidado personal | Marca: Altura | Proveedor: Distribuidora Pacífico,1486.73,258,1,2024-09-11 00:00:00,2024-09-11 00:00:00
1547,DEP-01537,Botella Deportiva con Popote Terra Select,Categoría: Deportes | Marca: Terra | Proveedor: Distribuidora Central,508.21,12,1,2025-10-29 00:00:00,2025-10-29 00:00:00
1548,DEP-01538,Botella Deportiva con Popote Cobalto Pro,Categoría: Deportes | Marca: Cobalto | Proveedor: Distribuidora Mexicana,1388.85,195,1,2025-08-31 00:00:00,2025-08-31 00:00:00
1549,OFI-01539,Cuaderno Pasta Dura Cobalto Classic,Categoría: Oficina | Marca: Cobalto | Proveedor: Distribuidora Bajío,1214.56,310,1,2024-10-18 00:00:00,2024-10-18 00:00:00
1550,HOG-01540,Sartén Antiadherente 24 cm Orion Essential,Categoría: Hogar | Marca: Orion | Proveedor: Distribuidora Bajío,2178.93,282,1,2025-01-12 00:00:00,2025-01-12 00:00:00
1551,ALI-01541,Aceite Vegetal 1 L Nova Eco,Categoría: Alimentos | Marca: Nova | Proveedor: Distribuidora Mexicana,525.26,202,1,2024-11-30 00:00:00,2024-11-30 00:00:00
1552,ELE-01542,Webcam con Micrófono Marea Advance,Categoría: Electrónica | Marca: Marea | Proveedor: Distribuidora Central,2683.25,20,1,2026-01-10 00:00:00,2026-01-10 00:00:00
1553,HOG-01543,Juego de Toallas Algodón Lumina Pro,Categoría: Hogar | Marca: Lumina | Proveedor: Distribuidora Mexicana,445.80,267,1,2026-08-20 00:00:00,2026-08-20 00:00:00
1554,ELE-01544,Mouse Gaming Marea Plus,Categoría: Electrónica | Marca: Marea | Proveedor: Distribuidora Bajío,1531.35,35,1,2025-02-14 00:00:00,2025-02-14 00:00:00
1555,CUI-01545,Rasuradora de Precisión Vitta Lite,Categoría: Cuidado personal | Marca: Vitta | Proveedor: Distribuidora Bajío,2311.12,106,1,2024-06-11 00:00:00,2024-06-11 00:00:00
1556,OFI-01546,Mochila Ejecutiva Altura Lite,Categoría: Oficina | Marca: Altura | Proveedor: Distribuidora Nova,179.48,329,0,2025-05-05 00:00:00,2025-05-05 00:00:00
1557,HOG-01547,Organizador de Escritorio Vitta Lite,Categoría: Hogar | Marca: Vitta | Proveedor: Distribuidora Hidalgo,852.09,198,1,2024-01-20 00:00:00,2024-01-20 00:00:00
1558,OFI-01548,Silla Ergonómica Urban Lite,Categoría: Oficina | Marca: Urban | Proveedor: Distribuidora Central,440.32,102,1,2024-08-01 00:00:00,2024-08-01 00:00:00
1559,DEP-01549,Botella Deportiva con Popote Lumina Advance,Categoría: Deportes | Marca: Lumina | Proveedor: Distribuidora Mexicana,2654.59,260,1,2025-02-10 00:00:00,2025-02-10 00:00:00
1560,CUI-01550,Shampoo Reparador 700 ml Kairo Classic,Categoría: Cuidado personal | Marca: Kairo | Proveedor: Distribuidora Hidalgo,1576.95,261,1,2024-06-12 00:00:00,2024-06-12 00:00:00
1561,CUI-01551,Cepillo Dental Pack 3 Aurea Prime,Categoría: Cuidado personal | Marca: Aurea | Proveedor: Distribuidora del Norte,2517.89,201,1,2025-10-28 00:00:00,2025-10-28 00:00:00
1562,ELE-01552,Bocina Resistente al Agua Aurea Pro,Categoría: Electrónica | Marca: Aurea | Proveedor: Distribuidora del Norte,526.52,198,1,2026-01-30 00:00:00,2026-01-30 00:00:00
1563,HOG-01553,Organizador Multiusos Aurea Advance,Categoría: Hogar | Marca: Aurea | Proveedor: Distribuidora Bajío,2058.22,184,1,2024-02-25 00:00:00,2024-02-25 00:00:00
1564,HOG-01554,Termo de Acero Inoxidable Aurea Lite,Categoría: Hogar | Marca: Aurea | Proveedor: Distribuidora Nova,136.63,6,1,2026-04-29 00:00:00,2026-04-29 00:00:00
1565,OFI-01555,Mochila Impermeable Zenit Prime,Categoría: Oficina | Marca: Zenit | Proveedor: Distribuidora Mexicana,2765.82,200,1,2026-07-31 00:00:00,2026-07-31 00:00:00
1566,CUI-01556,Secadora 2000 W Brava Plus,Categoría: Cuidado personal | Marca: Brava | Proveedor: Distribuidora Central,1742.48,0,1,2025-09-26 00:00:00,2025-09-26 00:00:00
1567,ELE-01557,Mouse Inalámbrico Kairo Max,Categoría: Electrónica | Marca: Kairo | Proveedor: Distribuidora Mexicana,1426.76,290,1,2024-04-09 00:00:00,2024-04-09 00:00:00
1568,HOG-01558,Organizador de Baño Prisma Plus,Categoría: Hogar | Marca: Prisma | Proveedor: Distribuidora Central,756.55,334,1,2024-10-31 00:00:00,2024-10-31 00:00:00
1569,ELE-01559,Mouse Ergonómico Terra Max,Categoría: Electrónica | Marca: Terra | Proveedor: Distribuidora del Norte,3264.92,104,1,2026-07-30 00:00:00,2026-07-30 00:00:00
1570,ALI-01560,Café Descafeinado 400 g Nexo Essential,Categoría: Alimentos | Marca: Nexo | Proveedor: Distribuidora Bajío,112.14,120,1,2026-06-09 00:00:00,2026-06-09 00:00:00
1571,ALI-01561,Galletas Integrales 350 g Terra Essential,Categoría: Alimentos | Marca: Terra | Proveedor: Distribuidora del Norte,569.03,245,1,2026-01-18 00:00:00,2026-01-18 00:00:00
1572,HOG-01562,Lámpara Minimalista Zenit Essential,Categoría: Hogar | Marca: Zenit | Proveedor: Distribuidora Bajío,168.93,221,1,2025-02-26 00:00:00,2025-02-26 00:00:00
1573,ELE-01563,Cargador USB-C 20W Lumina Classic,Categoría: Electrónica | Marca: Lumina | Proveedor: Distribuidora Nova,2527.17,245,1,2026-04-01 00:00:00,2026-04-01 00:00:00
1574,ALI-01564,Pasta Spaghetti 500 g Brava Max,Categoría: Alimentos | Marca: Brava | Proveedor: Distribuidora Central,652.21,332,1,2026-06-13 00:00:00,2026-06-13 00:00:00
1575,DEP-01565,Guantes con Muñequera Brava Essential,Categoría: Deportes | Marca: Brava | Proveedor: Distribuidora Metropolitana,922.76,45,1,2025-04-12 00:00:00,2025-04-12 00:00:00
1576,CUI-01566,Crema Corporal con Aloe 500 ml Prisma Lite,Categoría: Cuidado personal | Marca: Prisma | Proveedor: Distribuidora Metropolitana,1534.27,164,1,2025-02-20 00:00:00,2025-02-20 00:00:00
1577,DEP-01567,Mancuerna Hexagonal Prisma Classic,Categoría: Deportes | Marca: Prisma | Proveedor: Distribuidora Bajío,518.61,344,1,2025-11-22 00:00:00,2025-11-22 00:00:00
1578,OFI-01568,Silla Ergonómica Terra Pro,Categoría: Oficina | Marca: Terra | Proveedor: Distribuidora Bajío,2019.84,183,1,2025-04-06 00:00:00,2025-04-06 00:00:00
1579,ALI-01569,Cereal Integral 500 g Marea Lite,Categoría: Alimentos | Marca: Marea | Proveedor: Distribuidora Mexicana,735.76,320,1,2025-09-05 00:00:00,2025-09-05 00:00:00
1580,ALI-01570,Cereal de Avena 500 g Vitta Select,Categoría: Alimentos | Marca: Vitta | Proveedor: Distribuidora del Norte,663.31,202,1,2026-04-23 00:00:00,2026-04-23 00:00:00
1581,ELE-01571,Cargador USB-C 20W Orion Advance,Categoría: Electrónica | Marca: Orion | Proveedor: Distribuidora Mexicana,162.54,281,1,2026-01-27 00:00:00,2026-01-27 00:00:00
1582,ALI-01572,Pasta Penne 500 g Orion Prime,Categoría: Alimentos | Marca: Orion | Proveedor: Distribuidora Hidalgo,591.46,191,1,2025-06-19 00:00:00,2025-06-19 00:00:00
1583,DEP-01573,Tapete de Yoga Antideslizante Urban Plus,Categoría: Deportes | Marca: Urban | Proveedor: Distribuidora Bajío,746.12,329,1,2024-06-08 00:00:00,2024-06-08 00:00:00
1584,HOG-01574,Lámpara de Escritorio Nativa Pro,Categoría: Hogar | Marca: Nativa | Proveedor: Distribuidora Nova,2295.34,156,1,2026-02-12 00:00:00,2026-02-12 00:00:00
1585,HOG-01575,Termo 500 ml Aurea Essential,Categoría: Hogar | Marca: Aurea | Proveedor: Distribuidora del Norte,118.25,151,1,2024-07-31 00:00:00,2024-07-31 00:00:00
1586,ALI-01576,Café Molido 500 g Terra Max,Categoría: Alimentos | Marca: Terra | Proveedor: Distribuidora Metropolitana,761.08,216,1,2025-11-08 00:00:00,2025-11-08 00:00:00
1587,ALI-01577,Galletas Integrales 350 g Marea Eco,Categoría: Alimentos | Marca: Marea | Proveedor: Distribuidora Hidalgo,315.18,155,1,2025-09-26 00:00:00,2025-09-26 00:00:00
1588,DEP-01578,Guantes de Gimnasio Nativa Essential,Categoría: Deportes | Marca: Nativa | Proveedor: Distribuidora Central,1543.99,179,1,2024-09-18 00:00:00,2024-09-18 00:00:00
1589,DEP-01579,Guantes de Gimnasio Urban Advance,Categoría: Deportes | Marca: Urban | Proveedor: Distribuidora Bajío,1893.87,179,1,2024-01-28 00:00:00,2024-01-28 00:00:00
1590,DEP-01580,Botella Deportiva Térmica Terra Lite,Categoría: Deportes | Marca: Terra | Proveedor: Distribuidora del Norte,356.86,125,1,2025-04-10 00:00:00,2025-04-10 00:00:00
1591,OFI-01581,Mochila Impermeable Altura Prime,Categoría: Oficina | Marca: Altura | Proveedor: Distribuidora Nova,1882.73,231,1,2025-09-20 00:00:00,2025-09-20 00:00:00
1592,ELE-01582,Webcam 2K Nova Lite,Categoría: Electrónica | Marca: Nova | Proveedor: Distribuidora Mexicana,1637.84,257,1,2025-04-19 00:00:00,2025-04-19 00:00:00
1593,CUI-01583,Rasuradora Recargable Terra Advance,Categoría: Cuidado personal | Marca: Terra | Proveedor: Distribuidora Bajío,369.06,264,1,2024-06-27 00:00:00,2024-06-27 00:00:00
1594,OFI-01584,Mochila para Laptop 15.6 Kairo Advance,Categoría: Oficina | Marca: Kairo | Proveedor: Distribuidora Mexicana,2011.56,56,1,2026-05-07 00:00:00,2026-05-07 00:00:00
1595,DEP-01585,Balón de Básquetbol Nova Eco,Categoría: Deportes | Marca: Nova | Proveedor: Distribuidora Mexicana,2346.40,334,1,2026-03-02 00:00:00,2026-03-02 00:00:00
1596,OFI-01586,Mochila Ejecutiva Marea Advance,Categoría: Oficina | Marca: Marea | Proveedor: Distribuidora Bajío,5077.79,117,1,2026-04-07 00:00:00,2026-04-07 00:00:00
1597,ELE-01587,Audífonos Inalámbricos Vitta Pro,Categoría: Electrónica | Marca: Vitta | Proveedor: Distribuidora Central,2629.19,309,1,2025-03-24 00:00:00,2025-03-24 00:00:00
1598,ALI-01588,Aceite de Oliva 500 ml Prisma Lite,Categoría: Alimentos | Marca: Prisma | Proveedor: Distribuidora Central,107.30,242,1,2024-10-12 00:00:00,2024-10-12 00:00:00
1599,ALI-01589,Aceite de Oliva 500 ml Lumina Plus,Categoría: Alimentos | Marca: Lumina | Proveedor: Distribuidora Metropolitana,228.39,340,1,2025-05-01 00:00:00,2025-05-01 00:00:00
1600,HOG-01590,Organizador de Cocina Nova Pro,Categoría: Hogar | Marca: Nova | Proveedor: Distribuidora Nova,288.03,95,1,2025-04-01 00:00:00,2025-04-01 00:00:00
1601,CUI-01591,Cepillo Dental Pack 3 Nativa Plus,Categoría: Cuidado personal | Marca: Nativa | Proveedor: Distribuidora Mexicana,2718.76,336,1,2025-08-19 00:00:00,2025-08-19 00:00:00
1602,CUI-01592,Shampoo Hidratante 750 ml Aurea Pro,Categoría: Cuidado personal | Marca: Aurea | Proveedor: Distribuidora Central,872.14,200,1,2025-01-15 00:00:00,2025-01-15 00:00:00
1603,ELE-01593,Audífonos USB-C Nova Classic,Categoría: Electrónica | Marca: Nova | Proveedor: Distribuidora Metropolitana,3098.29,70,1,2026-07-31 00:00:00,2026-07-31 00:00:00
1604,DEP-01594,Tapete de Yoga 8 mm Nativa Max,Categoría: Deportes | Marca: Nativa | Proveedor: Distribuidora Mexicana,1482.12,50,1,2025-02-01 00:00:00,2025-02-01 00:00:00
1605,ALI-01595,Galletas de Avena 300 g Vitta Pro,Categoría: Alimentos | Marca: Vitta | Proveedor: Distribuidora del Norte,688.97,74,1,2025-05-04 00:00:00,2025-05-04 00:00:00
1606,ELE-01596,Cargador USB-C 45W Brava Eco,Categoría: Electrónica | Marca: Brava | Proveedor: Distribuidora Nova,2962.23,185,1,2026-04-27 00:00:00,2026-04-27 00:00:00
1607,ELE-01597,Bocina Bluetooth Marea Eco,Categoría: Electrónica | Marca: Marea | Proveedor: Distribuidora Metropolitana,241.68,343,1,2025-02-04 00:00:00,2025-02-04 00:00:00
1608,HOG-01598,Organizador de Baño Urban Pro,Categoría: Hogar | Marca: Urban | Proveedor: Distribuidora Pacífico,663.04,266,1,2025-05-24 00:00:00,2025-05-24 00:00:00
1609,DEP-01599,Guantes de Gimnasio Urban Plus,Categoría: Deportes | Marca: Urban | Proveedor: Distribuidora Central,1723.51,74,1,2025-01-13 00:00:00,2025-01-13 00:00:00
1610,OFI-01600,Silla de Oficina Kairo Lite,Categoría: Oficina | Marca: Kairo | Proveedor: Distribuidora Bajío,3644.98,157,1,2025-06-07 00:00:00,2025-06-07 00:00:00
1611,ALI-01601,Galletas con Chocolate 300 g Vitta Max,Categoría: Alimentos | Marca: Vitta | Proveedor: Distribuidora Metropolitana,285.90,250,1,2025-06-29 00:00:00,2025-06-29 00:00:00
1612,ALI-01602,Café Americano 500 g Terra Classic,Categoría: Alimentos | Marca: Terra | Proveedor: Distribuidora Nova,702.06,304,1,2024-11-16 00:00:00,2024-11-16 00:00:00
1613,OFI-01603,Mochila Ejecutiva Prisma Classic,Categoría: Oficina | Marca: Prisma | Proveedor: Distribuidora Hidalgo,1179.17,171,1,2024-10-12 00:00:00,2024-10-12 00:00:00
1614,DEP-01604,Tapete de Yoga 8 mm Kairo Select,Categoría: Deportes | Marca: Kairo | Proveedor: Distribuidora Metropolitana,2088.47,185,1,2024-07-28 00:00:00,2024-07-28 00:00:00
1615,CUI-01605,Secadora Iónica Orion Classic,Categoría: Cuidado personal | Marca: Orion | Proveedor: Distribuidora Metropolitana,1803.69,105,1,2024-07-06 00:00:00,2024-07-06 00:00:00
1616,DEP-01606,Mancuerna 10 kg Zenit Max,Categoría: Deportes | Marca: Zenit | Proveedor: Distribuidora Bajío,2175.59,290,1,2025-07-04 00:00:00,2025-07-04 00:00:00
1617,OFI-01607,Memoria USB 32 GB Terra Plus,Categoría: Oficina | Marca: Terra | Proveedor: Distribuidora Hidalgo,5799.29,281,1,2024-01-04 00:00:00,2024-01-04 00:00:00
1618,OFI-01608,Silla con Soporte Lumbar Terra Lite,Categoría: Oficina | Marca: Terra | Proveedor: Distribuidora Pacífico,3419.29,101,1,2024-02-22 00:00:00,2024-02-22 00:00:00
1619,ALI-01609,Aceite Vegetal 1 L Orion Max,Categoría: Alimentos | Marca: Orion | Proveedor: Distribuidora del Norte,363.37,160,1,2024-05-23 00:00:00,2024-05-23 00:00:00
1620,OFI-01610,Cuaderno Profesional Lumina Classic,Categoría: Oficina | Marca: Lumina | Proveedor: Distribuidora Pacífico,675.90,274,1,2024-05-10 00:00:00,2024-05-10 00:00:00
1621,ALI-01611,Aceite de Oliva 500 ml Altura Advance,Categoría: Alimentos | Marca: Altura | Proveedor: Distribuidora Metropolitana,71.35,57,1,2025-10-01 00:00:00,2025-10-01 00:00:00
1622,OFI-01612,Silla Ejecutiva Brava Select,Categoría: Oficina | Marca: Brava | Proveedor: Distribuidora Pacífico,3722.61,292,1,2026-08-08 00:00:00,2026-08-08 00:00:00
1623,HOG-01613,Organizador de Cocina Marea Select,Categoría: Hogar | Marca: Marea | Proveedor: Distribuidora Nova,494.86,196,1,2025-07-08 00:00:00,2025-07-08 00:00:00
1624,HOG-01614,Lámpara de Noche Nativa Plus,Categoría: Hogar | Marca: Nativa | Proveedor: Distribuidora Nova,310.55,208,1,2024-09-04 00:00:00,2024-09-04 00:00:00
1625,HOG-01615,Organizador de Escritorio Terra Plus,Categoría: Hogar | Marca: Terra | Proveedor: Distribuidora Pacífico,86.67,343,1,2025-03-21 00:00:00,2025-03-21 00:00:00
1626,CUI-01616,Rasuradora de Precisión Aurea Select,Categoría: Cuidado personal | Marca: Aurea | Proveedor: Distribuidora Hidalgo,321.41,41,1,2025-12-30 00:00:00,2025-12-30 00:00:00
1627,HOG-01617,Juego de Toallas Microfibra Nova Lite,Categoría: Hogar | Marca: Nova | Proveedor: Distribuidora Bajío,1930.44,105,1,2025-03-23 00:00:00,2025-03-23 00:00:00
1628,CUI-01618,Cepillo Dental Pack 3 Nova Max,Categoría: Cuidado personal | Marca: Nova | Proveedor: Distribuidora Bajío,1442.82,198,1,2025-09-13 00:00:00,2025-09-13 00:00:00
1629,HOG-01619,Lámpara Minimalista Nexo Eco,Categoría: Hogar | Marca: Nexo | Proveedor: Distribuidora Metropolitana,580.26,160,1,2025-02-18 00:00:00,2025-02-18 00:00:00
1630,ALI-01620,Pasta Spaghetti 500 g Zenit Advance,Categoría: Alimentos | Marca: Zenit | Proveedor: Distribuidora Nova,704.36,12,1,2025-10-22 00:00:00,2025-10-22 00:00:00
1631,DEP-01621,Botella Deportiva Térmica Prisma Prime,Categoría: Deportes | Marca: Prisma | Proveedor: Distribuidora Hidalgo,1197.63,251,1,2026-01-11 00:00:00,2026-01-11 00:00:00
1632,DEP-01622,Botella Deportiva Térmica Terra Prime,Categoría: Deportes | Marca: Terra | Proveedor: Distribuidora Pacífico,754.10,187,1,2025-05-05 00:00:00,2025-05-05 00:00:00
1633,HOG-01623,Termo 750 ml Altura Eco,Categoría: Hogar | Marca: Altura | Proveedor: Distribuidora del Norte,961.26,117,1,2025-12-25 00:00:00,2025-12-25 00:00:00
1634,ELE-01624,Cargador USB-C 20W Terra Plus,Categoría: Electrónica | Marca: Terra | Proveedor: Distribuidora Bajío,1908.60,130,1,2024-06-01 00:00:00,2024-06-01 00:00:00
1635,DEP-01625,Mancuerna 10 kg Brava Eco,Categoría: Deportes | Marca: Brava | Proveedor: Distribuidora del Norte,995.75,266,1,2024-08-25 00:00:00,2024-08-25 00:00:00
1636,CUI-01626,Shampoo Reparador 700 ml Nexo Classic,Categoría: Cuidado personal | Marca: Nexo | Proveedor: Distribuidora Mexicana,1554.02,216,0,2024-08-29 00:00:00,2024-08-29 00:00:00
1637,HOG-01627,Termo 500 ml Lumina Plus,Categoría: Hogar | Marca: Lumina | Proveedor: Distribuidora del Norte,730.09,91,1,2026-03-08 00:00:00,2026-03-08 00:00:00
1638,OFI-01628,Mochila Ejecutiva Nexo Select,Categoría: Oficina | Marca: Nexo | Proveedor: Distribuidora Mexicana,4728.12,166,1,2026-02-23 00:00:00,2026-02-23 00:00:00
1639,ELE-01629,Cargador USB-C 20W Zenit Pro,Categoría: Electrónica | Marca: Zenit | Proveedor: Distribuidora Mexicana,708.45,240,1,2026-05-16 00:00:00,2026-05-16 00:00:00
1640,CUI-01630,Cepillo Dental Pack 3 Cobalto Select,Categoría: Cuidado personal | Marca: Cobalto | Proveedor: Distribuidora Nova,1297.92,56,1,2024-06-14 00:00:00,2024-06-14 00:00:00
1641,ELE-01631,Audífonos con Micrófono Vitta Essential,Categoría: Electrónica | Marca: Vitta | Proveedor: Distribuidora Bajío,1111.13,270,1,2025-11-24 00:00:00,2025-11-24 00:00:00
1642,CUI-01632,Secadora Profesional Cobalto Lite,Categoría: Cuidado personal | Marca: Cobalto | Proveedor: Distribuidora Hidalgo,1019.74,310,1,2026-02-08 00:00:00,2026-02-08 00:00:00
1643,DEP-01633,Tapete de Yoga con Correa Vitta Essential,Categoría: Deportes | Marca: Vitta | Proveedor: Distribuidora Metropolitana,691.06,307,1,2026-05-12 00:00:00,2026-05-12 00:00:00
1644,CUI-01634,Rasuradora de Precisión Zenit Classic,Categoría: Cuidado personal | Marca: Zenit | Proveedor: Distribuidora Bajío,1073.96,161,1,2024-07-22 00:00:00,2024-07-22 00:00:00
1645,HOG-01635,Juego de Toallas 4 Piezas Cobalto Advance,Categoría: Hogar | Marca: Cobalto | Proveedor: Distribuidora Pacífico,1992.07,71,1,2025-02-09 00:00:00,2025-02-09 00:00:00
1646,ELE-01636,Teclado RGB Terra Max,Categoría: Electrónica | Marca: Terra | Proveedor: Distribuidora Metropolitana,1486.45,238,1,2026-06-22 00:00:00,2026-06-22 00:00:00
1647,HOG-01637,Juego de Toallas Algodón Brava Pro,Categoría: Hogar | Marca: Brava | Proveedor: Distribuidora Pacífico,2249.83,51,1,2025-01-18 00:00:00,2025-01-18 00:00:00
1648,DEP-01638,Balón Entrenamiento Lumina Advance,Categoría: Deportes | Marca: Lumina | Proveedor: Distribuidora Bajío,944.40,262,1,2024-02-11 00:00:00,2024-02-11 00:00:00
1649,DEP-01639,Botella Deportiva con Popote Marea Select,Categoría: Deportes | Marca: Marea | Proveedor: Distribuidora Mexicana,992.09,259,1,2024-01-12 00:00:00,2024-01-12 00:00:00
1650,HOG-01640,Termo de Acero Inoxidable Altura Essential,Categoría: Hogar | Marca: Altura | Proveedor: Distribuidora Metropolitana,1312.01,322,1,2024-01-25 00:00:00,2024-01-25 00:00:00
1651,OFI-01641,Memoria USB USB 3.2 Prisma Advance,Categoría: Oficina | Marca: Prisma | Proveedor: Distribuidora Central,1982.51,188,1,2026-03-31 00:00:00,2026-03-31 00:00:00
1652,ELE-01642,Bocina Resistente al Agua Urban Lite,Categoría: Electrónica | Marca: Urban | Proveedor: Distribuidora del Norte,270.12,280,1,2024-06-06 00:00:00,2024-06-06 00:00:00
1653,DEP-01643,Mancuerna Hexagonal Terra Pro,Categoría: Deportes | Marca: Terra | Proveedor: Distribuidora del Norte,502.83,100,1,2025-09-23 00:00:00,2025-09-23 00:00:00
1654,DEP-01644,Tapete de Yoga 6 mm Altura Classic,Categoría: Deportes | Marca: Altura | Proveedor: Distribuidora Nova,124.25,68,1,2025-03-04 00:00:00,2025-03-04 00:00:00
1655,DEP-01645,Tapete de Yoga con Correa Terra Select,Categoría: Deportes | Marca: Terra | Proveedor: Distribuidora Mexicana,90.65,33,0,2026-05-29 00:00:00,2026-05-29 00:00:00
1656,ALI-01646,Aceite de Oliva 500 ml Brava Max,Categoría: Alimentos | Marca: Brava | Proveedor: Distribuidora Bajío,733.31,84,1,2024-04-26 00:00:00,2024-04-26 00:00:00
1657,DEP-01647,Mancuerna Ajustable Nativa Classic,Categoría: Deportes | Marca: Nativa | Proveedor: Distribuidora Metropolitana,1768.20,280,1,2025-10-08 00:00:00,2025-10-08 00:00:00
1658,CUI-01648,Crema Corporal Nutritiva 400 ml Terra Advance,Categoría: Cuidado personal | Marca: Terra | Proveedor: Distribuidora Nova,2188.43,125,0,2026-04-14 00:00:00,2026-04-14 00:00:00
1659,DEP-01649,Mancuerna Ajustable Kairo Max,Categoría: Deportes | Marca: Kairo | Proveedor: Distribuidora Central,2919.73,207,1,2026-09-01 00:00:00,2026-09-01 00:00:00
1660,OFI-01650,Cuaderno de Notas Brava Select,Categoría: Oficina | Marca: Brava | Proveedor: Distribuidora Bajío,5287.77,127,1,2026-07-15 00:00:00,2026-07-15 00:00:00
1661,ELE-01651,Webcam con Micrófono Urban Eco,Categoría: Electrónica | Marca: Urban | Proveedor: Distribuidora Pacífico,1553.63,169,1,2024-03-24 00:00:00,2024-03-24 00:00:00
1662,CUI-01652,Rasuradora Recargable Marea Essential,Categoría: Cuidado personal | Marca: Marea | Proveedor: Distribuidora Mexicana,1244.71,221,1,2025-02-28 00:00:00,2025-02-28 00:00:00
1663,ELE-01653,Mouse Gaming Orion Classic,Categoría: Electrónica | Marca: Orion | Proveedor: Distribuidora Hidalgo,938.54,251,1,2025-08-25 00:00:00,2025-08-25 00:00:00
1664,DEP-01654,Tapete de Yoga Antideslizante Brava Advance,Categoría: Deportes | Marca: Brava | Proveedor: Distribuidora Mexicana,2430.18,172,1,2025-09-04 00:00:00,2025-09-04 00:00:00
1665,DEP-01655,Botella Deportiva 750 ml Lumina Plus,Categoría: Deportes | Marca: Lumina | Proveedor: Distribuidora Mexicana,2405.93,4,1,2025-07-07 00:00:00,2025-07-07 00:00:00
1666,ELE-01656,Webcam 2K Altura Essential,Categoría: Electrónica | Marca: Altura | Proveedor: Distribuidora Mexicana,1727.55,16,1,2024-10-25 00:00:00,2024-10-25 00:00:00
1667,OFI-01657,Calculadora Científica Altura Pro,Categoría: Oficina | Marca: Altura | Proveedor: Distribuidora del Norte,5360.13,169,1,2024-02-09 00:00:00,2024-02-09 00:00:00
1668,ELE-01658,Audífonos Bluetooth Aurea Pro,Categoría: Electrónica | Marca: Aurea | Proveedor: Distribuidora del Norte,3154.14,251,1,2024-09-30 00:00:00,2024-09-30 00:00:00
1669,CUI-01659,Secadora Compacta Kairo Pro,Categoría: Cuidado personal | Marca: Kairo | Proveedor: Distribuidora Pacífico,223.85,310,1,2024-06-10 00:00:00,2024-06-10 00:00:00
1670,ALI-01660,Galletas de Avena 300 g Nativa Advance,Categoría: Alimentos | Marca: Nativa | Proveedor: Distribuidora Central,198.21,145,1,2025-02-06 00:00:00,2025-02-06 00:00:00
1671,ALI-01661,Cereal de Avena 500 g Nativa Max,Categoría: Alimentos | Marca: Nativa | Proveedor: Distribuidora Pacífico,302.67,260,1,2024-10-27 00:00:00,2024-10-27 00:00:00
1672,DEP-01662,Balón de Básquetbol Kairo Prime,Categoría: Deportes | Marca: Kairo | Proveedor: Distribuidora Mexicana,701.69,236,1,2025-12-21 00:00:00,2025-12-21 00:00:00
1673,ELE-01663,Audífonos Bluetooth Vitta Plus,Categoría: Electrónica | Marca: Vitta | Proveedor: Distribuidora Mexicana,3493.06,64,1,2026-01-10 00:00:00,2026-01-10 00:00:00
1674,OFI-01664,Calculadora de Escritorio Nativa Eco,Categoría: Oficina | Marca: Nativa | Proveedor: Distribuidora Pacífico,2479.53,329,1,2026-08-17 00:00:00,2026-08-17 00:00:00
1675,DEP-01665,Botella Deportiva con Popote Nexo Eco,Categoría: Deportes | Marca: Nexo | Proveedor: Distribuidora Central,646.23,33,1,2024-02-02 00:00:00,2024-02-02 00:00:00
1676,OFI-01666,Silla Ejecutiva Nativa Max,Categoría: Oficina | Marca: Nativa | Proveedor: Distribuidora Metropolitana,3961.28,203,1,2025-04-05 00:00:00,2025-04-05 00:00:00
1677,OFI-01667,Silla de Oficina Nexo Essential,Categoría: Oficina | Marca: Nexo | Proveedor: Distribuidora Pacífico,5218.75,84,1,2025-03-01 00:00:00,2025-03-01 00:00:00
1678,OFI-01668,Mochila para Laptop 15.6 Vitta Select,Categoría: Oficina | Marca: Vitta | Proveedor: Distribuidora Pacífico,3093.25,253,1,2026-07-18 00:00:00,2026-07-18 00:00:00
1679,HOG-01669,Juego de Toallas Algodón Nova Prime,Categoría: Hogar | Marca: Nova | Proveedor: Distribuidora Metropolitana,1800.50,314,0,2024-12-11 00:00:00,2024-12-11 00:00:00
1680,DEP-01670,Guantes de Ciclismo Aurea Pro,Categoría: Deportes | Marca: Aurea | Proveedor: Distribuidora Pacífico,1056.63,337,1,2025-06-27 00:00:00,2025-06-27 00:00:00
1681,CUI-01671,Secadora Iónica Urban Essential,Categoría: Cuidado personal | Marca: Urban | Proveedor: Distribuidora Pacífico,1297.94,302,1,2025-07-05 00:00:00,2025-07-05 00:00:00
1682,DEP-01672,Botella Deportiva con Popote Marea Essential,Categoría: Deportes | Marca: Marea | Proveedor: Distribuidora del Norte,1274.35,321,1,2025-04-30 00:00:00,2025-04-30 00:00:00
1683,DEP-01673,Balón de Básquetbol Marea Advance,Categoría: Deportes | Marca: Marea | Proveedor: Distribuidora Pacífico,737.64,135,1,2026-07-01 00:00:00,2026-07-01 00:00:00
1684,ELE-01674,Teclado Compacto Zenit Classic,Categoría: Electrónica | Marca: Zenit | Proveedor: Distribuidora Central,163.35,117,1,2024-08-15 00:00:00,2024-08-15 00:00:00
1685,DEP-01675,Tapete de Yoga con Correa Nova Eco,Categoría: Deportes | Marca: Nova | Proveedor: Distribuidora Pacífico,227.99,38,1,2025-07-02 00:00:00,2025-07-02 00:00:00
1686,CUI-01676,Rasuradora Recargable Kairo Advance,Categoría: Cuidado personal | Marca: Kairo | Proveedor: Distribuidora Nova,1871.77,254,1,2025-06-30 00:00:00,2025-06-30 00:00:00
1687,OFI-01677,Cuaderno de Notas Zenit Lite,Categoría: Oficina | Marca: Zenit | Proveedor: Distribuidora Nova,4363.20,90,1,2024-01-15 00:00:00,2024-01-15 00:00:00
1688,ELE-01678,Mouse Ergonómico Nativa Essential,Categoría: Electrónica | Marca: Nativa | Proveedor: Distribuidora Mexicana,482.19,132,1,2025-11-04 00:00:00,2025-11-04 00:00:00
1689,OFI-01679,Silla Ejecutiva Urban Select,Categoría: Oficina | Marca: Urban | Proveedor: Distribuidora del Norte,4383.72,185,1,2026-02-22 00:00:00,2026-02-22 00:00:00
1690,OFI-01680,Memoria USB 32 GB Lumina Pro,Categoría: Oficina | Marca: Lumina | Proveedor: Distribuidora Nova,5242.89,1,1,2024-03-08 00:00:00,2024-03-08 00:00:00
1691,OFI-01681,Mochila para Laptop 15.6 Cobalto Prime,Categoría: Oficina | Marca: Cobalto | Proveedor: Distribuidora Bajío,759.26,273,1,2025-06-07 00:00:00,2025-06-07 00:00:00
1692,ALI-01682,Galletas Integrales 350 g Lumina Prime,Categoría: Alimentos | Marca: Lumina | Proveedor: Distribuidora Mexicana,635.69,180,1,2025-02-01 00:00:00,2025-02-01 00:00:00
1693,CUI-01683,Cepillo Dental Suave Lumina Plus,Categoría: Cuidado personal | Marca: Lumina | Proveedor: Distribuidora Mexicana,491.95,175,1,2025-06-18 00:00:00,2025-06-18 00:00:00
1694,CUI-01684,Crema Corporal con Aloe 500 ml Prisma Essential,Categoría: Cuidado personal | Marca: Prisma | Proveedor: Distribuidora Hidalgo,981.86,199,1,2024-04-16 00:00:00,2024-04-16 00:00:00
1695,DEP-01685,Tapete de Yoga 8 mm Aurea Advance,Categoría: Deportes | Marca: Aurea | Proveedor: Distribuidora del Norte,1944.09,300,1,2026-02-01 00:00:00,2026-02-01 00:00:00
1696,ALI-01686,Aceite Vegetal 1 L Cobalto Eco,Categoría: Alimentos | Marca: Cobalto | Proveedor: Distribuidora Nova,274.39,188,0,2026-07-10 00:00:00,2026-07-10 00:00:00
1697,DEP-01687,Tapete de Yoga 6 mm Prisma Essential,Categoría: Deportes | Marca: Prisma | Proveedor: Distribuidora Metropolitana,2963.10,190,1,2025-03-01 00:00:00,2025-03-01 00:00:00
1698,ELE-01688,Mouse Óptico Lumina Pro,Categoría: Electrónica | Marca: Lumina | Proveedor: Distribuidora del Norte,2973.12,304,1,2025-08-30 00:00:00,2025-08-30 00:00:00
1699,DEP-01689,Guantes Deportivos Orion Advance,Categoría: Deportes | Marca: Orion | Proveedor: Distribuidora Metropolitana,2448.51,326,1,2024-09-08 00:00:00,2024-09-08 00:00:00
1700,DEP-01690,Mancuerna 5 kg Orion Essential,Categoría: Deportes | Marca: Orion | Proveedor: Distribuidora Mexicana,2821.63,340,1,2025-12-13 00:00:00,2025-12-13 00:00:00
1701,DEP-01691,Tapete de Yoga Antideslizante Marea Eco,Categoría: Deportes | Marca: Marea | Proveedor: Distribuidora Metropolitana,2944.61,271,1,2024-03-17 00:00:00,2024-03-17 00:00:00
1702,ALI-01692,Pasta Penne 500 g Nova Essential,Categoría: Alimentos | Marca: Nova | Proveedor: Distribuidora Mexicana,784.49,167,1,2025-12-29 00:00:00,2025-12-29 00:00:00
1703,HOG-01693,Termo 500 ml Prisma Plus,Categoría: Hogar | Marca: Prisma | Proveedor: Distribuidora Metropolitana,309.28,135,1,2024-11-21 00:00:00,2024-11-21 00:00:00
1704,HOG-01694,Termo 750 ml Lumina Select,Categoría: Hogar | Marca: Lumina | Proveedor: Distribuidora del Norte,197.77,159,1,2026-04-11 00:00:00,2026-04-11 00:00:00
1705,CUI-01695,Secadora 2000 W Kairo Plus,Categoría: Cuidado personal | Marca: Kairo | Proveedor: Distribuidora Pacífico,2510.73,20,1,2026-07-29 00:00:00,2026-07-29 00:00:00
1706,ELE-01696,Webcam con Micrófono Terra Essential,Categoría: Electrónica | Marca: Terra | Proveedor: Distribuidora Central,607.59,48,1,2024-04-19 00:00:00,2024-04-19 00:00:00
1707,ELE-01697,Bocina Inteligente Zenit Lite,Categoría: Electrónica | Marca: Zenit | Proveedor: Distribuidora Nova,507.08,81,1,2024-03-24 00:00:00,2024-03-24 00:00:00
1708,HOG-01698,Termo 500 ml Nova Max,Categoría: Hogar | Marca: Nova | Proveedor: Distribuidora Mexicana,607.57,64,1,2026-01-25 00:00:00,2026-01-25 00:00:00
1709,ALI-01699,Galletas de Avena 300 g Urban Essential,Categoría: Alimentos | Marca: Urban | Proveedor: Distribuidora Nova,552.41,139,1,2025-05-19 00:00:00,2025-05-19 00:00:00
1710,ELE-01700,Bocina Portátil Zenit Select,Categoría: Electrónica | Marca: Zenit | Proveedor: Distribuidora Metropolitana,2912.84,149,1,2024-05-19 00:00:00,2024-05-19 00:00:00
1711,CUI-01701,Rasuradora Corporal Terra Select,Categoría: Cuidado personal | Marca: Terra | Proveedor: Distribuidora Hidalgo,1742.52,63,1,2024-09-18 00:00:00,2024-09-18 00:00:00
1712,DEP-01702,Botella Deportiva 750 ml Zenit Advance,Categoría: Deportes | Marca: Zenit | Proveedor: Distribuidora Mexicana,645.29,129,1,2025-08-13 00:00:00,2025-08-13 00:00:00
1713,ALI-01703,Galletas de Avena 300 g Brava Pro,Categoría: Alimentos | Marca: Brava | Proveedor: Distribuidora Nova,575.37,118,0,2026-02-01 00:00:00,2026-02-01 00:00:00
1714,ELE-01704,Webcam Autofocus Vitta Select,Categoría: Electrónica | Marca: Vitta | Proveedor: Distribuidora Central,1075.44,57,1,2025-10-29 00:00:00,2025-10-29 00:00:00
1715,ELE-01705,Webcam Full HD Urban Plus,Categoría: Electrónica | Marca: Urban | Proveedor: Distribuidora Mexicana,1292.55,228,1,2024-05-30 00:00:00,2024-05-30 00:00:00
1716,ELE-01706,Mouse Gaming Urban Eco,Categoría: Electrónica | Marca: Urban | Proveedor: Distribuidora Pacífico,2358.39,348,1,2025-03-30 00:00:00,2025-03-30 00:00:00
1717,ALI-01707,Cereal Integral 500 g Zenit Prime,Categoría: Alimentos | Marca: Zenit | Proveedor: Distribuidora Nova,170.51,340,1,2025-05-16 00:00:00,2025-05-16 00:00:00
1718,OFI-01708,Silla Ergonómica Terra Essential,Categoría: Oficina | Marca: Terra | Proveedor: Distribuidora Central,2619.16,81,1,2026-03-11 00:00:00,2026-03-11 00:00:00
1719,ELE-01709,Webcam Autofocus Kairo Select,Categoría: Electrónica | Marca: Kairo | Proveedor: Distribuidora Mexicana,1533.90,147,1,2024-10-17 00:00:00,2024-10-17 00:00:00
1720,DEP-01710,Botella Deportiva Térmica Lumina Advance,Categoría: Deportes | Marca: Lumina | Proveedor: Distribuidora Nova,1411.39,155,1,2025-04-05 00:00:00,2025-04-05 00:00:00
1721,OFI-01711,Silla con Soporte Lumbar Terra Pro,Categoría: Oficina | Marca: Terra | Proveedor: Distribuidora Mexicana,2899.81,224,1,2024-01-18 00:00:00,2024-01-18 00:00:00
1722,ALI-01712,Aceite de Aguacate 500 ml Brava Lite,Categoría: Alimentos | Marca: Brava | Proveedor: Distribuidora del Norte,419.51,74,1,2024-10-01 00:00:00,2024-10-01 00:00:00
1723,CUI-01713,Cepillo Dental Suave Terra Lite,Categoría: Cuidado personal | Marca: Terra | Proveedor: Distribuidora Central,2246.72,206,1,2024-03-05 00:00:00,2024-03-05 00:00:00
1724,ELE-01714,Teclado Compacto Terra Select,Categoría: Electrónica | Marca: Terra | Proveedor: Distribuidora Mexicana,2687.42,342,1,2025-10-04 00:00:00,2025-10-04 00:00:00
1725,CUI-01715,Shampoo Hidratante 750 ml Nova Prime,Categoría: Cuidado personal | Marca: Nova | Proveedor: Distribuidora Hidalgo,2161.43,283,1,2025-08-04 00:00:00,2025-08-04 00:00:00
1726,DEP-01716,Tapete de Yoga 8 mm Orion Classic,Categoría: Deportes | Marca: Orion | Proveedor: Distribuidora Pacífico,2186.76,217,1,2025-12-13 00:00:00,2025-12-13 00:00:00
1727,CUI-01717,Crema Corporal Nutritiva 400 ml Zenit Advance,Categoría: Cuidado personal | Marca: Zenit | Proveedor: Distribuidora del Norte,1601.60,182,1,2025-01-24 00:00:00,2025-01-24 00:00:00
1728,HOG-01718,Organizador Multiusos Altura Prime,Categoría: Hogar | Marca: Altura | Proveedor: Distribuidora Metropolitana,942.65,123,1,2025-05-19 00:00:00,2025-05-19 00:00:00
1729,CUI-01719,Shampoo Reparador 700 ml Lumina Plus,Categoría: Cuidado personal | Marca: Lumina | Proveedor: Distribuidora Nova,1601.45,70,1,2025-02-24 00:00:00,2025-02-24 00:00:00
1730,HOG-01720,Juego de Toallas Microfibra Lumina Plus,Categoría: Hogar | Marca: Lumina | Proveedor: Distribuidora Bajío,1726.93,280,1,2026-01-05 00:00:00,2026-01-05 00:00:00
1731,ALI-01721,Cereal Integral 500 g Prisma Plus,Categoría: Alimentos | Marca: Prisma | Proveedor: Distribuidora Hidalgo,53.34,5,1,2024-05-03 00:00:00,2024-05-03 00:00:00
1732,ALI-01722,Galletas Integrales 350 g Aurea Plus,Categoría: Alimentos | Marca: Aurea | Proveedor: Distribuidora del Norte,288.79,121,1,2024-04-05 00:00:00,2024-04-05 00:00:00
1733,CUI-01723,Secadora Iónica Altura Max,Categoría: Cuidado personal | Marca: Altura | Proveedor: Distribuidora Mexicana,1942.50,277,1,2025-11-04 00:00:00,2025-11-04 00:00:00
1734,ALI-01724,Café Descafeinado 400 g Aurea Eco,Categoría: Alimentos | Marca: Aurea | Proveedor: Distribuidora del Norte,711.90,51,1,2025-05-30 00:00:00,2025-05-30 00:00:00
1735,CUI-01725,Cepillo Dental Suave Urban Prime,Categoría: Cuidado personal | Marca: Urban | Proveedor: Distribuidora Mexicana,2619.04,231,1,2024-01-28 00:00:00,2024-01-28 00:00:00
1736,ALI-01726,Galletas de Avena 300 g Terra Select,Categoría: Alimentos | Marca: Terra | Proveedor: Distribuidora Nova,158.18,80,0,2026-01-25 00:00:00,2026-01-25 00:00:00
1737,HOG-01727,Organizador de Escritorio Aurea Pro,Categoría: Hogar | Marca: Aurea | Proveedor: Distribuidora Bajío,792.90,31,1,2024-08-19 00:00:00,2024-08-19 00:00:00
1738,ELE-01728,Audífonos Inalámbricos Prisma Classic,Categoría: Electrónica | Marca: Prisma | Proveedor: Distribuidora Mexicana,2945.40,221,1,2025-12-05 00:00:00,2025-12-05 00:00:00
1739,HOG-01729,Juego de Toallas Microfibra Nova Pro,Categoría: Hogar | Marca: Nova | Proveedor: Distribuidora Mexicana,985.38,272,1,2025-12-01 00:00:00,2025-12-01 00:00:00
1740,DEP-01730,Botella Deportiva 750 ml Nexo Select,Categoría: Deportes | Marca: Nexo | Proveedor: Distribuidora del Norte,302.05,212,1,2025-03-21 00:00:00,2025-03-21 00:00:00
1741,HOG-01731,Sartén de Acero 26 cm Marea Max,Categoría: Hogar | Marca: Marea | Proveedor: Distribuidora Nova,459.90,304,1,2026-09-03 00:00:00,2026-09-03 00:00:00
1742,HOG-01732,Termo Térmico Terra Prime,Categoría: Hogar | Marca: Terra | Proveedor: Distribuidora Central,708.75,109,1,2024-07-19 00:00:00,2024-07-19 00:00:00
1743,DEP-01733,Guantes con Muñequera Lumina Advance,Categoría: Deportes | Marca: Lumina | Proveedor: Distribuidora Central,424.66,64,1,2024-08-23 00:00:00,2024-08-23 00:00:00
1744,CUI-01734,Shampoo Reparador 700 ml Nativa Eco,Categoría: Cuidado personal | Marca: Nativa | Proveedor: Distribuidora Mexicana,2549.30,297,1,2024-02-24 00:00:00,2024-02-24 00:00:00
1745,CUI-01735,Crema Corporal Hidratante 400 ml Brava Essential,Categoría: Cuidado personal | Marca: Brava | Proveedor: Distribuidora del Norte,1445.18,310,1,2024-09-04 00:00:00,2024-09-04 00:00:00
1746,ELE-01736,Mouse Inalámbrico Terra Classic,Categoría: Electrónica | Marca: Terra | Proveedor: Distribuidora Mexicana,1261.45,69,1,2024-02-15 00:00:00,2024-02-15 00:00:00
1747,HOG-01737,Organizador de Escritorio Lumina Lite,Categoría: Hogar | Marca: Lumina | Proveedor: Distribuidora del Norte,436.73,226,1,2025-03-08 00:00:00,2025-03-08 00:00:00
1748,CUI-01738,Shampoo Reparador 700 ml Marea Max,Categoría: Cuidado personal | Marca: Marea | Proveedor: Distribuidora Metropolitana,498.40,141,0,2024-01-31 00:00:00,2024-01-31 00:00:00
1749,ELE-01739,Audífonos Bluetooth Nova Plus,Categoría: Electrónica | Marca: Nova | Proveedor: Distribuidora del Norte,1229.36,326,1,2024-03-25 00:00:00,2024-03-25 00:00:00
1750,DEP-01740,Botella Deportiva Térmica Prisma Essential,Categoría: Deportes | Marca: Prisma | Proveedor: Distribuidora Central,2380.53,309,1,2026-01-06 00:00:00,2026-01-06 00:00:00
1751,OFI-01741,Calculadora Financiera Orion Lite,Categoría: Oficina | Marca: Orion | Proveedor: Distribuidora Pacífico,3885.40,149,1,2024-06-12 00:00:00,2024-06-12 00:00:00
1752,HOG-01742,Termo Térmico Kairo Max,Categoría: Hogar | Marca: Kairo | Proveedor: Distribuidora Mexicana,1342.78,39,1,2024-06-28 00:00:00,2024-06-28 00:00:00
1753,OFI-01743,Memoria USB 32 GB Marea Eco,Categoría: Oficina | Marca: Marea | Proveedor: Distribuidora Hidalgo,2831.37,259,0,2025-04-23 00:00:00,2025-04-23 00:00:00
1754,CUI-01744,Shampoo Hidratante 750 ml Terra Select,Categoría: Cuidado personal | Marca: Terra | Proveedor: Distribuidora Metropolitana,1085.72,325,1,2024-03-31 00:00:00,2024-03-31 00:00:00
1755,CUI-01745,Cepillo Dental Medio Zenit Eco,Categoría: Cuidado personal | Marca: Zenit | Proveedor: Distribuidora Hidalgo,1595.51,120,1,2024-06-01 00:00:00,2024-06-01 00:00:00
1756,CUI-01746,Crema Corporal con Aloe 500 ml Prisma Essential,Categoría: Cuidado personal | Marca: Prisma | Proveedor: Distribuidora Hidalgo,1053.54,87,0,2026-01-17 00:00:00,2026-01-17 00:00:00
1757,ALI-01747,Café Descafeinado 400 g Altura Eco,Categoría: Alimentos | Marca: Altura | Proveedor: Distribuidora Bajío,185.93,210,1,2025-09-24 00:00:00,2025-09-24 00:00:00
1758,ELE-01748,Cargador USB-C 45W Vitta Plus,Categoría: Electrónica | Marca: Vitta | Proveedor: Distribuidora del Norte,352.38,24,1,2026-06-05 00:00:00,2026-06-05 00:00:00
1759,CUI-01749,Shampoo Reparador 700 ml Nova Classic,Categoría: Cuidado personal | Marca: Nova | Proveedor: Distribuidora Mexicana,1767.84,132,1,2025-07-14 00:00:00,2025-07-14 00:00:00
1760,DEP-01750,Tapete de Yoga 8 mm Zenit Select,Categoría: Deportes | Marca: Zenit | Proveedor: Distribuidora Hidalgo,1626.41,32,1,2024-10-01 00:00:00,2024-10-01 00:00:00
1761,ALI-01751,Café en Grano 1 kg Zenit Advance,Categoría: Alimentos | Marca: Zenit | Proveedor: Distribuidora Pacífico,549.70,87,1,2025-02-21 00:00:00,2025-02-21 00:00:00
1762,ELE-01752,Teclado RGB Vitta Prime,Categoría: Electrónica | Marca: Vitta | Proveedor: Distribuidora Hidalgo,2568.54,270,1,2024-08-07 00:00:00,2024-08-07 00:00:00
1763,OFI-01753,Cuaderno Cuadriculado Altura Eco,Categoría: Oficina | Marca: Altura | Proveedor: Distribuidora Hidalgo,1774.25,323,1,2024-06-09 00:00:00,2024-06-09 00:00:00
1764,OFI-01754,Calculadora Científica Nexo Eco,Categoría: Oficina | Marca: Nexo | Proveedor: Distribuidora Metropolitana,4738.56,345,1,2024-12-14 00:00:00,2024-12-14 00:00:00
1765,HOG-01755,Sartén Antiadherente 24 cm Nova Plus,Categoría: Hogar | Marca: Nova | Proveedor: Distribuidora Hidalgo,1215.99,157,1,2026-03-22 00:00:00,2026-03-22 00:00:00
1766,OFI-01756,Memoria USB 32 GB Brava Plus,Categoría: Oficina | Marca: Brava | Proveedor: Distribuidora Mexicana,2231.97,284,1,2026-04-30 00:00:00,2026-04-30 00:00:00
1767,OFI-01757,Mochila Impermeable Altura Prime,Categoría: Oficina | Marca: Altura | Proveedor: Distribuidora Central,258.89,327,1,2026-05-23 00:00:00,2026-05-23 00:00:00
1768,HOG-01758,Organizador de Escritorio Prisma Select,Categoría: Hogar | Marca: Prisma | Proveedor: Distribuidora Metropolitana,2084.03,131,1,2026-06-23 00:00:00,2026-06-23 00:00:00
1769,DEP-01759,Tapete de Yoga 8 mm Orion Plus,Categoría: Deportes | Marca: Orion | Proveedor: Distribuidora Bajío,364.21,307,1,2025-06-22 00:00:00,2025-06-22 00:00:00
1770,ELE-01760,Cargador USB-C 20W Aurea Select,Categoría: Electrónica | Marca: Aurea | Proveedor: Distribuidora Nova,2136.61,323,1,2025-05-19 00:00:00,2025-05-19 00:00:00
1771,DEP-01761,Mancuerna 10 kg Altura Eco,Categoría: Deportes | Marca: Altura | Proveedor: Distribuidora del Norte,2576.51,39,1,2026-07-29 00:00:00,2026-07-29 00:00:00
1772,CUI-01762,Rasuradora Corporal Zenit Plus,Categoría: Cuidado personal | Marca: Zenit | Proveedor: Distribuidora Hidalgo,1316.56,256,1,2026-03-08 00:00:00,2026-03-08 00:00:00
1773,CUI-01763,Shampoo Hidratante 750 ml Nexo Select,Categoría: Cuidado personal | Marca: Nexo | Proveedor: Distribuidora del Norte,2304.24,15,1,2024-12-08 00:00:00,2024-12-08 00:00:00
1774,ELE-01764,Cargador USB-C 45W Nova Select,Categoría: Electrónica | Marca: Nova | Proveedor: Distribuidora Bajío,2455.13,170,1,2025-10-14 00:00:00,2025-10-14 00:00:00
1775,OFI-01765,Calculadora Científica Urban Essential,Categoría: Oficina | Marca: Urban | Proveedor: Distribuidora Nova,5296.93,348,1,2025-02-05 00:00:00,2025-02-05 00:00:00
1776,OFI-01766,Mochila para Laptop 15.6 Lumina Classic,Categoría: Oficina | Marca: Lumina | Proveedor: Distribuidora Pacífico,3635.42,63,1,2024-04-21 00:00:00,2024-04-21 00:00:00
1777,HOG-01767,Organizador de Baño Nativa Prime,Categoría: Hogar | Marca: Nativa | Proveedor: Distribuidora Mexicana,2107.12,300,1,2026-02-13 00:00:00,2026-02-13 00:00:00
1778,HOG-01768,Organizador de Escritorio Aurea Advance,Categoría: Hogar | Marca: Aurea | Proveedor: Distribuidora del Norte,1535.75,75,1,2024-09-02 00:00:00,2024-09-02 00:00:00
1779,OFI-01769,Calculadora Financiera Lumina Plus,Categoría: Oficina | Marca: Lumina | Proveedor: Distribuidora Pacífico,1556.70,18,1,2024-05-13 00:00:00,2024-05-13 00:00:00
1780,DEP-01770,Botella Deportiva con Popote Nova Prime,Categoría: Deportes | Marca: Nova | Proveedor: Distribuidora Hidalgo,780.56,202,1,2025-03-21 00:00:00,2025-03-21 00:00:00
1781,ALI-01771,Café Molido 500 g Orion Pro,Categoría: Alimentos | Marca: Orion | Proveedor: Distribuidora Central,355.12,9,1,2026-08-24 00:00:00,2026-08-24 00:00:00
1782,ELE-01772,Cargador USB-C 45W Prisma Eco,Categoría: Electrónica | Marca: Prisma | Proveedor: Distribuidora del Norte,1481.73,311,1,2026-04-17 00:00:00,2026-04-17 00:00:00
1783,ELE-01773,Bocina Portátil Cobalto Plus,Categoría: Electrónica | Marca: Cobalto | Proveedor: Distribuidora del Norte,1222.27,108,1,2026-09-02 00:00:00,2026-09-02 00:00:00
1784,HOG-01774,Sartén Antiadherente 28 cm Prisma Essential,Categoría: Hogar | Marca: Prisma | Proveedor: Distribuidora Mexicana,2057.10,260,1,2025-03-22 00:00:00,2025-03-22 00:00:00
1785,DEP-01775,Balón Entrenamiento Vitta Advance,Categoría: Deportes | Marca: Vitta | Proveedor: Distribuidora Pacífico,702.60,268,1,2024-10-24 00:00:00,2024-10-24 00:00:00
1786,ELE-01776,Audífonos Inalámbricos Kairo Lite,Categoría: Electrónica | Marca: Kairo | Proveedor: Distribuidora Bajío,165.61,270,1,2026-03-09 00:00:00,2026-03-09 00:00:00
1787,OFI-01777,Mochila Impermeable Vitta Eco,Categoría: Oficina | Marca: Vitta | Proveedor: Distribuidora Metropolitana,310.06,119,1,2025-09-21 00:00:00,2025-09-21 00:00:00
1788,ELE-01778,Audífonos USB-C Cobalto Essential,Categoría: Electrónica | Marca: Cobalto | Proveedor: Distribuidora Metropolitana,2178.03,24,1,2025-08-01 00:00:00,2025-08-01 00:00:00
1789,ELE-01779,Mouse Gaming Nexo Essential,Categoría: Electrónica | Marca: Nexo | Proveedor: Distribuidora Pacífico,2543.09,231,1,2025-08-19 00:00:00,2025-08-19 00:00:00
1790,DEP-01780,Guantes con Muñequera Zenit Classic,Categoría: Deportes | Marca: Zenit | Proveedor: Distribuidora Bajío,2505.12,328,1,2024-04-01 00:00:00,2024-04-01 00:00:00
1791,OFI-01781,Mochila Antirrobo Zenit Advance,Categoría: Oficina | Marca: Zenit | Proveedor: Distribuidora del Norte,1515.27,169,0,2024-10-28 00:00:00,2024-10-28 00:00:00
1792,CUI-01782,Cepillo Dental Medio Nexo Select,Categoría: Cuidado personal | Marca: Nexo | Proveedor: Distribuidora Pacífico,343.41,114,1,2026-03-10 00:00:00,2026-03-10 00:00:00
1793,DEP-01783,Balón de Fútbol Urban Advance,Categoría: Deportes | Marca: Urban | Proveedor: Distribuidora Bajío,2125.06,285,1,2024-06-07 00:00:00,2024-06-07 00:00:00
1794,ELE-01784,Bocina Resistente al Agua Nova Max,Categoría: Electrónica | Marca: Nova | Proveedor: Distribuidora Pacífico,731.61,110,1,2025-07-29 00:00:00,2025-07-29 00:00:00
1795,ALI-01785,Cereal de Avena 500 g Brava Prime,Categoría: Alimentos | Marca: Brava | Proveedor: Distribuidora Metropolitana,543.69,308,1,2025-10-27 00:00:00,2025-10-27 00:00:00
1796,CUI-01786,Crema Corporal Nutritiva 400 ml Nova Classic,Categoría: Cuidado personal | Marca: Nova | Proveedor: Distribuidora Hidalgo,2325.35,176,1,2026-06-27 00:00:00,2026-06-27 00:00:00
1797,HOG-01787,Termo Térmico Marea Essential,Categoría: Hogar | Marca: Marea | Proveedor: Distribuidora Hidalgo,1408.19,75,1,2025-08-27 00:00:00,2025-08-27 00:00:00
1798,CUI-01788,Crema Corporal con Aloe 500 ml Terra Plus,Categoría: Cuidado personal | Marca: Terra | Proveedor: Distribuidora Hidalgo,2203.04,195,1,2024-12-18 00:00:00,2024-12-18 00:00:00
1799,ELE-01789,Teclado Mecánico Nativa Eco,Categoría: Electrónica | Marca: Nativa | Proveedor: Distribuidora Nova,478.15,74,1,2026-04-06 00:00:00,2026-04-06 00:00:00
1800,CUI-01790,Cepillo Dental Suave Terra Select,Categoría: Cuidado personal | Marca: Terra | Proveedor: Distribuidora Mexicana,2185.46,204,1,2024-09-03 00:00:00,2024-09-03 00:00:00
1801,OFI-01791,Memoria USB 128 GB Altura Essential,Categoría: Oficina | Marca: Altura | Proveedor: Distribuidora Bajío,5000.21,84,1,2026-02-09 00:00:00,2026-02-09 00:00:00
1802,ELE-01792,Webcam Autofocus Zenit Eco,Categoría: Electrónica | Marca: Zenit | Proveedor: Distribuidora del Norte,358.73,28,1,2026-05-03 00:00:00,2026-05-03 00:00:00
1803,DEP-01793,Guantes de Ciclismo Lumina Plus,Categoría: Deportes | Marca: Lumina | Proveedor: Distribuidora Metropolitana,2033.80,313,1,2026-04-23 00:00:00,2026-04-23 00:00:00
1804,ELE-01794,Audífonos Bluetooth Zenit Lite,Categoría: Electrónica | Marca: Zenit | Proveedor: Distribuidora Pacífico,336.55,331,1,2024-03-23 00:00:00,2024-03-23 00:00:00
1805,CUI-01795,Shampoo Reparador 700 ml Marea Essential,Categoría: Cuidado personal | Marca: Marea | Proveedor: Distribuidora Nova,1292.94,90,1,2026-06-11 00:00:00,2026-06-11 00:00:00
1806,DEP-01796,Balón de Básquetbol Altura Prime,Categoría: Deportes | Marca: Altura | Proveedor: Distribuidora Pacífico,730.69,143,1,2024-01-18 00:00:00,2024-01-18 00:00:00
1807,DEP-01797,Balón de Voleibol Zenit Pro,Categoría: Deportes | Marca: Zenit | Proveedor: Distribuidora Mexicana,258.31,229,1,2026-01-13 00:00:00,2026-01-13 00:00:00
1808,DEP-01798,Tapete de Yoga 8 mm Prisma Essential,Categoría: Deportes | Marca: Prisma | Proveedor: Distribuidora Bajío,1705.40,47,1,2026-01-12 00:00:00,2026-01-12 00:00:00
1809,DEP-01799,Balón de Fútbol Nexo Advance,Categoría: Deportes | Marca: Nexo | Proveedor: Distribuidora del Norte,2123.91,308,1,2026-02-26 00:00:00,2026-02-26 00:00:00
1810,ELE-01800,Bocina Inteligente Lumina Select,Categoría: Electrónica | Marca: Lumina | Proveedor: Distribuidora Nova,813.77,232,1,2024-04-01 00:00:00,2024-04-01 00:00:00
1811,OFI-01801,Calculadora de Escritorio Aurea Prime,Categoría: Oficina | Marca: Aurea | Proveedor: Distribuidora del Norte,5496.95,205,1,2025-04-23 00:00:00,2025-04-23 00:00:00
1812,ELE-01802,Bocina Bluetooth Aurea Pro,Categoría: Electrónica | Marca: Aurea | Proveedor: Distribuidora Mexicana,2420.41,40,1,2024-01-01 00:00:00,2024-01-01 00:00:00
1813,HOG-01803,Juego de Toallas 4 Piezas Marea Pro,Categoría: Hogar | Marca: Marea | Proveedor: Distribuidora Metropolitana,1210.90,279,1,2025-01-20 00:00:00,2025-01-20 00:00:00
1814,HOG-01804,Juego de Toallas Algodón Kairo Classic,Categoría: Hogar | Marca: Kairo | Proveedor: Distribuidora Mexicana,719.33,25,1,2026-06-04 00:00:00,2026-06-04 00:00:00
1815,ELE-01805,Teclado RGB Kairo Lite,Categoría: Electrónica | Marca: Kairo | Proveedor: Distribuidora Hidalgo,293.05,48,1,2024-10-09 00:00:00,2024-10-09 00:00:00
1816,ELE-01806,Teclado RGB Aurea Classic,Categoría: Electrónica | Marca: Aurea | Proveedor: Distribuidora Bajío,2936.20,203,1,2025-07-01 00:00:00,2025-07-01 00:00:00
1817,HOG-01807,Juego de Toallas Microfibra Nexo Pro,Categoría: Hogar | Marca: Nexo | Proveedor: Distribuidora del Norte,260.93,82,1,2026-06-18 00:00:00,2026-06-18 00:00:00
1818,CUI-01808,Secadora Iónica Orion Select,Categoría: Cuidado personal | Marca: Orion | Proveedor: Distribuidora Mexicana,764.06,214,1,2025-08-09 00:00:00,2025-08-09 00:00:00
1819,ALI-01809,Aceite Vegetal 1 L Cobalto Select,Categoría: Alimentos | Marca: Cobalto | Proveedor: Distribuidora Nova,611.60,118,1,2026-06-16 00:00:00,2026-06-16 00:00:00
1820,CUI-01810,Crema Corporal Nutritiva 400 ml Marea Eco,Categoría: Cuidado personal | Marca: Marea | Proveedor: Distribuidora Bajío,125.30,117,0,2026-01-26 00:00:00,2026-01-26 00:00:00
1821,ALI-01811,Galletas con Chocolate 300 g Urban Eco,Categoría: Alimentos | Marca: Urban | Proveedor: Distribuidora Bajío,551.90,60,1,2025-05-04 00:00:00,2025-05-04 00:00:00
1822,DEP-01812,Balón de Básquetbol Zenit Lite,Categoría: Deportes | Marca: Zenit | Proveedor: Distribuidora Central,2358.47,75,1,2025-01-08 00:00:00,2025-01-08 00:00:00
1823,DEP-01813,Guantes de Ciclismo Lumina Pro,Categoría: Deportes | Marca: Lumina | Proveedor: Distribuidora Metropolitana,614.11,322,1,2024-12-01 00:00:00,2024-12-01 00:00:00
1824,ELE-01814,Bocina Inteligente Nova Prime,Categoría: Electrónica | Marca: Nova | Proveedor: Distribuidora del Norte,1954.90,229,1,2025-12-04 00:00:00,2025-12-04 00:00:00
1825,CUI-01815,Crema Corporal Nutritiva 400 ml Lumina Lite,Categoría: Cuidado personal | Marca: Lumina | Proveedor: Distribuidora del Norte,1838.68,89,1,2025-08-07 00:00:00,2025-08-07 00:00:00
1826,CUI-01816,Rasuradora de Precisión Altura Lite,Categoría: Cuidado personal | Marca: Altura | Proveedor: Distribuidora Pacífico,1671.60,349,1,2024-08-28 00:00:00,2024-08-28 00:00:00
1827,CUI-01817,Secadora 2000 W Nova Pro,Categoría: Cuidado personal | Marca: Nova | Proveedor: Distribuidora Metropolitana,394.41,19,0,2026-03-28 00:00:00,2026-03-28 00:00:00
1828,CUI-01818,Crema Corporal Nutritiva 400 ml Urban Advance,Categoría: Cuidado personal | Marca: Urban | Proveedor: Distribuidora Pacífico,2018.93,128,1,2025-10-25 00:00:00,2025-10-25 00:00:00
1829,CUI-01819,Cepillo Dental Suave Lumina Classic,Categoría: Cuidado personal | Marca: Lumina | Proveedor: Distribuidora Bajío,1000.03,320,1,2026-04-09 00:00:00,2026-04-09 00:00:00
1830,ELE-01820,Webcam Autofocus Lumina Prime,Categoría: Electrónica | Marca: Lumina | Proveedor: Distribuidora Hidalgo,3243.23,120,1,2025-04-03 00:00:00,2025-04-03 00:00:00
1831,HOG-01821,Termo 750 ml Nova Advance,Categoría: Hogar | Marca: Nova | Proveedor: Distribuidora del Norte,1172.86,194,1,2025-09-20 00:00:00,2025-09-20 00:00:00
1832,ALI-01822,Aceite de Aguacate 500 ml Nativa Eco,Categoría: Alimentos | Marca: Nativa | Proveedor: Distribuidora Hidalgo,444.49,319,1,2025-06-01 00:00:00,2025-06-01 00:00:00
1833,HOG-01823,Organizador Multiusos Aurea Max,Categoría: Hogar | Marca: Aurea | Proveedor: Distribuidora Metropolitana,2484.94,19,1,2025-11-28 00:00:00,2025-11-28 00:00:00
1834,DEP-01824,Tapete de Yoga 8 mm Prisma Essential,Categoría: Deportes | Marca: Prisma | Proveedor: Distribuidora Metropolitana,2112.91,15,1,2026-02-12 00:00:00,2026-02-12 00:00:00
1835,DEP-01825,Guantes Deportivos Cobalto Advance,Categoría: Deportes | Marca: Cobalto | Proveedor: Distribuidora del Norte,200.50,344,1,2024-06-20 00:00:00,2024-06-20 00:00:00
1836,CUI-01826,Crema Corporal Nutritiva 400 ml Marea Prime,Categoría: Cuidado personal | Marca: Marea | Proveedor: Distribuidora Hidalgo,783.96,93,1,2025-04-16 00:00:00,2025-04-16 00:00:00
1837,HOG-01827,Organizador Multiusos Kairo Pro,Categoría: Hogar | Marca: Kairo | Proveedor: Distribuidora Mexicana,1623.69,324,1,2025-11-30 00:00:00,2025-11-30 00:00:00
1838,CUI-01828,Cepillo Dental Eléctrico Brava Select,Categoría: Cuidado personal | Marca: Brava | Proveedor: Distribuidora del Norte,1549.19,293,1,2024-12-14 00:00:00,2024-12-14 00:00:00
1839,OFI-01829,Cuaderno Pasta Dura Nexo Lite,Categoría: Oficina | Marca: Nexo | Proveedor: Distribuidora Mexicana,4576.58,247,1,2026-07-24 00:00:00,2026-07-24 00:00:00
1840,DEP-01830,Tapete de Yoga 8 mm Zenit Advance,Categoría: Deportes | Marca: Zenit | Proveedor: Distribuidora Metropolitana,734.01,113,1,2025-06-26 00:00:00,2025-06-26 00:00:00
1841,ALI-01831,Pasta Spaghetti 500 g Brava Lite,Categoría: Alimentos | Marca: Brava | Proveedor: Distribuidora Metropolitana,107.21,200,0,2025-01-09 00:00:00,2025-01-09 00:00:00
1842,ALI-01832,Aceite Vegetal 1 L Terra Eco,Categoría: Alimentos | Marca: Terra | Proveedor: Distribuidora Metropolitana,759.97,286,1,2024-01-17 00:00:00,2024-01-17 00:00:00
1843,DEP-01833,Mancuerna Ajustable Brava Essential,Categoría: Deportes | Marca: Brava | Proveedor: Distribuidora del Norte,654.00,321,1,2026-06-17 00:00:00,2026-06-17 00:00:00
1844,CUI-01834,Secadora Compacta Orion Max,Categoría: Cuidado personal | Marca: Orion | Proveedor: Distribuidora Central,1694.65,84,1,2024-07-22 00:00:00,2024-07-22 00:00:00
1845,ALI-01835,Pasta Fusilli 500 g Brava Classic,Categoría: Alimentos | Marca: Brava | Proveedor: Distribuidora Metropolitana,639.13,44,1,2024-08-03 00:00:00,2024-08-03 00:00:00
1846,ELE-01836,Mouse Gaming Cobalto Plus,Categoría: Electrónica | Marca: Cobalto | Proveedor: Distribuidora Nova,1243.67,167,1,2024-04-19 00:00:00,2024-04-19 00:00:00
1847,HOG-01837,Sartén de Acero 26 cm Aurea Eco,Categoría: Hogar | Marca: Aurea | Proveedor: Distribuidora del Norte,1230.57,268,1,2024-08-31 00:00:00,2024-08-31 00:00:00
1848,DEP-01838,Mancuerna 5 kg Nova Advance,Categoría: Deportes | Marca: Nova | Proveedor: Distribuidora del Norte,862.35,76,1,2024-10-17 00:00:00,2024-10-17 00:00:00
1849,ELE-01839,Audífonos USB-C Nexo Max,Categoría: Electrónica | Marca: Nexo | Proveedor: Distribuidora del Norte,1431.82,270,1,2025-12-13 00:00:00,2025-12-13 00:00:00
1850,DEP-01840,Guantes de Gimnasio Vitta Max,Categoría: Deportes | Marca: Vitta | Proveedor: Distribuidora Mexicana,108.57,184,1,2024-08-28 00:00:00,2024-08-28 00:00:00
1851,CUI-01841,Secadora 2000 W Zenit Pro,Categoría: Cuidado personal | Marca: Zenit | Proveedor: Distribuidora Hidalgo,2496.57,169,1,2025-03-02 00:00:00,2025-03-02 00:00:00
1852,OFI-01842,Memoria USB USB 3.2 Cobalto Lite,Categoría: Oficina | Marca: Cobalto | Proveedor: Distribuidora Mexicana,2672.29,152,1,2024-05-21 00:00:00,2024-05-21 00:00:00
1853,OFI-01843,Memoria USB 128 GB Terra Lite,Categoría: Oficina | Marca: Terra | Proveedor: Distribuidora Hidalgo,3805.28,301,1,2025-01-07 00:00:00,2025-01-07 00:00:00
1854,OFI-01844,Memoria USB 128 GB Nexo Lite,Categoría: Oficina | Marca: Nexo | Proveedor: Distribuidora del Norte,803.74,314,1,2024-03-25 00:00:00,2024-03-25 00:00:00
1855,DEP-01845,Mancuerna 5 kg Vitta Essential,Categoría: Deportes | Marca: Vitta | Proveedor: Distribuidora Mexicana,2657.05,21,1,2026-03-31 00:00:00,2026-03-31 00:00:00
1856,ALI-01846,Cereal de Avena 500 g Brava Plus,Categoría: Alimentos | Marca: Brava | Proveedor: Distribuidora del Norte,766.85,67,1,2026-03-29 00:00:00,2026-03-29 00:00:00
1857,OFI-01847,Cuaderno de Notas Nova Prime,Categoría: Oficina | Marca: Nova | Proveedor: Distribuidora Nova,2062.34,17,1,2025-10-10 00:00:00,2025-10-10 00:00:00
1858,CUI-01848,Crema Corporal Nutritiva 400 ml Orion Classic,Categoría: Cuidado personal | Marca: Orion | Proveedor: Distribuidora Hidalgo,880.18,266,1,2025-01-30 00:00:00,2025-01-30 00:00:00
1859,ALI-01849,Aceite de Oliva 500 ml Nativa Select,Categoría: Alimentos | Marca: Nativa | Proveedor: Distribuidora Bajío,352.46,326,1,2026-01-06 00:00:00,2026-01-06 00:00:00
1860,ALI-01850,Aceite de Oliva 500 ml Nova Pro,Categoría: Alimentos | Marca: Nova | Proveedor: Distribuidora Mexicana,308.51,263,1,2026-07-30 00:00:00,2026-07-30 00:00:00
1861,HOG-01851,Lámpara LED Nexo Lite,Categoría: Hogar | Marca: Nexo | Proveedor: Distribuidora Mexicana,2033.70,54,1,2024-07-13 00:00:00,2024-07-13 00:00:00
1862,HOG-01852,Organizador de Escritorio Nova Classic,Categoría: Hogar | Marca: Nova | Proveedor: Distribuidora Hidalgo,1589.24,30,0,2026-01-26 00:00:00,2026-01-26 00:00:00
1863,ELE-01853,Cargador USB-C 45W Urban Classic,Categoría: Electrónica | Marca: Urban | Proveedor: Distribuidora Bajío,1788.95,104,0,2024-12-19 00:00:00,2024-12-19 00:00:00
1864,HOG-01854,Juego de Toallas Microfibra Lumina Max,Categoría: Hogar | Marca: Lumina | Proveedor: Distribuidora Metropolitana,507.20,92,1,2025-05-06 00:00:00,2025-05-06 00:00:00
1865,OFI-01855,Calculadora Básica Nativa Pro,Categoría: Oficina | Marca: Nativa | Proveedor: Distribuidora Central,2294.82,292,1,2024-11-29 00:00:00,2024-11-29 00:00:00
1866,ELE-01856,Cargador Doble Puerto Zenit Lite,Categoría: Electrónica | Marca: Zenit | Proveedor: Distribuidora Hidalgo,956.65,52,1,2024-02-24 00:00:00,2024-02-24 00:00:00
1867,HOG-01857,Juego de Toallas Algodón Nativa Pro,Categoría: Hogar | Marca: Nativa | Proveedor: Distribuidora Nova,232.24,110,1,2025-03-29 00:00:00,2025-03-29 00:00:00
1868,ALI-01858,Cereal de Avena 500 g Nexo Essential,Categoría: Alimentos | Marca: Nexo | Proveedor: Distribuidora Mexicana,277.19,88,1,2025-08-13 00:00:00,2025-08-13 00:00:00
1869,CUI-01859,Crema Corporal Nutritiva 400 ml Urban Pro,Categoría: Cuidado personal | Marca: Urban | Proveedor: Distribuidora Metropolitana,2676.01,218,1,2025-11-04 00:00:00,2025-11-04 00:00:00
1870,ELE-01860,Webcam con Micrófono Brava Lite,Categoría: Electrónica | Marca: Brava | Proveedor: Distribuidora Mexicana,1993.71,121,1,2024-11-28 00:00:00,2024-11-28 00:00:00
1871,ALI-01861,Cereal de Avena 500 g Aurea Prime,Categoría: Alimentos | Marca: Aurea | Proveedor: Distribuidora Pacífico,455.30,157,1,2025-03-03 00:00:00,2025-03-03 00:00:00
1872,ALI-01862,Aceite Vegetal 1 L Nativa Select,Categoría: Alimentos | Marca: Nativa | Proveedor: Distribuidora Pacífico,150.05,201,1,2024-09-10 00:00:00,2024-09-10 00:00:00
1873,CUI-01863,Cepillo Dental Pack 3 Terra Advance,Categoría: Cuidado personal | Marca: Terra | Proveedor: Distribuidora del Norte,2277.84,255,1,2024-07-03 00:00:00,2024-07-03 00:00:00
1874,CUI-01864,Secadora Profesional Nova Pro,Categoría: Cuidado personal | Marca: Nova | Proveedor: Distribuidora del Norte,1617.65,225,1,2024-06-14 00:00:00,2024-06-14 00:00:00
1875,HOG-01865,Termo Térmico Nativa Plus,Categoría: Hogar | Marca: Nativa | Proveedor: Distribuidora Mexicana,597.45,167,1,2025-08-16 00:00:00,2025-08-16 00:00:00
1876,CUI-01866,Crema Corporal Hidratante 400 ml Vitta Essential,Categoría: Cuidado personal | Marca: Vitta | Proveedor: Distribuidora Mexicana,2282.13,50,1,2026-03-23 00:00:00,2026-03-23 00:00:00
1877,ALI-01867,Café en Grano 1 kg Nexo Essential,Categoría: Alimentos | Marca: Nexo | Proveedor: Distribuidora Bajío,708.73,135,1,2025-09-13 00:00:00,2025-09-13 00:00:00
1878,ALI-01868,Aceite Vegetal 1 L Cobalto Prime,Categoría: Alimentos | Marca: Cobalto | Proveedor: Distribuidora Metropolitana,554.10,190,1,2024-07-08 00:00:00,2024-07-08 00:00:00
1879,CUI-01869,Rasuradora Recargable Altura Select,Categoría: Cuidado personal | Marca: Altura | Proveedor: Distribuidora Nova,92.75,154,1,2026-08-02 00:00:00,2026-08-02 00:00:00
1880,ELE-01870,Cargador Inalámbrico Orion Max,Categoría: Electrónica | Marca: Orion | Proveedor: Distribuidora Nova,371.47,83,1,2026-06-11 00:00:00,2026-06-11 00:00:00
1881,ELE-01871,Audífonos Inalámbricos Nexo Advance,Categoría: Electrónica | Marca: Nexo | Proveedor: Distribuidora Central,2659.08,339,1,2024-04-04 00:00:00,2024-04-04 00:00:00
1882,DEP-01872,Mancuerna 10 kg Altura Advance,Categoría: Deportes | Marca: Altura | Proveedor: Distribuidora Hidalgo,2484.66,2,1,2025-04-26 00:00:00,2025-04-26 00:00:00
1883,ALI-01873,Galletas Integrales 350 g Lumina Advance,Categoría: Alimentos | Marca: Lumina | Proveedor: Distribuidora Hidalgo,773.78,74,1,2024-02-19 00:00:00,2024-02-19 00:00:00
1884,ALI-01874,Cereal Integral 500 g Aurea Pro,Categoría: Alimentos | Marca: Aurea | Proveedor: Distribuidora Hidalgo,116.39,235,1,2025-04-22 00:00:00,2025-04-22 00:00:00
1885,HOG-01875,Lámpara de Escritorio Lumina Plus,Categoría: Hogar | Marca: Lumina | Proveedor: Distribuidora del Norte,351.76,206,1,2024-05-12 00:00:00,2024-05-12 00:00:00
1886,ELE-01876,Audífonos Bluetooth Cobalto Pro,Categoría: Electrónica | Marca: Cobalto | Proveedor: Distribuidora Bajío,2571.05,338,1,2026-08-12 00:00:00,2026-08-12 00:00:00
1887,CUI-01877,Crema Corporal Hidratante 400 ml Kairo Advance,Categoría: Cuidado personal | Marca: Kairo | Proveedor: Distribuidora Metropolitana,574.99,194,1,2024-08-01 00:00:00,2024-08-01 00:00:00
1888,ALI-01878,Cereal con Frutos 450 g Kairo Lite,Categoría: Alimentos | Marca: Kairo | Proveedor: Distribuidora Mexicana,105.21,144,1,2024-04-12 00:00:00,2024-04-12 00:00:00
1889,ELE-01879,Cargador Doble Puerto Vitta Prime,Categoría: Electrónica | Marca: Vitta | Proveedor: Distribuidora Metropolitana,3029.48,295,1,2024-05-17 00:00:00,2024-05-17 00:00:00
1890,OFI-01880,Silla Ejecutiva Nova Advance,Categoría: Oficina | Marca: Nova | Proveedor: Distribuidora Metropolitana,1189.95,187,1,2026-01-08 00:00:00,2026-01-08 00:00:00
1891,ELE-01881,Webcam Full HD Aurea Advance,Categoría: Electrónica | Marca: Aurea | Proveedor: Distribuidora Bajío,2146.28,65,0,2026-04-23 00:00:00,2026-04-23 00:00:00
1892,ELE-01882,Teclado RGB Orion Pro,Categoría: Electrónica | Marca: Orion | Proveedor: Distribuidora Metropolitana,1071.80,217,1,2025-07-16 00:00:00,2025-07-16 00:00:00
1893,OFI-01883,Silla de Oficina Vitta Select,Categoría: Oficina | Marca: Vitta | Proveedor: Distribuidora del Norte,5082.58,132,1,2026-06-28 00:00:00,2026-06-28 00:00:00
1894,HOG-01884,Lámpara LED Nativa Essential,Categoría: Hogar | Marca: Nativa | Proveedor: Distribuidora Mexicana,1101.35,185,1,2025-05-05 00:00:00,2025-05-05 00:00:00
1895,DEP-01885,Mancuerna 5 kg Nexo Advance,Categoría: Deportes | Marca: Nexo | Proveedor: Distribuidora del Norte,1891.53,226,1,2025-03-17 00:00:00,2025-03-17 00:00:00
1896,CUI-01886,Shampoo Anticaspa 650 ml Brava Pro,Categoría: Cuidado personal | Marca: Brava | Proveedor: Distribuidora del Norte,393.33,144,1,2024-12-16 00:00:00,2024-12-16 00:00:00
1897,HOG-01887,Lámpara LED Kairo Essential,Categoría: Hogar | Marca: Kairo | Proveedor: Distribuidora Central,683.27,63,1,2025-09-22 00:00:00,2025-09-22 00:00:00
1898,DEP-01888,Balón Entrenamiento Prisma Eco,Categoría: Deportes | Marca: Prisma | Proveedor: Distribuidora del Norte,2687.75,157,1,2025-01-14 00:00:00,2025-01-14 00:00:00
1899,ALI-01889,Pasta Penne 500 g Kairo Eco,Categoría: Alimentos | Marca: Kairo | Proveedor: Distribuidora Pacífico,677.87,126,1,2025-05-06 00:00:00,2025-05-06 00:00:00
1900,HOG-01890,Sartén Antiadherente 28 cm Urban Essential,Categoría: Hogar | Marca: Urban | Proveedor: Distribuidora Central,346.56,284,1,2026-02-26 00:00:00,2026-02-26 00:00:00
1901,CUI-01891,Shampoo Hidratante 750 ml Aurea Essential,Categoría: Cuidado personal | Marca: Aurea | Proveedor: Distribuidora Nova,2264.99,211,1,2024-04-12 00:00:00,2024-04-12 00:00:00
1902,OFI-01892,Cuaderno Cuadriculado Nexo Eco,Categoría: Oficina | Marca: Nexo | Proveedor: Distribuidora Central,3114.09,278,1,2025-06-13 00:00:00,2025-06-13 00:00:00
1903,ALI-01893,Pasta Penne 500 g Orion Pro,Categoría: Alimentos | Marca: Orion | Proveedor: Distribuidora Metropolitana,483.79,55,1,2025-12-22 00:00:00,2025-12-22 00:00:00
1904,ELE-01894,Teclado Mecánico Urban Max,Categoría: Electrónica | Marca: Urban | Proveedor: Distribuidora Bajío,489.58,27,1,2025-12-30 00:00:00,2025-12-30 00:00:00
1905,ELE-01895,Audífonos USB-C Prisma Lite,Categoría: Electrónica | Marca: Prisma | Proveedor: Distribuidora Pacífico,3344.52,251,1,2024-07-23 00:00:00,2024-07-23 00:00:00
1906,HOG-01896,Lámpara LED Nova Essential,Categoría: Hogar | Marca: Nova | Proveedor: Distribuidora Metropolitana,1446.62,93,1,2025-06-28 00:00:00,2025-06-28 00:00:00
1907,ALI-01897,Pasta Penne 500 g Urban Eco,Categoría: Alimentos | Marca: Urban | Proveedor: Distribuidora Central,486.43,254,1,2024-07-28 00:00:00,2024-07-28 00:00:00
1908,ELE-01898,Mouse Ergonómico Aurea Advance,Categoría: Electrónica | Marca: Aurea | Proveedor: Distribuidora Pacífico,1497.64,225,1,2026-05-08 00:00:00,2026-05-08 00:00:00
1909,DEP-01899,Balón de Básquetbol Lumina Prime,Categoría: Deportes | Marca: Lumina | Proveedor: Distribuidora Nova,1791.78,268,1,2026-04-30 00:00:00,2026-04-30 00:00:00
1910,DEP-01900,Botella Deportiva 750 ml Altura Classic,Categoría: Deportes | Marca: Altura | Proveedor: Distribuidora del Norte,1261.68,217,1,2024-11-14 00:00:00,2024-11-14 00:00:00
1911,ALI-01901,Galletas de Avena 300 g Lumina Plus,Categoría: Alimentos | Marca: Lumina | Proveedor: Distribuidora Bajío,64.15,301,1,2025-11-13 00:00:00,2025-11-13 00:00:00
1912,OFI-01902,Cuaderno Profesional Terra Advance,Categoría: Oficina | Marca: Terra | Proveedor: Distribuidora del Norte,1442.22,282,1,2026-04-20 00:00:00,2026-04-20 00:00:00
1913,ALI-01903,Pasta Fusilli 500 g Nova Prime,Categoría: Alimentos | Marca: Nova | Proveedor: Distribuidora Metropolitana,217.95,33,1,2026-03-14 00:00:00,2026-03-14 00:00:00
1914,OFI-01904,Memoria USB 32 GB Kairo Advance,Categoría: Oficina | Marca: Kairo | Proveedor: Distribuidora Bajío,4935.69,202,1,2025-10-16 00:00:00,2025-10-16 00:00:00
1915,ELE-01905,Teclado RGB Cobalto Plus,Categoría: Electrónica | Marca: Cobalto | Proveedor: Distribuidora Pacífico,2874.78,195,1,2024-04-14 00:00:00,2024-04-14 00:00:00
1916,DEP-01906,Botella Deportiva 1 L Aurea Max,Categoría: Deportes | Marca: Aurea | Proveedor: Distribuidora Bajío,923.17,25,1,2025-05-06 00:00:00,2025-05-06 00:00:00
1917,HOG-01907,Organizador de Escritorio Marea Eco,Categoría: Hogar | Marca: Marea | Proveedor: Distribuidora Pacífico,521.90,263,1,2025-08-19 00:00:00,2025-08-19 00:00:00
1918,ELE-01908,Cargador Doble Puerto Nova Plus,Categoría: Electrónica | Marca: Nova | Proveedor: Distribuidora Mexicana,2532.48,135,1,2026-06-23 00:00:00,2026-06-23 00:00:00
1919,ALI-01909,Cereal Integral 500 g Aurea Max,Categoría: Alimentos | Marca: Aurea | Proveedor: Distribuidora Mexicana,64.46,235,1,2024-04-18 00:00:00,2024-04-18 00:00:00
1920,ELE-01910,Teclado Mecánico Terra Plus,Categoría: Electrónica | Marca: Terra | Proveedor: Distribuidora del Norte,2995.22,279,1,2024-08-28 00:00:00,2024-08-28 00:00:00
1921,ALI-01911,Galletas con Chocolate 300 g Cobalto Pro,Categoría: Alimentos | Marca: Cobalto | Proveedor: Distribuidora Bajío,719.62,42,1,2024-01-23 00:00:00,2024-01-23 00:00:00
1922,CUI-01912,Secadora 2000 W Nova Plus,Categoría: Cuidado personal | Marca: Nova | Proveedor: Distribuidora Pacífico,2717.78,204,1,2024-11-07 00:00:00,2024-11-07 00:00:00
1923,HOG-01913,Lámpara Minimalista Prisma Lite,Categoría: Hogar | Marca: Prisma | Proveedor: Distribuidora Bajío,1320.81,119,1,2025-06-03 00:00:00,2025-06-03 00:00:00
1924,ELE-01914,Cargador USB-C 45W Altura Essential,Categoría: Electrónica | Marca: Altura | Proveedor: Distribuidora Hidalgo,1018.33,23,1,2025-04-30 00:00:00,2025-04-30 00:00:00
1925,ALI-01915,Café en Grano 1 kg Aurea Eco,Categoría: Alimentos | Marca: Aurea | Proveedor: Distribuidora Hidalgo,461.09,153,1,2024-04-03 00:00:00,2024-04-03 00:00:00
1926,ALI-01916,Café en Grano 1 kg Nativa Advance,Categoría: Alimentos | Marca: Nativa | Proveedor: Distribuidora Hidalgo,234.30,84,1,2025-07-27 00:00:00,2025-07-27 00:00:00
1927,HOG-01917,Juego de Toallas Microfibra Nativa Essential,Categoría: Hogar | Marca: Nativa | Proveedor: Distribuidora Metropolitana,725.47,301,1,2024-08-22 00:00:00,2024-08-22 00:00:00
1928,OFI-01918,Cuaderno Cuadriculado Orion Prime,Categoría: Oficina | Marca: Orion | Proveedor: Distribuidora Nova,2582.52,253,1,2024-06-30 00:00:00,2024-06-30 00:00:00
1929,ALI-01919,Galletas con Chocolate 300 g Brava Prime,Categoría: Alimentos | Marca: Brava | Proveedor: Distribuidora del Norte,584.50,181,1,2026-03-08 00:00:00,2026-03-08 00:00:00
1930,CUI-01920,Rasuradora 3 Cabezas Kairo Essential,Categoría: Cuidado personal | Marca: Kairo | Proveedor: Distribuidora Pacífico,2481.65,215,1,2026-05-05 00:00:00,2026-05-05 00:00:00
1931,DEP-01921,Guantes de Ciclismo Terra Advance,Categoría: Deportes | Marca: Terra | Proveedor: Distribuidora Bajío,1338.29,136,1,2025-06-07 00:00:00,2025-06-07 00:00:00
1932,ELE-01922,Bocina Bluetooth Vitta Lite,Categoría: Electrónica | Marca: Vitta | Proveedor: Distribuidora Mexicana,1281.36,197,1,2024-06-12 00:00:00,2024-06-12 00:00:00
1933,OFI-01923,Memoria USB 64 GB Urban Classic,Categoría: Oficina | Marca: Urban | Proveedor: Distribuidora Central,3271.18,64,1,2025-05-29 00:00:00,2025-05-29 00:00:00
1934,HOG-01924,Sartén de Acero 26 cm Zenit Lite,Categoría: Hogar | Marca: Zenit | Proveedor: Distribuidora Central,1764.98,116,1,2026-06-20 00:00:00,2026-06-20 00:00:00
1935,OFI-01925,Silla con Soporte Lumbar Vitta Lite,Categoría: Oficina | Marca: Vitta | Proveedor: Distribuidora del Norte,2690.02,294,0,2025-03-11 00:00:00,2025-03-11 00:00:00
1936,ELE-01926,Audífonos USB-C Lumina Select,Categoría: Electrónica | Marca: Lumina | Proveedor: Distribuidora Nova,3494.68,57,1,2025-01-01 00:00:00,2025-01-01 00:00:00
1937,CUI-01927,Crema Corporal Hidratante 400 ml Urban Plus,Categoría: Cuidado personal | Marca: Urban | Proveedor: Distribuidora Hidalgo,685.72,243,0,2026-07-04 00:00:00,2026-07-04 00:00:00
1938,HOG-01928,Organizador de Cocina Terra Prime,Categoría: Hogar | Marca: Terra | Proveedor: Distribuidora Hidalgo,1425.23,48,1,2024-12-06 00:00:00,2024-12-06 00:00:00
1939,ALI-01929,Café en Grano 1 kg Prisma Classic,Categoría: Alimentos | Marca: Prisma | Proveedor: Distribuidora Mexicana,605.87,253,1,2024-09-25 00:00:00,2024-09-25 00:00:00
1940,ELE-01930,Bocina Inteligente Altura Select,Categoría: Electrónica | Marca: Altura | Proveedor: Distribuidora Central,2484.00,140,1,2026-03-17 00:00:00,2026-03-17 00:00:00
1941,DEP-01931,Botella Deportiva Térmica Nativa Plus,Categoría: Deportes | Marca: Nativa | Proveedor: Distribuidora Pacífico,2336.68,64,1,2025-08-31 00:00:00,2025-08-31 00:00:00
1942,CUI-01932,Shampoo Reparador 700 ml Nova Eco,Categoría: Cuidado personal | Marca: Nova | Proveedor: Distribuidora Mexicana,1316.59,282,1,2024-04-09 00:00:00,2024-04-09 00:00:00
1943,DEP-01933,Mancuerna Hexagonal Orion Select,Categoría: Deportes | Marca: Orion | Proveedor: Distribuidora Mexicana,2532.63,318,1,2026-07-30 00:00:00,2026-07-30 00:00:00
1944,DEP-01934,Mancuerna Hexagonal Brava Advance,Categoría: Deportes | Marca: Brava | Proveedor: Distribuidora Bajío,1240.86,316,1,2024-11-15 00:00:00,2024-11-15 00:00:00
1945,DEP-01935,Guantes Deportivos Lumina Prime,Categoría: Deportes | Marca: Lumina | Proveedor: Distribuidora Metropolitana,1079.23,133,1,2026-04-02 00:00:00,2026-04-02 00:00:00
1946,ELE-01936,Audífonos Inalámbricos Nexo Essential,Categoría: Electrónica | Marca: Nexo | Proveedor: Distribuidora Metropolitana,2979.14,244,1,2024-09-09 00:00:00,2024-09-09 00:00:00
1947,DEP-01937,Botella Deportiva con Popote Orion Plus,Categoría: Deportes | Marca: Orion | Proveedor: Distribuidora Central,1469.74,216,1,2024-08-20 00:00:00,2024-08-20 00:00:00
1948,CUI-01938,Secadora Profesional Aurea Eco,Categoría: Cuidado personal | Marca: Aurea | Proveedor: Distribuidora Mexicana,910.82,210,1,2024-04-12 00:00:00,2024-04-12 00:00:00
1949,OFI-01939,Calculadora Básica Altura Eco,Categoría: Oficina | Marca: Altura | Proveedor: Distribuidora Central,2930.57,25,1,2025-08-31 00:00:00,2025-08-31 00:00:00
1950,CUI-01940,Cepillo Dental Medio Kairo Lite,Categoría: Cuidado personal | Marca: Kairo | Proveedor: Distribuidora Mexicana,2719.89,128,1,2024-02-18 00:00:00,2024-02-18 00:00:00
1951,DEP-01941,Balón de Voleibol Urban Eco,Categoría: Deportes | Marca: Urban | Proveedor: Distribuidora Metropolitana,1536.74,25,1,2026-03-19 00:00:00,2026-03-19 00:00:00
1952,HOG-01942,Lámpara de Noche Marea Eco,Categoría: Hogar | Marca: Marea | Proveedor: Distribuidora Bajío,2172.73,250,1,2024-12-14 00:00:00,2024-12-14 00:00:00
1953,ELE-01943,Cargador Doble Puerto Kairo Prime,Categoría: Electrónica | Marca: Kairo | Proveedor: Distribuidora Central,3380.94,98,1,2025-03-11 00:00:00,2025-03-11 00:00:00
1954,OFI-01944,Calculadora Financiera Zenit Pro,Categoría: Oficina | Marca: Zenit | Proveedor: Distribuidora Hidalgo,5129.97,94,1,2024-12-10 00:00:00,2024-12-10 00:00:00
1955,ELE-01945,Audífonos con Micrófono Marea Advance,Categoría: Electrónica | Marca: Marea | Proveedor: Distribuidora Central,2186.60,117,1,2024-01-10 00:00:00,2024-01-10 00:00:00
1956,ALI-01946,Aceite de Oliva 500 ml Nexo Plus,Categoría: Alimentos | Marca: Nexo | Proveedor: Distribuidora Mexicana,160.38,150,1,2026-02-19 00:00:00,2026-02-19 00:00:00
1957,DEP-01947,Balón Entrenamiento Kairo Eco,Categoría: Deportes | Marca: Kairo | Proveedor: Distribuidora del Norte,479.92,161,0,2025-02-03 00:00:00,2025-02-03 00:00:00
1958,ELE-01948,Teclado Compacto Orion Plus,Categoría: Electrónica | Marca: Orion | Proveedor: Distribuidora Pacífico,1396.91,257,1,2025-06-30 00:00:00,2025-06-30 00:00:00
1959,ALI-01949,Aceite de Oliva 500 ml Nova Lite,Categoría: Alimentos | Marca: Nova | Proveedor: Distribuidora Hidalgo,36.62,242,1,2025-05-07 00:00:00,2025-05-07 00:00:00
1960,CUI-01950,Crema Corporal Hidratante 400 ml Lumina Pro,Categoría: Cuidado personal | Marca: Lumina | Proveedor: Distribuidora Bajío,1636.37,183,1,2026-08-11 00:00:00,2026-08-11 00:00:00
1961,ELE-01951,Mouse Óptico Vitta Eco,Categoría: Electrónica | Marca: Vitta | Proveedor: Distribuidora Hidalgo,2803.97,84,1,2024-03-18 00:00:00,2024-03-18 00:00:00
1962,ELE-01952,Teclado Mecánico Aurea Lite,Categoría: Electrónica | Marca: Aurea | Proveedor: Distribuidora Metropolitana,990.62,245,1,2024-08-21 00:00:00,2024-08-21 00:00:00
1963,ALI-01953,Galletas con Chocolate 300 g Zenit Lite,Categoría: Alimentos | Marca: Zenit | Proveedor: Distribuidora Metropolitana,62.22,283,1,2026-04-18 00:00:00,2026-04-18 00:00:00
1964,OFI-01954,Calculadora de Escritorio Kairo Pro,Categoría: Oficina | Marca: Kairo | Proveedor: Distribuidora Nova,770.99,285,1,2025-05-30 00:00:00,2025-05-30 00:00:00
1965,OFI-01955,Calculadora Básica Altura Essential,Categoría: Oficina | Marca: Altura | Proveedor: Distribuidora Pacífico,4065.59,219,1,2024-11-08 00:00:00,2024-11-08 00:00:00
1966,OFI-01956,Silla de Oficina Vitta Select,Categoría: Oficina | Marca: Vitta | Proveedor: Distribuidora del Norte,5077.62,39,1,2024-05-23 00:00:00,2024-05-23 00:00:00
1967,HOG-01957,Juego de Toallas 6 Piezas Nativa Advance,Categoría: Hogar | Marca: Nativa | Proveedor: Distribuidora Bajío,1853.92,43,1,2025-03-24 00:00:00,2025-03-24 00:00:00
1968,DEP-01958,Tapete de Yoga 8 mm Kairo Pro,Categoría: Deportes | Marca: Kairo | Proveedor: Distribuidora Nova,1512.82,15,1,2026-06-07 00:00:00,2026-06-07 00:00:00
1969,CUI-01959,Rasuradora 3 Cabezas Lumina Max,Categoría: Cuidado personal | Marca: Lumina | Proveedor: Distribuidora Central,1018.90,6,1,2026-03-31 00:00:00,2026-03-31 00:00:00
1970,CUI-01960,Rasuradora 3 Cabezas Altura Classic,Categoría: Cuidado personal | Marca: Altura | Proveedor: Distribuidora Nova,950.93,325,1,2024-02-03 00:00:00,2024-02-03 00:00:00
1971,HOG-01961,Sartén de Acero 26 cm Vitta Classic,Categoría: Hogar | Marca: Vitta | Proveedor: Distribuidora Metropolitana,1589.39,117,1,2026-05-18 00:00:00,2026-05-18 00:00:00
1972,OFI-01962,Cuaderno Profesional Orion Lite,Categoría: Oficina | Marca: Orion | Proveedor: Distribuidora Bajío,447.25,202,1,2025-04-30 00:00:00,2025-04-30 00:00:00
1973,CUI-01963,Shampoo Anticaspa 650 ml Prisma Pro,Categoría: Cuidado personal | Marca: Prisma | Proveedor: Distribuidora Metropolitana,812.96,130,1,2024-09-24 00:00:00,2024-09-24 00:00:00
1974,ELE-01964,Cargador USB-C 45W Prisma Plus,Categoría: Electrónica | Marca: Prisma | Proveedor: Distribuidora Nova,1740.62,317,1,2025-04-06 00:00:00,2025-04-06 00:00:00
1975,CUI-01965,Shampoo Hidratante 750 ml Marea Select,Categoría: Cuidado personal | Marca: Marea | Proveedor: Distribuidora Mexicana,1817.61,63,1,2025-07-03 00:00:00,2025-07-03 00:00:00
1976,CUI-01966,Secadora 2000 W Zenit Advance,Categoría: Cuidado personal | Marca: Zenit | Proveedor: Distribuidora Mexicana,1608.99,217,1,2026-06-25 00:00:00,2026-06-25 00:00:00
1977,ALI-01967,Galletas de Avena 300 g Kairo Prime,Categoría: Alimentos | Marca: Kairo | Proveedor: Distribuidora Bajío,397.48,68,1,2024-04-17 00:00:00,2024-04-17 00:00:00
1978,DEP-01968,Tapete de Yoga Antideslizante Zenit Select,Categoría: Deportes | Marca: Zenit | Proveedor: Distribuidora Hidalgo,195.01,45,1,2025-12-28 00:00:00,2025-12-28 00:00:00
1979,OFI-01969,Mochila Ejecutiva Brava Advance,Categoría: Oficina | Marca: Brava | Proveedor: Distribuidora Nova,2716.00,266,1,2024-08-31 00:00:00,2024-08-31 00:00:00
1980,ELE-01970,Teclado Mecánico Nativa Essential,Categoría: Electrónica | Marca: Nativa | Proveedor: Distribuidora Nova,1461.86,80,1,2024-06-25 00:00:00,2024-06-25 00:00:00
1981,CUI-01971,Shampoo Reparador 700 ml Aurea Pro,Categoría: Cuidado personal | Marca: Aurea | Proveedor: Distribuidora del Norte,446.27,22,1,2024-01-16 00:00:00,2024-01-16 00:00:00
1982,HOG-01972,Lámpara de Escritorio Lumina Lite,Categoría: Hogar | Marca: Lumina | Proveedor: Distribuidora Hidalgo,1012.97,222,0,2024-04-27 00:00:00,2024-04-27 00:00:00
1983,ELE-01973,Cargador Doble Puerto Zenit Plus,Categoría: Electrónica | Marca: Zenit | Proveedor: Distribuidora Pacífico,186.53,42,1,2024-07-12 00:00:00,2024-07-12 00:00:00
1984,ELE-01974,Mouse Inalámbrico Brava Lite,Categoría: Electrónica | Marca: Brava | Proveedor: Distribuidora Nova,1118.37,163,1,2025-10-18 00:00:00,2025-10-18 00:00:00
1985,CUI-01975,Secadora Compacta Nativa Classic,Categoría: Cuidado personal | Marca: Nativa | Proveedor: Distribuidora Mexicana,1204.82,281,1,2024-07-18 00:00:00,2024-07-18 00:00:00
1986,DEP-01976,Guantes Deportivos Orion Essential,Categoría: Deportes | Marca: Orion | Proveedor: Distribuidora Bajío,99.62,8,1,2026-05-05 00:00:00,2026-05-05 00:00:00
1987,HOG-01977,Lámpara de Noche Terra Prime,Categoría: Hogar | Marca: Terra | Proveedor: Distribuidora Hidalgo,2384.04,301,1,2025-03-24 00:00:00,2025-03-24 00:00:00
1988,OFI-01978,Cuaderno Profesional Urban Eco,Categoría: Oficina | Marca: Urban | Proveedor: Distribuidora Hidalgo,5834.66,342,1,2025-03-08 00:00:00,2025-03-08 00:00:00
1989,ELE-01979,Audífonos con Micrófono Prisma Classic,Categoría: Electrónica | Marca: Prisma | Proveedor: Distribuidora Nova,3055.14,46,0,2024-10-15 00:00:00,2024-10-15 00:00:00
1990,DEP-01980,Guantes Deportivos Orion Eco,Categoría: Deportes | Marca: Orion | Proveedor: Distribuidora Pacífico,1876.08,302,1,2026-03-01 00:00:00,2026-03-01 00:00:00
1991,ELE-01981,Cargador USB-C 20W Prisma Lite,Categoría: Electrónica | Marca: Prisma | Proveedor: Distribuidora Hidalgo,2695.70,220,1,2025-07-15 00:00:00,2025-07-15 00:00:00
1992,CUI-01982,Crema Corporal con Aloe 500 ml Zenit Pro,Categoría: Cuidado personal | Marca: Zenit | Proveedor: Distribuidora Central,1114.69,235,1,2025-06-24 00:00:00,2025-06-24 00:00:00
1993,DEP-01983,Guantes de Gimnasio Nativa Lite,Categoría: Deportes | Marca: Nativa | Proveedor: Distribuidora Bajío,2984.47,338,1,2026-03-11 00:00:00,2026-03-11 00:00:00
1994,OFI-01984,Cuaderno Pasta Dura Urban Pro,Categoría: Oficina | Marca: Urban | Proveedor: Distribuidora Bajío,2200.06,39,1,2026-07-07 00:00:00,2026-07-07 00:00:00
1995,ALI-01985,Galletas de Avena 300 g Vitta Essential,Categoría: Alimentos | Marca: Vitta | Proveedor: Distribuidora Hidalgo,755.09,67,1,2026-06-21 00:00:00,2026-06-21 00:00:00
1996,OFI-01986,Silla Ejecutiva Zenit Essential,Categoría: Oficina | Marca: Zenit | Proveedor: Distribuidora Central,1840.46,40,1,2026-02-18 00:00:00,2026-02-18 00:00:00
1997,CUI-01987,Cepillo Dental Medio Lumina Max,Categoría: Cuidado personal | Marca: Lumina | Proveedor: Distribuidora Metropolitana,1039.76,261,1,2026-09-07 00:00:00,2026-09-07 00:00:00
1998,DEP-01988,Balón de Voleibol Lumina Pro,Categoría: Deportes | Marca: Lumina | Proveedor: Distribuidora Mexicana,1509.89,197,1,2026-03-13 00:00:00,2026-03-13 00:00:00
1999,CUI-01989,Secadora Iónica Terra Plus,Categoría: Cuidado personal | Marca: Terra | Proveedor: Distribuidora Hidalgo,1720.95,303,1,2026-08-20 00:00:00,2026-08-20 00:00:00
2000,OFI-01990,Mochila Ejecutiva Vitta Advance,Categoría: Oficina | Marca: Vitta | Proveedor: Distribuidora del Norte,5659.20,171,1,2025-04-05 00:00:00,2025-04-05 00:00:00
2001,ALI-01991,Pasta Fusilli 500 g Prisma Classic,Categoría: Alimentos | Marca: Prisma | Proveedor: Distribuidora Metropolitana,734.18,53,1,2025-11-28 00:00:00,2025-11-28 00:00:00
2002,DEP-01992,Botella Deportiva con Popote Urban Lite,Categoría: Deportes | Marca: Urban | Proveedor: Distribuidora Mexicana,456.88,295,1,2024-05-09 00:00:00,2024-05-09 00:00:00
2003,OFI-01993,Silla Ergonómica Nova Essential,Categoría: Oficina | Marca: Nova | Proveedor: Distribuidora Nova,412.93,204,1,2026-08-05 00:00:00,2026-08-05 00:00:00
2004,OFI-01994,Silla de Oficina Altura Max,Categoría: Oficina | Marca: Altura | Proveedor: Distribuidora Pacífico,1058.88,69,1,2026-05-17 00:00:00,2026-05-17 00:00:00
2005,HOG-01995,Termo 750 ml Marea Classic,Categoría: Hogar | Marca: Marea | Proveedor: Distribuidora Bajío,91.24,45,1,2025-06-16 00:00:00,2025-06-16 00:00:00
2006,CUI-01996,Crema Corporal Hidratante 400 ml Terra Max,Categoría: Cuidado personal | Marca: Terra | Proveedor: Distribuidora Hidalgo,706.98,69,1,2024-03-15 00:00:00,2024-03-15 00:00:00
2007,CUI-01997,Cepillo Dental Suave Nativa Plus,Categoría: Cuidado personal | Marca: Nativa | Proveedor: Distribuidora Central,207.26,179,1,2024-04-03 00:00:00,2024-04-03 00:00:00
2008,OFI-01998,Cuaderno de Notas Cobalto Plus,Categoría: Oficina | Marca: Cobalto | Proveedor: Distribuidora del Norte,5886.01,336,1,2024-11-18 00:00:00,2024-11-18 00:00:00
2009,ELE-01999,Webcam Full HD Prisma Select,Categoría: Electrónica | Marca: Prisma | Proveedor: Distribuidora Central,3321.46,225,1,2026-04-20 00:00:00,2026-04-20 00:00:00
2010,HOG-02000,Lámpara de Escritorio Cobalto Plus,Categoría: Hogar | Marca: Cobalto | Proveedor: Distribuidora Metropolitana,2038.38,303,0,2025-11-27 00:00:00,2025-11-27 00:00:00
2011,DEP-02001,Mancuerna 5 kg Kairo Lite,Categoría: Deportes | Marca: Kairo | Proveedor: Distribuidora Nova,2159.11,150,1,2026-04-10 00:00:00,2026-04-10 00:00:00
2012,CUI-02002,Secadora Profesional Urban Advance,Categoría: Cuidado personal | Marca: Urban | Proveedor: Distribuidora Hidalgo,1574.39,109,1,2024-12-18 00:00:00,2024-12-18 00:00:00
2013,OFI-02003,Calculadora Financiera Orion Eco,Categoría: Oficina | Marca: Orion | Proveedor: Distribuidora Mexicana,5022.89,45,1,2025-04-30 00:00:00,2025-04-30 00:00:00
2014,OFI-02004,Memoria USB 32 GB Aurea Plus,Categoría: Oficina | Marca: Aurea | Proveedor: Distribuidora Central,246.85,170,1,2024-06-06 00:00:00,2024-06-06 00:00:00
2015,CUI-02005,Secadora Profesional Brava Pro,Categoría: Cuidado personal | Marca: Brava | Proveedor: Distribuidora Nova,234.26,151,1,2026-06-21 00:00:00,2026-06-21 00:00:00
2016,ALI-02006,Pasta Penne 500 g Terra Lite,Categoría: Alimentos | Marca: Terra | Proveedor: Distribuidora Metropolitana,616.29,123,1,2026-06-11 00:00:00,2026-06-11 00:00:00
2017,DEP-02007,Guantes de Gimnasio Zenit Classic,Categoría: Deportes | Marca: Zenit | Proveedor: Distribuidora Central,2937.93,222,1,2026-02-02 00:00:00,2026-02-02 00:00:00
2018,HOG-02008,Termo 750 ml Terra Classic,Categoría: Hogar | Marca: Terra | Proveedor: Distribuidora Nova,2331.90,257,1,2025-07-14 00:00:00,2025-07-14 00:00:00
2019,HOG-02009,Sartén Antiadherente 24 cm Zenit Classic,Categoría: Hogar | Marca: Zenit | Proveedor: Distribuidora Central,1061.26,70,1,2024-12-04 00:00:00,2024-12-04 00:00:00
2020,DEP-02010,Balón de Voleibol Altura Eco,Categoría: Deportes | Marca: Altura | Proveedor: Distribuidora Metropolitana,1136.91,317,1,2024-12-26 00:00:00,2024-12-26 00:00:00
2021,DEP-02011,Tapete de Yoga 8 mm Nexo Essential,Categoría: Deportes | Marca: Nexo | Proveedor: Distribuidora Metropolitana,1817.73,276,1,2026-07-12 00:00:00,2026-07-12 00:00:00
2022,ELE-02012,Audífonos con Micrófono Kairo Essential,Categoría: Electrónica | Marca: Kairo | Proveedor: Distribuidora del Norte,2380.38,307,1,2026-06-29 00:00:00,2026-06-29 00:00:00
2023,ELE-02013,Audífonos con Micrófono Zenit Plus,Categoría: Electrónica | Marca: Zenit | Proveedor: Distribuidora Mexicana,2162.44,9,1,2024-12-02 00:00:00,2024-12-02 00:00:00
2024,ALI-02014,Aceite Vegetal 1 L Zenit Essential,Categoría: Alimentos | Marca: Zenit | Proveedor: Distribuidora Mexicana,556.53,90,0,2025-10-11 00:00:00,2025-10-11 00:00:00
2025,ALI-02015,Galletas Integrales 350 g Brava Prime,Categoría: Alimentos | Marca: Brava | Proveedor: Distribuidora del Norte,657.80,137,1,2025-11-29 00:00:00,2025-11-29 00:00:00
2026,ELE-02016,Audífonos Inalámbricos Nexo Max,Categoría: Electrónica | Marca: Nexo | Proveedor: Distribuidora Metropolitana,3167.74,289,1,2026-06-11 00:00:00,2026-06-11 00:00:00
2027,ELE-02017,Teclado RGB Altura Plus,Categoría: Electrónica | Marca: Altura | Proveedor: Distribuidora Nova,1219.35,172,1,2026-06-02 00:00:00,2026-06-02 00:00:00
2028,HOG-02018,Sartén de Acero 26 cm Terra Max,Categoría: Hogar | Marca: Terra | Proveedor: Distribuidora Metropolitana,1612.59,316,1,2024-02-02 00:00:00,2024-02-02 00:00:00
2029,ELE-02019,Bocina Bluetooth Cobalto Select,Categoría: Electrónica | Marca: Cobalto | Proveedor: Distribuidora Central,2978.16,237,1,2026-08-11 00:00:00,2026-08-11 00:00:00
2030,ALI-02020,Galletas con Chocolate 300 g Prisma Essential,Categoría: Alimentos | Marca: Prisma | Proveedor: Distribuidora del Norte,732.01,341,0,2024-02-19 00:00:00,2024-02-19 00:00:00
2031,DEP-02021,Mancuerna 10 kg Kairo Essential,Categoría: Deportes | Marca: Kairo | Proveedor: Distribuidora del Norte,680.50,296,1,2024-01-04 00:00:00,2024-01-04 00:00:00
2032,HOG-02022,Lámpara LED Urban Essential,Categoría: Hogar | Marca: Urban | Proveedor: Distribuidora del Norte,1304.69,145,1,2024-03-14 00:00:00,2024-03-14 00:00:00
2033,ALI-02023,Galletas de Avena 300 g Brava Prime,Categoría: Alimentos | Marca: Brava | Proveedor: Distribuidora Mexicana,706.51,315,1,2025-07-12 00:00:00,2025-07-12 00:00:00
2034,HOG-02024,Sartén de Acero 26 cm Marea Pro,Categoría: Hogar | Marca: Marea | Proveedor: Distribuidora del Norte,189.61,198,1,2024-02-04 00:00:00,2024-02-04 00:00:00
2035,DEP-02025,Guantes de Gimnasio Nova Eco,Categoría: Deportes | Marca: Nova | Proveedor: Distribuidora Central,1751.17,280,1,2024-03-16 00:00:00,2024-03-16 00:00:00
2036,ALI-02026,Aceite de Aguacate 500 ml Terra Essential,Categoría: Alimentos | Marca: Terra | Proveedor: Distribuidora Bajío,627.40,123,1,2025-05-27 00:00:00,2025-05-27 00:00:00
2037,ALI-02027,Cereal de Avena 500 g Aurea Select,Categoría: Alimentos | Marca: Aurea | Proveedor: Distribuidora Pacífico,466.39,147,1,2025-08-17 00:00:00,2025-08-17 00:00:00
2038,OFI-02028,Mochila para Laptop 15.6 Nova Eco,Categoría: Oficina | Marca: Nova | Proveedor: Distribuidora Mexicana,2961.99,193,1,2024-12-08 00:00:00,2024-12-08 00:00:00
2039,HOG-02029,Organizador Multiusos Nova Plus,Categoría: Hogar | Marca: Nova | Proveedor: Distribuidora Metropolitana,1272.62,194,1,2024-09-18 00:00:00,2024-09-18 00:00:00
2040,DEP-02030,Tapete de Yoga Antideslizante Orion Max,Categoría: Deportes | Marca: Orion | Proveedor: Distribuidora Central,1652.37,94,1,2025-10-04 00:00:00,2025-10-04 00:00:00
2041,CUI-02031,Crema Corporal Hidratante 400 ml Brava Classic,Categoría: Cuidado personal | Marca: Brava | Proveedor: Distribuidora del Norte,956.66,48,1,2024-01-16 00:00:00,2024-01-16 00:00:00
2042,ELE-02032,Cargador USB-C 20W Urban Essential,Categoría: Electrónica | Marca: Urban | Proveedor: Distribuidora Hidalgo,1342.17,2,1,2025-06-06 00:00:00,2025-06-06 00:00:00
2043,ELE-02033,Teclado Mecánico Lumina Eco,Categoría: Electrónica | Marca: Lumina | Proveedor: Distribuidora Mexicana,1464.15,112,1,2025-09-23 00:00:00,2025-09-23 00:00:00
2044,OFI-02034,Calculadora Financiera Marea Advance,Categoría: Oficina | Marca: Marea | Proveedor: Distribuidora Bajío,3353.87,278,1,2024-11-27 00:00:00,2024-11-27 00:00:00
2045,HOG-02035,Lámpara LED Urban Classic,Categoría: Hogar | Marca: Urban | Proveedor: Distribuidora Nova,484.32,23,1,2026-09-03 00:00:00,2026-09-03 00:00:00
2046,DEP-02036,Tapete de Yoga 6 mm Vitta Max,Categoría: Deportes | Marca: Vitta | Proveedor: Distribuidora Mexicana,1165.83,266,1,2024-03-20 00:00:00,2024-03-20 00:00:00
2047,DEP-02037,Botella Deportiva 1 L Nova Max,Categoría: Deportes | Marca: Nova | Proveedor: Distribuidora Mexicana,422.30,176,1,2024-08-19 00:00:00,2024-08-19 00:00:00
2048,CUI-02038,Shampoo Hidratante 750 ml Aurea Eco,Categoría: Cuidado personal | Marca: Aurea | Proveedor: Distribuidora del Norte,1973.97,86,1,2025-10-24 00:00:00,2025-10-24 00:00:00
2049,ALI-02039,Cereal Integral 500 g Prisma Lite,Categoría: Alimentos | Marca: Prisma | Proveedor: Distribuidora Bajío,633.11,267,0,2026-01-10 00:00:00,2026-01-10 00:00:00
2050,OFI-02040,Memoria USB 32 GB Urban Plus,Categoría: Oficina | Marca: Urban | Proveedor: Distribuidora Hidalgo,4643.99,257,1,2024-08-04 00:00:00,2024-08-04 00:00:00
2051,OFI-02041,Memoria USB 32 GB Marea Advance,Categoría: Oficina | Marca: Marea | Proveedor: Distribuidora Mexicana,4505.76,240,1,2025-12-21 00:00:00,2025-12-21 00:00:00
2052,DEP-02042,Guantes de Gimnasio Altura Prime,Categoría: Deportes | Marca: Altura | Proveedor: Distribuidora Nova,2757.96,245,1,2024-03-09 00:00:00,2024-03-09 00:00:00
2053,DEP-02043,Guantes de Ciclismo Nativa Pro,Categoría: Deportes | Marca: Nativa | Proveedor: Distribuidora Metropolitana,2427.78,141,1,2026-06-22 00:00:00,2026-06-22 00:00:00
2054,ELE-02044,Webcam Full HD Vitta Pro,Categoría: Electrónica | Marca: Vitta | Proveedor: Distribuidora Mexicana,2568.98,244,1,2024-01-02 00:00:00,2024-01-02 00:00:00
2055,CUI-02045,Crema Corporal Nutritiva 400 ml Kairo Lite,Categoría: Cuidado personal | Marca: Kairo | Proveedor: Distribuidora Mexicana,396.03,117,1,2025-11-09 00:00:00,2025-11-09 00:00:00
2056,ELE-02046,Mouse Inalámbrico Terra Classic,Categoría: Electrónica | Marca: Terra | Proveedor: Distribuidora Nova,1781.37,142,1,2026-01-18 00:00:00,2026-01-18 00:00:00
2057,ALI-02047,Galletas con Chocolate 300 g Orion Plus,Categoría: Alimentos | Marca: Orion | Proveedor: Distribuidora Nova,351.21,184,0,2025-12-18 00:00:00,2025-12-18 00:00:00
2058,HOG-02048,Lámpara LED Altura Select,Categoría: Hogar | Marca: Altura | Proveedor: Distribuidora Mexicana,2447.39,141,1,2024-08-12 00:00:00,2024-08-12 00:00:00
2059,HOG-02049,Juego de Toallas Microfibra Prisma Pro,Categoría: Hogar | Marca: Prisma | Proveedor: Distribuidora Nova,1762.00,52,1,2025-01-16 00:00:00,2025-01-16 00:00:00
2060,ELE-02050,Teclado Mecánico Urban Prime,Categoría: Electrónica | Marca: Urban | Proveedor: Distribuidora Pacífico,3118.23,208,1,2025-02-09 00:00:00,2025-02-09 00:00:00
2061,ALI-02051,Café Americano 500 g Brava Max,Categoría: Alimentos | Marca: Brava | Proveedor: Distribuidora Hidalgo,378.65,182,1,2026-07-13 00:00:00,2026-07-13 00:00:00
2062,CUI-02052,Secadora Iónica Vitta Plus,Categoría: Cuidado personal | Marca: Vitta | Proveedor: Distribuidora Mexicana,1928.15,333,1,2025-09-04 00:00:00,2025-09-04 00:00:00
2063,ALI-02053,Café Descafeinado 400 g Kairo Eco,Categoría: Alimentos | Marca: Kairo | Proveedor: Distribuidora Mexicana,694.66,20,1,2025-08-19 00:00:00,2025-08-19 00:00:00
2064,CUI-02054,Crema Corporal Hidratante 400 ml Nova Classic,Categoría: Cuidado personal | Marca: Nova | Proveedor: Distribuidora Pacífico,727.83,277,1,2024-03-09 00:00:00,2024-03-09 00:00:00
2065,DEP-02055,Tapete de Yoga 8 mm Lumina Select,Categoría: Deportes | Marca: Lumina | Proveedor: Distribuidora Bajío,2821.16,214,1,2024-01-15 00:00:00,2024-01-15 00:00:00
2066,OFI-02056,Silla de Oficina Urban Eco,Categoría: Oficina | Marca: Urban | Proveedor: Distribuidora Hidalgo,2781.45,20,1,2024-08-27 00:00:00,2024-08-27 00:00:00
2067,HOG-02057,Lámpara Minimalista Prisma Prime,Categoría: Hogar | Marca: Prisma | Proveedor: Distribuidora Pacífico,225.28,297,1,2026-03-08 00:00:00,2026-03-08 00:00:00
2068,OFI-02058,Calculadora Científica Cobalto Eco,Categoría: Oficina | Marca: Cobalto | Proveedor: Distribuidora Pacífico,2370.00,100,1,2025-09-11 00:00:00,2025-09-11 00:00:00
2069,ALI-02059,Cereal de Avena 500 g Urban Prime,Categoría: Alimentos | Marca: Urban | Proveedor: Distribuidora Hidalgo,31.61,331,1,2024-06-20 00:00:00,2024-06-20 00:00:00
2070,HOG-02060,Organizador de Baño Vitta Eco,Categoría: Hogar | Marca: Vitta | Proveedor: Distribuidora del Norte,2213.60,60,1,2024-10-29 00:00:00,2024-10-29 00:00:00
2071,OFI-02061,Mochila Impermeable Vitta Prime,Categoría: Oficina | Marca: Vitta | Proveedor: Distribuidora Metropolitana,5646.16,284,1,2024-09-29 00:00:00,2024-09-29 00:00:00
2072,ELE-02062,Webcam Full HD Nativa Advance,Categoría: Electrónica | Marca: Nativa | Proveedor: Distribuidora del Norte,3332.74,316,1,2026-01-27 00:00:00,2026-01-27 00:00:00
2073,DEP-02063,Tapete de Yoga 8 mm Kairo Plus,Categoría: Deportes | Marca: Kairo | Proveedor: Distribuidora Hidalgo,2003.82,292,1,2024-09-26 00:00:00,2024-09-26 00:00:00
2074,CUI-02064,Cepillo Dental Medio Vitta Classic,Categoría: Cuidado personal | Marca: Vitta | Proveedor: Distribuidora Metropolitana,2653.68,95,1,2025-11-13 00:00:00,2025-11-13 00:00:00
2075,CUI-02065,Crema Corporal Hidratante 400 ml Brava Classic,Categoría: Cuidado personal | Marca: Brava | Proveedor: Distribuidora Nova,2659.19,17,1,2024-03-20 00:00:00,2024-03-20 00:00:00
2076,OFI-02066,Memoria USB USB 3.2 Zenit Essential,Categoría: Oficina | Marca: Zenit | Proveedor: Distribuidora Metropolitana,2264.71,136,1,2026-06-03 00:00:00,2026-06-03 00:00:00
2077,ALI-02067,Aceite Vegetal 1 L Terra Max,Categoría: Alimentos | Marca: Terra | Proveedor: Distribuidora Hidalgo,281.06,232,1,2025-08-23 00:00:00,2025-08-23 00:00:00
2078,ALI-02068,Pasta Fusilli 500 g Marea Select,Categoría: Alimentos | Marca: Marea | Proveedor: Distribuidora Hidalgo,304.02,122,1,2025-01-14 00:00:00,2025-01-14 00:00:00
2079,OFI-02069,Silla con Soporte Lumbar Zenit Plus,Categoría: Oficina | Marca: Zenit | Proveedor: Distribuidora Mexicana,2604.94,143,1,2024-03-21 00:00:00,2024-03-21 00:00:00
2080,OFI-02070,Calculadora Científica Nova Advance,Categoría: Oficina | Marca: Nova | Proveedor: Distribuidora Pacífico,2015.29,316,1,2025-06-04 00:00:00,2025-06-04 00:00:00
2081,OFI-02071,Mochila Impermeable Vitta Prime,Categoría: Oficina | Marca: Vitta | Proveedor: Distribuidora Hidalgo,4725.85,190,1,2025-02-10 00:00:00,2025-02-10 00:00:00
2082,DEP-02072,Tapete de Yoga 6 mm Brava Essential,Categoría: Deportes | Marca: Brava | Proveedor: Distribuidora Mexicana,1407.81,141,1,2024-09-02 00:00:00,2024-09-02 00:00:00
2083,ALI-02073,Galletas de Avena 300 g Terra Pro,Categoría: Alimentos | Marca: Terra | Proveedor: Distribuidora Central,322.84,146,1,2025-11-14 00:00:00,2025-11-14 00:00:00
2084,ALI-02074,Galletas con Chocolate 300 g Aurea Select,Categoría: Alimentos | Marca: Aurea | Proveedor: Distribuidora Hidalgo,638.50,80,1,2026-04-16 00:00:00,2026-04-16 00:00:00
2085,OFI-02075,Calculadora de Escritorio Altura Max,Categoría: Oficina | Marca: Altura | Proveedor: Distribuidora Bajío,3414.03,112,1,2024-08-19 00:00:00,2024-08-19 00:00:00
2086,ALI-02076,Café Molido 500 g Orion Max,Categoría: Alimentos | Marca: Orion | Proveedor: Distribuidora Mexicana,752.67,182,1,2024-05-25 00:00:00,2024-05-25 00:00:00
2087,ELE-02077,Mouse Óptico Lumina Lite,Categoría: Electrónica | Marca: Lumina | Proveedor: Distribuidora Nova,1089.85,80,1,2025-01-06 00:00:00,2025-01-06 00:00:00
2088,ALI-02078,Pasta Fusilli 500 g Nexo Eco,Categoría: Alimentos | Marca: Nexo | Proveedor: Distribuidora Bajío,713.23,258,1,2024-09-22 00:00:00,2024-09-22 00:00:00
2089,ALI-02079,Aceite de Oliva 500 ml Orion Max,Categoría: Alimentos | Marca: Orion | Proveedor: Distribuidora Central,175.15,83,1,2025-12-09 00:00:00,2025-12-09 00:00:00
2090,OFI-02080,Mochila Ejecutiva Cobalto Max,Categoría: Oficina | Marca: Cobalto | Proveedor: Distribuidora Hidalgo,2736.49,295,1,2025-02-13 00:00:00,2025-02-13 00:00:00
2091,DEP-02081,Tapete de Yoga 8 mm Cobalto Essential,Categoría: Deportes | Marca: Cobalto | Proveedor: Distribuidora Central,413.39,31,1,2026-08-05 00:00:00,2026-08-05 00:00:00
2092,ALI-02082,Pasta Spaghetti 500 g Cobalto Lite,Categoría: Alimentos | Marca: Cobalto | Proveedor: Distribuidora Metropolitana,73.67,188,1,2025-10-26 00:00:00,2025-10-26 00:00:00
2093,ELE-02083,Audífonos Bluetooth Vitta Max,Categoría: Electrónica | Marca: Vitta | Proveedor: Distribuidora Mexicana,3017.72,91,1,2024-03-08 00:00:00,2024-03-08 00:00:00
2094,OFI-02084,Silla Ejecutiva Orion Eco,Categoría: Oficina | Marca: Orion | Proveedor: Distribuidora Nova,192.87,154,1,2025-08-10 00:00:00,2025-08-10 00:00:00
2095,ELE-02085,Teclado RGB Lumina Max,Categoría: Electrónica | Marca: Lumina | Proveedor: Distribuidora Nova,3477.07,17,1,2024-05-04 00:00:00,2024-05-04 00:00:00
2096,CUI-02086,Cepillo Dental Pack 3 Vitta Lite,Categoría: Cuidado personal | Marca: Vitta | Proveedor: Distribuidora Central,2180.91,90,1,2025-09-07 00:00:00,2025-09-07 00:00:00
2097,CUI-02087,Rasuradora 3 Cabezas Prisma Pro,Categoría: Cuidado personal | Marca: Prisma | Proveedor: Distribuidora Metropolitana,2025.50,315,1,2026-04-27 00:00:00,2026-04-27 00:00:00
2098,ALI-02088,Cereal Integral 500 g Vitta Pro,Categoría: Alimentos | Marca: Vitta | Proveedor: Distribuidora Nova,141.70,226,1,2025-12-17 00:00:00,2025-12-17 00:00:00
2099,CUI-02089,Secadora Iónica Nova Classic,Categoría: Cuidado personal | Marca: Nova | Proveedor: Distribuidora Nova,1046.33,242,1,2026-03-11 00:00:00,2026-03-11 00:00:00
2100,HOG-02090,Organizador de Baño Urban Plus,Categoría: Hogar | Marca: Urban | Proveedor: Distribuidora Bajío,1306.61,17,1,2025-02-10 00:00:00,2025-02-10 00:00:00
2101,ELE-02091,Cargador Doble Puerto Altura Lite,Categoría: Electrónica | Marca: Altura | Proveedor: Distribuidora Bajío,776.92,310,1,2026-03-17 00:00:00,2026-03-17 00:00:00
2102,CUI-02092,Crema Corporal Hidratante 400 ml Zenit Essential,Categoría: Cuidado personal | Marca: Zenit | Proveedor: Distribuidora del Norte,316.74,251,1,2024-06-08 00:00:00,2024-06-08 00:00:00
2103,OFI-02093,Memoria USB 64 GB Nexo Plus,Categoría: Oficina | Marca: Nexo | Proveedor: Distribuidora Hidalgo,5782.25,252,1,2026-08-03 00:00:00,2026-08-03 00:00:00
2104,OFI-02094,Memoria USB 128 GB Zenit Max,Categoría: Oficina | Marca: Zenit | Proveedor: Distribuidora Pacífico,1229.61,226,1,2024-05-14 00:00:00,2024-05-14 00:00:00
2105,HOG-02095,Organizador de Escritorio Nexo Lite,Categoría: Hogar | Marca: Nexo | Proveedor: Distribuidora Pacífico,119.87,54,1,2024-09-16 00:00:00,2024-09-16 00:00:00
2106,OFI-02096,Memoria USB 64 GB Nexo Pro,Categoría: Oficina | Marca: Nexo | Proveedor: Distribuidora Hidalgo,4414.08,181,1,2024-02-28 00:00:00,2024-02-28 00:00:00
2107,CUI-02097,Cepillo Dental Medio Prisma Essential,Categoría: Cuidado personal | Marca: Prisma | Proveedor: Distribuidora Bajío,2524.20,124,1,2026-06-04 00:00:00,2026-06-04 00:00:00
2108,ELE-02098,Webcam Full HD Altura Classic,Categoría: Electrónica | Marca: Altura | Proveedor: Distribuidora Pacífico,1478.35,251,1,2024-04-17 00:00:00,2024-04-17 00:00:00
2109,ELE-02099,Bocina Inteligente Brava Lite,Categoría: Electrónica | Marca: Brava | Proveedor: Distribuidora Metropolitana,3330.76,62,0,2024-06-01 00:00:00,2024-06-01 00:00:00
2110,ALI-02100,Café en Grano 1 kg Zenit Pro,Categoría: Alimentos | Marca: Zenit | Proveedor: Distribuidora Pacífico,335.60,29,1,2025-11-10 00:00:00,2025-11-10 00:00:00
2111,CUI-02101,Rasuradora Corporal Zenit Plus,Categoría: Cuidado personal | Marca: Zenit | Proveedor: Distribuidora Bajío,909.29,141,1,2024-02-16 00:00:00,2024-02-16 00:00:00
2112,OFI-02102,Memoria USB 32 GB Nexo Plus,Categoría: Oficina | Marca: Nexo | Proveedor: Distribuidora Pacífico,2231.47,219,1,2024-03-14 00:00:00,2024-03-14 00:00:00
2113,ALI-02103,Pasta Penne 500 g Urban Classic,Categoría: Alimentos | Marca: Urban | Proveedor: Distribuidora del Norte,38.09,343,1,2025-08-13 00:00:00,2025-08-13 00:00:00
2114,CUI-02104,Crema Corporal Nutritiva 400 ml Marea Max,Categoría: Cuidado personal | Marca: Marea | Proveedor: Distribuidora Mexicana,1551.77,183,1,2024-03-02 00:00:00,2024-03-02 00:00:00
2115,ELE-02105,Teclado Mecánico Terra Pro,Categoría: Electrónica | Marca: Terra | Proveedor: Distribuidora Central,1604.90,81,1,2024-03-13 00:00:00,2024-03-13 00:00:00
2116,ALI-02106,Aceite de Oliva 500 ml Vitta Plus,Categoría: Alimentos | Marca: Vitta | Proveedor: Distribuidora Nova,140.85,37,1,2025-08-08 00:00:00,2025-08-08 00:00:00
2117,ALI-02107,Aceite Vegetal 1 L Zenit Max,Categoría: Alimentos | Marca: Zenit | Proveedor: Distribuidora Bajío,436.75,331,0,2025-02-19 00:00:00,2025-02-19 00:00:00
2118,CUI-02108,Rasuradora 3 Cabezas Lumina Pro,Categoría: Cuidado personal | Marca: Lumina | Proveedor: Distribuidora Nova,1219.20,247,1,2024-03-22 00:00:00,2024-03-22 00:00:00
2119,HOG-02109,Organizador de Baño Zenit Essential,Categoría: Hogar | Marca: Zenit | Proveedor: Distribuidora Bajío,1193.13,173,1,2025-10-26 00:00:00,2025-10-26 00:00:00
2120,OFI-02110,Mochila Ejecutiva Kairo Select,Categoría: Oficina | Marca: Kairo | Proveedor: Distribuidora Hidalgo,722.58,46,1,2024-12-02 00:00:00,2024-12-02 00:00:00
2121,ELE-02111,Cargador Inalámbrico Nexo Select,Categoría: Electrónica | Marca: Nexo | Proveedor: Distribuidora Mexicana,566.71,23,1,2024-05-03 00:00:00,2024-05-03 00:00:00
2122,OFI-02112,Cuaderno Pasta Dura Nativa Eco,Categoría: Oficina | Marca: Nativa | Proveedor: Distribuidora Bajío,1658.92,144,1,2026-03-29 00:00:00,2026-03-29 00:00:00
2123,DEP-02113,Botella Deportiva 750 ml Nova Pro,Categoría: Deportes | Marca: Nova | Proveedor: Distribuidora Bajío,1313.72,287,1,2025-02-09 00:00:00,2025-02-09 00:00:00
2124,CUI-02114,Rasuradora de Precisión Zenit Classic,Categoría: Cuidado personal | Marca: Zenit | Proveedor: Distribuidora Bajío,1621.38,303,1,2026-08-03 00:00:00,2026-08-03 00:00:00
2125,ELE-02115,Bocina Portátil Zenit Prime,Categoría: Electrónica | Marca: Zenit | Proveedor: Distribuidora Pacífico,1578.21,17,1,2026-05-28 00:00:00,2026-05-28 00:00:00
2126,ELE-02116,Bocina Portátil Prisma Prime,Categoría: Electrónica | Marca: Prisma | Proveedor: Distribuidora Nova,2490.76,240,1,2024-02-08 00:00:00,2024-02-08 00:00:00
2127,DEP-02117,Mancuerna Hexagonal Nexo Max,Categoría: Deportes | Marca: Nexo | Proveedor: Distribuidora Metropolitana,1373.41,56,1,2024-05-20 00:00:00,2024-05-20 00:00:00
2128,DEP-02118,Tapete de Yoga Antideslizante Aurea Essential,Categoría: Deportes | Marca: Aurea | Proveedor: Distribuidora Bajío,2110.64,303,0,2026-01-06 00:00:00,2026-01-06 00:00:00
2129,OFI-02119,Calculadora Científica Nexo Lite,Categoría: Oficina | Marca: Nexo | Proveedor: Distribuidora Nova,995.81,211,1,2025-03-12 00:00:00,2025-03-12 00:00:00
2130,ELE-02120,Mouse Gaming Marea Advance,Categoría: Electrónica | Marca: Marea | Proveedor: Distribuidora Hidalgo,1467.13,144,1,2025-11-04 00:00:00,2025-11-04 00:00:00
2131,OFI-02121,Calculadora Básica Kairo Select,Categoría: Oficina | Marca: Kairo | Proveedor: Distribuidora del Norte,1868.28,131,1,2026-03-21 00:00:00,2026-03-21 00:00:00
2132,CUI-02122,Shampoo Anticaspa 650 ml Brava Advance,Categoría: Cuidado personal | Marca: Brava | Proveedor: Distribuidora Pacífico,712.73,132,1,2025-08-15 00:00:00,2025-08-15 00:00:00
2133,HOG-02123,Termo de Acero Inoxidable Urban Classic,Categoría: Hogar | Marca: Urban | Proveedor: Distribuidora Mexicana,120.57,346,1,2024-05-29 00:00:00,2024-05-29 00:00:00
2134,CUI-02124,Cepillo Dental Eléctrico Vitta Advance,Categoría: Cuidado personal | Marca: Vitta | Proveedor: Distribuidora Pacífico,2036.00,111,1,2024-04-12 00:00:00,2024-04-12 00:00:00
2135,ELE-02125,Audífonos con Micrófono Vitta Essential,Categoría: Electrónica | Marca: Vitta | Proveedor: Distribuidora Bajío,2464.76,58,0,2026-02-18 00:00:00,2026-02-18 00:00:00
2136,OFI-02126,Calculadora Básica Aurea Classic,Categoría: Oficina | Marca: Aurea | Proveedor: Distribuidora Metropolitana,3794.09,211,1,2024-12-10 00:00:00,2024-12-10 00:00:00
2137,CUI-02127,Crema Corporal Hidratante 400 ml Altura Select,Categoría: Cuidado personal | Marca: Altura | Proveedor: Distribuidora Pacífico,72.98,154,1,2025-08-03 00:00:00,2025-08-03 00:00:00
2138,OFI-02128,Silla Ergonómica Vitta Advance,Categoría: Oficina | Marca: Vitta | Proveedor: Distribuidora Central,1367.63,27,1,2024-05-24 00:00:00,2024-05-24 00:00:00
2139,OFI-02129,Cuaderno de Notas Orion Select,Categoría: Oficina | Marca: Orion | Proveedor: Distribuidora Metropolitana,4411.61,236,1,2026-05-29 00:00:00,2026-05-29 00:00:00
2140,OFI-02130,Memoria USB USB 3.2 Aurea Prime,Categoría: Oficina | Marca: Aurea | Proveedor: Distribuidora Bajío,3508.14,321,1,2024-01-03 00:00:00,2024-01-03 00:00:00
2141,DEP-02131,Botella Deportiva 1 L Lumina Classic,Categoría: Deportes | Marca: Lumina | Proveedor: Distribuidora Pacífico,2142.93,282,1,2024-07-12 00:00:00,2024-07-12 00:00:00
2142,OFI-02132,Silla con Soporte Lumbar Brava Plus,Categoría: Oficina | Marca: Brava | Proveedor: Distribuidora Metropolitana,467.26,277,1,2024-02-19 00:00:00,2024-02-19 00:00:00
2143,OFI-02133,Mochila Ejecutiva Urban Pro,Categoría: Oficina | Marca: Urban | Proveedor: Distribuidora Central,5598.15,69,1,2026-05-28 00:00:00,2026-05-28 00:00:00
2144,OFI-02134,Silla de Oficina Nexo Classic,Categoría: Oficina | Marca: Nexo | Proveedor: Distribuidora del Norte,2459.83,335,1,2024-01-20 00:00:00,2024-01-20 00:00:00
2145,ALI-02135,Aceite Vegetal 1 L Urban Lite,Categoría: Alimentos | Marca: Urban | Proveedor: Distribuidora Hidalgo,598.88,345,1,2026-03-11 00:00:00,2026-03-11 00:00:00
2146,ELE-02136,Audífonos USB-C Vitta Advance,Categoría: Electrónica | Marca: Vitta | Proveedor: Distribuidora Central,3031.19,195,1,2024-06-05 00:00:00,2024-06-05 00:00:00
2147,ALI-02137,Café Descafeinado 400 g Cobalto Classic,Categoría: Alimentos | Marca: Cobalto | Proveedor: Distribuidora Nova,74.85,134,1,2024-02-08 00:00:00,2024-02-08 00:00:00
2148,OFI-02138,Cuaderno de Notas Brava Lite,Categoría: Oficina | Marca: Brava | Proveedor: Distribuidora Central,4770.05,187,1,2024-06-16 00:00:00,2024-06-16 00:00:00
2149,CUI-02139,Secadora 2000 W Urban Eco,Categoría: Cuidado personal | Marca: Urban | Proveedor: Distribuidora Metropolitana,976.79,229,1,2026-01-17 00:00:00,2026-01-17 00:00:00
2150,HOG-02140,Organizador de Escritorio Vitta Lite,Categoría: Hogar | Marca: Vitta | Proveedor: Distribuidora Nova,2484.52,319,1,2024-01-10 00:00:00,2024-01-10 00:00:00
2151,HOG-02141,Sartén Antiadherente 28 cm Orion Select,Categoría: Hogar | Marca: Orion | Proveedor: Distribuidora Nova,573.68,5,1,2024-01-23 00:00:00,2024-01-23 00:00:00
2152,OFI-02142,Silla con Soporte Lumbar Cobalto Plus,Categoría: Oficina | Marca: Cobalto | Proveedor: Distribuidora Hidalgo,4412.95,62,1,2026-03-13 00:00:00,2026-03-13 00:00:00
2153,ELE-02143,Bocina Resistente al Agua Vitta Max,Categoría: Electrónica | Marca: Vitta | Proveedor: Distribuidora Metropolitana,2191.40,177,1,2024-09-12 00:00:00,2024-09-12 00:00:00
2154,ELE-02144,Teclado Compacto Prisma Select,Categoría: Electrónica | Marca: Prisma | Proveedor: Distribuidora Nova,336.77,88,1,2026-01-22 00:00:00,2026-01-22 00:00:00
2155,OFI-02145,Silla Ejecutiva Brava Essential,Categoría: Oficina | Marca: Brava | Proveedor: Distribuidora Central,1327.90,67,1,2024-05-10 00:00:00,2024-05-10 00:00:00
2156,DEP-02146,Botella Deportiva 750 ml Lumina Max,Categoría: Deportes | Marca: Lumina | Proveedor: Distribuidora Mexicana,2177.51,83,1,2024-10-26 00:00:00,2024-10-26 00:00:00
2157,OFI-02147,Cuaderno Cuadriculado Urban Classic,Categoría: Oficina | Marca: Urban | Proveedor: Distribuidora Bajío,3974.54,279,1,2026-01-17 00:00:00,2026-01-17 00:00:00
2158,ELE-02148,Bocina Resistente al Agua Marea Classic,Categoría: Electrónica | Marca: Marea | Proveedor: Distribuidora Mexicana,1535.63,318,1,2026-08-05 00:00:00,2026-08-05 00:00:00
2159,DEP-02149,Mancuerna 10 kg Cobalto Pro,Categoría: Deportes | Marca: Cobalto | Proveedor: Distribuidora Mexicana,2383.88,240,1,2024-12-13 00:00:00,2024-12-13 00:00:00
2160,ELE-02150,Teclado Inalámbrico Marea Advance,Categoría: Electrónica | Marca: Marea | Proveedor: Distribuidora Metropolitana,283.35,299,1,2025-01-29 00:00:00,2025-01-29 00:00:00
2161,CUI-02151,Cepillo Dental Pack 3 Vitta Select,Categoría: Cuidado personal | Marca: Vitta | Proveedor: Distribuidora Nova,1381.98,321,1,2025-04-07 00:00:00,2025-04-07 00:00:00
2162,ELE-02152,Teclado Mecánico Vitta Plus,Categoría: Electrónica | Marca: Vitta | Proveedor: Distribuidora del Norte,436.94,24,1,2025-06-27 00:00:00,2025-06-27 00:00:00
2163,CUI-02153,Shampoo Hidratante 750 ml Prisma Lite,Categoría: Cuidado personal | Marca: Prisma | Proveedor: Distribuidora Central,1190.47,314,1,2025-11-16 00:00:00,2025-11-16 00:00:00
2164,ELE-02154,Bocina Bluetooth Nativa Classic,Categoría: Electrónica | Marca: Nativa | Proveedor: Distribuidora Nova,2472.51,322,1,2025-09-04 00:00:00,2025-09-04 00:00:00
2165,ELE-02155,Cargador Inalámbrico Prisma Pro,Categoría: Electrónica | Marca: Prisma | Proveedor: Distribuidora Bajío,2152.90,56,1,2024-04-14 00:00:00,2024-04-14 00:00:00
2166,HOG-02156,Juego de Toallas Microfibra Terra Select,Categoría: Hogar | Marca: Terra | Proveedor: Distribuidora Mexicana,612.16,232,0,2024-06-16 00:00:00,2024-06-16 00:00:00
2167,OFI-02157,Mochila Ejecutiva Orion Eco,Categoría: Oficina | Marca: Orion | Proveedor: Distribuidora Metropolitana,1085.54,347,1,2025-12-02 00:00:00,2025-12-02 00:00:00
2168,CUI-02158,Rasuradora 3 Cabezas Aurea Essential,Categoría: Cuidado personal | Marca: Aurea | Proveedor: Distribuidora Nova,1951.75,100,1,2024-10-23 00:00:00,2024-10-23 00:00:00
2169,DEP-02159,Botella Deportiva con Popote Nativa Lite,Categoría: Deportes | Marca: Nativa | Proveedor: Distribuidora Central,1832.73,169,1,2024-10-04 00:00:00,2024-10-04 00:00:00
2170,HOG-02160,Lámpara de Noche Zenit Lite,Categoría: Hogar | Marca: Zenit | Proveedor: Distribuidora Metropolitana,1735.14,36,1,2024-07-13 00:00:00,2024-07-13 00:00:00
2171,DEP-02161,Balón de Voleibol Nexo Eco,Categoría: Deportes | Marca: Nexo | Proveedor: Distribuidora Nova,1331.97,336,1,2024-06-12 00:00:00,2024-06-12 00:00:00
2172,CUI-02162,Cepillo Dental Eléctrico Brava Classic,Categoría: Cuidado personal | Marca: Brava | Proveedor: Distribuidora Bajío,554.45,254,1,2024-11-22 00:00:00,2024-11-22 00:00:00
2173,HOG-02163,Sartén de Acero 26 cm Vitta Essential,Categoría: Hogar | Marca: Vitta | Proveedor: Distribuidora Metropolitana,1091.43,204,1,2025-07-09 00:00:00,2025-07-09 00:00:00
2174,CUI-02164,Crema Corporal Hidratante 400 ml Prisma Advance,Categoría: Cuidado personal | Marca: Prisma | Proveedor: Distribuidora Mexicana,2042.00,80,1,2025-08-29 00:00:00,2025-08-29 00:00:00
2175,ELE-02165,Mouse Óptico Aurea Essential,Categoría: Electrónica | Marca: Aurea | Proveedor: Distribuidora Metropolitana,656.98,162,1,2026-02-14 00:00:00,2026-02-14 00:00:00
2176,CUI-02166,Rasuradora 3 Cabezas Urban Select,Categoría: Cuidado personal | Marca: Urban | Proveedor: Distribuidora Hidalgo,1320.85,78,1,2024-06-25 00:00:00,2024-06-25 00:00:00
2177,ALI-02167,Pasta Fusilli 500 g Nexo Essential,Categoría: Alimentos | Marca: Nexo | Proveedor: Distribuidora Metropolitana,358.95,38,1,2025-11-10 00:00:00,2025-11-10 00:00:00
2178,CUI-02168,Shampoo Reparador 700 ml Marea Plus,Categoría: Cuidado personal | Marca: Marea | Proveedor: Distribuidora Nova,580.74,54,1,2025-11-01 00:00:00,2025-11-01 00:00:00
2179,ELE-02169,Audífonos USB-C Brava Pro,Categoría: Electrónica | Marca: Brava | Proveedor: Distribuidora del Norte,364.18,328,1,2024-06-30 00:00:00,2024-06-30 00:00:00
2180,ELE-02170,Teclado Mecánico Prisma Classic,Categoría: Electrónica | Marca: Prisma | Proveedor: Distribuidora Metropolitana,1862.06,57,1,2025-07-05 00:00:00,2025-07-05 00:00:00
2181,DEP-02171,Guantes con Muñequera Nativa Eco,Categoría: Deportes | Marca: Nativa | Proveedor: Distribuidora del Norte,956.05,4,1,2026-02-20 00:00:00,2026-02-20 00:00:00
2182,CUI-02172,Cepillo Dental Pack 3 Altura Eco,Categoría: Cuidado personal | Marca: Altura | Proveedor: Distribuidora Mexicana,896.82,156,1,2026-05-07 00:00:00,2026-05-07 00:00:00
2183,ELE-02173,Audífonos con Micrófono Nexo Advance,Categoría: Electrónica | Marca: Nexo | Proveedor: Distribuidora Bajío,3258.03,254,1,2025-10-15 00:00:00,2025-10-15 00:00:00
2184,HOG-02174,Sartén de Acero 26 cm Marea Eco,Categoría: Hogar | Marca: Marea | Proveedor: Distribuidora Hidalgo,1622.49,144,1,2026-02-05 00:00:00,2026-02-05 00:00:00
2185,ALI-02175,Café Descafeinado 400 g Vitta Select,Categoría: Alimentos | Marca: Vitta | Proveedor: Distribuidora del Norte,254.25,92,1,2025-09-17 00:00:00,2025-09-17 00:00:00
2186,DEP-02176,Tapete de Yoga 8 mm Lumina Select,Categoría: Deportes | Marca: Lumina | Proveedor: Distribuidora del Norte,621.59,156,1,2024-02-16 00:00:00,2024-02-16 00:00:00
2187,CUI-02177,Cepillo Dental Medio Orion Classic,Categoría: Cuidado personal | Marca: Orion | Proveedor: Distribuidora del Norte,2062.96,261,1,2024-04-02 00:00:00,2024-04-02 00:00:00
2188,CUI-02178,Rasuradora 3 Cabezas Urban Advance,Categoría: Cuidado personal | Marca: Urban | Proveedor: Distribuidora Pacífico,1723.32,313,1,2025-08-12 00:00:00,2025-08-12 00:00:00
2189,ELE-02179,Webcam 2K Aurea Plus,Categoría: Electrónica | Marca: Aurea | Proveedor: Distribuidora Central,2612.44,10,1,2024-08-12 00:00:00,2024-08-12 00:00:00
2190,DEP-02180,Balón de Fútbol Nexo Essential,Categoría: Deportes | Marca: Nexo | Proveedor: Distribuidora Nova,270.55,178,1,2026-02-04 00:00:00,2026-02-04 00:00:00
2191,OFI-02181,Mochila Impermeable Aurea Plus,Categoría: Oficina | Marca: Aurea | Proveedor: Distribuidora Central,57.95,323,1,2024-11-30 00:00:00,2024-11-30 00:00:00
2192,OFI-02182,Mochila Ejecutiva Nova Prime,Categoría: Oficina | Marca: Nova | Proveedor: Distribuidora Hidalgo,3333.99,82,1,2026-05-12 00:00:00,2026-05-12 00:00:00
2193,HOG-02183,Termo 500 ml Altura Max,Categoría: Hogar | Marca: Altura | Proveedor: Distribuidora Mexicana,1042.42,221,1,2026-04-22 00:00:00,2026-04-22 00:00:00
2194,DEP-02184,Tapete de Yoga 8 mm Nexo Lite,Categoría: Deportes | Marca: Nexo | Proveedor: Distribuidora Hidalgo,2978.47,105,1,2025-11-20 00:00:00,2025-11-20 00:00:00
2195,HOG-02185,Organizador de Baño Urban Plus,Categoría: Hogar | Marca: Urban | Proveedor: Distribuidora del Norte,1302.69,325,1,2026-06-23 00:00:00,2026-06-23 00:00:00
2196,CUI-02186,Rasuradora 3 Cabezas Zenit Max,Categoría: Cuidado personal | Marca: Zenit | Proveedor: Distribuidora Pacífico,333.49,222,1,2026-03-06 00:00:00,2026-03-06 00:00:00
2197,ELE-02187,Teclado Inalámbrico Nexo Select,Categoría: Electrónica | Marca: Nexo | Proveedor: Distribuidora Mexicana,3164.23,311,1,2024-04-11 00:00:00,2024-04-11 00:00:00
2198,CUI-02188,Crema Corporal con Aloe 500 ml Nexo Max,Categoría: Cuidado personal | Marca: Nexo | Proveedor: Distribuidora Bajío,2075.17,32,1,2024-11-29 00:00:00,2024-11-29 00:00:00
2199,ALI-02189,Café Descafeinado 400 g Nativa Max,Categoría: Alimentos | Marca: Nativa | Proveedor: Distribuidora Central,323.49,333,1,2025-03-08 00:00:00,2025-03-08 00:00:00
2200,ALI-02190,Pasta Fusilli 500 g Nexo Essential,Categoría: Alimentos | Marca: Nexo | Proveedor: Distribuidora del Norte,516.34,275,1,2026-05-26 00:00:00,2026-05-26 00:00:00
2201,OFI-02191,Mochila para Laptop 15.6 Vitta Max,Categoría: Oficina | Marca: Vitta | Proveedor: Distribuidora del Norte,3653.35,209,1,2025-04-16 00:00:00,2025-04-16 00:00:00
2202,ALI-02192,Café Americano 500 g Urban Advance,Categoría: Alimentos | Marca: Urban | Proveedor: Distribuidora Nova,685.40,329,1,2025-07-08 00:00:00,2025-07-08 00:00:00
2203,OFI-02193,Silla Ejecutiva Nova Pro,Categoría: Oficina | Marca: Nova | Proveedor: Distribuidora Metropolitana,4218.72,192,1,2025-12-13 00:00:00,2025-12-13 00:00:00
2204,DEP-02194,Guantes con Muñequera Nexo Advance,Categoría: Deportes | Marca: Nexo | Proveedor: Distribuidora del Norte,2620.34,294,1,2024-05-21 00:00:00,2024-05-21 00:00:00
2205,HOG-02195,Sartén de Acero 26 cm Nexo Prime,Categoría: Hogar | Marca: Nexo | Proveedor: Distribuidora Pacífico,868.28,308,1,2025-11-18 00:00:00,2025-11-18 00:00:00
2206,ALI-02196,Café Descafeinado 400 g Kairo Pro,Categoría: Alimentos | Marca: Kairo | Proveedor: Distribuidora Central,473.40,311,1,2025-03-31 00:00:00,2025-03-31 00:00:00
2207,DEP-02197,Tapete de Yoga con Correa Urban Advance,Categoría: Deportes | Marca: Urban | Proveedor: Distribuidora del Norte,2965.43,155,1,2026-02-21 00:00:00,2026-02-21 00:00:00
2208,CUI-02198,Rasuradora de Precisión Nova Lite,Categoría: Cuidado personal | Marca: Nova | Proveedor: Distribuidora Bajío,55.60,304,1,2024-11-10 00:00:00,2024-11-10 00:00:00
2209,DEP-02199,Mancuerna Ajustable Kairo Eco,Categoría: Deportes | Marca: Kairo | Proveedor: Distribuidora Nova,891.58,260,1,2026-04-01 00:00:00,2026-04-01 00:00:00
2210,CUI-02200,Cepillo Dental Suave Urban Max,Categoría: Cuidado personal | Marca: Urban | Proveedor: Distribuidora Metropolitana,712.93,234,1,2024-07-30 00:00:00,2024-07-30 00:00:00
2211,CUI-02201,Secadora Compacta Zenit Classic,Categoría: Cuidado personal | Marca: Zenit | Proveedor: Distribuidora Central,2183.22,273,1,2024-09-28 00:00:00,2024-09-28 00:00:00
2212,ELE-02202,Cargador USB-C 45W Zenit Essential,Categoría: Electrónica | Marca: Zenit | Proveedor: Distribuidora del Norte,1243.33,87,1,2026-05-05 00:00:00,2026-05-05 00:00:00
2213,ELE-02203,Teclado RGB Vitta Max,Categoría: Electrónica | Marca: Vitta | Proveedor: Distribuidora Pacífico,279.93,204,1,2025-07-20 00:00:00,2025-07-20 00:00:00
2214,ELE-02204,Audífonos Inalámbricos Terra Lite,Categoría: Electrónica | Marca: Terra | Proveedor: Distribuidora del Norte,2941.44,183,1,2026-02-27 00:00:00,2026-02-27 00:00:00
2215,CUI-02205,Secadora Iónica Altura Prime,Categoría: Cuidado personal | Marca: Altura | Proveedor: Distribuidora Nova,1373.72,341,1,2025-09-25 00:00:00,2025-09-25 00:00:00
2216,DEP-02206,Mancuerna 5 kg Prisma Eco,Categoría: Deportes | Marca: Prisma | Proveedor: Distribuidora Central,2953.16,121,1,2024-06-01 00:00:00,2024-06-01 00:00:00
2217,DEP-02207,Mancuerna 5 kg Altura Essential,Categoría: Deportes | Marca: Altura | Proveedor: Distribuidora Metropolitana,708.41,347,1,2026-01-07 00:00:00,2026-01-07 00:00:00
2218,ALI-02208,Aceite de Oliva 500 ml Prisma Select,Categoría: Alimentos | Marca: Prisma | Proveedor: Distribuidora Hidalgo,38.38,183,1,2024-10-26 00:00:00,2024-10-26 00:00:00
2219,OFI-02209,Memoria USB 64 GB Cobalto Lite,Categoría: Oficina | Marca: Cobalto | Proveedor: Distribuidora Hidalgo,4000.86,150,1,2025-04-04 00:00:00,2025-04-04 00:00:00
2220,CUI-02210,Rasuradora Recargable Orion Lite,Categoría: Cuidado personal | Marca: Orion | Proveedor: Distribuidora Central,1345.17,212,1,2024-02-01 00:00:00,2024-02-01 00:00:00
2221,HOG-02211,Juego de Toallas 6 Piezas Orion Essential,Categoría: Hogar | Marca: Orion | Proveedor: Distribuidora Pacífico,637.84,151,1,2026-08-30 00:00:00,2026-08-30 00:00:00
2222,HOG-02212,Termo 500 ml Zenit Max,Categoría: Hogar | Marca: Zenit | Proveedor: Distribuidora Hidalgo,742.71,175,1,2025-07-26 00:00:00,2025-07-26 00:00:00
2223,DEP-02213,Mancuerna 10 kg Kairo Essential,Categoría: Deportes | Marca: Kairo | Proveedor: Distribuidora del Norte,1188.48,64,1,2024-11-27 00:00:00,2024-11-27 00:00:00
2224,CUI-02214,Secadora Profesional Nativa Pro,Categoría: Cuidado personal | Marca: Nativa | Proveedor: Distribuidora Mexicana,913.68,217,1,2024-07-07 00:00:00,2024-07-07 00:00:00
2225,HOG-02215,Lámpara de Escritorio Marea Select,Categoría: Hogar | Marca: Marea | Proveedor: Distribuidora Pacífico,600.40,325,1,2025-03-26 00:00:00,2025-03-26 00:00:00
2226,OFI-02216,Silla de Oficina Nativa Eco,Categoría: Oficina | Marca: Nativa | Proveedor: Distribuidora Metropolitana,1845.52,147,1,2025-01-16 00:00:00,2025-01-16 00:00:00
2227,CUI-02217,Rasuradora Corporal Nexo Plus,Categoría: Cuidado personal | Marca: Nexo | Proveedor: Distribuidora Nova,2380.68,118,0,2024-11-16 00:00:00,2024-11-16 00:00:00
2228,ELE-02218,Teclado Compacto Marea Prime,Categoría: Electrónica | Marca: Marea | Proveedor: Distribuidora Central,879.84,85,1,2024-01-04 00:00:00,2024-01-04 00:00:00
2229,DEP-02219,Tapete de Yoga 8 mm Lumina Plus,Categoría: Deportes | Marca: Lumina | Proveedor: Distribuidora Nova,2793.25,241,1,2026-08-03 00:00:00,2026-08-03 00:00:00
2230,HOG-02220,Juego de Toallas Microfibra Nexo Eco,Categoría: Hogar | Marca: Nexo | Proveedor: Distribuidora Nova,1948.21,274,1,2025-09-24 00:00:00,2025-09-24 00:00:00
2231,OFI-02221,Calculadora Básica Nexo Pro,Categoría: Oficina | Marca: Nexo | Proveedor: Distribuidora Mexicana,3520.70,156,1,2025-11-28 00:00:00,2025-11-28 00:00:00
2232,HOG-02222,Sartén Antiadherente 24 cm Zenit Plus,Categoría: Hogar | Marca: Zenit | Proveedor: Distribuidora Bajío,2444.55,167,1,2025-01-12 00:00:00,2025-01-12 00:00:00
2233,DEP-02223,Botella Deportiva 750 ml Marea Essential,Categoría: Deportes | Marca: Marea | Proveedor: Distribuidora Central,1628.66,326,1,2025-01-06 00:00:00,2025-01-06 00:00:00
2234,ELE-02224,Mouse Óptico Cobalto Classic,Categoría: Electrónica | Marca: Cobalto | Proveedor: Distribuidora Metropolitana,1050.97,117,1,2025-10-15 00:00:00,2025-10-15 00:00:00
2235,HOG-02225,Sartén Antiadherente 28 cm Kairo Plus,Categoría: Hogar | Marca: Kairo | Proveedor: Distribuidora del Norte,2095.51,236,1,2024-12-30 00:00:00,2024-12-30 00:00:00
2236,ALI-02226,Galletas Integrales 350 g Aurea Classic,Categoría: Alimentos | Marca: Aurea | Proveedor: Distribuidora Nova,248.98,308,1,2024-02-07 00:00:00,2024-02-07 00:00:00
2237,DEP-02227,Guantes de Gimnasio Brava Select,Categoría: Deportes | Marca: Brava | Proveedor: Distribuidora Hidalgo,452.20,111,1,2024-03-26 00:00:00,2024-03-26 00:00:00
2238,ELE-02228,Webcam 2K Brava Lite,Categoría: Electrónica | Marca: Brava | Proveedor: Distribuidora Hidalgo,3225.79,93,0,2026-08-16 00:00:00,2026-08-16 00:00:00
2239,DEP-02229,Guantes de Ciclismo Lumina Prime,Categoría: Deportes | Marca: Lumina | Proveedor: Distribuidora Bajío,2400.72,245,0,2024-07-20 00:00:00,2024-07-20 00:00:00
2240,CUI-02230,Rasuradora 3 Cabezas Marea Plus,Categoría: Cuidado personal | Marca: Marea | Proveedor: Distribuidora Bajío,908.27,62,1,2025-12-09 00:00:00,2025-12-09 00:00:00
2241,OFI-02231,Mochila Antirrobo Brava Max,Categoría: Oficina | Marca: Brava | Proveedor: Distribuidora Central,4878.77,262,1,2024-04-13 00:00:00,2024-04-13 00:00:00
2242,ELE-02232,Mouse Óptico Nativa Select,Categoría: Electrónica | Marca: Nativa | Proveedor: Distribuidora Bajío,1129.00,195,1,2024-03-30 00:00:00,2024-03-30 00:00:00
2243,DEP-02233,Balón de Básquetbol Zenit Advance,Categoría: Deportes | Marca: Zenit | Proveedor: Distribuidora Nova,2801.53,158,1,2024-08-02 00:00:00,2024-08-02 00:00:00
2244,HOG-02234,Termo de Acero Inoxidable Zenit Eco,Categoría: Hogar | Marca: Zenit | Proveedor: Distribuidora Central,713.02,174,1,2025-09-16 00:00:00,2025-09-16 00:00:00
2245,CUI-02235,Shampoo Reparador 700 ml Altura Plus,Categoría: Cuidado personal | Marca: Altura | Proveedor: Distribuidora Metropolitana,177.81,304,1,2025-05-06 00:00:00,2025-05-06 00:00:00
2246,ELE-02236,Cargador USB-C 45W Marea Pro,Categoría: Electrónica | Marca: Marea | Proveedor: Distribuidora Hidalgo,467.92,43,1,2025-11-10 00:00:00,2025-11-10 00:00:00
2247,OFI-02237,Mochila Antirrobo Zenit Classic,Categoría: Oficina | Marca: Zenit | Proveedor: Distribuidora Pacífico,4425.23,263,1,2025-09-26 00:00:00,2025-09-26 00:00:00
2248,ALI-02238,Galletas con Chocolate 300 g Cobalto Advance,Categoría: Alimentos | Marca: Cobalto | Proveedor: Distribuidora Metropolitana,311.93,87,1,2026-04-23 00:00:00,2026-04-23 00:00:00
2249,DEP-02239,Mancuerna Ajustable Vitta Lite,Categoría: Deportes | Marca: Vitta | Proveedor: Distribuidora Central,2247.92,303,1,2024-07-02 00:00:00,2024-07-02 00:00:00
2250,DEP-02240,Guantes con Muñequera Lumina Pro,Categoría: Deportes | Marca: Lumina | Proveedor: Distribuidora Nova,959.79,276,1,2025-10-16 00:00:00,2025-10-16 00:00:00
2251,DEP-02241,Botella Deportiva Térmica Nova Prime,Categoría: Deportes | Marca: Nova | Proveedor: Distribuidora Pacífico,2273.28,270,1,2026-07-26 00:00:00,2026-07-26 00:00:00
2252,OFI-02242,Cuaderno Pasta Dura Aurea Eco,Categoría: Oficina | Marca: Aurea | Proveedor: Distribuidora Hidalgo,2995.17,81,1,2025-06-19 00:00:00,2025-06-19 00:00:00
2253,HOG-02243,Organizador de Cocina Aurea Lite,Categoría: Hogar | Marca: Aurea | Proveedor: Distribuidora del Norte,1295.72,222,1,2026-03-04 00:00:00,2026-03-04 00:00:00
2254,HOG-02244,Termo Térmico Lumina Classic,Categoría: Hogar | Marca: Lumina | Proveedor: Distribuidora Central,2366.53,172,1,2026-06-27 00:00:00,2026-06-27 00:00:00
2255,ALI-02245,Galletas con Chocolate 300 g Nexo Plus,Categoría: Alimentos | Marca: Nexo | Proveedor: Distribuidora Central,369.66,295,1,2025-01-14 00:00:00,2025-01-14 00:00:00
2256,CUI-02246,Rasuradora de Precisión Aurea Select,Categoría: Cuidado personal | Marca: Aurea | Proveedor: Distribuidora del Norte,2311.85,191,1,2025-10-05 00:00:00,2025-10-05 00:00:00
2257,OFI-02247,Memoria USB 32 GB Cobalto Essential,Categoría: Oficina | Marca: Cobalto | Proveedor: Distribuidora Metropolitana,4620.14,342,1,2024-07-18 00:00:00,2024-07-18 00:00:00
2258,DEP-02248,Botella Deportiva 750 ml Orion Advance,Categoría: Deportes | Marca: Orion | Proveedor: Distribuidora del Norte,790.69,299,1,2024-01-11 00:00:00,2024-01-11 00:00:00
2259,CUI-02249,Crema Corporal Nutritiva 400 ml Nativa Classic,Categoría: Cuidado personal | Marca: Nativa | Proveedor: Distribuidora Metropolitana,415.14,161,1,2024-05-04 00:00:00,2024-05-04 00:00:00
2260,DEP-02250,Botella Deportiva 750 ml Marea Lite,Categoría: Deportes | Marca: Marea | Proveedor: Distribuidora del Norte,2410.02,257,1,2024-02-13 00:00:00,2024-02-13 00:00:00
2261,ELE-02251,Teclado Compacto Aurea Max,Categoría: Electrónica | Marca: Aurea | Proveedor: Distribuidora Metropolitana,841.06,35,1,2026-08-13 00:00:00,2026-08-13 00:00:00
2262,CUI-02252,Rasuradora 3 Cabezas Zenit Eco,Categoría: Cuidado personal | Marca: Zenit | Proveedor: Distribuidora del Norte,430.18,225,1,2024-08-10 00:00:00,2024-08-10 00:00:00
2263,CUI-02253,Secadora Profesional Brava Select,Categoría: Cuidado personal | Marca: Brava | Proveedor: Distribuidora Central,1017.80,316,0,2025-12-22 00:00:00,2025-12-22 00:00:00
2264,OFI-02254,Memoria USB 128 GB Urban Plus,Categoría: Oficina | Marca: Urban | Proveedor: Distribuidora Bajío,2222.11,149,1,2025-11-12 00:00:00,2025-11-12 00:00:00
2265,ALI-02255,Pasta Penne 500 g Zenit Select,Categoría: Alimentos | Marca: Zenit | Proveedor: Distribuidora Mexicana,477.62,290,1,2024-12-31 00:00:00,2024-12-31 00:00:00
2266,ELE-02256,Audífonos con Micrófono Kairo Select,Categoría: Electrónica | Marca: Kairo | Proveedor: Distribuidora Central,1465.17,347,1,2025-11-06 00:00:00,2025-11-06 00:00:00
2267,CUI-02257,Crema Corporal con Aloe 500 ml Nativa Pro,Categoría: Cuidado personal | Marca: Nativa | Proveedor: Distribuidora Hidalgo,1303.40,81,1,2026-02-23 00:00:00,2026-02-23 00:00:00
2268,DEP-02258,Botella Deportiva con Popote Brava Classic,Categoría: Deportes | Marca: Brava | Proveedor: Distribuidora Hidalgo,604.33,42,1,2026-04-06 00:00:00,2026-04-06 00:00:00
2269,ELE-02259,Webcam Autofocus Lumina Essential,Categoría: Electrónica | Marca: Lumina | Proveedor: Distribuidora Bajío,3141.56,319,1,2026-08-29 00:00:00,2026-08-29 00:00:00
2270,HOG-02260,Sartén de Acero 26 cm Kairo Eco,Categoría: Hogar | Marca: Kairo | Proveedor: Distribuidora Metropolitana,2083.33,21,0,2024-05-07 00:00:00,2024-05-07 00:00:00
2271,ALI-02261,Galletas con Chocolate 300 g Nova Pro,Categoría: Alimentos | Marca: Nova | Proveedor: Distribuidora Central,404.58,109,1,2024-09-27 00:00:00,2024-09-27 00:00:00
2272,DEP-02262,Tapete de Yoga con Correa Vitta Lite,Categoría: Deportes | Marca: Vitta | Proveedor: Distribuidora Pacífico,2627.57,134,1,2025-11-23 00:00:00,2025-11-23 00:00:00
2273,ELE-02263,Cargador USB-C 45W Marea Select,Categoría: Electrónica | Marca: Marea | Proveedor: Distribuidora Hidalgo,3252.99,294,1,2025-08-11 00:00:00,2025-08-11 00:00:00
2274,DEP-02264,Balón Entrenamiento Terra Advance,Categoría: Deportes | Marca: Terra | Proveedor: Distribuidora Mexicana,1912.69,1,1,2024-06-26 00:00:00,2024-06-26 00:00:00
2275,OFI-02265,Memoria USB USB 3.2 Terra Prime,Categoría: Oficina | Marca: Terra | Proveedor: Distribuidora del Norte,4534.23,179,1,2026-05-26 00:00:00,2026-05-26 00:00:00
2276,OFI-02266,Memoria USB USB 3.2 Vitta Max,Categoría: Oficina | Marca: Vitta | Proveedor: Distribuidora Nova,770.28,136,1,2024-01-22 00:00:00,2024-01-22 00:00:00
2277,DEP-02267,Guantes de Gimnasio Orion Eco,Categoría: Deportes | Marca: Orion | Proveedor: Distribuidora Central,2530.91,138,1,2024-07-26 00:00:00,2024-07-26 00:00:00
2278,HOG-02268,Termo 500 ml Nativa Select,Categoría: Hogar | Marca: Nativa | Proveedor: Distribuidora Metropolitana,1406.07,226,1,2025-06-08 00:00:00,2025-06-08 00:00:00
2279,HOG-02269,Organizador de Baño Kairo Max,Categoría: Hogar | Marca: Kairo | Proveedor: Distribuidora del Norte,1166.81,128,1,2024-08-26 00:00:00,2024-08-26 00:00:00
2280,CUI-02270,Shampoo Reparador 700 ml Orion Prime,Categoría: Cuidado personal | Marca: Orion | Proveedor: Distribuidora Hidalgo,576.53,326,1,2024-01-24 00:00:00,2024-01-24 00:00:00
2281,HOG-02271,Juego de Toallas 4 Piezas Prisma Classic,Categoría: Hogar | Marca: Prisma | Proveedor: Distribuidora Pacífico,1984.81,20,1,2024-03-10 00:00:00,2024-03-10 00:00:00
2282,HOG-02272,Organizador de Cocina Altura Prime,Categoría: Hogar | Marca: Altura | Proveedor: Distribuidora Central,1168.51,68,1,2024-10-01 00:00:00,2024-10-01 00:00:00
2283,ELE-02273,Audífonos Bluetooth Nativa Advance,Categoría: Electrónica | Marca: Nativa | Proveedor: Distribuidora del Norte,2959.20,139,1,2025-08-01 00:00:00,2025-08-01 00:00:00
2284,OFI-02274,Calculadora de Escritorio Lumina Essential,Categoría: Oficina | Marca: Lumina | Proveedor: Distribuidora Pacífico,3740.94,315,1,2024-04-11 00:00:00,2024-04-11 00:00:00
2285,HOG-02275,Organizador Multiusos Cobalto Essential,Categoría: Hogar | Marca: Cobalto | Proveedor: Distribuidora Bajío,1500.46,285,1,2024-06-03 00:00:00,2024-06-03 00:00:00
2286,OFI-02276,Memoria USB USB 3.2 Aurea Pro,Categoría: Oficina | Marca: Aurea | Proveedor: Distribuidora Bajío,1093.35,40,1,2026-05-12 00:00:00,2026-05-12 00:00:00
2287,HOG-02277,Organizador Multiusos Nova Classic,Categoría: Hogar | Marca: Nova | Proveedor: Distribuidora Nova,2093.36,330,1,2024-06-25 00:00:00,2024-06-25 00:00:00
2288,ELE-02278,Cargador USB-C 20W Altura Select,Categoría: Electrónica | Marca: Altura | Proveedor: Distribuidora Hidalgo,1172.35,269,1,2024-04-11 00:00:00,2024-04-11 00:00:00
2289,HOG-02279,Lámpara Minimalista Nova Pro,Categoría: Hogar | Marca: Nova | Proveedor: Distribuidora Mexicana,1400.70,229,1,2024-02-27 00:00:00,2024-02-27 00:00:00
2290,HOG-02280,Lámpara de Escritorio Marea Select,Categoría: Hogar | Marca: Marea | Proveedor: Distribuidora Mexicana,1025.04,212,1,2024-03-12 00:00:00,2024-03-12 00:00:00
2291,HOG-02281,Juego de Toallas Algodón Nova Prime,Categoría: Hogar | Marca: Nova | Proveedor: Distribuidora Metropolitana,1203.93,309,1,2024-01-31 00:00:00,2024-01-31 00:00:00
2292,DEP-02282,Tapete de Yoga 8 mm Marea Advance,Categoría: Deportes | Marca: Marea | Proveedor: Distribuidora Bajío,2899.18,13,1,2024-08-09 00:00:00,2024-08-09 00:00:00
2293,ELE-02283,Teclado Mecánico Cobalto Pro,Categoría: Electrónica | Marca: Cobalto | Proveedor: Distribuidora Nova,685.83,55,1,2025-07-07 00:00:00,2025-07-07 00:00:00
2294,CUI-02284,Shampoo Reparador 700 ml Nativa Plus,Categoría: Cuidado personal | Marca: Nativa | Proveedor: Distribuidora Mexicana,1849.11,253,1,2024-07-09 00:00:00,2024-07-09 00:00:00
2295,OFI-02285,Calculadora Básica Urban Plus,Categoría: Oficina | Marca: Urban | Proveedor: Distribuidora Mexicana,5991.81,56,1,2025-07-14 00:00:00,2025-07-14 00:00:00
2296,ELE-02286,Bocina Bluetooth Cobalto Classic,Categoría: Electrónica | Marca: Cobalto | Proveedor: Distribuidora Central,1175.42,208,1,2024-05-28 00:00:00,2024-05-28 00:00:00
2297,OFI-02287,Calculadora de Escritorio Nexo Prime,Categoría: Oficina | Marca: Nexo | Proveedor: Distribuidora Hidalgo,895.16,331,1,2024-01-16 00:00:00,2024-01-16 00:00:00
2298,HOG-02288,Organizador Multiusos Lumina Pro,Categoría: Hogar | Marca: Lumina | Proveedor: Distribuidora Central,2388.53,340,1,2025-08-20 00:00:00,2025-08-20 00:00:00
2299,ALI-02289,Aceite de Aguacate 500 ml Nexo Eco,Categoría: Alimentos | Marca: Nexo | Proveedor: Distribuidora Mexicana,502.58,106,1,2025-03-06 00:00:00,2025-03-06 00:00:00
2300,OFI-02290,Calculadora Científica Brava Pro,Categoría: Oficina | Marca: Brava | Proveedor: Distribuidora Bajío,2840.02,40,1,2025-09-09 00:00:00,2025-09-09 00:00:00
2301,ALI-02291,Galletas de Avena 300 g Vitta Classic,Categoría: Alimentos | Marca: Vitta | Proveedor: Distribuidora Metropolitana,758.77,183,1,2024-04-24 00:00:00,2024-04-24 00:00:00
2302,HOG-02292,Lámpara de Escritorio Orion Prime,Categoría: Hogar | Marca: Orion | Proveedor: Distribuidora del Norte,2390.30,274,1,2024-06-23 00:00:00,2024-06-23 00:00:00
2303,CUI-02293,Rasuradora Corporal Urban Classic,Categoría: Cuidado personal | Marca: Urban | Proveedor: Distribuidora Hidalgo,1364.08,219,1,2024-05-09 00:00:00,2024-05-09 00:00:00
2304,DEP-02294,Botella Deportiva 750 ml Terra Classic,Categoría: Deportes | Marca: Terra | Proveedor: Distribuidora Nova,1416.50,12,1,2025-03-24 00:00:00,2025-03-24 00:00:00
2305,CUI-02295,Shampoo Reparador 700 ml Orion Advance,Categoría: Cuidado personal | Marca: Orion | Proveedor: Distribuidora Mexicana,134.58,149,1,2024-03-28 00:00:00,2024-03-28 00:00:00
2306,ELE-02296,Audífonos con Micrófono Aurea Eco,Categoría: Electrónica | Marca: Aurea | Proveedor: Distribuidora Mexicana,2185.56,320,1,2026-05-03 00:00:00,2026-05-03 00:00:00
2307,OFI-02297,Mochila Antirrobo Terra Lite,Categoría: Oficina | Marca: Terra | Proveedor: Distribuidora Central,2641.54,229,1,2025-05-31 00:00:00,2025-05-31 00:00:00
2308,HOG-02298,Termo Térmico Marea Classic,Categoría: Hogar | Marca: Marea | Proveedor: Distribuidora Central,1123.70,75,1,2024-06-21 00:00:00,2024-06-21 00:00:00
2309,HOG-02299,Organizador de Baño Vitta Essential,Categoría: Hogar | Marca: Vitta | Proveedor: Distribuidora Central,948.46,168,1,2026-06-18 00:00:00,2026-06-18 00:00:00
2310,HOG-02300,Lámpara de Escritorio Nova Essential,Categoría: Hogar | Marca: Nova | Proveedor: Distribuidora Nova,1406.48,192,1,2026-03-23 00:00:00,2026-03-23 00:00:00
2311,ALI-02301,Aceite de Aguacate 500 ml Brava Advance,Categoría: Alimentos | Marca: Brava | Proveedor: Distribuidora Central,111.09,2,1,2025-06-12 00:00:00,2025-06-12 00:00:00
2312,CUI-02302,Shampoo Hidratante 750 ml Terra Plus,Categoría: Cuidado personal | Marca: Terra | Proveedor: Distribuidora Central,1163.66,1,1,2025-08-16 00:00:00,2025-08-16 00:00:00
2313,ELE-02303,Bocina Portátil Brava Pro,Categoría: Electrónica | Marca: Brava | Proveedor: Distribuidora Bajío,2445.46,103,1,2026-01-29 00:00:00,2026-01-29 00:00:00
2314,ALI-02304,Galletas con Chocolate 300 g Cobalto Advance,Categoría: Alimentos | Marca: Cobalto | Proveedor: Distribuidora Metropolitana,59.62,4,1,2024-11-03 00:00:00,2024-11-03 00:00:00
2315,ELE-02305,Cargador Doble Puerto Nativa Classic,Categoría: Electrónica | Marca: Nativa | Proveedor: Distribuidora Central,1450.50,20,1,2024-01-24 00:00:00,2024-01-24 00:00:00
2316,CUI-02306,Secadora 2000 W Brava Select,Categoría: Cuidado personal | Marca: Brava | Proveedor: Distribuidora Nova,1241.78,49,1,2026-09-02 00:00:00,2026-09-02 00:00:00
2317,ELE-02307,Cargador USB-C 20W Marea Plus,Categoría: Electrónica | Marca: Marea | Proveedor: Distribuidora Metropolitana,2367.21,284,1,2025-12-11 00:00:00,2025-12-11 00:00:00
2318,CUI-02308,Crema Corporal Nutritiva 400 ml Kairo Pro,Categoría: Cuidado personal | Marca: Kairo | Proveedor: Distribuidora Pacífico,2724.03,96,1,2026-04-04 00:00:00,2026-04-04 00:00:00
2319,ELE-02309,Audífonos USB-C Aurea Prime,Categoría: Electrónica | Marca: Aurea | Proveedor: Distribuidora Hidalgo,2703.84,142,0,2025-02-24 00:00:00,2025-02-24 00:00:00
2320,OFI-02310,Silla de Oficina Kairo Advance,Categoría: Oficina | Marca: Kairo | Proveedor: Distribuidora Hidalgo,5346.36,139,1,2025-03-18 00:00:00,2025-03-18 00:00:00
2321,ALI-02311,Café Molido 500 g Altura Lite,Categoría: Alimentos | Marca: Altura | Proveedor: Distribuidora Central,131.77,329,1,2026-04-09 00:00:00,2026-04-09 00:00:00
2322,CUI-02312,Shampoo Reparador 700 ml Vitta Pro,Categoría: Cuidado personal | Marca: Vitta | Proveedor: Distribuidora Bajío,1842.31,262,1,2025-09-02 00:00:00,2025-09-02 00:00:00
2323,OFI-02313,Cuaderno de Notas Zenit Pro,Categoría: Oficina | Marca: Zenit | Proveedor: Distribuidora del Norte,235.87,177,1,2025-05-23 00:00:00,2025-05-23 00:00:00
2324,OFI-02314,Mochila Impermeable Brava Prime,Categoría: Oficina | Marca: Brava | Proveedor: Distribuidora Hidalgo,3835.10,98,1,2024-11-15 00:00:00,2024-11-15 00:00:00
2325,HOG-02315,Sartén Antiadherente 28 cm Nova Essential,Categoría: Hogar | Marca: Nova | Proveedor: Distribuidora del Norte,792.08,81,1,2026-03-01 00:00:00,2026-03-01 00:00:00
2326,HOG-02316,Termo de Acero Inoxidable Orion Lite,Categoría: Hogar | Marca: Orion | Proveedor: Distribuidora del Norte,360.19,214,1,2025-10-05 00:00:00,2025-10-05 00:00:00
2327,ALI-02317,Pasta Penne 500 g Nova Classic,Categoría: Alimentos | Marca: Nova | Proveedor: Distribuidora del Norte,540.14,203,0,2026-06-23 00:00:00,2026-06-23 00:00:00
2328,DEP-02318,Guantes de Ciclismo Brava Essential,Categoría: Deportes | Marca: Brava | Proveedor: Distribuidora Central,858.70,209,1,2024-02-25 00:00:00,2024-02-25 00:00:00
2329,CUI-02319,Crema Corporal Nutritiva 400 ml Vitta Max,Categoría: Cuidado personal | Marca: Vitta | Proveedor: Distribuidora Mexicana,283.68,45,1,2024-07-24 00:00:00,2024-07-24 00:00:00
2330,HOG-02320,Termo Térmico Lumina Prime,Categoría: Hogar | Marca: Lumina | Proveedor: Distribuidora Pacífico,295.76,15,1,2026-08-27 00:00:00,2026-08-27 00:00:00
2331,OFI-02321,Cuaderno Cuadriculado Urban Eco,Categoría: Oficina | Marca: Urban | Proveedor: Distribuidora Pacífico,4516.53,114,1,2024-11-15 00:00:00,2024-11-15 00:00:00
2332,ELE-02322,Mouse Ergonómico Vitta Max,Categoría: Electrónica | Marca: Vitta | Proveedor: Distribuidora Pacífico,1552.52,112,1,2025-01-27 00:00:00,2025-01-27 00:00:00
2333,ELE-02323,Audífonos Bluetooth Marea Select,Categoría: Electrónica | Marca: Marea | Proveedor: Distribuidora Nova,171.93,255,1,2026-01-19 00:00:00,2026-01-19 00:00:00
2334,HOG-02324,Sartén Antiadherente 24 cm Prisma Lite,Categoría: Hogar | Marca: Prisma | Proveedor: Distribuidora Bajío,2404.87,42,1,2025-02-23 00:00:00,2025-02-23 00:00:00
2335,HOG-02325,Sartén Antiadherente 24 cm Vitta Max,Categoría: Hogar | Marca: Vitta | Proveedor: Distribuidora Hidalgo,1695.99,93,1,2025-04-08 00:00:00,2025-04-08 00:00:00
2336,CUI-02326,Rasuradora de Precisión Zenit Prime,Categoría: Cuidado personal | Marca: Zenit | Proveedor: Distribuidora Mexicana,2611.40,204,1,2026-05-26 00:00:00,2026-05-26 00:00:00
2337,ELE-02327,Cargador Doble Puerto Urban Lite,Categoría: Electrónica | Marca: Urban | Proveedor: Distribuidora Pacífico,1629.69,138,1,2025-04-29 00:00:00,2025-04-29 00:00:00
2338,ELE-02328,Webcam 2K Altura Select,Categoría: Electrónica | Marca: Altura | Proveedor: Distribuidora Hidalgo,1360.38,18,1,2026-08-13 00:00:00,2026-08-13 00:00:00
2339,CUI-02329,Cepillo Dental Eléctrico Kairo Pro,Categoría: Cuidado personal | Marca: Kairo | Proveedor: Distribuidora Pacífico,390.78,160,1,2026-04-11 00:00:00,2026-04-11 00:00:00
2340,ELE-02330,Mouse Óptico Zenit Lite,Categoría: Electrónica | Marca: Zenit | Proveedor: Distribuidora Mexicana,659.41,56,1,2024-03-29 00:00:00,2024-03-29 00:00:00
2341,ALI-02331,Aceite de Aguacate 500 ml Prisma Pro,Categoría: Alimentos | Marca: Prisma | Proveedor: Distribuidora Mexicana,301.25,294,1,2024-01-18 00:00:00,2024-01-18 00:00:00
2342,ALI-02332,Pasta Penne 500 g Lumina Plus,Categoría: Alimentos | Marca: Lumina | Proveedor: Distribuidora Bajío,103.23,313,1,2026-03-03 00:00:00,2026-03-03 00:00:00
2343,CUI-02333,Shampoo Reparador 700 ml Vitta Max,Categoría: Cuidado personal | Marca: Vitta | Proveedor: Distribuidora Hidalgo,730.96,342,1,2024-08-27 00:00:00,2024-08-27 00:00:00
2344,OFI-02334,Memoria USB 128 GB Nexo Plus,Categoría: Oficina | Marca: Nexo | Proveedor: Distribuidora Hidalgo,3185.39,141,0,2025-07-03 00:00:00,2025-07-03 00:00:00
2345,DEP-02335,Balón de Voleibol Nova Prime,Categoría: Deportes | Marca: Nova | Proveedor: Distribuidora Central,2553.02,51,1,2024-07-05 00:00:00,2024-07-05 00:00:00
2346,OFI-02336,Calculadora de Escritorio Terra Plus,Categoría: Oficina | Marca: Terra | Proveedor: Distribuidora Nova,4819.01,95,0,2026-06-02 00:00:00,2026-06-02 00:00:00
2347,ALI-02337,Aceite de Oliva 500 ml Kairo Advance,Categoría: Alimentos | Marca: Kairo | Proveedor: Distribuidora Hidalgo,600.84,270,1,2024-01-05 00:00:00,2024-01-05 00:00:00
2348,HOG-02338,Juego de Toallas 4 Piezas Orion Lite,Categoría: Hogar | Marca: Orion | Proveedor: Distribuidora Nova,1010.82,29,1,2024-06-16 00:00:00,2024-06-16 00:00:00
2349,ALI-02339,Cereal Integral 500 g Cobalto Lite,Categoría: Alimentos | Marca: Cobalto | Proveedor: Distribuidora Central,665.93,318,1,2024-03-23 00:00:00,2024-03-23 00:00:00
2350,OFI-02340,Cuaderno Profesional Aurea Classic,Categoría: Oficina | Marca: Aurea | Proveedor: Distribuidora del Norte,5515.82,243,1,2024-09-03 00:00:00,2024-09-03 00:00:00
2351,ALI-02341,Aceite Vegetal 1 L Orion Advance,Categoría: Alimentos | Marca: Orion | Proveedor: Distribuidora Hidalgo,661.72,333,1,2024-02-16 00:00:00,2024-02-16 00:00:00
2352,ELE-02342,Webcam Autofocus Vitta Prime,Categoría: Electrónica | Marca: Vitta | Proveedor: Distribuidora Central,2439.54,315,1,2026-01-09 00:00:00,2026-01-09 00:00:00
2353,ELE-02343,Cargador Inalámbrico Cobalto Lite,Categoría: Electrónica | Marca: Cobalto | Proveedor: Distribuidora Central,1250.00,186,1,2025-10-05 00:00:00,2025-10-05 00:00:00
2354,HOG-02344,Juego de Toallas 6 Piezas Brava Prime,Categoría: Hogar | Marca: Brava | Proveedor: Distribuidora Central,1361.86,61,1,2025-04-28 00:00:00,2025-04-28 00:00:00
2355,CUI-02345,Secadora Profesional Nova Max,Categoría: Cuidado personal | Marca: Nova | Proveedor: Distribuidora Central,423.96,239,1,2026-01-02 00:00:00,2026-01-02 00:00:00
2356,ELE-02346,Bocina Bluetooth Urban Essential,Categoría: Electrónica | Marca: Urban | Proveedor: Distribuidora del Norte,1999.96,262,1,2026-03-08 00:00:00,2026-03-08 00:00:00
2357,HOG-02347,Organizador de Escritorio Zenit Classic,Categoría: Hogar | Marca: Zenit | Proveedor: Distribuidora Nova,1243.31,61,1,2025-05-11 00:00:00,2025-05-11 00:00:00
2358,HOG-02348,Lámpara Minimalista Urban Lite,Categoría: Hogar | Marca: Urban | Proveedor: Distribuidora Mexicana,2168.16,3,1,2026-03-28 00:00:00,2026-03-28 00:00:00
2359,ELE-02349,Webcam con Micrófono Prisma Max,Categoría: Electrónica | Marca: Prisma | Proveedor: Distribuidora Central,3053.89,256,1,2024-01-16 00:00:00,2024-01-16 00:00:00
2360,OFI-02350,Calculadora de Escritorio Vitta Select,Categoría: Oficina | Marca: Vitta | Proveedor: Distribuidora Mexicana,5261.49,95,1,2026-04-24 00:00:00,2026-04-24 00:00:00
2361,CUI-02351,Shampoo Anticaspa 650 ml Zenit Lite,Categoría: Cuidado personal | Marca: Zenit | Proveedor: Distribuidora Pacífico,1015.54,233,1,2025-02-11 00:00:00,2025-02-11 00:00:00
2362,ELE-02352,Bocina Resistente al Agua Prisma Plus,Categoría: Electrónica | Marca: Prisma | Proveedor: Distribuidora Nova,1612.72,60,1,2025-08-14 00:00:00,2025-08-14 00:00:00
2363,OFI-02353,Mochila para Laptop 15.6 Marea Essential,Categoría: Oficina | Marca: Marea | Proveedor: Distribuidora Pacífico,4423.31,208,1,2026-04-23 00:00:00,2026-04-23 00:00:00
2364,ELE-02354,Audífonos con Micrófono Nova Select,Categoría: Electrónica | Marca: Nova | Proveedor: Distribuidora Pacífico,811.04,23,1,2026-07-03 00:00:00,2026-07-03 00:00:00
2365,OFI-02355,Mochila para Laptop 15.6 Brava Advance,Categoría: Oficina | Marca: Brava | Proveedor: Distribuidora Pacífico,851.79,277,1,2025-05-30 00:00:00,2025-05-30 00:00:00
2366,ELE-02356,Audífonos USB-C Orion Eco,Categoría: Electrónica | Marca: Orion | Proveedor: Distribuidora Central,2161.30,38,1,2024-11-19 00:00:00,2024-11-19 00:00:00
2367,ELE-02357,Teclado Mecánico Prisma Plus,Categoría: Electrónica | Marca: Prisma | Proveedor: Distribuidora Hidalgo,1412.14,186,1,2025-12-16 00:00:00,2025-12-16 00:00:00
2368,ALI-02358,Cereal Integral 500 g Marea Select,Categoría: Alimentos | Marca: Marea | Proveedor: Distribuidora del Norte,264.83,46,1,2024-01-04 00:00:00,2024-01-04 00:00:00
2369,ELE-02359,Mouse Óptico Urban Classic,Categoría: Electrónica | Marca: Urban | Proveedor: Distribuidora Bajío,2724.17,79,1,2025-06-01 00:00:00,2025-06-01 00:00:00
2370,CUI-02360,Rasuradora Recargable Marea Max,Categoría: Cuidado personal | Marca: Marea | Proveedor: Distribuidora Metropolitana,724.64,172,1,2026-02-01 00:00:00,2026-02-01 00:00:00
2371,ELE-02361,Teclado Mecánico Cobalto Max,Categoría: Electrónica | Marca: Cobalto | Proveedor: Distribuidora Mexicana,1252.88,50,1,2024-08-27 00:00:00,2024-08-27 00:00:00
2372,CUI-02362,Rasuradora Recargable Marea Prime,Categoría: Cuidado personal | Marca: Marea | Proveedor: Distribuidora Central,759.93,192,1,2026-02-19 00:00:00,2026-02-19 00:00:00
2373,CUI-02363,Rasuradora 3 Cabezas Brava Eco,Categoría: Cuidado personal | Marca: Brava | Proveedor: Distribuidora Pacífico,96.94,151,1,2025-03-21 00:00:00,2025-03-21 00:00:00
2374,OFI-02364,Calculadora Financiera Cobalto Max,Categoría: Oficina | Marca: Cobalto | Proveedor: Distribuidora del Norte,877.99,183,1,2025-03-28 00:00:00,2025-03-28 00:00:00
2375,DEP-02365,Tapete de Yoga 6 mm Cobalto Plus,Categoría: Deportes | Marca: Cobalto | Proveedor: Distribuidora Bajío,1141.41,134,1,2025-06-28 00:00:00,2025-06-28 00:00:00
2376,HOG-02366,Juego de Toallas Algodón Aurea Plus,Categoría: Hogar | Marca: Aurea | Proveedor: Distribuidora Nova,1256.76,157,0,2025-06-26 00:00:00,2025-06-26 00:00:00
2377,HOG-02367,Juego de Toallas 6 Piezas Lumina Classic,Categoría: Hogar | Marca: Lumina | Proveedor: Distribuidora Bajío,1296.88,166,1,2025-11-18 00:00:00,2025-11-18 00:00:00
2378,ELE-02368,Teclado Inalámbrico Marea Classic,Categoría: Electrónica | Marca: Marea | Proveedor: Distribuidora Hidalgo,2730.44,201,1,2024-05-31 00:00:00,2024-05-31 00:00:00
2379,HOG-02369,Termo de Acero Inoxidable Altura Max,Categoría: Hogar | Marca: Altura | Proveedor: Distribuidora Mexicana,1087.22,128,1,2024-01-11 00:00:00,2024-01-11 00:00:00
2380,DEP-02370,Tapete de Yoga 8 mm Nativa Plus,Categoría: Deportes | Marca: Nativa | Proveedor: Distribuidora Metropolitana,2590.63,105,1,2024-08-01 00:00:00,2024-08-01 00:00:00
2381,DEP-02371,Balón Entrenamiento Vitta Prime,Categoría: Deportes | Marca: Vitta | Proveedor: Distribuidora Hidalgo,1845.89,111,1,2026-01-09 00:00:00,2026-01-09 00:00:00
2382,DEP-02372,Guantes de Gimnasio Urban Essential,Categoría: Deportes | Marca: Urban | Proveedor: Distribuidora Hidalgo,2409.23,264,1,2025-08-28 00:00:00,2025-08-28 00:00:00
2383,HOG-02373,Lámpara de Noche Prisma Select,Categoría: Hogar | Marca: Prisma | Proveedor: Distribuidora Central,707.49,177,1,2025-12-04 00:00:00,2025-12-04 00:00:00
2384,CUI-02374,Crema Corporal con Aloe 500 ml Aurea Advance,Categoría: Cuidado personal | Marca: Aurea | Proveedor: Distribuidora Metropolitana,1196.50,42,1,2025-09-02 00:00:00,2025-09-02 00:00:00
2385,DEP-02375,Mancuerna 5 kg Marea Select,Categoría: Deportes | Marca: Marea | Proveedor: Distribuidora Hidalgo,2073.07,164,1,2025-04-06 00:00:00,2025-04-06 00:00:00
2386,DEP-02376,Guantes con Muñequera Nativa Prime,Categoría: Deportes | Marca: Nativa | Proveedor: Distribuidora Hidalgo,1090.80,81,1,2026-05-20 00:00:00,2026-05-20 00:00:00
2387,ALI-02377,Café en Grano 1 kg Terra Pro,Categoría: Alimentos | Marca: Terra | Proveedor: Distribuidora Nova,679.09,244,1,2026-05-30 00:00:00,2026-05-30 00:00:00
2388,HOG-02378,Juego de Toallas 4 Piezas Nexo Essential,Categoría: Hogar | Marca: Nexo | Proveedor: Distribuidora Mexicana,1787.92,89,1,2025-05-08 00:00:00,2025-05-08 00:00:00
2389,ELE-02379,Bocina Inteligente Nativa Eco,Categoría: Electrónica | Marca: Nativa | Proveedor: Distribuidora del Norte,2181.60,251,1,2025-03-09 00:00:00,2025-03-09 00:00:00
2390,OFI-02380,Mochila Antirrobo Orion Classic,Categoría: Oficina | Marca: Orion | Proveedor: Distribuidora Hidalgo,1634.57,282,1,2025-08-13 00:00:00,2025-08-13 00:00:00
2391,ELE-02381,Mouse Ergonómico Orion Eco,Categoría: Electrónica | Marca: Orion | Proveedor: Distribuidora Nova,3349.44,4,1,2025-08-21 00:00:00,2025-08-21 00:00:00
2392,HOG-02382,Organizador de Cocina Nexo Eco,Categoría: Hogar | Marca: Nexo | Proveedor: Distribuidora Central,2486.66,291,1,2024-04-07 00:00:00,2024-04-07 00:00:00
2393,OFI-02383,Mochila Impermeable Terra Max,Categoría: Oficina | Marca: Terra | Proveedor: Distribuidora Hidalgo,4978.11,31,0,2025-07-13 00:00:00,2025-07-13 00:00:00
2394,ELE-02384,Bocina Resistente al Agua Nova Select,Categoría: Electrónica | Marca: Nova | Proveedor: Distribuidora Hidalgo,2849.85,41,1,2026-08-04 00:00:00,2026-08-04 00:00:00
2395,ELE-02385,Mouse Inalámbrico Altura Classic,Categoría: Electrónica | Marca: Altura | Proveedor: Distribuidora Mexicana,2103.06,106,1,2025-02-27 00:00:00,2025-02-27 00:00:00
2396,HOG-02386,Sartén Antiadherente 28 cm Zenit Advance,Categoría: Hogar | Marca: Zenit | Proveedor: Distribuidora Bajío,620.78,57,1,2024-06-12 00:00:00,2024-06-12 00:00:00
2397,DEP-02387,Balón de Básquetbol Nova Lite,Categoría: Deportes | Marca: Nova | Proveedor: Distribuidora Central,735.87,288,1,2026-01-29 00:00:00,2026-01-29 00:00:00
2398,OFI-02388,Calculadora Científica Nexo Prime,Categoría: Oficina | Marca: Nexo | Proveedor: Distribuidora Metropolitana,3707.53,313,1,2024-04-21 00:00:00,2024-04-21 00:00:00
2399,HOG-02389,Termo 750 ml Vitta Max,Categoría: Hogar | Marca: Vitta | Proveedor: Distribuidora Mexicana,1774.73,252,1,2025-07-07 00:00:00,2025-07-07 00:00:00
2400,HOG-02390,Termo 500 ml Zenit Select,Categoría: Hogar | Marca: Zenit | Proveedor: Distribuidora Pacífico,921.31,24,1,2026-03-01 00:00:00,2026-03-01 00:00:00
2401,DEP-02391,Botella Deportiva 1 L Urban Eco,Categoría: Deportes | Marca: Urban | Proveedor: Distribuidora Metropolitana,1405.96,330,1,2026-04-23 00:00:00,2026-04-23 00:00:00
2402,HOG-02392,Termo de Acero Inoxidable Prisma Select,Categoría: Hogar | Marca: Prisma | Proveedor: Distribuidora Metropolitana,1502.23,135,1,2024-01-24 00:00:00,2024-01-24 00:00:00
2403,ELE-02393,Cargador Doble Puerto Kairo Essential,Categoría: Electrónica | Marca: Kairo | Proveedor: Distribuidora Metropolitana,1551.63,253,1,2026-02-10 00:00:00,2026-02-10 00:00:00
2404,ELE-02394,Teclado Mecánico Nova Plus,Categoría: Electrónica | Marca: Nova | Proveedor: Distribuidora Central,2041.90,87,1,2024-06-18 00:00:00,2024-06-18 00:00:00
2405,ELE-02395,Mouse Gaming Brava Advance,Categoría: Electrónica | Marca: Brava | Proveedor: Distribuidora Central,258.12,132,1,2025-08-21 00:00:00,2025-08-21 00:00:00
2406,HOG-02396,Sartén Antiadherente 24 cm Brava Select,Categoría: Hogar | Marca: Brava | Proveedor: Distribuidora Nova,498.42,85,1,2025-01-01 00:00:00,2025-01-01 00:00:00
2407,HOG-02397,Sartén de Acero 26 cm Marea Prime,Categoría: Hogar | Marca: Marea | Proveedor: Distribuidora del Norte,2144.49,30,1,2025-09-25 00:00:00,2025-09-25 00:00:00
2408,HOG-02398,Sartén Antiadherente 28 cm Marea Essential,Categoría: Hogar | Marca: Marea | Proveedor: Distribuidora Pacífico,626.01,207,1,2025-12-12 00:00:00,2025-12-12 00:00:00
2409,CUI-02399,Crema Corporal Hidratante 400 ml Aurea Pro,Categoría: Cuidado personal | Marca: Aurea | Proveedor: Distribuidora Hidalgo,856.17,126,1,2026-07-30 00:00:00,2026-07-30 00:00:00
2410,DEP-02400,Tapete de Yoga 6 mm Nova Prime,Categoría: Deportes | Marca: Nova | Proveedor: Distribuidora Nova,1731.20,275,1,2024-05-05 00:00:00,2024-05-05 00:00:00
2411,OFI-02401,Calculadora Científica Nexo Advance,Categoría: Oficina | Marca: Nexo | Proveedor: Distribuidora Hidalgo,378.12,170,1,2024-11-16 00:00:00,2024-11-16 00:00:00
2412,CUI-02402,Secadora Iónica Altura Plus,Categoría: Cuidado personal | Marca: Altura | Proveedor: Distribuidora Hidalgo,437.84,254,1,2024-07-21 00:00:00,2024-07-21 00:00:00
2413,DEP-02403,Mancuerna Ajustable Terra Pro,Categoría: Deportes | Marca: Terra | Proveedor: Distribuidora Hidalgo,279.80,7,1,2024-07-05 00:00:00,2024-07-05 00:00:00
2414,OFI-02404,Cuaderno de Notas Cobalto Prime,Categoría: Oficina | Marca: Cobalto | Proveedor: Distribuidora Mexicana,3745.41,50,1,2024-07-04 00:00:00,2024-07-04 00:00:00
2415,ELE-02405,Webcam 2K Orion Max,Categoría: Electrónica | Marca: Orion | Proveedor: Distribuidora Mexicana,1396.46,205,1,2026-08-24 00:00:00,2026-08-24 00:00:00
2416,OFI-02406,Silla de Oficina Vitta Lite,Categoría: Oficina | Marca: Vitta | Proveedor: Distribuidora Pacífico,3789.67,204,1,2025-01-27 00:00:00,2025-01-27 00:00:00
2417,HOG-02407,Lámpara Minimalista Orion Max,Categoría: Hogar | Marca: Orion | Proveedor: Distribuidora Central,2035.94,117,1,2024-01-05 00:00:00,2024-01-05 00:00:00
2418,HOG-02408,Termo de Acero Inoxidable Marea Pro,Categoría: Hogar | Marca: Marea | Proveedor: Distribuidora Mexicana,733.57,97,1,2025-12-23 00:00:00,2025-12-23 00:00:00
2419,OFI-02409,Mochila Antirrobo Prisma Essential,Categoría: Oficina | Marca: Prisma | Proveedor: Distribuidora Nova,1930.33,138,1,2026-01-07 00:00:00,2026-01-07 00:00:00
2420,ELE-02410,Cargador USB-C 20W Kairo Select,Categoría: Electrónica | Marca: Kairo | Proveedor: Distribuidora Bajío,2380.74,25,1,2025-05-11 00:00:00,2025-05-11 00:00:00
2421,DEP-02411,Tapete de Yoga Antideslizante Cobalto Advance,Categoría: Deportes | Marca: Cobalto | Proveedor: Distribuidora Pacífico,2922.83,191,1,2026-05-30 00:00:00,2026-05-30 00:00:00
2422,ELE-02412,Cargador USB-C 45W Terra Prime,Categoría: Electrónica | Marca: Terra | Proveedor: Distribuidora del Norte,2495.38,276,1,2025-08-27 00:00:00,2025-08-27 00:00:00
2423,ELE-02413,Mouse Óptico Nativa Essential,Categoría: Electrónica | Marca: Nativa | Proveedor: Distribuidora Hidalgo,1594.26,324,1,2026-04-29 00:00:00,2026-04-29 00:00:00
2424,HOG-02414,Organizador de Escritorio Urban Prime,Categoría: Hogar | Marca: Urban | Proveedor: Distribuidora Central,309.57,316,1,2024-06-18 00:00:00,2024-06-18 00:00:00
2425,ALI-02415,Galletas con Chocolate 300 g Kairo Eco,Categoría: Alimentos | Marca: Kairo | Proveedor: Distribuidora Metropolitana,237.80,266,1,2025-10-13 00:00:00,2025-10-13 00:00:00
2426,OFI-02416,Memoria USB 64 GB Nexo Prime,Categoría: Oficina | Marca: Nexo | Proveedor: Distribuidora Mexicana,4206.64,244,1,2025-02-18 00:00:00,2025-02-18 00:00:00
2427,ELE-02417,Webcam con Micrófono Zenit Max,Categoría: Electrónica | Marca: Zenit | Proveedor: Distribuidora Mexicana,568.85,299,1,2025-01-06 00:00:00,2025-01-06 00:00:00
2428,HOG-02418,Sartén de Acero 26 cm Prisma Plus,Categoría: Hogar | Marca: Prisma | Proveedor: Distribuidora Mexicana,1980.48,200,1,2025-07-22 00:00:00,2025-07-22 00:00:00
2429,HOG-02419,Sartén Antiadherente 24 cm Orion Lite,Categoría: Hogar | Marca: Orion | Proveedor: Distribuidora Hidalgo,522.71,339,1,2024-06-21 00:00:00,2024-06-21 00:00:00
2430,OFI-02420,Silla Ejecutiva Urban Select,Categoría: Oficina | Marca: Urban | Proveedor: Distribuidora Mexicana,3547.69,128,0,2025-10-23 00:00:00,2025-10-23 00:00:00
2431,HOG-02421,Organizador de Escritorio Terra Plus,Categoría: Hogar | Marca: Terra | Proveedor: Distribuidora Mexicana,774.69,293,0,2025-08-31 00:00:00,2025-08-31 00:00:00
2432,ELE-02422,Cargador Doble Puerto Zenit Pro,Categoría: Electrónica | Marca: Zenit | Proveedor: Distribuidora Central,2934.44,227,1,2024-05-17 00:00:00,2024-05-17 00:00:00
2433,ELE-02423,Mouse Gaming Altura Advance,Categoría: Electrónica | Marca: Altura | Proveedor: Distribuidora Mexicana,1359.38,99,1,2024-03-09 00:00:00,2024-03-09 00:00:00
2434,OFI-02424,Cuaderno Profesional Brava Advance,Categoría: Oficina | Marca: Brava | Proveedor: Distribuidora Nova,481.53,43,1,2024-09-08 00:00:00,2024-09-08 00:00:00
2435,HOG-02425,Termo 750 ml Vitta Pro,Categoría: Hogar | Marca: Vitta | Proveedor: Distribuidora del Norte,799.87,237,1,2024-03-29 00:00:00,2024-03-29 00:00:00
2436,HOG-02426,Juego de Toallas Algodón Altura Eco,Categoría: Hogar | Marca: Altura | Proveedor: Distribuidora Mexicana,2414.52,270,1,2025-04-17 00:00:00,2025-04-17 00:00:00
2437,ELE-02427,Mouse Óptico Terra Eco,Categoría: Electrónica | Marca: Terra | Proveedor: Distribuidora Hidalgo,520.51,350,1,2026-04-30 00:00:00,2026-04-30 00:00:00
2438,DEP-02428,Balón de Básquetbol Zenit Classic,Categoría: Deportes | Marca: Zenit | Proveedor: Distribuidora Metropolitana,724.51,269,0,2024-01-11 00:00:00,2024-01-11 00:00:00
2439,OFI-02429,Mochila Impermeable Nexo Select,Categoría: Oficina | Marca: Nexo | Proveedor: Distribuidora Bajío,1653.49,46,1,2026-04-25 00:00:00,2026-04-25 00:00:00
2440,HOG-02430,Organizador de Cocina Aurea Select,Categoría: Hogar | Marca: Aurea | Proveedor: Distribuidora Central,1982.33,58,1,2025-10-20 00:00:00,2025-10-20 00:00:00
2441,CUI-02431,Cepillo Dental Pack 3 Lumina Eco,Categoría: Cuidado personal | Marca: Lumina | Proveedor: Distribuidora del Norte,870.29,102,1,2025-02-02 00:00:00,2025-02-02 00:00:00
2442,OFI-02432,Cuaderno de Notas Cobalto Pro,Categoría: Oficina | Marca: Cobalto | Proveedor: Distribuidora Hidalgo,2801.83,337,1,2025-06-19 00:00:00,2025-06-19 00:00:00
2443,DEP-02433,Botella Deportiva Térmica Aurea Classic,Categoría: Deportes | Marca: Aurea | Proveedor: Distribuidora Central,1847.82,92,1,2026-04-18 00:00:00,2026-04-18 00:00:00
2444,DEP-02434,Botella Deportiva Térmica Marea Prime,Categoría: Deportes | Marca: Marea | Proveedor: Distribuidora Bajío,380.25,281,1,2024-01-21 00:00:00,2024-01-21 00:00:00
2445,DEP-02435,Guantes de Ciclismo Nexo Classic,Categoría: Deportes | Marca: Nexo | Proveedor: Distribuidora Mexicana,2118.24,21,1,2024-10-20 00:00:00,2024-10-20 00:00:00
2446,DEP-02436,Mancuerna Ajustable Terra Plus,Categoría: Deportes | Marca: Terra | Proveedor: Distribuidora Nova,2325.57,86,1,2024-10-02 00:00:00,2024-10-02 00:00:00
2447,OFI-02437,Mochila Impermeable Terra Max,Categoría: Oficina | Marca: Terra | Proveedor: Distribuidora Mexicana,3436.11,5,1,2025-01-02 00:00:00,2025-01-02 00:00:00
2448,CUI-02438,Cepillo Dental Medio Zenit Pro,Categoría: Cuidado personal | Marca: Zenit | Proveedor: Distribuidora Central,1196.23,290,1,2024-10-14 00:00:00,2024-10-14 00:00:00
2449,HOG-02439,Organizador de Baño Terra Plus,Categoría: Hogar | Marca: Terra | Proveedor: Distribuidora Metropolitana,1658.87,1,1,2024-08-20 00:00:00,2024-08-20 00:00:00
2450,OFI-02440,Calculadora Financiera Terra Pro,Categoría: Oficina | Marca: Terra | Proveedor: Distribuidora Nova,579.93,142,1,2024-11-24 00:00:00,2024-11-24 00:00:00
2451,CUI-02441,Shampoo Hidratante 750 ml Brava Max,Categoría: Cuidado personal | Marca: Brava | Proveedor: Distribuidora Hidalgo,1514.62,134,1,2024-02-21 00:00:00,2024-02-21 00:00:00
2452,ALI-02442,Aceite Vegetal 1 L Orion Classic,Categoría: Alimentos | Marca: Orion | Proveedor: Distribuidora Pacífico,196.93,258,1,2024-10-09 00:00:00,2024-10-09 00:00:00
2453,ELE-02443,Bocina Resistente al Agua Lumina Lite,Categoría: Electrónica | Marca: Lumina | Proveedor: Distribuidora Metropolitana,2669.68,333,1,2026-06-18 00:00:00,2026-06-18 00:00:00
2454,DEP-02444,Balón de Básquetbol Zenit Select,Categoría: Deportes | Marca: Zenit | Proveedor: Distribuidora Metropolitana,1265.02,34,1,2025-11-05 00:00:00,2025-11-05 00:00:00
2455,ALI-02445,Café Americano 500 g Altura Essential,Categoría: Alimentos | Marca: Altura | Proveedor: Distribuidora Mexicana,140.44,243,1,2025-08-13 00:00:00,2025-08-13 00:00:00
2456,ELE-02446,Cargador Inalámbrico Marea Essential,Categoría: Electrónica | Marca: Marea | Proveedor: Distribuidora Hidalgo,2485.64,332,1,2024-01-21 00:00:00,2024-01-21 00:00:00
2457,HOG-02447,Sartén Antiadherente 28 cm Urban Essential,Categoría: Hogar | Marca: Urban | Proveedor: Distribuidora Nova,895.66,18,1,2025-12-23 00:00:00,2025-12-23 00:00:00
2458,OFI-02448,Silla Ejecutiva Aurea Essential,Categoría: Oficina | Marca: Aurea | Proveedor: Distribuidora Bajío,2398.88,330,1,2025-11-12 00:00:00,2025-11-12 00:00:00
2459,DEP-02449,Balón de Fútbol Vitta Pro,Categoría: Deportes | Marca: Vitta | Proveedor: Distribuidora Hidalgo,2227.55,215,1,2026-06-28 00:00:00,2026-06-28 00:00:00
2460,CUI-02450,Cepillo Dental Suave Nova Lite,Categoría: Cuidado personal | Marca: Nova | Proveedor: Distribuidora Hidalgo,1290.14,331,1,2024-12-02 00:00:00,2024-12-02 00:00:00
2461,OFI-02451,Memoria USB 32 GB Zenit Max,Categoría: Oficina | Marca: Zenit | Proveedor: Distribuidora Hidalgo,4516.53,293,1,2024-07-28 00:00:00,2024-07-28 00:00:00
2462,HOG-02452,Termo Térmico Zenit Essential,Categoría: Hogar | Marca: Zenit | Proveedor: Distribuidora Metropolitana,1874.38,161,0,2026-05-18 00:00:00,2026-05-18 00:00:00
2463,ALI-02453,Pasta Fusilli 500 g Vitta Pro,Categoría: Alimentos | Marca: Vitta | Proveedor: Distribuidora Central,666.21,233,1,2024-09-25 00:00:00,2024-09-25 00:00:00
2464,CUI-02454,Rasuradora Recargable Zenit Max,Categoría: Cuidado personal | Marca: Zenit | Proveedor: Distribuidora Nova,126.90,200,1,2024-07-10 00:00:00,2024-07-10 00:00:00
2465,ELE-02455,Bocina Portátil Nova Max,Categoría: Electrónica | Marca: Nova | Proveedor: Distribuidora Mexicana,791.05,297,1,2026-02-24 00:00:00,2026-02-24 00:00:00
2466,CUI-02456,Shampoo Reparador 700 ml Nexo Max,Categoría: Cuidado personal | Marca: Nexo | Proveedor: Distribuidora Hidalgo,375.47,78,1,2025-12-20 00:00:00,2025-12-20 00:00:00
2467,HOG-02457,Organizador de Baño Lumina Max,Categoría: Hogar | Marca: Lumina | Proveedor: Distribuidora Hidalgo,1863.84,3,1,2026-04-22 00:00:00,2026-04-22 00:00:00
2468,CUI-02458,Cepillo Dental Medio Zenit Advance,Categoría: Cuidado personal | Marca: Zenit | Proveedor: Distribuidora Nova,848.99,15,1,2026-01-05 00:00:00,2026-01-05 00:00:00
2469,CUI-02459,Crema Corporal Hidratante 400 ml Brava Prime,Categoría: Cuidado personal | Marca: Brava | Proveedor: Distribuidora Central,878.05,327,1,2024-04-25 00:00:00,2024-04-25 00:00:00
2470,CUI-02460,Secadora Profesional Cobalto Essential,Categoría: Cuidado personal | Marca: Cobalto | Proveedor: Distribuidora Mexicana,2782.16,306,1,2024-03-06 00:00:00,2024-03-06 00:00:00
2471,CUI-02461,Rasuradora 3 Cabezas Nova Prime,Categoría: Cuidado personal | Marca: Nova | Proveedor: Distribuidora Mexicana,756.81,310,1,2024-10-05 00:00:00,2024-10-05 00:00:00
2472,CUI-02462,Cepillo Dental Medio Altura Pro,Categoría: Cuidado personal | Marca: Altura | Proveedor: Distribuidora del Norte,2200.86,347,1,2025-04-22 00:00:00,2025-04-22 00:00:00
2473,ELE-02463,Bocina Resistente al Agua Nova Eco,Categoría: Electrónica | Marca: Nova | Proveedor: Distribuidora Pacífico,2272.96,328,1,2025-11-10 00:00:00,2025-11-10 00:00:00
2474,ELE-02464,Mouse Inalámbrico Orion Eco,Categoría: Electrónica | Marca: Orion | Proveedor: Distribuidora Mexicana,2328.15,129,1,2026-07-11 00:00:00,2026-07-11 00:00:00
2475,CUI-02465,Shampoo Anticaspa 650 ml Nova Select,Categoría: Cuidado personal | Marca: Nova | Proveedor: Distribuidora del Norte,2632.33,23,1,2025-05-02 00:00:00,2025-05-02 00:00:00
2476,CUI-02466,Crema Corporal con Aloe 500 ml Kairo Essential,Categoría: Cuidado personal | Marca: Kairo | Proveedor: Distribuidora Nova,1274.02,24,1,2024-02-01 00:00:00,2024-02-01 00:00:00
2477,CUI-02467,Shampoo Reparador 700 ml Lumina Max,Categoría: Cuidado personal | Marca: Lumina | Proveedor: Distribuidora Mexicana,483.81,76,1,2025-09-07 00:00:00,2025-09-07 00:00:00
2478,CUI-02468,Crema Corporal Nutritiva 400 ml Kairo Classic,Categoría: Cuidado personal | Marca: Kairo | Proveedor: Distribuidora Central,2365.10,167,1,2025-11-07 00:00:00,2025-11-07 00:00:00
2479,DEP-02469,Tapete de Yoga Antideslizante Nexo Max,Categoría: Deportes | Marca: Nexo | Proveedor: Distribuidora del Norte,1926.22,45,1,2025-03-05 00:00:00,2025-03-05 00:00:00
2480,DEP-02470,Guantes de Gimnasio Zenit Plus,Categoría: Deportes | Marca: Zenit | Proveedor: Distribuidora Hidalgo,588.04,241,1,2025-02-05 00:00:00,2025-02-05 00:00:00
2481,CUI-02471,Shampoo Reparador 700 ml Vitta Essential,Categoría: Cuidado personal | Marca: Vitta | Proveedor: Distribuidora Bajío,706.26,61,1,2024-02-28 00:00:00,2024-02-28 00:00:00
2482,HOG-02472,Juego de Toallas 4 Piezas Terra Classic,Categoría: Hogar | Marca: Terra | Proveedor: Distribuidora Hidalgo,730.76,166,1,2025-10-07 00:00:00,2025-10-07 00:00:00
2483,ALI-02473,Pasta Penne 500 g Nativa Essential,Categoría: Alimentos | Marca: Nativa | Proveedor: Distribuidora Pacífico,87.87,5,1,2026-04-09 00:00:00,2026-04-09 00:00:00
2484,ALI-02474,Cereal con Frutos 450 g Nexo Prime,Categoría: Alimentos | Marca: Nexo | Proveedor: Distribuidora Central,191.37,305,1,2025-08-22 00:00:00,2025-08-22 00:00:00
2485,HOG-02475,Organizador de Baño Prisma Select,Categoría: Hogar | Marca: Prisma | Proveedor: Distribuidora Pacífico,100.67,282,1,2025-08-06 00:00:00,2025-08-06 00:00:00
2486,ALI-02476,Café en Grano 1 kg Zenit Max,Categoría: Alimentos | Marca: Zenit | Proveedor: Distribuidora Nova,25.60,150,1,2025-01-19 00:00:00,2025-01-19 00:00:00
2487,ALI-02477,Pasta Spaghetti 500 g Prisma Prime,Categoría: Alimentos | Marca: Prisma | Proveedor: Distribuidora Pacífico,197.06,217,1,2025-05-28 00:00:00,2025-05-28 00:00:00
2488,ALI-02478,Galletas Integrales 350 g Prisma Classic,Categoría: Alimentos | Marca: Prisma | Proveedor: Distribuidora Hidalgo,551.06,124,1,2026-04-26 00:00:00,2026-04-26 00:00:00
2489,CUI-02479,Secadora Iónica Orion Prime,Categoría: Cuidado personal | Marca: Orion | Proveedor: Distribuidora Bajío,2452.76,291,1,2025-05-25 00:00:00,2025-05-25 00:00:00
2490,OFI-02480,Calculadora Financiera Urban Pro,Categoría: Oficina | Marca: Urban | Proveedor: Distribuidora Nova,5993.41,65,0,2025-03-14 00:00:00,2025-03-14 00:00:00
2491,DEP-02481,Balón Entrenamiento Kairo Advance,Categoría: Deportes | Marca: Kairo | Proveedor: Distribuidora Pacífico,303.44,190,1,2025-08-03 00:00:00,2025-08-03 00:00:00
2492,ALI-02482,Cereal Integral 500 g Altura Classic,Categoría: Alimentos | Marca: Altura | Proveedor: Distribuidora Hidalgo,168.96,268,1,2024-07-07 00:00:00,2024-07-07 00:00:00
2493,DEP-02483,Guantes de Ciclismo Nova Eco,Categoría: Deportes | Marca: Nova | Proveedor: Distribuidora Bajío,1302.33,37,1,2026-08-29 00:00:00,2026-08-29 00:00:00
2494,CUI-02484,Rasuradora 3 Cabezas Aurea Prime,Categoría: Cuidado personal | Marca: Aurea | Proveedor: Distribuidora Mexicana,1083.14,302,1,2025-08-25 00:00:00,2025-08-25 00:00:00
2495,CUI-02485,Secadora Iónica Aurea Prime,Categoría: Cuidado personal | Marca: Aurea | Proveedor: Distribuidora Hidalgo,2114.62,244,1,2025-07-23 00:00:00,2025-07-23 00:00:00
2496,ALI-02486,Aceite de Aguacate 500 ml Nexo Prime,Categoría: Alimentos | Marca: Nexo | Proveedor: Distribuidora Central,734.27,222,1,2024-11-04 00:00:00,2024-11-04 00:00:00
2497,OFI-02487,Memoria USB 64 GB Altura Lite,Categoría: Oficina | Marca: Altura | Proveedor: Distribuidora Nova,5686.05,128,1,2024-04-07 00:00:00,2024-04-07 00:00:00
2498,CUI-02488,Secadora Iónica Lumina Pro,Categoría: Cuidado personal | Marca: Lumina | Proveedor: Distribuidora Central,2774.33,206,0,2024-01-31 00:00:00,2024-01-31 00:00:00
2499,ELE-02489,Mouse Gaming Altura Max,Categoría: Electrónica | Marca: Altura | Proveedor: Distribuidora del Norte,3264.32,75,1,2026-09-06 00:00:00,2026-09-06 00:00:00
2500,ALI-02490,Cereal Integral 500 g Kairo Advance,Categoría: Alimentos | Marca: Kairo | Proveedor: Distribuidora del Norte,79.73,153,1,2024-01-18 00:00:00,2024-01-18 00:00:00
2501,CUI-02491,Rasuradora Corporal Vitta Lite,Categoría: Cuidado personal | Marca: Vitta | Proveedor: Distribuidora Hidalgo,1339.59,16,1,2025-10-21 00:00:00,2025-10-21 00:00:00
2502,ALI-02492,Aceite de Aguacate 500 ml Nexo Pro,Categoría: Alimentos | Marca: Nexo | Proveedor: Distribuidora Metropolitana,254.76,5,1,2025-09-27 00:00:00,2025-09-27 00:00:00
2503,ALI-02493,Cereal Integral 500 g Nexo Select,Categoría: Alimentos | Marca: Nexo | Proveedor: Distribuidora Central,285.71,118,1,2025-08-06 00:00:00,2025-08-06 00:00:00
2504,DEP-02494,Balón de Fútbol Terra Lite,Categoría: Deportes | Marca: Terra | Proveedor: Distribuidora Mexicana,2724.72,205,1,2026-07-26 00:00:00,2026-07-26 00:00:00
2505,CUI-02495,Shampoo Reparador 700 ml Prisma Eco,Categoría: Cuidado personal | Marca: Prisma | Proveedor: Distribuidora del Norte,1515.49,2,1,2025-04-30 00:00:00,2025-04-30 00:00:00
2506,HOG-02496,Lámpara Minimalista Urban Eco,Categoría: Hogar | Marca: Urban | Proveedor: Distribuidora Hidalgo,322.22,269,1,2025-08-08 00:00:00,2025-08-08 00:00:00
2507,DEP-02497,Tapete de Yoga Antideslizante Nova Classic,Categoría: Deportes | Marca: Nova | Proveedor: Distribuidora Bajío,810.41,157,1,2024-09-20 00:00:00,2024-09-20 00:00:00
2508,HOG-02498,Sartén Antiadherente 24 cm Lumina Select,Categoría: Hogar | Marca: Lumina | Proveedor: Distribuidora Metropolitana,1245.83,316,1,2026-05-20 00:00:00,2026-05-20 00:00:00
2509,ELE-02499,Audífonos con Micrófono Nativa Max,Categoría: Electrónica | Marca: Nativa | Proveedor: Distribuidora del Norte,807.11,86,1,2025-05-23 00:00:00,2025-05-23 00:00:00
2510,OFI-02500,Cuaderno de Notas Urban Plus,Categoría: Oficina | Marca: Urban | Proveedor: Distribuidora Mexicana,4553.14,339,1,2024-02-16 00:00:00,2024-02-16 00:00:00
2511,OFI-02501,Memoria USB 32 GB Aurea Lite,Categoría: Oficina | Marca: Aurea | Proveedor: Distribuidora Bajío,2923.24,107,1,2024-02-11 00:00:00,2024-02-11 00:00:00
2512,ALI-02502,Cereal con Frutos 450 g Kairo Classic,Categoría: Alimentos | Marca: Kairo | Proveedor: Distribuidora Central,680.29,146,1,2026-03-09 00:00:00,2026-03-09 00:00:00
2513,DEP-02503,Botella Deportiva Térmica Urban Pro,Categoría: Deportes | Marca: Urban | Proveedor: Distribuidora del Norte,2342.70,161,1,2026-08-03 00:00:00,2026-08-03 00:00:00
2514,ELE-02504,Webcam Autofocus Urban Prime,Categoría: Electrónica | Marca: Urban | Proveedor: Distribuidora del Norte,404.32,311,1,2026-03-16 00:00:00,2026-03-16 00:00:00
2515,ELE-02505,Webcam con Micrófono Lumina Max,Categoría: Electrónica | Marca: Lumina | Proveedor: Distribuidora Mexicana,2477.51,336,1,2026-06-03 00:00:00,2026-06-03 00:00:00
2516,OFI-02506,Cuaderno Pasta Dura Prisma Eco,Categoría: Oficina | Marca: Prisma | Proveedor: Distribuidora Central,1183.58,130,1,2025-09-11 00:00:00,2025-09-11 00:00:00
2517,CUI-02507,Cepillo Dental Suave Prisma Prime,Categoría: Cuidado personal | Marca: Prisma | Proveedor: Distribuidora del Norte,1544.85,40,1,2024-11-24 00:00:00,2024-11-24 00:00:00
2518,DEP-02508,Mancuerna Ajustable Zenit Prime,Categoría: Deportes | Marca: Zenit | Proveedor: Distribuidora del Norte,813.23,341,1,2026-08-01 00:00:00,2026-08-01 00:00:00
2519,ALI-02509,Aceite de Aguacate 500 ml Nova Essential,Categoría: Alimentos | Marca: Nova | Proveedor: Distribuidora Nova,245.63,300,1,2026-07-02 00:00:00,2026-07-02 00:00:00
2520,ELE-02510,Webcam con Micrófono Marea Classic,Categoría: Electrónica | Marca: Marea | Proveedor: Distribuidora Central,541.72,141,1,2026-02-18 00:00:00,2026-02-18 00:00:00
2521,ALI-02511,Galletas de Avena 300 g Nexo Plus,Categoría: Alimentos | Marca: Nexo | Proveedor: Distribuidora Nova,647.51,12,1,2025-08-25 00:00:00,2025-08-25 00:00:00
2522,HOG-02512,Lámpara LED Prisma Lite,Categoría: Hogar | Marca: Prisma | Proveedor: Distribuidora Pacífico,1421.33,350,1,2025-10-05 00:00:00,2025-10-05 00:00:00
2523,ALI-02513,Café Descafeinado 400 g Nova Pro,Categoría: Alimentos | Marca: Nova | Proveedor: Distribuidora Metropolitana,328.21,80,1,2024-04-02 00:00:00,2024-04-02 00:00:00
2524,DEP-02514,Mancuerna Hexagonal Aurea Select,Categoría: Deportes | Marca: Aurea | Proveedor: Distribuidora Hidalgo,2191.11,175,1,2024-05-15 00:00:00,2024-05-15 00:00:00
2525,HOG-02515,Termo Térmico Kairo Classic,Categoría: Hogar | Marca: Kairo | Proveedor: Distribuidora Central,2136.01,257,1,2026-02-19 00:00:00,2026-02-19 00:00:00
2526,DEP-02516,Balón de Fútbol Nativa Essential,Categoría: Deportes | Marca: Nativa | Proveedor: Distribuidora del Norte,1825.05,21,1,2025-09-05 00:00:00,2025-09-05 00:00:00
2527,ELE-02517,Cargador Inalámbrico Brava Plus,Categoría: Electrónica | Marca: Brava | Proveedor: Distribuidora Mexicana,456.78,348,1,2026-04-10 00:00:00,2026-04-10 00:00:00
2528,ELE-02518,Audífonos USB-C Terra Lite,Categoría: Electrónica | Marca: Terra | Proveedor: Distribuidora Metropolitana,1282.99,24,1,2024-06-15 00:00:00,2024-06-15 00:00:00
2529,HOG-02519,Organizador de Cocina Orion Advance,Categoría: Hogar | Marca: Orion | Proveedor: Distribuidora Pacífico,1667.00,16,1,2025-04-10 00:00:00,2025-04-10 00:00:00
2530,ALI-02520,Cereal Integral 500 g Nova Prime,Categoría: Alimentos | Marca: Nova | Proveedor: Distribuidora Central,199.84,240,1,2025-05-02 00:00:00,2025-05-02 00:00:00
2531,OFI-02521,Calculadora Básica Kairo Max,Categoría: Oficina | Marca: Kairo | Proveedor: Distribuidora Mexicana,4367.31,29,1,2026-07-29 00:00:00,2026-07-29 00:00:00
2532,HOG-02522,Lámpara Minimalista Lumina Classic,Categoría: Hogar | Marca: Lumina | Proveedor: Distribuidora Metropolitana,1023.77,37,1,2026-01-16 00:00:00,2026-01-16 00:00:00
2533,OFI-02523,Silla con Soporte Lumbar Zenit Eco,Categoría: Oficina | Marca: Zenit | Proveedor: Distribuidora Mexicana,823.86,208,1,2024-09-11 00:00:00,2024-09-11 00:00:00
2534,CUI-02524,Rasuradora Recargable Prisma Select,Categoría: Cuidado personal | Marca: Prisma | Proveedor: Distribuidora Hidalgo,2733.52,70,1,2024-03-16 00:00:00,2024-03-16 00:00:00
2535,OFI-02525,Cuaderno de Notas Prisma Max,Categoría: Oficina | Marca: Prisma | Proveedor: Distribuidora Central,4883.46,229,1,2024-08-09 00:00:00,2024-08-09 00:00:00
2536,CUI-02526,Rasuradora Recargable Marea Essential,Categoría: Cuidado personal | Marca: Marea | Proveedor: Distribuidora Hidalgo,1128.34,21,1,2025-02-09 00:00:00,2025-02-09 00:00:00
2537,ELE-02527,Mouse Inalámbrico Vitta Lite,Categoría: Electrónica | Marca: Vitta | Proveedor: Distribuidora Hidalgo,3120.78,44,1,2024-09-29 00:00:00,2024-09-29 00:00:00
2538,CUI-02528,Secadora Compacta Nova Select,Categoría: Cuidado personal | Marca: Nova | Proveedor: Distribuidora del Norte,1660.61,303,1,2024-06-17 00:00:00,2024-06-17 00:00:00
2539,ALI-02529,Cereal de Avena 500 g Nova Pro,Categoría: Alimentos | Marca: Nova | Proveedor: Distribuidora Pacífico,307.38,11,1,2024-12-13 00:00:00,2024-12-13 00:00:00
2540,HOG-02530,Juego de Toallas 6 Piezas Cobalto Advance,Categoría: Hogar | Marca: Cobalto | Proveedor: Distribuidora Mexicana,966.34,57,0,2025-02-05 00:00:00,2025-02-05 00:00:00
2541,CUI-02531,Secadora Profesional Altura Pro,Categoría: Cuidado personal | Marca: Altura | Proveedor: Distribuidora Metropolitana,2421.81,237,1,2026-07-28 00:00:00,2026-07-28 00:00:00
2542,DEP-02532,Mancuerna Ajustable Terra Classic,Categoría: Deportes | Marca: Terra | Proveedor: Distribuidora Mexicana,2945.11,302,1,2024-02-14 00:00:00,2024-02-14 00:00:00
2543,ALI-02533,Galletas con Chocolate 300 g Kairo Classic,Categoría: Alimentos | Marca: Kairo | Proveedor: Distribuidora del Norte,741.51,115,1,2024-05-07 00:00:00,2024-05-07 00:00:00
2544,ALI-02534,Galletas de Avena 300 g Zenit Prime,Categoría: Alimentos | Marca: Zenit | Proveedor: Distribuidora Nova,512.04,271,1,2024-10-17 00:00:00,2024-10-17 00:00:00
2545,OFI-02535,Calculadora Financiera Zenit Pro,Categoría: Oficina | Marca: Zenit | Proveedor: Distribuidora Metropolitana,5205.52,305,1,2024-06-01 00:00:00,2024-06-01 00:00:00
2546,CUI-02536,Rasuradora Recargable Marea Eco,Categoría: Cuidado personal | Marca: Marea | Proveedor: Distribuidora Hidalgo,1091.21,120,1,2024-04-15 00:00:00,2024-04-15 00:00:00
2547,HOG-02537,Sartén de Acero 26 cm Urban Essential,Categoría: Hogar | Marca: Urban | Proveedor: Distribuidora Bajío,1162.30,151,1,2026-06-03 00:00:00,2026-06-03 00:00:00
2548,DEP-02538,Balón de Fútbol Vitta Select,Categoría: Deportes | Marca: Vitta | Proveedor: Distribuidora Metropolitana,1117.16,32,1,2025-05-31 00:00:00,2025-05-31 00:00:00
2549,ELE-02539,Mouse Ergonómico Nova Plus,Categoría: Electrónica | Marca: Nova | Proveedor: Distribuidora del Norte,1627.08,347,1,2025-03-09 00:00:00,2025-03-09 00:00:00
2550,ELE-02540,Mouse Óptico Altura Prime,Categoría: Electrónica | Marca: Altura | Proveedor: Distribuidora Central,1912.97,292,1,2025-01-17 00:00:00,2025-01-17 00:00:00
2551,OFI-02541,Calculadora Científica Aurea Select,Categoría: Oficina | Marca: Aurea | Proveedor: Distribuidora Bajío,3558.12,157,1,2025-08-03 00:00:00,2025-08-03 00:00:00
2552,ALI-02542,Aceite de Aguacate 500 ml Prisma Select,Categoría: Alimentos | Marca: Prisma | Proveedor: Distribuidora Bajío,100.14,163,1,2025-08-20 00:00:00,2025-08-20 00:00:00
2553,ALI-02543,Aceite de Oliva 500 ml Lumina Lite,Categoría: Alimentos | Marca: Lumina | Proveedor: Distribuidora Hidalgo,518.21,272,1,2025-03-21 00:00:00,2025-03-21 00:00:00
2554,OFI-02544,Silla Ejecutiva Urban Prime,Categoría: Oficina | Marca: Urban | Proveedor: Distribuidora Nova,2351.08,63,1,2024-07-18 00:00:00,2024-07-18 00:00:00
2555,ALI-02545,Galletas Integrales 350 g Terra Lite,Categoría: Alimentos | Marca: Terra | Proveedor: Distribuidora Central,381.04,280,1,2025-01-18 00:00:00,2025-01-18 00:00:00
2556,ELE-02546,Teclado Inalámbrico Nativa Max,Categoría: Electrónica | Marca: Nativa | Proveedor: Distribuidora Pacífico,2833.32,45,1,2024-09-07 00:00:00,2024-09-07 00:00:00
2557,ALI-02547,Café en Grano 1 kg Nexo Essential,Categoría: Alimentos | Marca: Nexo | Proveedor: Distribuidora Bajío,492.09,221,1,2024-09-04 00:00:00,2024-09-04 00:00:00
2558,HOG-02548,Termo Térmico Aurea Pro,Categoría: Hogar | Marca: Aurea | Proveedor: Distribuidora Pacífico,588.01,207,0,2024-09-22 00:00:00,2024-09-22 00:00:00
2559,CUI-02549,Crema Corporal con Aloe 500 ml Brava Pro,Categoría: Cuidado personal | Marca: Brava | Proveedor: Distribuidora Hidalgo,2290.82,235,1,2025-09-24 00:00:00,2025-09-24 00:00:00
2560,ALI-02550,Cereal con Frutos 450 g Nexo Max,Categoría: Alimentos | Marca: Nexo | Proveedor: Distribuidora Mexicana,391.41,121,1,2024-08-17 00:00:00,2024-08-17 00:00:00
2561,OFI-02551,Mochila para Laptop 15.6 Vitta Select,Categoría: Oficina | Marca: Vitta | Proveedor: Distribuidora del Norte,4126.37,11,1,2024-09-14 00:00:00,2024-09-14 00:00:00
2562,ELE-02552,Audífonos con Micrófono Aurea Select,Categoría: Electrónica | Marca: Aurea | Proveedor: Distribuidora Pacífico,2698.84,89,1,2024-10-27 00:00:00,2024-10-27 00:00:00
2563,OFI-02553,Silla Ergonómica Vitta Advance,Categoría: Oficina | Marca: Vitta | Proveedor: Distribuidora Bajío,89.23,344,1,2024-12-05 00:00:00,2024-12-05 00:00:00
2564,ELE-02554,Mouse Gaming Marea Pro,Categoría: Electrónica | Marca: Marea | Proveedor: Distribuidora Bajío,3152.94,29,1,2024-11-27 00:00:00,2024-11-27 00:00:00
2565,ALI-02555,Galletas con Chocolate 300 g Lumina Select,Categoría: Alimentos | Marca: Lumina | Proveedor: Distribuidora del Norte,451.56,113,0,2024-01-31 00:00:00,2024-01-31 00:00:00
2566,DEP-02556,Mancuerna 10 kg Aurea Pro,Categoría: Deportes | Marca: Aurea | Proveedor: Distribuidora Mexicana,625.33,221,1,2026-07-24 00:00:00,2026-07-24 00:00:00
2567,DEP-02557,Balón Entrenamiento Aurea Select,Categoría: Deportes | Marca: Aurea | Proveedor: Distribuidora Central,2822.17,212,1,2026-09-04 00:00:00,2026-09-04 00:00:00
2568,OFI-02558,Silla Ergonómica Cobalto Essential,Categoría: Oficina | Marca: Cobalto | Proveedor: Distribuidora Central,1271.55,185,1,2024-08-31 00:00:00,2024-08-31 00:00:00
2569,ELE-02559,Mouse Gaming Nexo Advance,Categoría: Electrónica | Marca: Nexo | Proveedor: Distribuidora Mexicana,1835.47,155,1,2025-10-07 00:00:00,2025-10-07 00:00:00
2570,ALI-02560,Café Descafeinado 400 g Kairo Essential,Categoría: Alimentos | Marca: Kairo | Proveedor: Distribuidora Pacífico,127.38,253,1,2024-01-19 00:00:00,2024-01-19 00:00:00
2571,DEP-02561,Balón de Voleibol Nexo Eco,Categoría: Deportes | Marca: Nexo | Proveedor: Distribuidora Metropolitana,1408.52,70,1,2025-08-05 00:00:00,2025-08-05 00:00:00
2572,DEP-02562,Tapete de Yoga 6 mm Altura Select,Categoría: Deportes | Marca: Altura | Proveedor: Distribuidora Metropolitana,2145.17,97,1,2025-10-11 00:00:00,2025-10-11 00:00:00
2573,DEP-02563,Mancuerna Hexagonal Lumina Classic,Categoría: Deportes | Marca: Lumina | Proveedor: Distribuidora Metropolitana,1758.40,136,1,2025-09-01 00:00:00,2025-09-01 00:00:00
2574,CUI-02564,Crema Corporal Hidratante 400 ml Aurea Advance,Categoría: Cuidado personal | Marca: Aurea | Proveedor: Distribuidora Bajío,1970.00,292,1,2026-02-05 00:00:00,2026-02-05 00:00:00
2575,CUI-02565,Cepillo Dental Suave Terra Advance,Categoría: Cuidado personal | Marca: Terra | Proveedor: Distribuidora Hidalgo,2561.87,259,1,2024-02-05 00:00:00,2024-02-05 00:00:00
2576,CUI-02566,Cepillo Dental Pack 3 Nova Classic,Categoría: Cuidado personal | Marca: Nova | Proveedor: Distribuidora Nova,1689.73,338,1,2024-05-26 00:00:00,2024-05-26 00:00:00
2577,DEP-02567,Mancuerna 10 kg Vitta Pro,Categoría: Deportes | Marca: Vitta | Proveedor: Distribuidora Pacífico,2257.83,302,1,2026-07-03 00:00:00,2026-07-03 00:00:00
2578,HOG-02568,Lámpara LED Lumina Plus,Categoría: Hogar | Marca: Lumina | Proveedor: Distribuidora Metropolitana,876.50,147,1,2024-08-21 00:00:00,2024-08-21 00:00:00
2579,ELE-02569,Webcam Full HD Nexo Max,Categoría: Electrónica | Marca: Nexo | Proveedor: Distribuidora Mexicana,1612.74,83,1,2026-07-20 00:00:00,2026-07-20 00:00:00
2580,CUI-02570,Secadora 2000 W Nativa Classic,Categoría: Cuidado personal | Marca: Nativa | Proveedor: Distribuidora Mexicana,520.41,326,1,2024-12-15 00:00:00,2024-12-15 00:00:00
2581,DEP-02571,Guantes con Muñequera Lumina Lite,Categoría: Deportes | Marca: Lumina | Proveedor: Distribuidora Mexicana,2342.36,269,1,2026-07-19 00:00:00,2026-07-19 00:00:00
2582,HOG-02572,Juego de Toallas Microfibra Altura Prime,Categoría: Hogar | Marca: Altura | Proveedor: Distribuidora del Norte,1669.58,148,1,2025-02-01 00:00:00,2025-02-01 00:00:00
2583,DEP-02573,Botella Deportiva 1 L Terra Advance,Categoría: Deportes | Marca: Terra | Proveedor: Distribuidora Pacífico,1958.48,205,1,2025-04-23 00:00:00,2025-04-23 00:00:00
2584,CUI-02574,Secadora 2000 W Zenit Essential,Categoría: Cuidado personal | Marca: Zenit | Proveedor: Distribuidora Hidalgo,2118.87,166,1,2025-12-04 00:00:00,2025-12-04 00:00:00
2585,OFI-02575,Memoria USB USB 3.2 Aurea Lite,Categoría: Oficina | Marca: Aurea | Proveedor: Distribuidora Bajío,1474.96,1,1,2024-06-06 00:00:00,2024-06-06 00:00:00
2586,ELE-02576,Audífonos Bluetooth Vitta Eco,Categoría: Electrónica | Marca: Vitta | Proveedor: Distribuidora Mexicana,429.31,205,1,2024-01-08 00:00:00,2024-01-08 00:00:00
2587,OFI-02577,Calculadora Básica Cobalto Lite,Categoría: Oficina | Marca: Cobalto | Proveedor: Distribuidora Metropolitana,2458.48,142,1,2025-05-26 00:00:00,2025-05-26 00:00:00
2588,CUI-02578,Rasuradora Corporal Marea Prime,Categoría: Cuidado personal | Marca: Marea | Proveedor: Distribuidora del Norte,2491.84,180,1,2024-06-25 00:00:00,2024-06-25 00:00:00
2589,DEP-02579,Mancuerna 5 kg Nova Essential,Categoría: Deportes | Marca: Nova | Proveedor: Distribuidora Metropolitana,1213.47,228,1,2025-06-17 00:00:00,2025-06-17 00:00:00
2590,DEP-02580,Guantes de Ciclismo Kairo Essential,Categoría: Deportes | Marca: Kairo | Proveedor: Distribuidora Hidalgo,1129.07,212,1,2024-12-27 00:00:00,2024-12-27 00:00:00
2591,ELE-02581,Teclado Inalámbrico Terra Classic,Categoría: Electrónica | Marca: Terra | Proveedor: Distribuidora Bajío,1020.04,262,1,2026-08-13 00:00:00,2026-08-13 00:00:00
2592,HOG-02582,Organizador de Escritorio Urban Lite,Categoría: Hogar | Marca: Urban | Proveedor: Distribuidora Nova,2494.43,8,1,2026-05-06 00:00:00,2026-05-06 00:00:00
2593,DEP-02583,Botella Deportiva 750 ml Cobalto Essential,Categoría: Deportes | Marca: Cobalto | Proveedor: Distribuidora Nova,2877.74,209,1,2024-02-16 00:00:00,2024-02-16 00:00:00
2594,OFI-02584,Calculadora de Escritorio Aurea Lite,Categoría: Oficina | Marca: Aurea | Proveedor: Distribuidora Mexicana,3869.78,31,1,2024-02-16 00:00:00,2024-02-16 00:00:00
2595,OFI-02585,Cuaderno de Notas Nova Advance,Categoría: Oficina | Marca: Nova | Proveedor: Distribuidora del Norte,4668.19,142,1,2024-08-05 00:00:00,2024-08-05 00:00:00
2596,CUI-02586,Shampoo Reparador 700 ml Urban Plus,Categoría: Cuidado personal | Marca: Urban | Proveedor: Distribuidora Bajío,2313.39,243,1,2026-06-07 00:00:00,2026-06-07 00:00:00
2597,CUI-02587,Rasuradora 3 Cabezas Terra Prime,Categoría: Cuidado personal | Marca: Terra | Proveedor: Distribuidora Pacífico,2771.55,284,1,2024-04-22 00:00:00,2024-04-22 00:00:00
2598,DEP-02588,Guantes Deportivos Nova Classic,Categoría: Deportes | Marca: Nova | Proveedor: Distribuidora Bajío,1013.72,21,1,2024-07-28 00:00:00,2024-07-28 00:00:00
2599,DEP-02589,Balón de Voleibol Nova Advance,Categoría: Deportes | Marca: Nova | Proveedor: Distribuidora Nova,1025.64,327,1,2025-08-09 00:00:00,2025-08-09 00:00:00
2600,ELE-02590,Mouse Inalámbrico Vitta Eco,Categoría: Electrónica | Marca: Vitta | Proveedor: Distribuidora Pacífico,152.65,315,1,2024-10-03 00:00:00,2024-10-03 00:00:00
2601,ELE-02591,Teclado Mecánico Prisma Lite,Categoría: Electrónica | Marca: Prisma | Proveedor: Distribuidora Metropolitana,2160.56,71,1,2025-06-17 00:00:00,2025-06-17 00:00:00
2602,ELE-02592,Bocina Portátil Kairo Pro,Categoría: Electrónica | Marca: Kairo | Proveedor: Distribuidora Bajío,285.91,49,1,2025-11-11 00:00:00,2025-11-11 00:00:00
2603,OFI-02593,Memoria USB USB 3.2 Cobalto Prime,Categoría: Oficina | Marca: Cobalto | Proveedor: Distribuidora Pacífico,3671.03,58,1,2024-03-09 00:00:00,2024-03-09 00:00:00
2604,DEP-02594,Mancuerna 10 kg Aurea Essential,Categoría: Deportes | Marca: Aurea | Proveedor: Distribuidora Metropolitana,1546.50,66,1,2026-03-16 00:00:00,2026-03-16 00:00:00
2605,DEP-02595,Guantes Deportivos Orion Advance,Categoría: Deportes | Marca: Orion | Proveedor: Distribuidora Nova,1312.03,125,1,2024-06-21 00:00:00,2024-06-21 00:00:00
2606,DEP-02596,Botella Deportiva con Popote Zenit Advance,Categoría: Deportes | Marca: Zenit | Proveedor: Distribuidora Bajío,2291.13,84,1,2025-03-06 00:00:00,2025-03-06 00:00:00
2607,OFI-02597,Memoria USB 64 GB Orion Max,Categoría: Oficina | Marca: Orion | Proveedor: Distribuidora Hidalgo,1182.89,1,1,2025-02-16 00:00:00,2025-02-16 00:00:00
2608,CUI-02598,Crema Corporal Nutritiva 400 ml Lumina Prime,Categoría: Cuidado personal | Marca: Lumina | Proveedor: Distribuidora del Norte,299.12,271,1,2025-04-24 00:00:00,2025-04-24 00:00:00
2609,HOG-02599,Sartén Antiadherente 24 cm Zenit Prime,Categoría: Hogar | Marca: Zenit | Proveedor: Distribuidora Pacífico,2067.52,288,1,2025-02-28 00:00:00,2025-02-28 00:00:00
2610,CUI-02600,Shampoo Anticaspa 650 ml Vitta Select,Categoría: Cuidado personal | Marca: Vitta | Proveedor: Distribuidora Nova,412.71,73,1,2025-10-31 00:00:00,2025-10-31 00:00:00
2611,DEP-02601,Guantes de Gimnasio Vitta Pro,Categoría: Deportes | Marca: Vitta | Proveedor: Distribuidora Central,752.48,347,1,2024-02-06 00:00:00,2024-02-06 00:00:00
2612,DEP-02602,Mancuerna Ajustable Cobalto Essential,Categoría: Deportes | Marca: Cobalto | Proveedor: Distribuidora Pacífico,2041.90,282,1,2026-04-09 00:00:00,2026-04-09 00:00:00
2613,DEP-02603,Guantes Deportivos Terra Plus,Categoría: Deportes | Marca: Terra | Proveedor: Distribuidora Hidalgo,1913.92,227,1,2025-05-23 00:00:00,2025-05-23 00:00:00
2614,HOG-02604,Termo 500 ml Altura Max,Categoría: Hogar | Marca: Altura | Proveedor: Distribuidora del Norte,1891.45,236,1,2024-12-27 00:00:00,2024-12-27 00:00:00
2615,OFI-02605,Silla Ergonómica Kairo Prime,Categoría: Oficina | Marca: Kairo | Proveedor: Distribuidora Hidalgo,3076.21,311,1,2024-06-20 00:00:00,2024-06-20 00:00:00
2616,CUI-02606,Crema Corporal Nutritiva 400 ml Terra Lite,Categoría: Cuidado personal | Marca: Terra | Proveedor: Distribuidora Nova,1454.29,210,0,2025-06-21 00:00:00,2025-06-21 00:00:00
2617,HOG-02607,Lámpara Minimalista Zenit Plus,Categoría: Hogar | Marca: Zenit | Proveedor: Distribuidora Hidalgo,444.27,303,1,2025-11-28 00:00:00,2025-11-28 00:00:00
2618,ELE-02608,Webcam Full HD Marea Plus,Categoría: Electrónica | Marca: Marea | Proveedor: Distribuidora del Norte,1982.06,279,1,2024-06-07 00:00:00,2024-06-07 00:00:00
2619,ALI-02609,Galletas con Chocolate 300 g Zenit Plus,Categoría: Alimentos | Marca: Zenit | Proveedor: Distribuidora Central,420.32,68,1,2025-10-26 00:00:00,2025-10-26 00:00:00
2620,ELE-02610,Bocina Resistente al Agua Altura Plus,Categoría: Electrónica | Marca: Altura | Proveedor: Distribuidora Mexicana,306.70,300,1,2024-08-12 00:00:00,2024-08-12 00:00:00
2621,HOG-02611,Termo 750 ml Zenit Lite,Categoría: Hogar | Marca: Zenit | Proveedor: Distribuidora Nova,1547.20,118,1,2024-10-08 00:00:00,2024-10-08 00:00:00
2622,CUI-02612,Rasuradora Corporal Cobalto Essential,Categoría: Cuidado personal | Marca: Cobalto | Proveedor: Distribuidora Central,713.15,161,1,2025-03-06 00:00:00,2025-03-06 00:00:00
2623,DEP-02613,Guantes con Muñequera Brava Select,Categoría: Deportes | Marca: Brava | Proveedor: Distribuidora Central,1073.51,228,1,2026-03-30 00:00:00,2026-03-30 00:00:00
2624,HOG-02614,Lámpara LED Aurea Plus,Categoría: Hogar | Marca: Aurea | Proveedor: Distribuidora Central,860.43,174,1,2025-11-28 00:00:00,2025-11-28 00:00:00
2625,OFI-02615,Silla Ergonómica Prisma Pro,Categoría: Oficina | Marca: Prisma | Proveedor: Distribuidora Bajío,3874.07,268,1,2025-09-24 00:00:00,2025-09-24 00:00:00
2626,ALI-02616,Cereal de Avena 500 g Terra Classic,Categoría: Alimentos | Marca: Terra | Proveedor: Distribuidora Metropolitana,228.88,159,1,2025-06-05 00:00:00,2025-06-05 00:00:00
2627,ELE-02617,Audífonos USB-C Lumina Classic,Categoría: Electrónica | Marca: Lumina | Proveedor: Distribuidora del Norte,3123.01,26,1,2026-02-09 00:00:00,2026-02-09 00:00:00
2628,HOG-02618,Sartén Antiadherente 24 cm Aurea Eco,Categoría: Hogar | Marca: Aurea | Proveedor: Distribuidora del Norte,1375.53,227,1,2024-11-28 00:00:00,2024-11-28 00:00:00
2629,DEP-02619,Guantes de Gimnasio Altura Advance,Categoría: Deportes | Marca: Altura | Proveedor: Distribuidora Bajío,1948.11,230,1,2025-07-04 00:00:00,2025-07-04 00:00:00
2630,HOG-02620,Organizador Multiusos Terra Prime,Categoría: Hogar | Marca: Terra | Proveedor: Distribuidora Pacífico,1110.77,149,1,2025-02-25 00:00:00,2025-02-25 00:00:00
2631,CUI-02621,Cepillo Dental Suave Brava Eco,Categoría: Cuidado personal | Marca: Brava | Proveedor: Distribuidora Pacífico,2043.38,218,0,2026-04-13 00:00:00,2026-04-13 00:00:00
2632,DEP-02622,Tapete de Yoga 8 mm Marea Max,Categoría: Deportes | Marca: Marea | Proveedor: Distribuidora Nova,725.21,255,1,2026-06-08 00:00:00,2026-06-08 00:00:00
2633,CUI-02623,Rasuradora Corporal Cobalto Pro,Categoría: Cuidado personal | Marca: Cobalto | Proveedor: Distribuidora Mexicana,1701.31,342,1,2025-11-09 00:00:00,2025-11-09 00:00:00
2634,ELE-02624,Cargador Doble Puerto Aurea Essential,Categoría: Electrónica | Marca: Aurea | Proveedor: Distribuidora Metropolitana,606.96,45,1,2025-07-26 00:00:00,2025-07-26 00:00:00
2635,ALI-02625,Pasta Fusilli 500 g Nexo Select,Categoría: Alimentos | Marca: Nexo | Proveedor: Distribuidora del Norte,200.42,153,1,2025-01-19 00:00:00,2025-01-19 00:00:00
2636,ALI-02626,Pasta Spaghetti 500 g Prisma Classic,Categoría: Alimentos | Marca: Prisma | Proveedor: Distribuidora Hidalgo,441.06,298,1,2026-03-27 00:00:00,2026-03-27 00:00:00
2637,DEP-02627,Tapete de Yoga Antideslizante Kairo Eco,Categoría: Deportes | Marca: Kairo | Proveedor: Distribuidora Hidalgo,2552.49,130,1,2024-06-29 00:00:00,2024-06-29 00:00:00
2638,OFI-02628,Memoria USB 128 GB Kairo Plus,Categoría: Oficina | Marca: Kairo | Proveedor: Distribuidora Pacífico,5531.29,249,1,2026-01-28 00:00:00,2026-01-28 00:00:00
2639,CUI-02629,Shampoo Anticaspa 650 ml Lumina Max,Categoría: Cuidado personal | Marca: Lumina | Proveedor: Distribuidora Mexicana,53.09,6,1,2026-07-08 00:00:00,2026-07-08 00:00:00
2640,CUI-02630,Shampoo Anticaspa 650 ml Lumina Classic,Categoría: Cuidado personal | Marca: Lumina | Proveedor: Distribuidora Nova,2499.48,50,1,2026-03-17 00:00:00,2026-03-17 00:00:00
2641,OFI-02631,Silla con Soporte Lumbar Altura Advance,Categoría: Oficina | Marca: Altura | Proveedor: Distribuidora Nova,1556.69,287,1,2025-12-11 00:00:00,2025-12-11 00:00:00
2642,DEP-02632,Mancuerna 5 kg Vitta Advance,Categoría: Deportes | Marca: Vitta | Proveedor: Distribuidora Hidalgo,2447.16,64,1,2024-10-22 00:00:00,2024-10-22 00:00:00
2643,HOG-02633,Organizador de Cocina Vitta Eco,Categoría: Hogar | Marca: Vitta | Proveedor: Distribuidora Metropolitana,2406.42,324,1,2026-08-13 00:00:00,2026-08-13 00:00:00
2644,CUI-02634,Secadora Profesional Nexo Plus,Categoría: Cuidado personal | Marca: Nexo | Proveedor: Distribuidora Hidalgo,1581.26,96,1,2025-01-21 00:00:00,2025-01-21 00:00:00
2645,ELE-02635,Cargador Doble Puerto Urban Eco,Categoría: Electrónica | Marca: Urban | Proveedor: Distribuidora Central,1607.95,39,1,2024-05-22 00:00:00,2024-05-22 00:00:00
2646,ALI-02636,Aceite de Oliva 500 ml Terra Pro,Categoría: Alimentos | Marca: Terra | Proveedor: Distribuidora Mexicana,652.95,16,1,2026-03-23 00:00:00,2026-03-23 00:00:00
2647,HOG-02637,Organizador de Escritorio Terra Advance,Categoría: Hogar | Marca: Terra | Proveedor: Distribuidora del Norte,1502.89,20,1,2026-07-10 00:00:00,2026-07-10 00:00:00
2648,ALI-02638,Aceite de Aguacate 500 ml Brava Eco,Categoría: Alimentos | Marca: Brava | Proveedor: Distribuidora Central,402.88,316,1,2024-04-06 00:00:00,2024-04-06 00:00:00
2649,DEP-02639,Guantes de Gimnasio Marea Pro,Categoría: Deportes | Marca: Marea | Proveedor: Distribuidora Hidalgo,1938.78,141,1,2024-05-03 00:00:00,2024-05-03 00:00:00
2650,ELE-02640,Cargador USB-C 45W Aurea Select,Categoría: Electrónica | Marca: Aurea | Proveedor: Distribuidora del Norte,2751.49,179,1,2025-04-13 00:00:00,2025-04-13 00:00:00
2651,DEP-02641,Mancuerna Hexagonal Kairo Pro,Categoría: Deportes | Marca: Kairo | Proveedor: Distribuidora Central,2616.49,192,1,2024-04-22 00:00:00,2024-04-22 00:00:00
2652,HOG-02642,Juego de Toallas 4 Piezas Zenit Select,Categoría: Hogar | Marca: Zenit | Proveedor: Distribuidora Metropolitana,239.89,299,1,2026-01-22 00:00:00,2026-01-22 00:00:00
2653,DEP-02643,Guantes Deportivos Prisma Advance,Categoría: Deportes | Marca: Prisma | Proveedor: Distribuidora Mexicana,2294.59,327,1,2025-05-12 00:00:00,2025-05-12 00:00:00
2654,DEP-02644,Mancuerna 5 kg Kairo Advance,Categoría: Deportes | Marca: Kairo | Proveedor: Distribuidora Metropolitana,219.90,110,1,2024-01-03 00:00:00,2024-01-03 00:00:00
2655,ALI-02645,Pasta Penne 500 g Lumina Select,Categoría: Alimentos | Marca: Lumina | Proveedor: Distribuidora Pacífico,668.77,138,1,2026-08-05 00:00:00,2026-08-05 00:00:00
2656,CUI-02646,Rasuradora de Precisión Vitta Pro,Categoría: Cuidado personal | Marca: Vitta | Proveedor: Distribuidora Nova,1514.11,274,0,2025-08-09 00:00:00,2025-08-09 00:00:00
2657,DEP-02647,Tapete de Yoga 8 mm Lumina Classic,Categoría: Deportes | Marca: Lumina | Proveedor: Distribuidora Hidalgo,2781.19,141,1,2026-01-18 00:00:00,2026-01-18 00:00:00
2658,ELE-02648,Mouse Óptico Kairo Advance,Categoría: Electrónica | Marca: Kairo | Proveedor: Distribuidora Metropolitana,2927.69,76,1,2024-04-05 00:00:00,2024-04-05 00:00:00
2659,ALI-02649,Galletas Integrales 350 g Cobalto Advance,Categoría: Alimentos | Marca: Cobalto | Proveedor: Distribuidora del Norte,662.70,109,1,2024-05-17 00:00:00,2024-05-17 00:00:00
2660,ELE-02650,Mouse Inalámbrico Marea Classic,Categoría: Electrónica | Marca: Marea | Proveedor: Distribuidora Hidalgo,965.93,253,1,2025-03-11 00:00:00,2025-03-11 00:00:00
2661,HOG-02651,Lámpara de Noche Altura Essential,Categoría: Hogar | Marca: Altura | Proveedor: Distribuidora Bajío,320.77,274,1,2024-09-06 00:00:00,2024-09-06 00:00:00
2662,HOG-02652,Termo 500 ml Marea Plus,Categoría: Hogar | Marca: Marea | Proveedor: Distribuidora Nova,2349.73,128,1,2025-03-19 00:00:00,2025-03-19 00:00:00
2663,DEP-02653,Tapete de Yoga 6 mm Nova Max,Categoría: Deportes | Marca: Nova | Proveedor: Distribuidora Bajío,2412.44,39,0,2024-04-09 00:00:00,2024-04-09 00:00:00
2664,ALI-02654,Aceite Vegetal 1 L Marea Eco,Categoría: Alimentos | Marca: Marea | Proveedor: Distribuidora Bajío,258.12,169,1,2026-05-09 00:00:00,2026-05-09 00:00:00
2665,ALI-02655,Galletas con Chocolate 300 g Nova Pro,Categoría: Alimentos | Marca: Nova | Proveedor: Distribuidora Nova,693.52,296,1,2024-09-07 00:00:00,2024-09-07 00:00:00
2666,ALI-02656,Café Americano 500 g Terra Pro,Categoría: Alimentos | Marca: Terra | Proveedor: Distribuidora Central,572.01,100,0,2025-02-17 00:00:00,2025-02-17 00:00:00
2667,HOG-02657,Organizador de Cocina Nexo Lite,Categoría: Hogar | Marca: Nexo | Proveedor: Distribuidora Metropolitana,1123.80,171,1,2026-07-20 00:00:00,2026-07-20 00:00:00
2668,ALI-02658,Pasta Spaghetti 500 g Nexo Classic,Categoría: Alimentos | Marca: Nexo | Proveedor: Distribuidora Pacífico,598.46,49,1,2026-03-18 00:00:00,2026-03-18 00:00:00
2669,DEP-02659,Balón Entrenamiento Altura Plus,Categoría: Deportes | Marca: Altura | Proveedor: Distribuidora Metropolitana,1005.76,131,1,2026-01-26 00:00:00,2026-01-26 00:00:00
2670,HOG-02660,Lámpara de Escritorio Zenit Eco,Categoría: Hogar | Marca: Zenit | Proveedor: Distribuidora Mexicana,2239.66,105,1,2024-05-11 00:00:00,2024-05-11 00:00:00
2671,HOG-02661,Sartén Antiadherente 24 cm Altura Prime,Categoría: Hogar | Marca: Altura | Proveedor: Distribuidora Mexicana,640.70,300,1,2024-07-07 00:00:00,2024-07-07 00:00:00
2672,ELE-02662,Mouse Óptico Vitta Essential,Categoría: Electrónica | Marca: Vitta | Proveedor: Distribuidora Central,469.28,339,1,2026-05-20 00:00:00,2026-05-20 00:00:00
2673,HOG-02663,Sartén de Acero 26 cm Kairo Select,Categoría: Hogar | Marca: Kairo | Proveedor: Distribuidora Nova,620.18,51,1,2024-08-21 00:00:00,2024-08-21 00:00:00
2674,OFI-02664,Mochila Impermeable Orion Select,Categoría: Oficina | Marca: Orion | Proveedor: Distribuidora Pacífico,979.24,306,1,2024-12-09 00:00:00,2024-12-09 00:00:00
2675,DEP-02665,Mancuerna Ajustable Vitta Select,Categoría: Deportes | Marca: Vitta | Proveedor: Distribuidora Hidalgo,974.45,256,1,2024-11-01 00:00:00,2024-11-01 00:00:00
2676,OFI-02666,Memoria USB USB 3.2 Urban Essential,Categoría: Oficina | Marca: Urban | Proveedor: Distribuidora Hidalgo,1068.34,298,1,2025-03-15 00:00:00,2025-03-15 00:00:00
2677,HOG-02667,Lámpara de Noche Brava Eco,Categoría: Hogar | Marca: Brava | Proveedor: Distribuidora Bajío,1894.86,325,1,2025-10-02 00:00:00,2025-10-02 00:00:00
2678,HOG-02668,Sartén de Acero 26 cm Prisma Pro,Categoría: Hogar | Marca: Prisma | Proveedor: Distribuidora Metropolitana,1583.83,118,1,2025-02-18 00:00:00,2025-02-18 00:00:00
2679,ELE-02669,Mouse Ergonómico Zenit Eco,Categoría: Electrónica | Marca: Zenit | Proveedor: Distribuidora del Norte,1391.60,170,1,2024-09-30 00:00:00,2024-09-30 00:00:00
2680,DEP-02670,Tapete de Yoga Antideslizante Brava Lite,Categoría: Deportes | Marca: Brava | Proveedor: Distribuidora Hidalgo,265.28,213,1,2024-11-03 00:00:00,2024-11-03 00:00:00
2681,DEP-02671,Mancuerna 10 kg Brava Eco,Categoría: Deportes | Marca: Brava | Proveedor: Distribuidora Mexicana,2559.58,189,1,2024-10-22 00:00:00,2024-10-22 00:00:00
2682,OFI-02672,Silla con Soporte Lumbar Marea Select,Categoría: Oficina | Marca: Marea | Proveedor: Distribuidora Hidalgo,2051.21,287,1,2024-05-10 00:00:00,2024-05-10 00:00:00
2683,CUI-02673,Secadora 2000 W Brava Pro,Categoría: Cuidado personal | Marca: Brava | Proveedor: Distribuidora Bajío,842.66,198,1,2026-08-03 00:00:00,2026-08-03 00:00:00
2684,OFI-02674,Cuaderno Pasta Dura Nativa Plus,Categoría: Oficina | Marca: Nativa | Proveedor: Distribuidora Hidalgo,969.29,234,1,2026-08-31 00:00:00,2026-08-31 00:00:00
2685,ALI-02675,Galletas de Avena 300 g Marea Classic,Categoría: Alimentos | Marca: Marea | Proveedor: Distribuidora Pacífico,189.48,337,1,2025-02-24 00:00:00,2025-02-24 00:00:00
2686,CUI-02676,Rasuradora 3 Cabezas Nova Eco,Categoría: Cuidado personal | Marca: Nova | Proveedor: Distribuidora Mexicana,2206.32,201,1,2024-10-30 00:00:00,2024-10-30 00:00:00
2687,CUI-02677,Crema Corporal Nutritiva 400 ml Lumina Eco,Categoría: Cuidado personal | Marca: Lumina | Proveedor: Distribuidora del Norte,309.88,114,1,2024-04-13 00:00:00,2024-04-13 00:00:00
2688,CUI-02678,Crema Corporal Nutritiva 400 ml Cobalto Plus,Categoría: Cuidado personal | Marca: Cobalto | Proveedor: Distribuidora Bajío,125.49,11,1,2026-04-05 00:00:00,2026-04-05 00:00:00
2689,HOG-02679,Juego de Toallas Algodón Nativa Pro,Categoría: Hogar | Marca: Nativa | Proveedor: Distribuidora del Norte,1954.54,2,1,2024-10-07 00:00:00,2024-10-07 00:00:00
2690,DEP-02680,Balón de Fútbol Vitta Eco,Categoría: Deportes | Marca: Vitta | Proveedor: Distribuidora Nova,2218.87,293,1,2024-04-30 00:00:00,2024-04-30 00:00:00
2691,ELE-02681,Mouse Óptico Aurea Advance,Categoría: Electrónica | Marca: Aurea | Proveedor: Distribuidora Hidalgo,2722.52,226,1,2024-07-07 00:00:00,2024-07-07 00:00:00
2692,OFI-02682,Mochila Ejecutiva Zenit Classic,Categoría: Oficina | Marca: Zenit | Proveedor: Distribuidora Nova,2089.44,207,1,2026-07-28 00:00:00,2026-07-28 00:00:00
2693,CUI-02683,Shampoo Anticaspa 650 ml Vitta Advance,Categoría: Cuidado personal | Marca: Vitta | Proveedor: Distribuidora Pacífico,2415.02,301,1,2024-01-12 00:00:00,2024-01-12 00:00:00
2694,CUI-02684,Cepillo Dental Suave Orion Pro,Categoría: Cuidado personal | Marca: Orion | Proveedor: Distribuidora Pacífico,1813.15,196,1,2025-08-03 00:00:00,2025-08-03 00:00:00
2695,CUI-02685,Rasuradora de Precisión Nova Eco,Categoría: Cuidado personal | Marca: Nova | Proveedor: Distribuidora Nova,1923.03,281,1,2024-08-11 00:00:00,2024-08-11 00:00:00
2696,CUI-02686,Shampoo Hidratante 750 ml Orion Eco,Categoría: Cuidado personal | Marca: Orion | Proveedor: Distribuidora Central,340.88,179,1,2024-04-26 00:00:00,2024-04-26 00:00:00
2697,ALI-02687,Cereal de Avena 500 g Terra Advance,Categoría: Alimentos | Marca: Terra | Proveedor: Distribuidora Nova,51.23,41,1,2024-08-19 00:00:00,2024-08-19 00:00:00
2698,OFI-02688,Mochila Impermeable Urban Max,Categoría: Oficina | Marca: Urban | Proveedor: Distribuidora Pacífico,3952.10,105,1,2025-06-30 00:00:00,2025-06-30 00:00:00
2699,OFI-02689,Cuaderno Pasta Dura Lumina Essential,Categoría: Oficina | Marca: Lumina | Proveedor: Distribuidora Bajío,5730.70,222,1,2025-09-06 00:00:00,2025-09-06 00:00:00
2700,ELE-02690,Mouse Inalámbrico Orion Eco,Categoría: Electrónica | Marca: Orion | Proveedor: Distribuidora del Norte,183.91,144,0,2026-03-01 00:00:00,2026-03-01 00:00:00
2701,OFI-02691,Mochila para Laptop 15.6 Vitta Lite,Categoría: Oficina | Marca: Vitta | Proveedor: Distribuidora Hidalgo,3385.70,213,1,2026-08-06 00:00:00,2026-08-06 00:00:00
2702,CUI-02692,Shampoo Reparador 700 ml Lumina Advance,Categoría: Cuidado personal | Marca: Lumina | Proveedor: Distribuidora Pacífico,1703.52,126,1,2024-05-27 00:00:00,2024-05-27 00:00:00
2703,HOG-02693,Sartén de Acero 26 cm Marea Classic,Categoría: Hogar | Marca: Marea | Proveedor: Distribuidora Central,1418.51,79,1,2024-08-02 00:00:00,2024-08-02 00:00:00
2704,ELE-02694,Bocina Bluetooth Nativa Advance,Categoría: Electrónica | Marca: Nativa | Proveedor: Distribuidora Bajío,3446.64,49,1,2026-05-07 00:00:00,2026-05-07 00:00:00
2705,CUI-02695,Shampoo Hidratante 750 ml Zenit Essential,Categoría: Cuidado personal | Marca: Zenit | Proveedor: Distribuidora del Norte,264.87,246,1,2026-05-25 00:00:00,2026-05-25 00:00:00
2706,ELE-02696,Bocina Bluetooth Aurea Pro,Categoría: Electrónica | Marca: Aurea | Proveedor: Distribuidora Pacífico,2771.01,50,1,2026-08-06 00:00:00,2026-08-06 00:00:00
2707,ELE-02697,Teclado Compacto Cobalto Essential,Categoría: Electrónica | Marca: Cobalto | Proveedor: Distribuidora del Norte,690.27,266,1,2024-10-23 00:00:00,2024-10-23 00:00:00
2708,HOG-02698,Termo Térmico Kairo Prime,Categoría: Hogar | Marca: Kairo | Proveedor: Distribuidora del Norte,409.86,248,1,2026-03-02 00:00:00,2026-03-02 00:00:00
2709,HOG-02699,Juego de Toallas Microfibra Prisma Max,Categoría: Hogar | Marca: Prisma | Proveedor: Distribuidora Nova,999.97,219,1,2025-09-11 00:00:00,2025-09-11 00:00:00
2710,CUI-02700,Shampoo Hidratante 750 ml Nativa Classic,Categoría: Cuidado personal | Marca: Nativa | Proveedor: Distribuidora Hidalgo,1737.79,56,1,2024-05-05 00:00:00,2024-05-05 00:00:00
2711,OFI-02701,Mochila Ejecutiva Vitta Plus,Categoría: Oficina | Marca: Vitta | Proveedor: Distribuidora del Norte,2112.57,24,1,2025-12-28 00:00:00,2025-12-28 00:00:00
2712,OFI-02702,Mochila Antirrobo Altura Eco,Categoría: Oficina | Marca: Altura | Proveedor: Distribuidora Mexicana,3594.39,221,1,2025-02-01 00:00:00,2025-02-01 00:00:00
2713,CUI-02703,Cepillo Dental Pack 3 Marea Pro,Categoría: Cuidado personal | Marca: Marea | Proveedor: Distribuidora Bajío,2794.43,89,1,2026-01-27 00:00:00,2026-01-27 00:00:00
2714,ELE-02704,Audífonos Inalámbricos Prisma Classic,Categoría: Electrónica | Marca: Prisma | Proveedor: Distribuidora Bajío,1778.97,33,1,2025-08-20 00:00:00,2025-08-20 00:00:00
2715,ALI-02705,Galletas Integrales 350 g Prisma Eco,Categoría: Alimentos | Marca: Prisma | Proveedor: Distribuidora Nova,327.19,144,0,2024-02-29 00:00:00,2024-02-29 00:00:00
2716,ELE-02706,Cargador Inalámbrico Urban Max,Categoría: Electrónica | Marca: Urban | Proveedor: Distribuidora Hidalgo,1314.36,339,1,2024-08-01 00:00:00,2024-08-01 00:00:00
2717,CUI-02707,Cepillo Dental Medio Nexo Max,Categoría: Cuidado personal | Marca: Nexo | Proveedor: Distribuidora Bajío,1802.47,44,1,2024-06-08 00:00:00,2024-06-08 00:00:00
2718,HOG-02708,Sartén Antiadherente 28 cm Prisma Essential,Categoría: Hogar | Marca: Prisma | Proveedor: Distribuidora Bajío,705.76,4,1,2024-01-24 00:00:00,2024-01-24 00:00:00
2719,ELE-02709,Mouse Gaming Orion Select,Categoría: Electrónica | Marca: Orion | Proveedor: Distribuidora Hidalgo,166.06,193,1,2026-05-31 00:00:00,2026-05-31 00:00:00
2720,ELE-02710,Webcam Autofocus Orion Essential,Categoría: Electrónica | Marca: Orion | Proveedor: Distribuidora Hidalgo,160.49,326,1,2025-02-22 00:00:00,2025-02-22 00:00:00
2721,ELE-02711,Webcam con Micrófono Orion Max,Categoría: Electrónica | Marca: Orion | Proveedor: Distribuidora Central,603.18,72,1,2025-04-28 00:00:00,2025-04-28 00:00:00
2722,HOG-02712,Termo 500 ml Orion Prime,Categoría: Hogar | Marca: Orion | Proveedor: Distribuidora Mexicana,2184.84,337,1,2024-05-23 00:00:00,2024-05-23 00:00:00
2723,CUI-02713,Crema Corporal Hidratante 400 ml Nexo Lite,Categoría: Cuidado personal | Marca: Nexo | Proveedor: Distribuidora Pacífico,471.93,6,1,2025-04-27 00:00:00,2025-04-27 00:00:00
2724,HOG-02714,Termo 750 ml Prisma Advance,Categoría: Hogar | Marca: Prisma | Proveedor: Distribuidora Central,1509.35,152,1,2024-01-02 00:00:00,2024-01-02 00:00:00
2725,ELE-02715,Webcam con Micrófono Cobalto Advance,Categoría: Electrónica | Marca: Cobalto | Proveedor: Distribuidora Metropolitana,2837.49,116,1,2026-06-30 00:00:00,2026-06-30 00:00:00
2726,ALI-02716,Café en Grano 1 kg Prisma Essential,Categoría: Alimentos | Marca: Prisma | Proveedor: Distribuidora Nova,664.36,160,1,2024-11-22 00:00:00,2024-11-22 00:00:00
2727,DEP-02717,Tapete de Yoga 8 mm Vitta Essential,Categoría: Deportes | Marca: Vitta | Proveedor: Distribuidora Pacífico,2392.40,223,1,2024-04-30 00:00:00,2024-04-30 00:00:00
2728,ALI-02718,Pasta Penne 500 g Altura Advance,Categoría: Alimentos | Marca: Altura | Proveedor: Distribuidora Nova,612.60,268,1,2024-01-30 00:00:00,2024-01-30 00:00:00
2729,CUI-02719,Shampoo Hidratante 750 ml Nova Classic,Categoría: Cuidado personal | Marca: Nova | Proveedor: Distribuidora Metropolitana,326.81,147,1,2024-09-05 00:00:00,2024-09-05 00:00:00
2730,CUI-02720,Cepillo Dental Medio Orion Classic,Categoría: Cuidado personal | Marca: Orion | Proveedor: Distribuidora Hidalgo,837.91,284,1,2026-03-30 00:00:00,2026-03-30 00:00:00
2731,ALI-02721,Cereal de Avena 500 g Altura Pro,Categoría: Alimentos | Marca: Altura | Proveedor: Distribuidora Nova,90.79,261,1,2024-01-24 00:00:00,2024-01-24 00:00:00
2732,OFI-02722,Silla Ergonómica Brava Max,Categoría: Oficina | Marca: Brava | Proveedor: Distribuidora Mexicana,3364.77,59,1,2024-04-09 00:00:00,2024-04-09 00:00:00
2733,ALI-02723,Galletas con Chocolate 300 g Cobalto Classic,Categoría: Alimentos | Marca: Cobalto | Proveedor: Distribuidora Hidalgo,745.72,122,1,2025-09-02 00:00:00,2025-09-02 00:00:00
2734,OFI-02724,Calculadora Básica Prisma Max,Categoría: Oficina | Marca: Prisma | Proveedor: Distribuidora Pacífico,4712.25,303,1,2025-12-15 00:00:00,2025-12-15 00:00:00
2735,CUI-02725,Cepillo Dental Medio Nova Eco,Categoría: Cuidado personal | Marca: Nova | Proveedor: Distribuidora Central,1704.95,220,1,2025-12-07 00:00:00,2025-12-07 00:00:00
2736,HOG-02726,Termo Térmico Nova Eco,Categoría: Hogar | Marca: Nova | Proveedor: Distribuidora Hidalgo,240.36,24,1,2024-12-05 00:00:00,2024-12-05 00:00:00
2737,HOG-02727,Organizador de Baño Terra Prime,Categoría: Hogar | Marca: Terra | Proveedor: Distribuidora del Norte,1153.61,22,1,2025-02-12 00:00:00,2025-02-12 00:00:00
2738,DEP-02728,Balón de Fútbol Brava Eco,Categoría: Deportes | Marca: Brava | Proveedor: Distribuidora Pacífico,2020.90,35,1,2025-08-24 00:00:00,2025-08-24 00:00:00
2739,ELE-02729,Teclado Compacto Brava Essential,Categoría: Electrónica | Marca: Brava | Proveedor: Distribuidora Bajío,1864.29,99,1,2026-01-10 00:00:00,2026-01-10 00:00:00
2740,CUI-02730,Crema Corporal Nutritiva 400 ml Zenit Classic,Categoría: Cuidado personal | Marca: Zenit | Proveedor: Distribuidora Bajío,786.80,235,1,2026-05-30 00:00:00,2026-05-30 00:00:00
2741,OFI-02731,Cuaderno Pasta Dura Nexo Select,Categoría: Oficina | Marca: Nexo | Proveedor: Distribuidora Mexicana,4471.90,128,1,2024-08-05 00:00:00,2024-08-05 00:00:00
2742,ELE-02732,Audífonos USB-C Lumina Max,Categoría: Electrónica | Marca: Lumina | Proveedor: Distribuidora del Norte,2525.62,157,1,2026-01-07 00:00:00,2026-01-07 00:00:00
2743,HOG-02733,Juego de Toallas Algodón Marea Lite,Categoría: Hogar | Marca: Marea | Proveedor: Distribuidora Pacífico,897.05,234,1,2026-05-16 00:00:00,2026-05-16 00:00:00
2744,ELE-02734,Bocina Portátil Nativa Advance,Categoría: Electrónica | Marca: Nativa | Proveedor: Distribuidora Mexicana,2859.13,7,1,2024-10-11 00:00:00,2024-10-11 00:00:00
2745,DEP-02735,Botella Deportiva 1 L Aurea Select,Categoría: Deportes | Marca: Aurea | Proveedor: Distribuidora Metropolitana,2001.33,317,1,2025-11-22 00:00:00,2025-11-22 00:00:00
2746,OFI-02736,Mochila Ejecutiva Lumina Prime,Categoría: Oficina | Marca: Lumina | Proveedor: Distribuidora Hidalgo,3852.17,71,0,2024-08-19 00:00:00,2024-08-19 00:00:00
2747,ELE-02737,Teclado RGB Zenit Pro,Categoría: Electrónica | Marca: Zenit | Proveedor: Distribuidora del Norte,3180.15,316,1,2025-03-29 00:00:00,2025-03-29 00:00:00
2748,DEP-02738,Mancuerna 10 kg Vitta Pro,Categoría: Deportes | Marca: Vitta | Proveedor: Distribuidora Hidalgo,165.95,44,1,2025-04-20 00:00:00,2025-04-20 00:00:00
2749,HOG-02739,Lámpara de Noche Brava Advance,Categoría: Hogar | Marca: Brava | Proveedor: Distribuidora Hidalgo,505.14,207,1,2025-09-10 00:00:00,2025-09-10 00:00:00
2750,ELE-02740,Bocina Portátil Vitta Prime,Categoría: Electrónica | Marca: Vitta | Proveedor: Distribuidora del Norte,2666.61,110,1,2026-05-09 00:00:00,2026-05-09 00:00:00
2751,HOG-02741,Termo 500 ml Kairo Lite,Categoría: Hogar | Marca: Kairo | Proveedor: Distribuidora Central,1967.17,183,1,2024-07-08 00:00:00,2024-07-08 00:00:00
2752,DEP-02742,Botella Deportiva 750 ml Orion Advance,Categoría: Deportes | Marca: Orion | Proveedor: Distribuidora Nova,785.54,124,1,2025-01-17 00:00:00,2025-01-17 00:00:00
2753,DEP-02743,Guantes con Muñequera Lumina Advance,Categoría: Deportes | Marca: Lumina | Proveedor: Distribuidora Central,268.82,29,1,2024-07-07 00:00:00,2024-07-07 00:00:00
2754,ALI-02744,Pasta Penne 500 g Orion Eco,Categoría: Alimentos | Marca: Orion | Proveedor: Distribuidora Hidalgo,138.18,174,1,2026-01-02 00:00:00,2026-01-02 00:00:00
2755,OFI-02745,Silla Ergonómica Prisma Prime,Categoría: Oficina | Marca: Prisma | Proveedor: Distribuidora Central,5819.05,158,1,2026-01-14 00:00:00,2026-01-14 00:00:00
2756,CUI-02746,Crema Corporal Hidratante 400 ml Nova Classic,Categoría: Cuidado personal | Marca: Nova | Proveedor: Distribuidora Nova,2231.46,176,1,2024-05-19 00:00:00,2024-05-19 00:00:00
2757,ELE-02747,Bocina Resistente al Agua Cobalto Lite,Categoría: Electrónica | Marca: Cobalto | Proveedor: Distribuidora Metropolitana,2723.07,145,1,2025-01-20 00:00:00,2025-01-20 00:00:00
2758,ALI-02748,Pasta Spaghetti 500 g Cobalto Essential,Categoría: Alimentos | Marca: Cobalto | Proveedor: Distribuidora Pacífico,630.56,60,1,2026-08-25 00:00:00,2026-08-25 00:00:00
2759,HOG-02749,Termo 500 ml Lumina Max,Categoría: Hogar | Marca: Lumina | Proveedor: Distribuidora Hidalgo,2436.16,219,1,2025-12-29 00:00:00,2025-12-29 00:00:00
2760,ELE-02750,Mouse Ergonómico Nativa Eco,Categoría: Electrónica | Marca: Nativa | Proveedor: Distribuidora Mexicana,373.10,13,1,2025-07-21 00:00:00,2025-07-21 00:00:00
2761,ALI-02751,Pasta Penne 500 g Altura Eco,Categoría: Alimentos | Marca: Altura | Proveedor: Distribuidora Central,537.53,319,1,2024-06-08 00:00:00,2024-06-08 00:00:00
2762,ELE-02752,Webcam Full HD Zenit Max,Categoría: Electrónica | Marca: Zenit | Proveedor: Distribuidora Bajío,2246.31,348,1,2024-01-25 00:00:00,2024-01-25 00:00:00
2763,DEP-02753,Balón de Básquetbol Marea Select,Categoría: Deportes | Marca: Marea | Proveedor: Distribuidora Bajío,483.26,101,1,2024-05-06 00:00:00,2024-05-06 00:00:00
2764,CUI-02754,Crema Corporal Hidratante 400 ml Vitta Eco,Categoría: Cuidado personal | Marca: Vitta | Proveedor: Distribuidora Pacífico,2299.80,264,1,2025-10-24 00:00:00,2025-10-24 00:00:00
2765,DEP-02755,Tapete de Yoga con Correa Lumina Plus,Categoría: Deportes | Marca: Lumina | Proveedor: Distribuidora Pacífico,921.45,77,0,2024-07-16 00:00:00,2024-07-16 00:00:00
2766,ELE-02756,Webcam 2K Cobalto Prime,Categoría: Electrónica | Marca: Cobalto | Proveedor: Distribuidora Mexicana,2738.25,125,1,2026-06-13 00:00:00,2026-06-13 00:00:00
2767,ALI-02757,Café en Grano 1 kg Vitta Classic,Categoría: Alimentos | Marca: Vitta | Proveedor: Distribuidora Hidalgo,363.51,306,1,2025-01-24 00:00:00,2025-01-24 00:00:00
2768,HOG-02758,Juego de Toallas 6 Piezas Orion Max,Categoría: Hogar | Marca: Orion | Proveedor: Distribuidora Bajío,1674.05,103,1,2025-02-26 00:00:00,2025-02-26 00:00:00
2769,ELE-02759,Mouse Ergonómico Vitta Essential,Categoría: Electrónica | Marca: Vitta | Proveedor: Distribuidora Central,464.73,140,1,2026-04-14 00:00:00,2026-04-14 00:00:00
2770,OFI-02760,Mochila Impermeable Zenit Classic,Categoría: Oficina | Marca: Zenit | Proveedor: Distribuidora Nova,1132.31,227,1,2026-06-11 00:00:00,2026-06-11 00:00:00
2771,ELE-02761,Teclado RGB Nexo Classic,Categoría: Electrónica | Marca: Nexo | Proveedor: Distribuidora Nova,1207.34,176,1,2026-04-07 00:00:00,2026-04-07 00:00:00
2772,DEP-02762,Mancuerna Hexagonal Marea Eco,Categoría: Deportes | Marca: Marea | Proveedor: Distribuidora Pacífico,1874.56,210,1,2025-06-25 00:00:00,2025-06-25 00:00:00
2773,OFI-02763,Memoria USB USB 3.2 Nexo Pro,Categoría: Oficina | Marca: Nexo | Proveedor: Distribuidora Pacífico,1697.06,295,1,2025-12-26 00:00:00,2025-12-26 00:00:00
2774,ELE-02764,Audífonos USB-C Urban Pro,Categoría: Electrónica | Marca: Urban | Proveedor: Distribuidora Mexicana,1203.92,211,1,2025-08-04 00:00:00,2025-08-04 00:00:00
2775,DEP-02765,Guantes Deportivos Orion Pro,Categoría: Deportes | Marca: Orion | Proveedor: Distribuidora Hidalgo,2470.61,27,1,2026-02-23 00:00:00,2026-02-23 00:00:00
2776,DEP-02766,Balón Entrenamiento Nexo Advance,Categoría: Deportes | Marca: Nexo | Proveedor: Distribuidora Central,2837.95,163,1,2025-09-20 00:00:00,2025-09-20 00:00:00
2777,HOG-02767,Sartén de Acero 26 cm Terra Pro,Categoría: Hogar | Marca: Terra | Proveedor: Distribuidora del Norte,255.54,294,1,2024-11-04 00:00:00,2024-11-04 00:00:00
2778,ALI-02768,Pasta Spaghetti 500 g Nexo Pro,Categoría: Alimentos | Marca: Nexo | Proveedor: Distribuidora Bajío,634.46,149,1,2025-04-17 00:00:00,2025-04-17 00:00:00
2779,ALI-02769,Café Americano 500 g Prisma Max,Categoría: Alimentos | Marca: Prisma | Proveedor: Distribuidora Mexicana,584.63,237,1,2025-01-17 00:00:00,2025-01-17 00:00:00
2780,CUI-02770,Cepillo Dental Suave Cobalto Essential,Categoría: Cuidado personal | Marca: Cobalto | Proveedor: Distribuidora Mexicana,605.75,332,1,2024-04-05 00:00:00,2024-04-05 00:00:00
2781,CUI-02771,Crema Corporal Hidratante 400 ml Aurea Max,Categoría: Cuidado personal | Marca: Aurea | Proveedor: Distribuidora Central,1821.63,79,1,2026-08-06 00:00:00,2026-08-06 00:00:00
2782,ALI-02772,Pasta Penne 500 g Lumina Eco,Categoría: Alimentos | Marca: Lumina | Proveedor: Distribuidora Central,402.90,227,1,2025-02-08 00:00:00,2025-02-08 00:00:00
2783,ALI-02773,Cereal de Avena 500 g Vitta Lite,Categoría: Alimentos | Marca: Vitta | Proveedor: Distribuidora del Norte,354.99,2,1,2024-03-09 00:00:00,2024-03-09 00:00:00
2784,HOG-02774,Lámpara de Escritorio Kairo Lite,Categoría: Hogar | Marca: Kairo | Proveedor: Distribuidora Hidalgo,2300.82,64,1,2026-04-16 00:00:00,2026-04-16 00:00:00
2785,CUI-02775,Crema Corporal Hidratante 400 ml Aurea Eco,Categoría: Cuidado personal | Marca: Aurea | Proveedor: Distribuidora Hidalgo,2383.46,345,1,2024-01-24 00:00:00,2024-01-24 00:00:00
2786,CUI-02776,Crema Corporal Nutritiva 400 ml Zenit Max,Categoría: Cuidado personal | Marca: Zenit | Proveedor: Distribuidora del Norte,2038.29,326,1,2025-12-15 00:00:00,2025-12-15 00:00:00
2787,ELE-02777,Mouse Gaming Kairo Eco,Categoría: Electrónica | Marca: Kairo | Proveedor: Distribuidora Mexicana,3085.97,306,1,2024-01-25 00:00:00,2024-01-25 00:00:00
2788,OFI-02778,Silla de Oficina Altura Plus,Categoría: Oficina | Marca: Altura | Proveedor: Distribuidora Pacífico,5206.31,74,1,2025-09-28 00:00:00,2025-09-28 00:00:00
2789,ELE-02779,Cargador USB-C 45W Prisma Essential,Categoría: Electrónica | Marca: Prisma | Proveedor: Distribuidora del Norte,2912.32,0,1,2024-04-20 00:00:00,2024-04-20 00:00:00
2790,OFI-02780,Silla Ergonómica Nativa Prime,Categoría: Oficina | Marca: Nativa | Proveedor: Distribuidora Central,4729.16,271,1,2025-07-07 00:00:00,2025-07-07 00:00:00
2791,HOG-02781,Termo 500 ml Kairo Classic,Categoría: Hogar | Marca: Kairo | Proveedor: Distribuidora Pacífico,1623.10,31,1,2024-03-03 00:00:00,2024-03-03 00:00:00
2792,ELE-02782,Mouse Óptico Zenit Lite,Categoría: Electrónica | Marca: Zenit | Proveedor: Distribuidora Metropolitana,1287.77,109,1,2024-07-14 00:00:00,2024-07-14 00:00:00
2793,ALI-02783,Café Americano 500 g Aurea Max,Categoría: Alimentos | Marca: Aurea | Proveedor: Distribuidora Metropolitana,265.17,163,0,2025-06-01 00:00:00,2025-06-01 00:00:00
2794,ELE-02784,Cargador USB-C 20W Orion Eco,Categoría: Electrónica | Marca: Orion | Proveedor: Distribuidora Hidalgo,1878.67,162,1,2024-10-15 00:00:00,2024-10-15 00:00:00
2795,DEP-02785,Balón de Voleibol Altura Plus,Categoría: Deportes | Marca: Altura | Proveedor: Distribuidora Central,2888.61,311,1,2024-06-07 00:00:00,2024-06-07 00:00:00
2796,ALI-02786,Café Descafeinado 400 g Aurea Max,Categoría: Alimentos | Marca: Aurea | Proveedor: Distribuidora del Norte,568.14,223,1,2024-04-19 00:00:00,2024-04-19 00:00:00
2797,DEP-02787,Balón Entrenamiento Orion Plus,Categoría: Deportes | Marca: Orion | Proveedor: Distribuidora Hidalgo,1744.06,240,1,2025-03-25 00:00:00,2025-03-25 00:00:00
2798,ALI-02788,Galletas de Avena 300 g Aurea Pro,Categoría: Alimentos | Marca: Aurea | Proveedor: Distribuidora Central,345.30,243,1,2026-01-06 00:00:00,2026-01-06 00:00:00
2799,ELE-02789,Mouse Ergonómico Prisma Select,Categoría: Electrónica | Marca: Prisma | Proveedor: Distribuidora del Norte,1005.20,329,1,2025-08-25 00:00:00,2025-08-25 00:00:00
2800,OFI-02790,Silla Ejecutiva Prisma Select,Categoría: Oficina | Marca: Prisma | Proveedor: Distribuidora Nova,2210.35,122,1,2025-08-15 00:00:00,2025-08-15 00:00:00
2801,CUI-02791,Crema Corporal con Aloe 500 ml Nexo Eco,Categoría: Cuidado personal | Marca: Nexo | Proveedor: Distribuidora del Norte,1147.10,72,1,2025-04-24 00:00:00,2025-04-24 00:00:00
2802,ALI-02792,Aceite de Aguacate 500 ml Altura Plus,Categoría: Alimentos | Marca: Altura | Proveedor: Distribuidora Pacífico,552.34,276,1,2026-08-09 00:00:00,2026-08-09 00:00:00
2803,CUI-02793,Rasuradora 3 Cabezas Nova Select,Categoría: Cuidado personal | Marca: Nova | Proveedor: Distribuidora Metropolitana,62.79,263,1,2024-07-28 00:00:00,2024-07-28 00:00:00
2804,DEP-02794,Tapete de Yoga con Correa Zenit Eco,Categoría: Deportes | Marca: Zenit | Proveedor: Distribuidora Nova,1813.25,331,1,2024-09-18 00:00:00,2024-09-18 00:00:00
2805,ALI-02795,Pasta Fusilli 500 g Altura Pro,Categoría: Alimentos | Marca: Altura | Proveedor: Distribuidora Metropolitana,272.63,265,1,2026-08-24 00:00:00,2026-08-24 00:00:00
2806,ELE-02796,Teclado Mecánico Cobalto Select,Categoría: Electrónica | Marca: Cobalto | Proveedor: Distribuidora Bajío,3302.61,3,1,2024-05-08 00:00:00,2024-05-08 00:00:00
2807,ELE-02797,Webcam Autofocus Brava Lite,Categoría: Electrónica | Marca: Brava | Proveedor: Distribuidora Bajío,3046.85,85,1,2026-03-23 00:00:00,2026-03-23 00:00:00
2808,DEP-02798,Botella Deportiva 750 ml Kairo Pro,Categoría: Deportes | Marca: Kairo | Proveedor: Distribuidora Hidalgo,1017.40,246,0,2024-07-22 00:00:00,2024-07-22 00:00:00
2809,CUI-02799,Shampoo Hidratante 750 ml Cobalto Plus,Categoría: Cuidado personal | Marca: Cobalto | Proveedor: Distribuidora Mexicana,448.26,24,1,2026-01-03 00:00:00,2026-01-03 00:00:00
2810,HOG-02800,Organizador Multiusos Kairo Max,Categoría: Hogar | Marca: Kairo | Proveedor: Distribuidora Central,603.19,347,1,2024-12-23 00:00:00,2024-12-23 00:00:00
2811,DEP-02801,Balón Entrenamiento Orion Advance,Categoría: Deportes | Marca: Orion | Proveedor: Distribuidora del Norte,2516.58,218,1,2025-11-25 00:00:00,2025-11-25 00:00:00
2812,ALI-02802,Aceite de Oliva 500 ml Zenit Prime,Categoría: Alimentos | Marca: Zenit | Proveedor: Distribuidora Metropolitana,574.37,222,1,2026-03-01 00:00:00,2026-03-01 00:00:00
2813,DEP-02803,Balón de Voleibol Altura Advance,Categoría: Deportes | Marca: Altura | Proveedor: Distribuidora Hidalgo,1862.35,348,1,2025-06-20 00:00:00,2025-06-20 00:00:00
2814,HOG-02804,Sartén Antiadherente 28 cm Nova Essential,Categoría: Hogar | Marca: Nova | Proveedor: Distribuidora Mexicana,1567.28,187,1,2024-06-14 00:00:00,2024-06-14 00:00:00
2815,OFI-02805,Mochila Impermeable Prisma Select,Categoría: Oficina | Marca: Prisma | Proveedor: Distribuidora Nova,4688.90,319,1,2026-09-07 00:00:00,2026-09-07 00:00:00
2816,HOG-02806,Lámpara de Escritorio Terra Select,Categoría: Hogar | Marca: Terra | Proveedor: Distribuidora Bajío,2460.46,6,1,2024-01-22 00:00:00,2024-01-22 00:00:00
2817,OFI-02807,Silla Ejecutiva Urban Essential,Categoría: Oficina | Marca: Urban | Proveedor: Distribuidora Bajío,4581.14,171,1,2026-03-18 00:00:00,2026-03-18 00:00:00
2818,ELE-02808,Audífonos USB-C Altura Plus,Categoría: Electrónica | Marca: Altura | Proveedor: Distribuidora Mexicana,295.92,203,0,2025-03-05 00:00:00,2025-03-05 00:00:00
2819,CUI-02809,Shampoo Hidratante 750 ml Zenit Prime,Categoría: Cuidado personal | Marca: Zenit | Proveedor: Distribuidora Pacífico,1588.69,106,1,2026-05-14 00:00:00,2026-05-14 00:00:00
2820,OFI-02810,Memoria USB USB 3.2 Aurea Select,Categoría: Oficina | Marca: Aurea | Proveedor: Distribuidora Nova,1935.40,259,1,2025-01-01 00:00:00,2025-01-01 00:00:00
2821,ELE-02811,Cargador USB-C 45W Orion Classic,Categoría: Electrónica | Marca: Orion | Proveedor: Distribuidora del Norte,2060.02,241,1,2026-04-17 00:00:00,2026-04-17 00:00:00
2822,HOG-02812,Termo Térmico Zenit Classic,Categoría: Hogar | Marca: Zenit | Proveedor: Distribuidora Mexicana,1721.64,122,1,2024-01-24 00:00:00,2024-01-24 00:00:00
2823,ELE-02813,Bocina Portátil Urban Eco,Categoría: Electrónica | Marca: Urban | Proveedor: Distribuidora Mexicana,1371.30,265,1,2024-11-13 00:00:00,2024-11-13 00:00:00
2824,OFI-02814,Calculadora de Escritorio Nativa Pro,Categoría: Oficina | Marca: Nativa | Proveedor: Distribuidora Central,1765.15,20,1,2025-12-06 00:00:00,2025-12-06 00:00:00
2825,ALI-02815,Cereal Integral 500 g Zenit Essential,Categoría: Alimentos | Marca: Zenit | Proveedor: Distribuidora Hidalgo,91.84,341,0,2026-03-19 00:00:00,2026-03-19 00:00:00
2826,ELE-02816,Cargador USB-C 20W Marea Classic,Categoría: Electrónica | Marca: Marea | Proveedor: Distribuidora Bajío,847.38,73,1,2026-06-17 00:00:00,2026-06-17 00:00:00
2827,ALI-02817,Cereal de Avena 500 g Altura Select,Categoría: Alimentos | Marca: Altura | Proveedor: Distribuidora Hidalgo,789.98,163,1,2026-05-15 00:00:00,2026-05-15 00:00:00
2828,HOG-02818,Juego de Toallas 4 Piezas Nova Plus,Categoría: Hogar | Marca: Nova | Proveedor: Distribuidora Central,2274.12,29,1,2025-08-26 00:00:00,2025-08-26 00:00:00
2829,CUI-02819,Secadora Iónica Lumina Lite,Categoría: Cuidado personal | Marca: Lumina | Proveedor: Distribuidora Central,1266.03,58,1,2026-04-08 00:00:00,2026-04-08 00:00:00
2830,CUI-02820,Shampoo Hidratante 750 ml Brava Prime,Categoría: Cuidado personal | Marca: Brava | Proveedor: Distribuidora del Norte,1970.10,142,1,2024-12-09 00:00:00,2024-12-09 00:00:00
2831,CUI-02821,Crema Corporal Nutritiva 400 ml Altura Advance,Categoría: Cuidado personal | Marca: Altura | Proveedor: Distribuidora Pacífico,2081.84,25,1,2025-12-24 00:00:00,2025-12-24 00:00:00
2832,DEP-02822,Balón Entrenamiento Lumina Select,Categoría: Deportes | Marca: Lumina | Proveedor: Distribuidora Mexicana,2330.61,201,1,2025-06-30 00:00:00,2025-06-30 00:00:00
2833,ELE-02823,Cargador USB-C 20W Vitta Pro,Categoría: Electrónica | Marca: Vitta | Proveedor: Distribuidora del Norte,2408.17,219,1,2024-12-23 00:00:00,2024-12-23 00:00:00
2834,CUI-02824,Cepillo Dental Eléctrico Terra Max,Categoría: Cuidado personal | Marca: Terra | Proveedor: Distribuidora Nova,2377.10,177,1,2024-03-16 00:00:00,2024-03-16 00:00:00
2835,ELE-02825,Audífonos USB-C Aurea Select,Categoría: Electrónica | Marca: Aurea | Proveedor: Distribuidora Hidalgo,177.03,313,1,2025-05-24 00:00:00,2025-05-24 00:00:00
2836,CUI-02826,Rasuradora Corporal Vitta Plus,Categoría: Cuidado personal | Marca: Vitta | Proveedor: Distribuidora Pacífico,1580.90,63,1,2024-05-23 00:00:00,2024-05-23 00:00:00
2837,CUI-02827,Crema Corporal con Aloe 500 ml Urban Prime,Categoría: Cuidado personal | Marca: Urban | Proveedor: Distribuidora Hidalgo,1828.60,53,1,2026-04-11 00:00:00,2026-04-11 00:00:00
2838,DEP-02828,Botella Deportiva Térmica Nativa Eco,Categoría: Deportes | Marca: Nativa | Proveedor: Distribuidora Nova,2619.92,64,1,2025-02-22 00:00:00,2025-02-22 00:00:00
2839,DEP-02829,Guantes Deportivos Nova Plus,Categoría: Deportes | Marca: Nova | Proveedor: Distribuidora Mexicana,2209.55,203,1,2025-04-15 00:00:00,2025-04-15 00:00:00
2840,HOG-02830,Termo 750 ml Nexo Eco,Categoría: Hogar | Marca: Nexo | Proveedor: Distribuidora Central,1125.06,227,1,2025-08-06 00:00:00,2025-08-06 00:00:00
2841,HOG-02831,Juego de Toallas Microfibra Lumina Eco,Categoría: Hogar | Marca: Lumina | Proveedor: Distribuidora Mexicana,2473.62,166,1,2024-07-10 00:00:00,2024-07-10 00:00:00
2842,ALI-02832,Galletas con Chocolate 300 g Nova Max,Categoría: Alimentos | Marca: Nova | Proveedor: Distribuidora Nova,250.57,298,1,2026-04-07 00:00:00,2026-04-07 00:00:00
2843,CUI-02833,Shampoo Hidratante 750 ml Marea Prime,Categoría: Cuidado personal | Marca: Marea | Proveedor: Distribuidora Bajío,1759.33,245,1,2024-06-04 00:00:00,2024-06-04 00:00:00
2844,CUI-02834,Rasuradora de Precisión Kairo Essential,Categoría: Cuidado personal | Marca: Kairo | Proveedor: Distribuidora Metropolitana,1557.07,96,1,2026-01-29 00:00:00,2026-01-29 00:00:00
2845,OFI-02835,Cuaderno Profesional Kairo Plus,Categoría: Oficina | Marca: Kairo | Proveedor: Distribuidora Hidalgo,4646.40,55,1,2024-12-03 00:00:00,2024-12-03 00:00:00
2846,CUI-02836,Crema Corporal Nutritiva 400 ml Lumina Pro,Categoría: Cuidado personal | Marca: Lumina | Proveedor: Distribuidora Hidalgo,1670.50,180,1,2024-12-25 00:00:00,2024-12-25 00:00:00
2847,CUI-02837,Secadora Profesional Lumina Plus,Categoría: Cuidado personal | Marca: Lumina | Proveedor: Distribuidora Hidalgo,2362.53,157,1,2024-02-10 00:00:00,2024-02-10 00:00:00
2848,ALI-02838,Pasta Spaghetti 500 g Nova Advance,Categoría: Alimentos | Marca: Nova | Proveedor: Distribuidora Mexicana,167.13,138,1,2025-06-19 00:00:00,2025-06-19 00:00:00
2849,CUI-02839,Rasuradora Corporal Cobalto Essential,Categoría: Cuidado personal | Marca: Cobalto | Proveedor: Distribuidora Central,1770.27,328,1,2026-03-03 00:00:00,2026-03-03 00:00:00
2850,HOG-02840,Lámpara de Escritorio Orion Pro,Categoría: Hogar | Marca: Orion | Proveedor: Distribuidora del Norte,901.55,6,1,2025-10-21 00:00:00,2025-10-21 00:00:00
2851,ALI-02841,Café Descafeinado 400 g Terra Pro,Categoría: Alimentos | Marca: Terra | Proveedor: Distribuidora Hidalgo,467.43,11,1,2025-11-08 00:00:00,2025-11-08 00:00:00
2852,OFI-02842,Mochila Ejecutiva Nexo Select,Categoría: Oficina | Marca: Nexo | Proveedor: Distribuidora Nova,5110.26,208,1,2026-04-20 00:00:00,2026-04-20 00:00:00
2853,CUI-02843,Shampoo Anticaspa 650 ml Nexo Essential,Categoría: Cuidado personal | Marca: Nexo | Proveedor: Distribuidora Nova,82.56,255,1,2024-01-21 00:00:00,2024-01-21 00:00:00
2854,OFI-02844,Mochila Impermeable Urban Pro,Categoría: Oficina | Marca: Urban | Proveedor: Distribuidora Bajío,1583.03,293,1,2025-01-07 00:00:00,2025-01-07 00:00:00
2855,ALI-02845,Pasta Spaghetti 500 g Marea Max,Categoría: Alimentos | Marca: Marea | Proveedor: Distribuidora Pacífico,709.32,47,1,2024-11-08 00:00:00,2024-11-08 00:00:00
2856,ALI-02846,Galletas Integrales 350 g Urban Max,Categoría: Alimentos | Marca: Urban | Proveedor: Distribuidora Bajío,222.92,194,1,2026-03-18 00:00:00,2026-03-18 00:00:00
2857,ALI-02847,Pasta Penne 500 g Prisma Select,Categoría: Alimentos | Marca: Prisma | Proveedor: Distribuidora Pacífico,221.89,33,1,2025-01-24 00:00:00,2025-01-24 00:00:00
2858,CUI-02848,Secadora Profesional Prisma Lite,Categoría: Cuidado personal | Marca: Prisma | Proveedor: Distribuidora Nova,592.02,137,1,2026-03-16 00:00:00,2026-03-16 00:00:00
2859,ALI-02849,Cereal de Avena 500 g Prisma Lite,Categoría: Alimentos | Marca: Prisma | Proveedor: Distribuidora Mexicana,756.20,322,1,2026-05-25 00:00:00,2026-05-25 00:00:00
2860,DEP-02850,Tapete de Yoga con Correa Zenit Classic,Categoría: Deportes | Marca: Zenit | Proveedor: Distribuidora Mexicana,1595.17,123,1,2024-01-31 00:00:00,2024-01-31 00:00:00
2861,DEP-02851,Balón de Voleibol Nativa Essential,Categoría: Deportes | Marca: Nativa | Proveedor: Distribuidora Pacífico,2778.75,311,1,2024-09-06 00:00:00,2024-09-06 00:00:00
2862,ALI-02852,Aceite Vegetal 1 L Aurea Classic,Categoría: Alimentos | Marca: Aurea | Proveedor: Distribuidora Metropolitana,257.79,220,1,2026-06-06 00:00:00,2026-06-06 00:00:00
2863,OFI-02853,Cuaderno Pasta Dura Marea Essential,Categoría: Oficina | Marca: Marea | Proveedor: Distribuidora Mexicana,2189.07,16,1,2025-06-28 00:00:00,2025-06-28 00:00:00
2864,DEP-02854,Tapete de Yoga 6 mm Altura Max,Categoría: Deportes | Marca: Altura | Proveedor: Distribuidora Nova,662.48,88,0,2025-08-03 00:00:00,2025-08-03 00:00:00
2865,DEP-02855,Balón de Básquetbol Nativa Pro,Categoría: Deportes | Marca: Nativa | Proveedor: Distribuidora Metropolitana,2546.60,302,1,2024-10-03 00:00:00,2024-10-03 00:00:00
2866,OFI-02856,Cuaderno de Notas Nova Plus,Categoría: Oficina | Marca: Nova | Proveedor: Distribuidora Metropolitana,2550.08,171,1,2024-04-22 00:00:00,2024-04-22 00:00:00
2867,ALI-02857,Cereal de Avena 500 g Nova Classic,Categoría: Alimentos | Marca: Nova | Proveedor: Distribuidora Mexicana,793.16,11,1,2025-07-29 00:00:00,2025-07-29 00:00:00
2868,HOG-02858,Sartén Antiadherente 24 cm Lumina Pro,Categoría: Hogar | Marca: Lumina | Proveedor: Distribuidora Pacífico,2278.43,305,1,2026-03-01 00:00:00,2026-03-01 00:00:00
2869,ALI-02859,Cereal Integral 500 g Nativa Advance,Categoría: Alimentos | Marca: Nativa | Proveedor: Distribuidora Nova,689.46,169,1,2024-03-21 00:00:00,2024-03-21 00:00:00
2870,ALI-02860,Café Molido 500 g Vitta Select,Categoría: Alimentos | Marca: Vitta | Proveedor: Distribuidora Central,533.38,294,1,2024-10-08 00:00:00,2024-10-08 00:00:00
2871,HOG-02861,Juego de Toallas 6 Piezas Nexo Max,Categoría: Hogar | Marca: Nexo | Proveedor: Distribuidora Hidalgo,2056.42,76,1,2026-05-10 00:00:00,2026-05-10 00:00:00
2872,HOG-02862,Sartén Antiadherente 24 cm Altura Lite,Categoría: Hogar | Marca: Altura | Proveedor: Distribuidora Nova,958.62,114,1,2025-07-21 00:00:00,2025-07-21 00:00:00
2873,OFI-02863,Calculadora Básica Marea Plus,Categoría: Oficina | Marca: Marea | Proveedor: Distribuidora Central,1582.92,220,1,2026-03-28 00:00:00,2026-03-28 00:00:00
2874,ALI-02864,Café en Grano 1 kg Marea Plus,Categoría: Alimentos | Marca: Marea | Proveedor: Distribuidora Pacífico,85.68,340,1,2024-12-18 00:00:00,2024-12-18 00:00:00
2875,OFI-02865,Mochila Impermeable Altura Eco,Categoría: Oficina | Marca: Altura | Proveedor: Distribuidora del Norte,844.39,95,1,2025-03-01 00:00:00,2025-03-01 00:00:00
2876,HOG-02866,Juego de Toallas 6 Piezas Zenit Plus,Categoría: Hogar | Marca: Zenit | Proveedor: Distribuidora del Norte,2493.40,71,1,2025-11-14 00:00:00,2025-11-14 00:00:00
2877,DEP-02867,Mancuerna Hexagonal Nexo Eco,Categoría: Deportes | Marca: Nexo | Proveedor: Distribuidora Mexicana,837.82,51,1,2026-02-10 00:00:00,2026-02-10 00:00:00
2878,CUI-02868,Cepillo Dental Suave Cobalto Eco,Categoría: Cuidado personal | Marca: Cobalto | Proveedor: Distribuidora Central,485.04,301,1,2025-03-10 00:00:00,2025-03-10 00:00:00
2879,ELE-02869,Cargador Doble Puerto Brava Essential,Categoría: Electrónica | Marca: Brava | Proveedor: Distribuidora Metropolitana,2795.83,120,1,2026-08-30 00:00:00,2026-08-30 00:00:00
2880,ALI-02870,Aceite de Oliva 500 ml Kairo Prime,Categoría: Alimentos | Marca: Kairo | Proveedor: Distribuidora Mexicana,50.14,168,1,2026-07-28 00:00:00,2026-07-28 00:00:00
2881,ALI-02871,Aceite de Aguacate 500 ml Brava Plus,Categoría: Alimentos | Marca: Brava | Proveedor: Distribuidora Pacífico,758.48,110,1,2026-03-11 00:00:00,2026-03-11 00:00:00
2882,CUI-02872,Secadora Compacta Kairo Lite,Categoría: Cuidado personal | Marca: Kairo | Proveedor: Distribuidora Pacífico,992.81,46,1,2025-10-27 00:00:00,2025-10-27 00:00:00
2883,HOG-02873,Sartén de Acero 26 cm Brava Eco,Categoría: Hogar | Marca: Brava | Proveedor: Distribuidora Mexicana,799.63,23,1,2025-07-20 00:00:00,2025-07-20 00:00:00
2884,ALI-02874,Cereal Integral 500 g Brava Classic,Categoría: Alimentos | Marca: Brava | Proveedor: Distribuidora Metropolitana,127.57,185,1,2025-03-28 00:00:00,2025-03-28 00:00:00
2885,HOG-02875,Termo 500 ml Orion Prime,Categoría: Hogar | Marca: Orion | Proveedor: Distribuidora Pacífico,787.59,12,1,2025-10-05 00:00:00,2025-10-05 00:00:00
2886,ELE-02876,Cargador USB-C 45W Kairo Select,Categoría: Electrónica | Marca: Kairo | Proveedor: Distribuidora Metropolitana,1609.19,314,1,2024-08-18 00:00:00,2024-08-18 00:00:00
2887,ELE-02877,Audífonos Inalámbricos Nativa Max,Categoría: Electrónica | Marca: Nativa | Proveedor: Distribuidora del Norte,546.65,328,0,2024-11-24 00:00:00,2024-11-24 00:00:00
2888,HOG-02878,Termo 500 ml Cobalto Advance,Categoría: Hogar | Marca: Cobalto | Proveedor: Distribuidora del Norte,385.15,173,1,2026-07-20 00:00:00,2026-07-20 00:00:00
2889,HOG-02879,Termo 500 ml Urban Pro,Categoría: Hogar | Marca: Urban | Proveedor: Distribuidora Central,1737.45,42,1,2026-01-18 00:00:00,2026-01-18 00:00:00
2890,HOG-02880,Termo 750 ml Nexo Plus,Categoría: Hogar | Marca: Nexo | Proveedor: Distribuidora Hidalgo,1515.76,126,1,2025-08-03 00:00:00,2025-08-03 00:00:00
2891,OFI-02881,Silla Ejecutiva Cobalto Eco,Categoría: Oficina | Marca: Cobalto | Proveedor: Distribuidora Central,4675.08,58,1,2025-01-02 00:00:00,2025-01-02 00:00:00
2892,CUI-02882,Rasuradora de Precisión Nova Max,Categoría: Cuidado personal | Marca: Nova | Proveedor: Distribuidora del Norte,1817.11,177,1,2025-01-17 00:00:00,2025-01-17 00:00:00
2893,ELE-02883,Mouse Gaming Marea Essential,Categoría: Electrónica | Marca: Marea | Proveedor: Distribuidora Central,183.68,90,1,2024-05-14 00:00:00,2024-05-14 00:00:00
2894,DEP-02884,Guantes de Ciclismo Nativa Lite,Categoría: Deportes | Marca: Nativa | Proveedor: Distribuidora Pacífico,1872.59,109,1,2025-10-15 00:00:00,2025-10-15 00:00:00
2895,ELE-02885,Teclado Compacto Zenit Max,Categoría: Electrónica | Marca: Zenit | Proveedor: Distribuidora Nova,2699.13,24,1,2025-10-26 00:00:00,2025-10-26 00:00:00
2896,OFI-02886,Cuaderno de Notas Terra Eco,Categoría: Oficina | Marca: Terra | Proveedor: Distribuidora Metropolitana,4119.41,235,1,2024-10-31 00:00:00,2024-10-31 00:00:00
2897,CUI-02887,Crema Corporal Hidratante 400 ml Urban Lite,Categoría: Cuidado personal | Marca: Urban | Proveedor: Distribuidora del Norte,1435.74,22,1,2026-06-28 00:00:00,2026-06-28 00:00:00
2898,CUI-02888,Crema Corporal con Aloe 500 ml Nexo Plus,Categoría: Cuidado personal | Marca: Nexo | Proveedor: Distribuidora del Norte,178.48,160,1,2024-09-06 00:00:00,2024-09-06 00:00:00
2899,DEP-02889,Botella Deportiva 750 ml Kairo Pro,Categoría: Deportes | Marca: Kairo | Proveedor: Distribuidora Nova,522.29,50,1,2025-07-02 00:00:00,2025-07-02 00:00:00
2900,HOG-02890,Sartén Antiadherente 24 cm Nexo Essential,Categoría: Hogar | Marca: Nexo | Proveedor: Distribuidora del Norte,1944.69,100,1,2026-06-21 00:00:00,2026-06-21 00:00:00
2901,DEP-02891,Guantes de Gimnasio Urban Select,Categoría: Deportes | Marca: Urban | Proveedor: Distribuidora Nova,1297.63,4,1,2025-07-04 00:00:00,2025-07-04 00:00:00
2902,ALI-02892,Café Descafeinado 400 g Brava Eco,Categoría: Alimentos | Marca: Brava | Proveedor: Distribuidora Pacífico,489.58,238,1,2025-10-25 00:00:00,2025-10-25 00:00:00
2903,DEP-02893,Tapete de Yoga 6 mm Altura Essential,Categoría: Deportes | Marca: Altura | Proveedor: Distribuidora Pacífico,1117.94,41,1,2025-12-16 00:00:00,2025-12-16 00:00:00
2904,ELE-02894,Bocina Bluetooth Cobalto Plus,Categoría: Electrónica | Marca: Cobalto | Proveedor: Distribuidora Metropolitana,1601.90,137,1,2026-06-11 00:00:00,2026-06-11 00:00:00
2905,ALI-02895,Galletas con Chocolate 300 g Marea Plus,Categoría: Alimentos | Marca: Marea | Proveedor: Distribuidora Central,164.55,234,1,2025-06-25 00:00:00,2025-06-25 00:00:00
2906,ELE-02896,Cargador USB-C 20W Terra Classic,Categoría: Electrónica | Marca: Terra | Proveedor: Distribuidora Hidalgo,1361.05,186,1,2025-09-12 00:00:00,2025-09-12 00:00:00
2907,CUI-02897,Rasuradora Corporal Marea Eco,Categoría: Cuidado personal | Marca: Marea | Proveedor: Distribuidora Mexicana,2310.72,307,1,2025-04-09 00:00:00,2025-04-09 00:00:00
2908,ELE-02898,Teclado RGB Cobalto Plus,Categoría: Electrónica | Marca: Cobalto | Proveedor: Distribuidora Hidalgo,2454.13,345,1,2026-02-07 00:00:00,2026-02-07 00:00:00
2909,DEP-02899,Tapete de Yoga Antideslizante Zenit Plus,Categoría: Deportes | Marca: Zenit | Proveedor: Distribuidora Hidalgo,480.31,205,1,2026-08-03 00:00:00,2026-08-03 00:00:00
2910,CUI-02900,Crema Corporal Hidratante 400 ml Prisma Prime,Categoría: Cuidado personal | Marca: Prisma | Proveedor: Distribuidora del Norte,1406.63,234,1,2024-07-19 00:00:00,2024-07-19 00:00:00
2911,CUI-02901,Rasuradora Corporal Altura Pro,Categoría: Cuidado personal | Marca: Altura | Proveedor: Distribuidora Pacífico,2053.87,111,1,2025-11-14 00:00:00,2025-11-14 00:00:00
2912,ELE-02902,Mouse Gaming Zenit Eco,Categoría: Electrónica | Marca: Zenit | Proveedor: Distribuidora Nova,738.29,217,1,2026-01-14 00:00:00,2026-01-14 00:00:00
2913,OFI-02903,Cuaderno Profesional Cobalto Eco,Categoría: Oficina | Marca: Cobalto | Proveedor: Distribuidora Pacífico,4681.76,350,1,2024-06-27 00:00:00,2024-06-27 00:00:00
2914,ELE-02904,Mouse Ergonómico Kairo Lite,Categoría: Electrónica | Marca: Kairo | Proveedor: Distribuidora Hidalgo,908.66,307,1,2025-06-28 00:00:00,2025-06-28 00:00:00
2915,HOG-02905,Juego de Toallas 6 Piezas Nativa Essential,Categoría: Hogar | Marca: Nativa | Proveedor: Distribuidora Metropolitana,2115.96,198,1,2025-01-21 00:00:00,2025-01-21 00:00:00
2916,CUI-02906,Rasuradora de Precisión Nova Select,Categoría: Cuidado personal | Marca: Nova | Proveedor: Distribuidora Nova,1084.37,286,0,2024-01-04 00:00:00,2024-01-04 00:00:00
2917,CUI-02907,Crema Corporal con Aloe 500 ml Brava Eco,Categoría: Cuidado personal | Marca: Brava | Proveedor: Distribuidora Metropolitana,2052.49,40,1,2025-08-13 00:00:00,2025-08-13 00:00:00
2918,ALI-02908,Cereal de Avena 500 g Orion Pro,Categoría: Alimentos | Marca: Orion | Proveedor: Distribuidora Hidalgo,398.50,29,1,2024-12-03 00:00:00,2024-12-03 00:00:00
2919,OFI-02909,Cuaderno Profesional Terra Essential,Categoría: Oficina | Marca: Terra | Proveedor: Distribuidora del Norte,2284.15,74,1,2024-03-24 00:00:00,2024-03-24 00:00:00
2920,HOG-02910,Organizador de Escritorio Terra Max,Categoría: Hogar | Marca: Terra | Proveedor: Distribuidora Central,379.27,98,1,2024-03-30 00:00:00,2024-03-30 00:00:00
2921,DEP-02911,Guantes con Muñequera Altura Max,Categoría: Deportes | Marca: Altura | Proveedor: Distribuidora Pacífico,1062.88,229,1,2026-05-02 00:00:00,2026-05-02 00:00:00
2922,OFI-02912,Memoria USB USB 3.2 Altura Prime,Categoría: Oficina | Marca: Altura | Proveedor: Distribuidora del Norte,996.58,69,1,2025-05-17 00:00:00,2025-05-17 00:00:00
2923,OFI-02913,Memoria USB USB 3.2 Marea Eco,Categoría: Oficina | Marca: Marea | Proveedor: Distribuidora del Norte,2157.86,48,1,2026-08-21 00:00:00,2026-08-21 00:00:00
2924,ELE-02914,Bocina Bluetooth Nativa Select,Categoría: Electrónica | Marca: Nativa | Proveedor: Distribuidora Metropolitana,2265.67,350,1,2025-02-20 00:00:00,2025-02-20 00:00:00
2925,ELE-02915,Bocina Portátil Orion Pro,Categoría: Electrónica | Marca: Orion | Proveedor: Distribuidora Metropolitana,2146.87,187,1,2025-04-04 00:00:00,2025-04-04 00:00:00
2926,ALI-02916,Aceite de Oliva 500 ml Urban Advance,Categoría: Alimentos | Marca: Urban | Proveedor: Distribuidora Nova,261.14,210,1,2025-05-14 00:00:00,2025-05-14 00:00:00
2927,CUI-02917,Shampoo Hidratante 750 ml Aurea Lite,Categoría: Cuidado personal | Marca: Aurea | Proveedor: Distribuidora Central,2394.01,302,1,2025-02-05 00:00:00,2025-02-05 00:00:00
2928,HOG-02918,Lámpara de Escritorio Aurea Essential,Categoría: Hogar | Marca: Aurea | Proveedor: Distribuidora Bajío,1288.01,218,1,2024-12-22 00:00:00,2024-12-22 00:00:00
2929,ALI-02919,Cereal Integral 500 g Zenit Select,Categoría: Alimentos | Marca: Zenit | Proveedor: Distribuidora Hidalgo,646.12,99,1,2026-08-01 00:00:00,2026-08-01 00:00:00
2930,HOG-02920,Lámpara Minimalista Marea Classic,Categoría: Hogar | Marca: Marea | Proveedor: Distribuidora Pacífico,1478.72,23,1,2025-12-06 00:00:00,2025-12-06 00:00:00
2931,ELE-02921,Teclado RGB Nexo Advance,Categoría: Electrónica | Marca: Nexo | Proveedor: Distribuidora Metropolitana,1345.81,151,1,2025-06-12 00:00:00,2025-06-12 00:00:00
2932,CUI-02922,Crema Corporal con Aloe 500 ml Urban Select,Categoría: Cuidado personal | Marca: Urban | Proveedor: Distribuidora del Norte,1917.95,300,1,2024-06-05 00:00:00,2024-06-05 00:00:00
2933,OFI-02923,Mochila Ejecutiva Vitta Prime,Categoría: Oficina | Marca: Vitta | Proveedor: Distribuidora del Norte,4670.20,175,1,2025-03-24 00:00:00,2025-03-24 00:00:00
2934,ELE-02924,Cargador USB-C 45W Marea Lite,Categoría: Electrónica | Marca: Marea | Proveedor: Distribuidora Pacífico,3098.96,34,1,2026-05-02 00:00:00,2026-05-02 00:00:00
2935,DEP-02925,Tapete de Yoga 6 mm Nexo Select,Categoría: Deportes | Marca: Nexo | Proveedor: Distribuidora del Norte,1269.92,19,1,2025-12-13 00:00:00,2025-12-13 00:00:00
2936,HOG-02926,Termo de Acero Inoxidable Prisma Classic,Categoría: Hogar | Marca: Prisma | Proveedor: Distribuidora Pacífico,315.36,106,1,2024-11-21 00:00:00,2024-11-21 00:00:00
2937,OFI-02927,Silla Ejecutiva Altura Advance,Categoría: Oficina | Marca: Altura | Proveedor: Distribuidora Hidalgo,1480.44,240,1,2025-06-17 00:00:00,2025-06-17 00:00:00
2938,OFI-02928,Memoria USB 32 GB Urban Classic,Categoría: Oficina | Marca: Urban | Proveedor: Distribuidora Bajío,2196.13,296,1,2024-05-18 00:00:00,2024-05-18 00:00:00
2939,ALI-02929,Café en Grano 1 kg Orion Max,Categoría: Alimentos | Marca: Orion | Proveedor: Distribuidora Metropolitana,399.19,96,1,2025-10-28 00:00:00,2025-10-28 00:00:00
2940,ELE-02930,Bocina Resistente al Agua Lumina Plus,Categoría: Electrónica | Marca: Lumina | Proveedor: Distribuidora Bajío,3088.11,110,1,2024-07-15 00:00:00,2024-07-15 00:00:00
2941,DEP-02931,Botella Deportiva Térmica Vitta Plus,Categoría: Deportes | Marca: Vitta | Proveedor: Distribuidora Pacífico,1482.37,115,1,2024-01-12 00:00:00,2024-01-12 00:00:00
2942,HOG-02932,Sartén Antiadherente 24 cm Nexo Pro,Categoría: Hogar | Marca: Nexo | Proveedor: Distribuidora del Norte,1857.64,138,1,2025-12-05 00:00:00,2025-12-05 00:00:00
2943,ALI-02933,Cereal Integral 500 g Urban Select,Categoría: Alimentos | Marca: Urban | Proveedor: Distribuidora Hidalgo,168.06,120,1,2024-11-16 00:00:00,2024-11-16 00:00:00
2944,ELE-02934,Audífonos Bluetooth Kairo Classic,Categoría: Electrónica | Marca: Kairo | Proveedor: Distribuidora Pacífico,1048.33,151,1,2024-06-08 00:00:00,2024-06-08 00:00:00
2945,ALI-02935,Café en Grano 1 kg Terra Select,Categoría: Alimentos | Marca: Terra | Proveedor: Distribuidora Central,650.79,188,1,2025-12-15 00:00:00,2025-12-15 00:00:00
2946,DEP-02936,Balón de Voleibol Lumina Plus,Categoría: Deportes | Marca: Lumina | Proveedor: Distribuidora Hidalgo,2033.78,263,1,2025-11-04 00:00:00,2025-11-04 00:00:00
2947,OFI-02937,Silla de Oficina Nova Advance,Categoría: Oficina | Marca: Nova | Proveedor: Distribuidora del Norte,4822.34,145,1,2024-11-12 00:00:00,2024-11-12 00:00:00
2948,HOG-02938,Termo 500 ml Aurea Max,Categoría: Hogar | Marca: Aurea | Proveedor: Distribuidora Mexicana,173.21,159,1,2024-11-03 00:00:00,2024-11-03 00:00:00
2949,ELE-02939,Webcam Full HD Nexo Eco,Categoría: Electrónica | Marca: Nexo | Proveedor: Distribuidora del Norte,3030.26,341,1,2024-01-28 00:00:00,2024-01-28 00:00:00
2950,OFI-02940,Silla de Oficina Terra Pro,Categoría: Oficina | Marca: Terra | Proveedor: Distribuidora Mexicana,4504.12,303,1,2024-02-06 00:00:00,2024-02-06 00:00:00
2951,HOG-02941,Organizador de Baño Zenit Eco,Categoría: Hogar | Marca: Zenit | Proveedor: Distribuidora Hidalgo,1126.33,339,1,2025-09-06 00:00:00,2025-09-06 00:00:00
2952,HOG-02942,Termo de Acero Inoxidable Brava Select,Categoría: Hogar | Marca: Brava | Proveedor: Distribuidora Pacífico,1379.17,47,1,2024-04-05 00:00:00,2024-04-05 00:00:00
2953,ALI-02943,Galletas de Avena 300 g Nova Advance,Categoría: Alimentos | Marca: Nova | Proveedor: Distribuidora Mexicana,638.82,156,1,2024-10-14 00:00:00,2024-10-14 00:00:00
2954,HOG-02944,Sartén Antiadherente 24 cm Zenit Eco,Categoría: Hogar | Marca: Zenit | Proveedor: Distribuidora Nova,1708.50,262,1,2024-10-03 00:00:00,2024-10-03 00:00:00
2955,HOG-02945,Sartén de Acero 26 cm Brava Select,Categoría: Hogar | Marca: Brava | Proveedor: Distribuidora Metropolitana,701.80,241,1,2024-04-14 00:00:00,2024-04-14 00:00:00
2956,ALI-02946,Galletas Integrales 350 g Urban Advance,Categoría: Alimentos | Marca: Urban | Proveedor: Distribuidora Hidalgo,221.91,19,1,2026-03-05 00:00:00,2026-03-05 00:00:00
2957,OFI-02947,Mochila Antirrobo Brava Lite,Categoría: Oficina | Marca: Brava | Proveedor: Distribuidora Mexicana,1088.21,317,1,2025-07-21 00:00:00,2025-07-21 00:00:00
2958,ELE-02948,Bocina Inteligente Aurea Prime,Categoría: Electrónica | Marca: Aurea | Proveedor: Distribuidora Metropolitana,2899.99,11,1,2024-06-16 00:00:00,2024-06-16 00:00:00
2959,CUI-02949,Secadora 2000 W Terra Max,Categoría: Cuidado personal | Marca: Terra | Proveedor: Distribuidora Nova,2368.08,4,1,2025-08-05 00:00:00,2025-08-05 00:00:00
2960,CUI-02950,Rasuradora Corporal Marea Select,Categoría: Cuidado personal | Marca: Marea | Proveedor: Distribuidora Bajío,933.76,49,1,2025-02-18 00:00:00,2025-02-18 00:00:00
2961,OFI-02951,Silla Ergonómica Aurea Essential,Categoría: Oficina | Marca: Aurea | Proveedor: Distribuidora Metropolitana,259.46,303,1,2024-10-07 00:00:00,2024-10-07 00:00:00
2962,CUI-02952,Rasuradora 3 Cabezas Terra Classic,Categoría: Cuidado personal | Marca: Terra | Proveedor: Distribuidora Hidalgo,2081.78,312,1,2025-11-13 00:00:00,2025-11-13 00:00:00
2963,DEP-02953,Balón Entrenamiento Terra Max,Categoría: Deportes | Marca: Terra | Proveedor: Distribuidora Bajío,136.73,54,1,2025-12-18 00:00:00,2025-12-18 00:00:00
2964,ALI-02954,Café Descafeinado 400 g Altura Plus,Categoría: Alimentos | Marca: Altura | Proveedor: Distribuidora Bajío,680.02,318,1,2026-07-18 00:00:00,2026-07-18 00:00:00
2965,ELE-02955,Teclado Compacto Cobalto Plus,Categoría: Electrónica | Marca: Cobalto | Proveedor: Distribuidora Metropolitana,1277.02,245,1,2025-03-04 00:00:00,2025-03-04 00:00:00
2966,OFI-02956,Cuaderno Pasta Dura Lumina Lite,Categoría: Oficina | Marca: Lumina | Proveedor: Distribuidora Central,4376.62,216,1,2025-12-03 00:00:00,2025-12-03 00:00:00
2967,DEP-02957,Mancuerna Ajustable Nexo Select,Categoría: Deportes | Marca: Nexo | Proveedor: Distribuidora Metropolitana,915.69,106,1,2025-09-17 00:00:00,2025-09-17 00:00:00
2968,DEP-02958,Guantes Deportivos Nova Classic,Categoría: Deportes | Marca: Nova | Proveedor: Distribuidora Metropolitana,1032.44,8,1,2026-03-11 00:00:00,2026-03-11 00:00:00
2969,ALI-02959,Galletas de Avena 300 g Nativa Prime,Categoría: Alimentos | Marca: Nativa | Proveedor: Distribuidora Pacífico,265.61,69,1,2026-07-11 00:00:00,2026-07-11 00:00:00
2970,CUI-02960,Rasuradora Recargable Nativa Lite,Categoría: Cuidado personal | Marca: Nativa | Proveedor: Distribuidora Bajío,1663.88,169,1,2024-05-07 00:00:00,2024-05-07 00:00:00
2971,ELE-02961,Teclado Compacto Altura Select,Categoría: Electrónica | Marca: Altura | Proveedor: Distribuidora Hidalgo,1954.37,251,1,2026-02-01 00:00:00,2026-02-01 00:00:00
2972,DEP-02962,Mancuerna 5 kg Urban Select,Categoría: Deportes | Marca: Urban | Proveedor: Distribuidora Nova,1594.35,147,1,2026-02-15 00:00:00,2026-02-15 00:00:00
2973,CUI-02963,Shampoo Reparador 700 ml Zenit Select,Categoría: Cuidado personal | Marca: Zenit | Proveedor: Distribuidora Nova,934.75,179,1,2024-01-20 00:00:00,2024-01-20 00:00:00
2974,ELE-02964,Audífonos Bluetooth Vitta Max,Categoría: Electrónica | Marca: Vitta | Proveedor: Distribuidora Metropolitana,1989.06,193,1,2024-03-27 00:00:00,2024-03-27 00:00:00
2975,CUI-02965,Crema Corporal Hidratante 400 ml Kairo Lite,Categoría: Cuidado personal | Marca: Kairo | Proveedor: Distribuidora Bajío,2412.49,75,1,2025-04-15 00:00:00,2025-04-15 00:00:00
2976,DEP-02966,Balón de Fútbol Aurea Eco,Categoría: Deportes | Marca: Aurea | Proveedor: Distribuidora Central,1042.16,75,1,2026-08-26 00:00:00,2026-08-26 00:00:00
2977,DEP-02967,Tapete de Yoga Antideslizante Kairo Classic,Categoría: Deportes | Marca: Kairo | Proveedor: Distribuidora Pacífico,703.84,304,1,2025-02-16 00:00:00,2025-02-16 00:00:00
2978,CUI-02968,Rasuradora 3 Cabezas Brava Plus,Categoría: Cuidado personal | Marca: Brava | Proveedor: Distribuidora Mexicana,1524.50,345,1,2024-07-19 00:00:00,2024-07-19 00:00:00
2979,DEP-02969,Balón de Fútbol Nativa Essential,Categoría: Deportes | Marca: Nativa | Proveedor: Distribuidora del Norte,1394.12,112,1,2026-06-26 00:00:00,2026-06-26 00:00:00
2980,OFI-02970,Calculadora Financiera Cobalto Eco,Categoría: Oficina | Marca: Cobalto | Proveedor: Distribuidora Mexicana,1067.13,211,1,2025-02-01 00:00:00,2025-02-01 00:00:00
2981,DEP-02971,Balón de Voleibol Altura Lite,Categoría: Deportes | Marca: Altura | Proveedor: Distribuidora Bajío,1876.48,283,1,2026-04-13 00:00:00,2026-04-13 00:00:00
2982,DEP-02972,Mancuerna Ajustable Kairo Select,Categoría: Deportes | Marca: Kairo | Proveedor: Distribuidora Metropolitana,2827.16,257,1,2024-05-21 00:00:00,2024-05-21 00:00:00
2983,HOG-02973,Juego de Toallas Microfibra Terra Essential,Categoría: Hogar | Marca: Terra | Proveedor: Distribuidora Bajío,2407.77,122,1,2025-02-02 00:00:00,2025-02-02 00:00:00
2984,CUI-02974,Rasuradora Corporal Nova Classic,Categoría: Cuidado personal | Marca: Nova | Proveedor: Distribuidora Bajío,2446.82,11,1,2025-03-07 00:00:00,2025-03-07 00:00:00
2985,ELE-02975,Mouse Óptico Prisma Select,Categoría: Electrónica | Marca: Prisma | Proveedor: Distribuidora Metropolitana,1147.46,38,1,2026-02-11 00:00:00,2026-02-11 00:00:00
2986,HOG-02976,Organizador de Cocina Altura Essential,Categoría: Hogar | Marca: Altura | Proveedor: Distribuidora Pacífico,1635.91,23,0,2026-01-26 00:00:00,2026-01-26 00:00:00
2987,DEP-02977,Mancuerna Hexagonal Prisma Lite,Categoría: Deportes | Marca: Prisma | Proveedor: Distribuidora Pacífico,525.54,148,1,2024-12-17 00:00:00,2024-12-17 00:00:00
2988,OFI-02978,Silla de Oficina Brava Prime,Categoría: Oficina | Marca: Brava | Proveedor: Distribuidora Mexicana,5723.65,102,1,2026-08-22 00:00:00,2026-08-22 00:00:00
2989,ELE-02979,Webcam Full HD Altura Classic,Categoría: Electrónica | Marca: Altura | Proveedor: Distribuidora del Norte,1711.49,292,1,2024-03-12 00:00:00,2024-03-12 00:00:00
2990,HOG-02980,Sartén de Acero 26 cm Prisma Eco,Categoría: Hogar | Marca: Prisma | Proveedor: Distribuidora Hidalgo,267.27,307,1,2026-05-03 00:00:00,2026-05-03 00:00:00
2991,ELE-02981,Audífonos Bluetooth Marea Lite,Categoría: Electrónica | Marca: Marea | Proveedor: Distribuidora Pacífico,869.37,229,1,2025-02-15 00:00:00,2025-02-15 00:00:00
2992,OFI-02982,Calculadora Financiera Cobalto Eco,Categoría: Oficina | Marca: Cobalto | Proveedor: Distribuidora Hidalgo,5541.66,261,1,2025-06-07 00:00:00,2025-06-07 00:00:00
2993,ELE-02983,Mouse Óptico Urban Eco,Categoría: Electrónica | Marca: Urban | Proveedor: Distribuidora Mexicana,2397.57,196,1,2025-12-26 00:00:00,2025-12-26 00:00:00
2994,ALI-02984,Pasta Fusilli 500 g Vitta Prime,Categoría: Alimentos | Marca: Vitta | Proveedor: Distribuidora Metropolitana,337.79,307,1,2024-01-18 00:00:00,2024-01-18 00:00:00
2995,CUI-02985,Shampoo Anticaspa 650 ml Nexo Select,Categoría: Cuidado personal | Marca: Nexo | Proveedor: Distribuidora Mexicana,1949.82,1,1,2025-08-11 00:00:00,2025-08-11 00:00:00
2996,DEP-02986,Balón de Voleibol Nova Prime,Categoría: Deportes | Marca: Nova | Proveedor: Distribuidora Nova,898.68,246,1,2025-09-30 00:00:00,2025-09-30 00:00:00
2997,HOG-02987,Organizador de Cocina Terra Essential,Categoría: Hogar | Marca: Terra | Proveedor: Distribuidora del Norte,937.02,110,1,2025-06-28 00:00:00,2025-06-28 00:00:00
2998,ELE-02988,Mouse Óptico Kairo Max,Categoría: Electrónica | Marca: Kairo | Proveedor: Distribuidora del Norte,3055.51,109,1,2024-09-16 00:00:00,2024-09-16 00:00:00
2999,ALI-02989,Galletas Integrales 350 g Nexo Classic,Categoría: Alimentos | Marca: Nexo | Proveedor: Distribuidora Mexicana,377.33,154,1,2024-01-03 00:00:00,2024-01-03 00:00:00
3000,CUI-02990,Cepillo Dental Pack 3 Orion Essential,Categoría: Cuidado personal | Marca: Orion | Proveedor: Distribuidora Mexicana,2606.28,344,1,2026-07-27 00:00:00,2026-07-27 00:00:00
3001,CUI-02991,Rasuradora 3 Cabezas Prisma Plus,Categoría: Cuidado personal | Marca: Prisma | Proveedor: Distribuidora Hidalgo,1524.64,349,1,2025-02-27 00:00:00,2025-02-27 00:00:00
3002,DEP-02992,Balón de Voleibol Orion Select,Categoría: Deportes | Marca: Orion | Proveedor: Distribuidora Metropolitana,351.40,104,1,2024-03-19 00:00:00,2024-03-19 00:00:00
3003,HOG-02993,Lámpara LED Prisma Lite,Categoría: Hogar | Marca: Prisma | Proveedor: Distribuidora Hidalgo,983.81,136,1,2026-03-01 00:00:00,2026-03-01 00:00:00
3004,ELE-02994,Mouse Ergonómico Prisma Pro,Categoría: Electrónica | Marca: Prisma | Proveedor: Distribuidora Metropolitana,2473.12,250,1,2024-12-17 00:00:00,2024-12-17 00:00:00
3005,CUI-02995,Shampoo Reparador 700 ml Kairo Plus,Categoría: Cuidado personal | Marca: Kairo | Proveedor: Distribuidora Hidalgo,2569.52,283,1,2024-12-04 00:00:00,2024-12-04 00:00:00
3006,CUI-02996,Shampoo Anticaspa 650 ml Cobalto Prime,Categoría: Cuidado personal | Marca: Cobalto | Proveedor: Distribuidora Nova,2132.25,91,1,2025-07-04 00:00:00,2025-07-04 00:00:00
3007,ELE-02997,Cargador USB-C 45W Kairo Lite,Categoría: Electrónica | Marca: Kairo | Proveedor: Distribuidora del Norte,2702.39,292,1,2025-07-14 00:00:00,2025-07-14 00:00:00
3008,ELE-02998,Webcam Full HD Aurea Lite,Categoría: Electrónica | Marca: Aurea | Proveedor: Distribuidora Hidalgo,366.85,132,1,2024-07-12 00:00:00,2024-07-12 00:00:00
3009,ALI-02999,Galletas de Avena 300 g Kairo Pro,Categoría: Alimentos | Marca: Kairo | Proveedor: Distribuidora Metropolitana,104.56,311,1,2025-08-11 00:00:00,2025-08-11 00:00:00
3010,HOG-03000,Lámpara de Escritorio Nexo Plus,Categoría: Hogar | Marca: Nexo | Proveedor: Distribuidora Bajío,1325.33,79,1,2026-07-15 00:00:00,2026-07-15 00:00:00
3011,ELE-03001,Audífonos USB-C Zenit Plus,Categoría: Electrónica | Marca: Zenit | Proveedor: Distribuidora Metropolitana,807.75,42,1,2026-06-22 00:00:00,2026-06-22 00:00:00
3012,OFI-03002,Mochila para Laptop 15.6 Lumina Prime,Categoría: Oficina | Marca: Lumina | Proveedor: Distribuidora Central,1367.70,97,1,2026-04-07 00:00:00,2026-04-07 00:00:00
3013,ELE-03003,Bocina Resistente al Agua Lumina Plus,Categoría: Electrónica | Marca: Lumina | Proveedor: Distribuidora Hidalgo,3142.91,315,1,2025-01-04 00:00:00,2025-01-04 00:00:00
3014,OFI-03004,Calculadora Básica Cobalto Eco,Categoría: Oficina | Marca: Cobalto | Proveedor: Distribuidora Nova,4456.84,221,1,2026-02-06 00:00:00,2026-02-06 00:00:00
3015,OFI-03005,Calculadora Científica Nexo Advance,Categoría: Oficina | Marca: Nexo | Proveedor: Distribuidora Hidalgo,3559.80,72,1,2026-08-19 00:00:00,2026-08-19 00:00:00
3016,CUI-03006,Cepillo Dental Pack 3 Vitta Essential,Categoría: Cuidado personal | Marca: Vitta | Proveedor: Distribuidora del Norte,1193.35,350,1,2026-08-15 00:00:00,2026-08-15 00:00:00
3017,ALI-03007,Café Molido 500 g Urban Plus,Categoría: Alimentos | Marca: Urban | Proveedor: Distribuidora Hidalgo,735.31,195,1,2025-12-07 00:00:00,2025-12-07 00:00:00
3018,ELE-03008,Audífonos Inalámbricos Nexo Classic,Categoría: Electrónica | Marca: Nexo | Proveedor: Distribuidora Hidalgo,597.89,63,1,2025-07-02 00:00:00,2025-07-02 00:00:00
3019,CUI-03009,Crema Corporal Hidratante 400 ml Lumina Max,Categoría: Cuidado personal | Marca: Lumina | Proveedor: Distribuidora Hidalgo,1024.98,326,1,2024-06-23 00:00:00,2024-06-23 00:00:00
3020,DEP-03010,Guantes con Muñequera Vitta Essential,Categoría: Deportes | Marca: Vitta | Proveedor: Distribuidora Pacífico,1628.62,323,1,2025-05-23 00:00:00,2025-05-23 00:00:00
3021,ALI-03011,Café Molido 500 g Nova Prime,Categoría: Alimentos | Marca: Nova | Proveedor: Distribuidora Metropolitana,465.18,71,1,2025-05-19 00:00:00,2025-05-19 00:00:00
3022,HOG-03012,Termo Térmico Altura Select,Categoría: Hogar | Marca: Altura | Proveedor: Distribuidora Central,461.12,15,1,2025-10-22 00:00:00,2025-10-22 00:00:00
3023,OFI-03013,Memoria USB 128 GB Nativa Pro,Categoría: Oficina | Marca: Nativa | Proveedor: Distribuidora Bajío,1550.38,97,1,2026-08-19 00:00:00,2026-08-19 00:00:00
3024,CUI-03014,Cepillo Dental Suave Kairo Prime,Categoría: Cuidado personal | Marca: Kairo | Proveedor: Distribuidora Metropolitana,557.98,22,1,2025-11-24 00:00:00,2025-11-24 00:00:00
3025,ALI-03015,Café en Grano 1 kg Zenit Essential,Categoría: Alimentos | Marca: Zenit | Proveedor: Distribuidora Pacífico,648.85,22,0,2025-07-19 00:00:00,2025-07-19 00:00:00
3026,HOG-03016,Sartén Antiadherente 24 cm Urban Prime,Categoría: Hogar | Marca: Urban | Proveedor: Distribuidora Pacífico,2129.22,244,1,2025-04-06 00:00:00,2025-04-06 00:00:00
3027,DEP-03017,Guantes Deportivos Altura Advance,Categoría: Deportes | Marca: Altura | Proveedor: Distribuidora Metropolitana,156.78,42,1,2025-03-22 00:00:00,2025-03-22 00:00:00
3028,ALI-03018,Pasta Spaghetti 500 g Altura Plus,Categoría: Alimentos | Marca: Altura | Proveedor: Distribuidora Metropolitana,722.05,168,1,2025-03-17 00:00:00,2025-03-17 00:00:00
3029,HOG-03019,Termo Térmico Cobalto Eco,Categoría: Hogar | Marca: Cobalto | Proveedor: Distribuidora Nova,920.18,314,1,2024-03-16 00:00:00,2024-03-16 00:00:00
3030,ALI-03020,Café Descafeinado 400 g Vitta Pro,Categoría: Alimentos | Marca: Vitta | Proveedor: Distribuidora del Norte,677.75,11,1,2024-04-10 00:00:00,2024-04-10 00:00:00
3031,HOG-03021,Termo Térmico Nova Classic,Categoría: Hogar | Marca: Nova | Proveedor: Distribuidora Pacífico,1245.43,301,1,2025-11-12 00:00:00,2025-11-12 00:00:00
3032,ELE-03022,Cargador USB-C 20W Aurea Lite,Categoría: Electrónica | Marca: Aurea | Proveedor: Distribuidora del Norte,204.87,168,1,2026-02-17 00:00:00,2026-02-17 00:00:00
3033,OFI-03023,Memoria USB 128 GB Brava Lite,Categoría: Oficina | Marca: Brava | Proveedor: Distribuidora Pacífico,1039.87,291,1,2024-11-11 00:00:00,2024-11-11 00:00:00
3034,ALI-03024,Café Americano 500 g Cobalto Advance,Categoría: Alimentos | Marca: Cobalto | Proveedor: Distribuidora Nova,590.85,185,1,2024-11-11 00:00:00,2024-11-11 00:00:00
3035,CUI-03025,Crema Corporal Nutritiva 400 ml Prisma Plus,Categoría: Cuidado personal | Marca: Prisma | Proveedor: Distribuidora Bajío,2681.44,209,1,2024-08-08 00:00:00,2024-08-08 00:00:00
3036,CUI-03026,Cepillo Dental Medio Vitta Eco,Categoría: Cuidado personal | Marca: Vitta | Proveedor: Distribuidora Pacífico,1403.89,284,1,2026-06-04 00:00:00,2026-06-04 00:00:00
3037,CUI-03027,Rasuradora de Precisión Marea Eco,Categoría: Cuidado personal | Marca: Marea | Proveedor: Distribuidora Mexicana,1941.86,76,1,2025-01-11 00:00:00,2025-01-11 00:00:00
3038,ALI-03028,Galletas con Chocolate 300 g Nexo Pro,Categoría: Alimentos | Marca: Nexo | Proveedor: Distribuidora Central,431.77,84,1,2026-02-17 00:00:00,2026-02-17 00:00:00
3039,CUI-03029,Crema Corporal Hidratante 400 ml Brava Prime,Categoría: Cuidado personal | Marca: Brava | Proveedor: Distribuidora Metropolitana,622.43,223,1,2025-03-13 00:00:00,2025-03-13 00:00:00
3040,OFI-03030,Silla con Soporte Lumbar Urban Max,Categoría: Oficina | Marca: Urban | Proveedor: Distribuidora Hidalgo,3031.21,312,1,2024-10-12 00:00:00,2024-10-12 00:00:00
3041,CUI-03031,Crema Corporal con Aloe 500 ml Terra Classic,Categoría: Cuidado personal | Marca: Terra | Proveedor: Distribuidora Bajío,1627.26,294,1,2024-12-08 00:00:00,2024-12-08 00:00:00
3042,HOG-03032,Sartén de Acero 26 cm Aurea Plus,Categoría: Hogar | Marca: Aurea | Proveedor: Distribuidora Metropolitana,2348.06,165,1,2025-12-01 00:00:00,2025-12-01 00:00:00
3043,OFI-03033,Memoria USB 64 GB Nativa Classic,Categoría: Oficina | Marca: Nativa | Proveedor: Distribuidora Pacífico,3240.35,234,1,2024-03-30 00:00:00,2024-03-30 00:00:00
3044,ELE-03034,Webcam con Micrófono Zenit Pro,Categoría: Electrónica | Marca: Zenit | Proveedor: Distribuidora del Norte,1584.62,165,1,2026-05-09 00:00:00,2026-05-09 00:00:00
3045,ELE-03035,Cargador Doble Puerto Urban Classic,Categoría: Electrónica | Marca: Urban | Proveedor: Distribuidora Hidalgo,1270.06,137,1,2024-12-30 00:00:00,2024-12-30 00:00:00
3046,ELE-03036,Mouse Óptico Kairo Plus,Categoría: Electrónica | Marca: Kairo | Proveedor: Distribuidora Hidalgo,2197.11,225,1,2024-08-31 00:00:00,2024-08-31 00:00:00
3047,ELE-03037,Audífonos Inalámbricos Prisma Lite,Categoría: Electrónica | Marca: Prisma | Proveedor: Distribuidora del Norte,2889.89,31,1,2025-02-09 00:00:00,2025-02-09 00:00:00
3048,ELE-03038,Audífonos USB-C Nativa Pro,Categoría: Electrónica | Marca: Nativa | Proveedor: Distribuidora Mexicana,727.05,143,1,2024-05-09 00:00:00,2024-05-09 00:00:00
3049,CUI-03039,Crema Corporal con Aloe 500 ml Nexo Max,Categoría: Cuidado personal | Marca: Nexo | Proveedor: Distribuidora Central,1095.84,283,1,2025-08-04 00:00:00,2025-08-04 00:00:00
3050,OFI-03040,Silla Ergonómica Lumina Lite,Categoría: Oficina | Marca: Lumina | Proveedor: Distribuidora Central,5825.02,140,1,2026-03-23 00:00:00,2026-03-23 00:00:00
3051,OFI-03041,Memoria USB 32 GB Lumina Prime,Categoría: Oficina | Marca: Lumina | Proveedor: Distribuidora Nova,5226.47,224,1,2025-01-18 00:00:00,2025-01-18 00:00:00
3052,CUI-03042,Rasuradora de Precisión Nativa Plus,Categoría: Cuidado personal | Marca: Nativa | Proveedor: Distribuidora Pacífico,2602.21,167,1,2024-10-06 00:00:00,2024-10-06 00:00:00
3053,ELE-03043,Mouse Ergonómico Vitta Eco,Categoría: Electrónica | Marca: Vitta | Proveedor: Distribuidora Bajío,286.02,223,1,2026-05-26 00:00:00,2026-05-26 00:00:00
3054,ALI-03044,Aceite Vegetal 1 L Vitta Max,Categoría: Alimentos | Marca: Vitta | Proveedor: Distribuidora Metropolitana,130.29,322,1,2026-02-06 00:00:00,2026-02-06 00:00:00
3055,ALI-03045,Pasta Fusilli 500 g Lumina Plus,Categoría: Alimentos | Marca: Lumina | Proveedor: Distribuidora Metropolitana,488.86,78,1,2025-02-22 00:00:00,2025-02-22 00:00:00
3056,ALI-03046,Cereal de Avena 500 g Prisma Essential,Categoría: Alimentos | Marca: Prisma | Proveedor: Distribuidora Metropolitana,157.13,43,1,2024-11-24 00:00:00,2024-11-24 00:00:00
3057,ALI-03047,Cereal de Avena 500 g Brava Essential,Categoría: Alimentos | Marca: Brava | Proveedor: Distribuidora Metropolitana,546.35,232,1,2026-06-14 00:00:00,2026-06-14 00:00:00
3058,HOG-03048,Lámpara LED Zenit Pro,Categoría: Hogar | Marca: Zenit | Proveedor: Distribuidora Metropolitana,1087.62,111,1,2025-02-11 00:00:00,2025-02-11 00:00:00
3059,CUI-03049,Cepillo Dental Pack 3 Zenit Essential,Categoría: Cuidado personal | Marca: Zenit | Proveedor: Distribuidora Central,1272.76,312,1,2026-05-01 00:00:00,2026-05-01 00:00:00
3060,OFI-03050,Cuaderno Profesional Lumina Max,Categoría: Oficina | Marca: Lumina | Proveedor: Distribuidora del Norte,2917.25,189,1,2024-06-05 00:00:00,2024-06-05 00:00:00
3061,ALI-03051,Pasta Penne 500 g Orion Classic,Categoría: Alimentos | Marca: Orion | Proveedor: Distribuidora Metropolitana,492.51,84,1,2024-07-29 00:00:00,2024-07-29 00:00:00
3062,DEP-03052,Mancuerna 10 kg Brava Lite,Categoría: Deportes | Marca: Brava | Proveedor: Distribuidora Bajío,2360.61,172,1,2024-10-05 00:00:00,2024-10-05 00:00:00
3063,DEP-03053,Mancuerna Hexagonal Marea Advance,Categoría: Deportes | Marca: Marea | Proveedor: Distribuidora Central,2701.86,246,1,2025-01-05 00:00:00,2025-01-05 00:00:00
3064,ALI-03054,Galletas Integrales 350 g Aurea Classic,Categoría: Alimentos | Marca: Aurea | Proveedor: Distribuidora Bajío,197.34,221,1,2025-11-04 00:00:00,2025-11-04 00:00:00
3065,OFI-03055,Silla Ejecutiva Vitta Essential,Categoría: Oficina | Marca: Vitta | Proveedor: Distribuidora Central,4985.53,136,1,2025-05-13 00:00:00,2025-05-13 00:00:00
3066,ALI-03056,Cereal con Frutos 450 g Orion Prime,Categoría: Alimentos | Marca: Orion | Proveedor: Distribuidora Bajío,187.93,303,1,2025-04-22 00:00:00,2025-04-22 00:00:00
3067,ELE-03057,Webcam Full HD Orion Plus,Categoría: Electrónica | Marca: Orion | Proveedor: Distribuidora Pacífico,3330.65,329,1,2025-04-18 00:00:00,2025-04-18 00:00:00
3068,HOG-03058,Sartén de Acero 26 cm Terra Select,Categoría: Hogar | Marca: Terra | Proveedor: Distribuidora Pacífico,1683.97,337,1,2025-12-11 00:00:00,2025-12-11 00:00:00
3069,HOG-03059,Organizador Multiusos Prisma Max,Categoría: Hogar | Marca: Prisma | Proveedor: Distribuidora Hidalgo,2406.86,172,1,2024-09-17 00:00:00,2024-09-17 00:00:00
3070,OFI-03060,Calculadora Financiera Kairo Plus,Categoría: Oficina | Marca: Kairo | Proveedor: Distribuidora Metropolitana,2381.88,168,1,2025-04-23 00:00:00,2025-04-23 00:00:00
3071,ALI-03061,Pasta Spaghetti 500 g Brava Pro,Categoría: Alimentos | Marca: Brava | Proveedor: Distribuidora Metropolitana,440.18,190,0,2025-07-19 00:00:00,2025-07-19 00:00:00
3072,ALI-03062,Galletas Integrales 350 g Nativa Advance,Categoría: Alimentos | Marca: Nativa | Proveedor: Distribuidora Metropolitana,258.29,249,1,2026-08-08 00:00:00,2026-08-08 00:00:00
3073,ALI-03063,Aceite de Aguacate 500 ml Altura Pro,Categoría: Alimentos | Marca: Altura | Proveedor: Distribuidora Pacífico,634.46,271,1,2025-10-05 00:00:00,2025-10-05 00:00:00
3074,HOG-03064,Juego de Toallas 4 Piezas Brava Select,Categoría: Hogar | Marca: Brava | Proveedor: Distribuidora Pacífico,1873.83,335,0,2025-03-30 00:00:00,2025-03-30 00:00:00
3075,ELE-03065,Bocina Bluetooth Terra Eco,Categoría: Electrónica | Marca: Terra | Proveedor: Distribuidora del Norte,2851.99,227,1,2024-09-17 00:00:00,2024-09-17 00:00:00
3076,DEP-03066,Guantes con Muñequera Brava Classic,Categoría: Deportes | Marca: Brava | Proveedor: Distribuidora Metropolitana,451.25,178,1,2025-08-08 00:00:00,2025-08-08 00:00:00
3077,ELE-03067,Cargador USB-C 45W Nativa Classic,Categoría: Electrónica | Marca: Nativa | Proveedor: Distribuidora Central,1398.09,206,1,2024-05-05 00:00:00,2024-05-05 00:00:00
3078,HOG-03068,Termo Térmico Orion Essential,Categoría: Hogar | Marca: Orion | Proveedor: Distribuidora Central,267.36,178,1,2025-11-05 00:00:00,2025-11-05 00:00:00
3079,ELE-03069,Bocina Bluetooth Zenit Max,Categoría: Electrónica | Marca: Zenit | Proveedor: Distribuidora Pacífico,2067.81,330,0,2025-08-11 00:00:00,2025-08-11 00:00:00
3080,CUI-03070,Rasuradora 3 Cabezas Marea Prime,Categoría: Cuidado personal | Marca: Marea | Proveedor: Distribuidora Mexicana,1917.46,203,1,2024-04-22 00:00:00,2024-04-22 00:00:00
3081,OFI-03071,Memoria USB 64 GB Urban Max,Categoría: Oficina | Marca: Urban | Proveedor: Distribuidora Metropolitana,2431.36,127,1,2024-07-21 00:00:00,2024-07-21 00:00:00
3082,DEP-03072,Tapete de Yoga Antideslizante Prisma Lite,Categoría: Deportes | Marca: Prisma | Proveedor: Distribuidora Bajío,1818.55,23,1,2024-02-29 00:00:00,2024-02-29 00:00:00
3083,HOG-03073,Termo 750 ml Terra Plus,Categoría: Hogar | Marca: Terra | Proveedor: Distribuidora Metropolitana,2419.23,118,1,2026-04-19 00:00:00,2026-04-19 00:00:00
3084,HOG-03074,Termo 500 ml Lumina Classic,Categoría: Hogar | Marca: Lumina | Proveedor: Distribuidora Bajío,537.74,309,1,2026-07-21 00:00:00,2026-07-21 00:00:00
3085,HOG-03075,Juego de Toallas 6 Piezas Brava Eco,Categoría: Hogar | Marca: Brava | Proveedor: Distribuidora Nova,1059.56,344,1,2024-11-17 00:00:00,2024-11-17 00:00:00
3086,ALI-03076,Galletas Integrales 350 g Cobalto Plus,Categoría: Alimentos | Marca: Cobalto | Proveedor: Distribuidora Central,760.84,137,1,2024-07-19 00:00:00,2024-07-19 00:00:00
3087,ALI-03077,Café Molido 500 g Cobalto Select,Categoría: Alimentos | Marca: Cobalto | Proveedor: Distribuidora Hidalgo,647.75,321,1,2026-05-13 00:00:00,2026-05-13 00:00:00
3088,HOG-03078,Juego de Toallas Algodón Nexo Prime,Categoría: Hogar | Marca: Nexo | Proveedor: Distribuidora Hidalgo,518.17,342,1,2024-08-30 00:00:00,2024-08-30 00:00:00
3089,DEP-03079,Guantes Deportivos Lumina Pro,Categoría: Deportes | Marca: Lumina | Proveedor: Distribuidora Hidalgo,2668.30,267,1,2025-03-15 00:00:00,2025-03-15 00:00:00
3090,ELE-03080,Audífonos Inalámbricos Vitta Select,Categoría: Electrónica | Marca: Vitta | Proveedor: Distribuidora del Norte,2818.16,85,1,2024-09-27 00:00:00,2024-09-27 00:00:00
3091,HOG-03081,Sartén Antiadherente 24 cm Zenit Plus,Categoría: Hogar | Marca: Zenit | Proveedor: Distribuidora Bajío,2313.32,299,1,2026-03-19 00:00:00,2026-03-19 00:00:00
3092,CUI-03082,Crema Corporal con Aloe 500 ml Kairo Eco,Categoría: Cuidado personal | Marca: Kairo | Proveedor: Distribuidora Bajío,2734.96,163,1,2024-09-27 00:00:00,2024-09-27 00:00:00
3093,OFI-03083,Silla de Oficina Aurea Pro,Categoría: Oficina | Marca: Aurea | Proveedor: Distribuidora Pacífico,2270.22,162,1,2024-10-20 00:00:00,2024-10-20 00:00:00
3094,ELE-03084,Cargador USB-C 20W Marea Plus,Categoría: Electrónica | Marca: Marea | Proveedor: Distribuidora Nova,865.33,230,1,2025-06-07 00:00:00,2025-06-07 00:00:00
3095,ALI-03085,Pasta Spaghetti 500 g Altura Select,Categoría: Alimentos | Marca: Altura | Proveedor: Distribuidora del Norte,452.73,331,1,2025-12-07 00:00:00,2025-12-07 00:00:00
3096,DEP-03086,Balón de Voleibol Orion Lite,Categoría: Deportes | Marca: Orion | Proveedor: Distribuidora Bajío,2354.71,143,1,2026-08-19 00:00:00,2026-08-19 00:00:00
3097,DEP-03087,Tapete de Yoga 8 mm Nova Plus,Categoría: Deportes | Marca: Nova | Proveedor: Distribuidora Nova,848.61,267,1,2024-07-22 00:00:00,2024-07-22 00:00:00
3098,OFI-03088,Cuaderno Profesional Orion Pro,Categoría: Oficina | Marca: Orion | Proveedor: Distribuidora Nova,2676.55,277,1,2026-07-22 00:00:00,2026-07-22 00:00:00
3099,HOG-03089,Lámpara Minimalista Zenit Classic,Categoría: Hogar | Marca: Zenit | Proveedor: Distribuidora Central,1213.29,247,1,2026-01-19 00:00:00,2026-01-19 00:00:00
3100,DEP-03090,Balón Entrenamiento Orion Lite,Categoría: Deportes | Marca: Orion | Proveedor: Distribuidora Hidalgo,779.36,238,1,2024-05-27 00:00:00,2024-05-27 00:00:00
3101,OFI-03091,Cuaderno Cuadriculado Urban Max,Categoría: Oficina | Marca: Urban | Proveedor: Distribuidora Hidalgo,4144.45,33,1,2024-07-08 00:00:00,2024-07-08 00:00:00
3102,DEP-03092,Tapete de Yoga 6 mm Kairo Lite,Categoría: Deportes | Marca: Kairo | Proveedor: Distribuidora Hidalgo,1612.54,264,0,2025-07-28 00:00:00,2025-07-28 00:00:00
3103,OFI-03093,Cuaderno Cuadriculado Brava Essential,Categoría: Oficina | Marca: Brava | Proveedor: Distribuidora Mexicana,1383.99,343,1,2025-01-31 00:00:00,2025-01-31 00:00:00
3104,ALI-03094,Pasta Penne 500 g Terra Advance,Categoría: Alimentos | Marca: Terra | Proveedor: Distribuidora del Norte,357.36,152,1,2025-08-25 00:00:00,2025-08-25 00:00:00
3105,DEP-03095,Botella Deportiva con Popote Brava Advance,Categoría: Deportes | Marca: Brava | Proveedor: Distribuidora Pacífico,2072.84,198,1,2026-03-26 00:00:00,2026-03-26 00:00:00
3106,ELE-03096,Cargador Doble Puerto Nova Select,Categoría: Electrónica | Marca: Nova | Proveedor: Distribuidora del Norte,1148.53,172,1,2025-12-23 00:00:00,2025-12-23 00:00:00
3107,DEP-03097,Botella Deportiva 750 ml Lumina Prime,Categoría: Deportes | Marca: Lumina | Proveedor: Distribuidora Nova,1714.68,51,1,2025-02-10 00:00:00,2025-02-10 00:00:00
3108,HOG-03098,Termo Térmico Cobalto Essential,Categoría: Hogar | Marca: Cobalto | Proveedor: Distribuidora del Norte,1197.94,89,1,2024-12-06 00:00:00,2024-12-06 00:00:00
3109,ELE-03099,Cargador USB-C 45W Zenit Pro,Categoría: Electrónica | Marca: Zenit | Proveedor: Distribuidora Mexicana,2765.21,174,1,2025-02-15 00:00:00,2025-02-15 00:00:00
3110,HOG-03100,Organizador de Cocina Urban Advance,Categoría: Hogar | Marca: Urban | Proveedor: Distribuidora Bajío,1857.63,12,1,2025-01-10 00:00:00,2025-01-10 00:00:00
3111,CUI-03101,Shampoo Hidratante 750 ml Brava Select,Categoría: Cuidado personal | Marca: Brava | Proveedor: Distribuidora Nova,2173.02,188,1,2026-02-13 00:00:00,2026-02-13 00:00:00
3112,OFI-03102,Mochila para Laptop 15.6 Nova Eco,Categoría: Oficina | Marca: Nova | Proveedor: Distribuidora Metropolitana,2194.49,122,1,2026-05-21 00:00:00,2026-05-21 00:00:00
3113,OFI-03103,Calculadora Básica Zenit Advance,Categoría: Oficina | Marca: Zenit | Proveedor: Distribuidora del Norte,1333.20,176,1,2024-01-27 00:00:00,2024-01-27 00:00:00
3114,ALI-03104,Café Americano 500 g Altura Plus,Categoría: Alimentos | Marca: Altura | Proveedor: Distribuidora Nova,141.52,278,1,2024-07-12 00:00:00,2024-07-12 00:00:00
3115,OFI-03105,Calculadora Financiera Nova Select,Categoría: Oficina | Marca: Nova | Proveedor: Distribuidora Bajío,2056.05,308,1,2024-04-12 00:00:00,2024-04-12 00:00:00
3116,DEP-03106,Botella Deportiva Térmica Nova Select,Categoría: Deportes | Marca: Nova | Proveedor: Distribuidora Bajío,184.04,210,1,2026-07-18 00:00:00,2026-07-18 00:00:00
3117,CUI-03107,Cepillo Dental Suave Vitta Classic,Categoría: Cuidado personal | Marca: Vitta | Proveedor: Distribuidora Central,2551.35,195,1,2024-12-03 00:00:00,2024-12-03 00:00:00
3118,DEP-03108,Mancuerna 10 kg Marea Select,Categoría: Deportes | Marca: Marea | Proveedor: Distribuidora Pacífico,784.69,197,1,2024-04-28 00:00:00,2024-04-28 00:00:00
3119,DEP-03109,Balón Entrenamiento Cobalto Eco,Categoría: Deportes | Marca: Cobalto | Proveedor: Distribuidora Hidalgo,2584.93,4,1,2024-10-13 00:00:00,2024-10-13 00:00:00
3120,OFI-03110,Memoria USB USB 3.2 Brava Plus,Categoría: Oficina | Marca: Brava | Proveedor: Distribuidora Nova,3846.31,241,1,2024-02-15 00:00:00,2024-02-15 00:00:00
3121,HOG-03111,Sartén de Acero 26 cm Urban Max,Categoría: Hogar | Marca: Urban | Proveedor: Distribuidora Pacífico,885.66,255,1,2026-06-08 00:00:00,2026-06-08 00:00:00
3122,ELE-03112,Mouse Gaming Altura Advance,Categoría: Electrónica | Marca: Altura | Proveedor: Distribuidora Nova,1165.63,224,1,2026-05-13 00:00:00,2026-05-13 00:00:00
3123,ELE-03113,Mouse Óptico Nova Prime,Categoría: Electrónica | Marca: Nova | Proveedor: Distribuidora Bajío,2980.17,83,1,2024-02-22 00:00:00,2024-02-22 00:00:00
3124,CUI-03114,Cepillo Dental Pack 3 Nativa Eco,Categoría: Cuidado personal | Marca: Nativa | Proveedor: Distribuidora del Norte,2336.20,53,1,2024-02-22 00:00:00,2024-02-22 00:00:00
3125,CUI-03115,Rasuradora de Precisión Kairo Max,Categoría: Cuidado personal | Marca: Kairo | Proveedor: Distribuidora Metropolitana,1042.11,344,1,2025-03-04 00:00:00,2025-03-04 00:00:00
3126,HOG-03116,Termo Térmico Vitta Pro,Categoría: Hogar | Marca: Vitta | Proveedor: Distribuidora Nova,1016.51,295,1,2024-10-30 00:00:00,2024-10-30 00:00:00
3127,OFI-03117,Cuaderno de Notas Nova Advance,Categoría: Oficina | Marca: Nova | Proveedor: Distribuidora Hidalgo,3061.55,350,1,2025-06-25 00:00:00,2025-06-25 00:00:00
3128,ALI-03118,Aceite de Oliva 500 ml Urban Eco,Categoría: Alimentos | Marca: Urban | Proveedor: Distribuidora Mexicana,585.04,305,1,2026-08-02 00:00:00,2026-08-02 00:00:00
3129,ALI-03119,Aceite de Oliva 500 ml Aurea Lite,Categoría: Alimentos | Marca: Aurea | Proveedor: Distribuidora Bajío,127.34,209,1,2024-02-04 00:00:00,2024-02-04 00:00:00
3130,DEP-03120,Balón Entrenamiento Cobalto Advance,Categoría: Deportes | Marca: Cobalto | Proveedor: Distribuidora Nova,1179.04,20,1,2025-08-06 00:00:00,2025-08-06 00:00:00
3131,DEP-03121,Tapete de Yoga con Correa Brava Max,Categoría: Deportes | Marca: Brava | Proveedor: Distribuidora Bajío,1452.15,94,1,2024-03-12 00:00:00,2024-03-12 00:00:00
3132,ELE-03122,Audífonos con Micrófono Brava Prime,Categoría: Electrónica | Marca: Brava | Proveedor: Distribuidora Hidalgo,561.73,283,1,2024-06-25 00:00:00,2024-06-25 00:00:00
3133,ELE-03123,Bocina Portátil Kairo Select,Categoría: Electrónica | Marca: Kairo | Proveedor: Distribuidora Nova,698.28,98,1,2024-02-23 00:00:00,2024-02-23 00:00:00
3134,HOG-03124,Termo 750 ml Terra Classic,Categoría: Hogar | Marca: Terra | Proveedor: Distribuidora Central,996.39,205,1,2026-05-04 00:00:00,2026-05-04 00:00:00
3135,DEP-03125,Guantes Deportivos Brava Essential,Categoría: Deportes | Marca: Brava | Proveedor: Distribuidora Mexicana,1249.59,176,1,2024-07-14 00:00:00,2024-07-14 00:00:00
3136,CUI-03126,Rasuradora Corporal Vitta Advance,Categoría: Cuidado personal | Marca: Vitta | Proveedor: Distribuidora Metropolitana,886.40,69,1,2024-09-05 00:00:00,2024-09-05 00:00:00
3137,ELE-03127,Audífonos con Micrófono Terra Classic,Categoría: Electrónica | Marca: Terra | Proveedor: Distribuidora Metropolitana,1928.06,284,1,2024-10-21 00:00:00,2024-10-21 00:00:00
3138,OFI-03128,Mochila para Laptop 15.6 Orion Advance,Categoría: Oficina | Marca: Orion | Proveedor: Distribuidora Central,3802.76,266,1,2024-09-19 00:00:00,2024-09-19 00:00:00
3139,OFI-03129,Calculadora de Escritorio Nova Prime,Categoría: Oficina | Marca: Nova | Proveedor: Distribuidora Hidalgo,1511.57,227,1,2026-02-17 00:00:00,2026-02-17 00:00:00
3140,HOG-03130,Sartén Antiadherente 28 cm Nova Max,Categoría: Hogar | Marca: Nova | Proveedor: Distribuidora Bajío,1427.26,217,1,2025-07-11 00:00:00,2025-07-11 00:00:00
3141,ALI-03131,Cereal Integral 500 g Brava Advance,Categoría: Alimentos | Marca: Brava | Proveedor: Distribuidora del Norte,761.04,86,1,2024-09-12 00:00:00,2024-09-12 00:00:00
3142,DEP-03132,Botella Deportiva 750 ml Marea Lite,Categoría: Deportes | Marca: Marea | Proveedor: Distribuidora Nova,1256.74,212,1,2026-09-01 00:00:00,2026-09-01 00:00:00
3143,CUI-03133,Crema Corporal Nutritiva 400 ml Nativa Advance,Categoría: Cuidado personal | Marca: Nativa | Proveedor: Distribuidora Mexicana,1489.43,247,1,2026-07-30 00:00:00,2026-07-30 00:00:00
3144,DEP-03134,Tapete de Yoga 6 mm Terra Pro,Categoría: Deportes | Marca: Terra | Proveedor: Distribuidora Metropolitana,2433.20,290,1,2026-03-27 00:00:00,2026-03-27 00:00:00
3145,CUI-03135,Shampoo Anticaspa 650 ml Zenit Classic,Categoría: Cuidado personal | Marca: Zenit | Proveedor: Distribuidora Central,872.35,218,1,2024-08-28 00:00:00,2024-08-28 00:00:00
3146,HOG-03136,Termo 500 ml Nativa Essential,Categoría: Hogar | Marca: Nativa | Proveedor: Distribuidora Central,125.91,40,1,2024-07-02 00:00:00,2024-07-02 00:00:00
3147,OFI-03137,Calculadora Científica Vitta Essential,Categoría: Oficina | Marca: Vitta | Proveedor: Distribuidora Central,912.54,81,1,2024-03-25 00:00:00,2024-03-25 00:00:00
3148,DEP-03138,Mancuerna Ajustable Prisma Classic,Categoría: Deportes | Marca: Prisma | Proveedor: Distribuidora Bajío,283.46,141,1,2025-09-26 00:00:00,2025-09-26 00:00:00
3149,ALI-03139,Café Molido 500 g Terra Eco,Categoría: Alimentos | Marca: Terra | Proveedor: Distribuidora Metropolitana,346.25,238,1,2025-10-27 00:00:00,2025-10-27 00:00:00
3150,ELE-03140,Mouse Ergonómico Zenit Advance,Categoría: Electrónica | Marca: Zenit | Proveedor: Distribuidora Mexicana,1647.51,141,1,2026-04-25 00:00:00,2026-04-25 00:00:00
3151,ALI-03141,Aceite de Oliva 500 ml Nativa Lite,Categoría: Alimentos | Marca: Nativa | Proveedor: Distribuidora Pacífico,728.22,174,1,2026-01-22 00:00:00,2026-01-22 00:00:00
3152,HOG-03142,Organizador de Cocina Prisma Lite,Categoría: Hogar | Marca: Prisma | Proveedor: Distribuidora Nova,2383.68,72,1,2025-12-06 00:00:00,2025-12-06 00:00:00
3153,DEP-03143,Guantes de Gimnasio Urban Essential,Categoría: Deportes | Marca: Urban | Proveedor: Distribuidora Metropolitana,2404.26,132,1,2025-04-01 00:00:00,2025-04-01 00:00:00
3154,HOG-03144,Organizador de Escritorio Zenit Max,Categoría: Hogar | Marca: Zenit | Proveedor: Distribuidora Metropolitana,261.66,339,1,2025-05-27 00:00:00,2025-05-27 00:00:00
3155,CUI-03145,Rasuradora Recargable Orion Prime,Categoría: Cuidado personal | Marca: Orion | Proveedor: Distribuidora Hidalgo,166.96,54,1,2025-05-23 00:00:00,2025-05-23 00:00:00
3156,DEP-03146,Tapete de Yoga 6 mm Vitta Prime,Categoría: Deportes | Marca: Vitta | Proveedor: Distribuidora Central,303.22,66,1,2024-05-02 00:00:00,2024-05-02 00:00:00
3157,HOG-03147,Termo de Acero Inoxidable Vitta Select,Categoría: Hogar | Marca: Vitta | Proveedor: Distribuidora Bajío,627.96,76,0,2026-05-11 00:00:00,2026-05-11 00:00:00
3158,OFI-03148,Memoria USB 64 GB Nativa Advance,Categoría: Oficina | Marca: Nativa | Proveedor: Distribuidora del Norte,2065.54,82,1,2024-12-17 00:00:00,2024-12-17 00:00:00
3159,ALI-03149,Pasta Penne 500 g Orion Plus,Categoría: Alimentos | Marca: Orion | Proveedor: Distribuidora Bajío,357.32,108,1,2024-03-26 00:00:00,2024-03-26 00:00:00
3160,HOG-03150,Lámpara Minimalista Marea Max,Categoría: Hogar | Marca: Marea | Proveedor: Distribuidora Pacífico,811.54,56,1,2026-07-25 00:00:00,2026-07-25 00:00:00
3161,CUI-03151,Rasuradora 3 Cabezas Urban Pro,Categoría: Cuidado personal | Marca: Urban | Proveedor: Distribuidora del Norte,1106.61,177,1,2025-06-13 00:00:00,2025-06-13 00:00:00
3162,HOG-03152,Lámpara LED Kairo Advance,Categoría: Hogar | Marca: Kairo | Proveedor: Distribuidora Bajío,2383.98,240,1,2024-08-29 00:00:00,2024-08-29 00:00:00
3163,ALI-03153,Aceite Vegetal 1 L Cobalto Max,Categoría: Alimentos | Marca: Cobalto | Proveedor: Distribuidora Pacífico,158.01,132,1,2024-07-14 00:00:00,2024-07-14 00:00:00
3164,HOG-03154,Sartén Antiadherente 28 cm Cobalto Lite,Categoría: Hogar | Marca: Cobalto | Proveedor: Distribuidora Hidalgo,1277.89,309,1,2025-01-05 00:00:00,2025-01-05 00:00:00
3165,OFI-03155,Silla de Oficina Brava Lite,Categoría: Oficina | Marca: Brava | Proveedor: Distribuidora Central,5203.10,331,1,2026-05-04 00:00:00,2026-05-04 00:00:00
3166,CUI-03156,Shampoo Hidratante 750 ml Terra Lite,Categoría: Cuidado personal | Marca: Terra | Proveedor: Distribuidora Pacífico,1827.59,328,1,2024-05-08 00:00:00,2024-05-08 00:00:00
3167,CUI-03157,Rasuradora Recargable Nova Essential,Categoría: Cuidado personal | Marca: Nova | Proveedor: Distribuidora del Norte,1608.24,4,1,2025-03-05 00:00:00,2025-03-05 00:00:00
3168,DEP-03158,Tapete de Yoga con Correa Urban Pro,Categoría: Deportes | Marca: Urban | Proveedor: Distribuidora Hidalgo,927.03,85,1,2025-01-26 00:00:00,2025-01-26 00:00:00
3169,ALI-03159,Cereal Integral 500 g Prisma Classic,Categoría: Alimentos | Marca: Prisma | Proveedor: Distribuidora Nova,484.68,16,1,2025-02-26 00:00:00,2025-02-26 00:00:00
3170,HOG-03160,Lámpara de Escritorio Terra Essential,Categoría: Hogar | Marca: Terra | Proveedor: Distribuidora Metropolitana,2286.94,347,1,2024-05-31 00:00:00,2024-05-31 00:00:00
3171,ELE-03161,Webcam Full HD Cobalto Pro,Categoría: Electrónica | Marca: Cobalto | Proveedor: Distribuidora Pacífico,2894.63,202,1,2026-07-22 00:00:00,2026-07-22 00:00:00
3172,DEP-03162,Mancuerna Hexagonal Nova Essential,Categoría: Deportes | Marca: Nova | Proveedor: Distribuidora Pacífico,1934.33,267,1,2024-05-08 00:00:00,2024-05-08 00:00:00
3173,HOG-03163,Organizador Multiusos Terra Max,Categoría: Hogar | Marca: Terra | Proveedor: Distribuidora Mexicana,2017.73,83,1,2025-08-12 00:00:00,2025-08-12 00:00:00
3174,HOG-03164,Sartén de Acero 26 cm Urban Eco,Categoría: Hogar | Marca: Urban | Proveedor: Distribuidora Bajío,2285.06,246,1,2026-03-27 00:00:00,2026-03-27 00:00:00
3175,OFI-03165,Mochila para Laptop 15.6 Nexo Pro,Categoría: Oficina | Marca: Nexo | Proveedor: Distribuidora Pacífico,2607.13,83,1,2025-04-21 00:00:00,2025-04-21 00:00:00
3176,HOG-03166,Juego de Toallas 6 Piezas Nova Essential,Categoría: Hogar | Marca: Nova | Proveedor: Distribuidora Central,1820.68,73,0,2025-08-11 00:00:00,2025-08-11 00:00:00
3177,ALI-03167,Café Descafeinado 400 g Kairo Max,Categoría: Alimentos | Marca: Kairo | Proveedor: Distribuidora Pacífico,339.69,330,1,2024-11-04 00:00:00,2024-11-04 00:00:00
3178,CUI-03168,Rasuradora 3 Cabezas Marea Prime,Categoría: Cuidado personal | Marca: Marea | Proveedor: Distribuidora Pacífico,760.51,26,1,2024-06-29 00:00:00,2024-06-29 00:00:00
3179,ELE-03169,Bocina Resistente al Agua Vitta Essential,Categoría: Electrónica | Marca: Vitta | Proveedor: Distribuidora Metropolitana,2610.27,226,1,2026-04-10 00:00:00,2026-04-10 00:00:00
3180,CUI-03170,Crema Corporal Nutritiva 400 ml Aurea Classic,Categoría: Cuidado personal | Marca: Aurea | Proveedor: Distribuidora Hidalgo,2677.71,350,0,2025-08-24 00:00:00,2025-08-24 00:00:00
3181,OFI-03171,Mochila Ejecutiva Prisma Pro,Categoría: Oficina | Marca: Prisma | Proveedor: Distribuidora Nova,3096.82,285,1,2024-12-08 00:00:00,2024-12-08 00:00:00
3182,HOG-03172,Termo 500 ml Brava Select,Categoría: Hogar | Marca: Brava | Proveedor: Distribuidora Nova,126.66,246,1,2024-10-10 00:00:00,2024-10-10 00:00:00
3183,ALI-03173,Cereal Integral 500 g Nexo Select,Categoría: Alimentos | Marca: Nexo | Proveedor: Distribuidora Mexicana,352.48,51,1,2024-06-05 00:00:00,2024-06-05 00:00:00
3184,DEP-03174,Mancuerna 5 kg Prisma Select,Categoría: Deportes | Marca: Prisma | Proveedor: Distribuidora Mexicana,2168.43,234,1,2024-02-26 00:00:00,2024-02-26 00:00:00
3185,OFI-03175,Cuaderno Pasta Dura Lumina Eco,Categoría: Oficina | Marca: Lumina | Proveedor: Distribuidora Mexicana,322.45,127,1,2024-11-30 00:00:00,2024-11-30 00:00:00
3186,ELE-03176,Bocina Bluetooth Prisma Prime,Categoría: Electrónica | Marca: Prisma | Proveedor: Distribuidora Central,1235.29,255,1,2026-04-03 00:00:00,2026-04-03 00:00:00
3187,OFI-03177,Cuaderno Pasta Dura Vitta Pro,Categoría: Oficina | Marca: Vitta | Proveedor: Distribuidora Pacífico,5374.93,345,1,2026-08-27 00:00:00,2026-08-27 00:00:00
3188,OFI-03178,Cuaderno Profesional Nexo Prime,Categoría: Oficina | Marca: Nexo | Proveedor: Distribuidora Mexicana,4883.80,44,1,2024-11-24 00:00:00,2024-11-24 00:00:00
3189,ELE-03179,Bocina Bluetooth Lumina Select,Categoría: Electrónica | Marca: Lumina | Proveedor: Distribuidora Central,2903.69,176,1,2024-12-23 00:00:00,2024-12-23 00:00:00
3190,HOG-03180,Sartén de Acero 26 cm Terra Plus,Categoría: Hogar | Marca: Terra | Proveedor: Distribuidora del Norte,1570.86,240,1,2024-12-07 00:00:00,2024-12-07 00:00:00
3191,OFI-03181,Calculadora Financiera Orion Eco,Categoría: Oficina | Marca: Orion | Proveedor: Distribuidora Mexicana,2612.90,118,1,2025-06-11 00:00:00,2025-06-11 00:00:00
3192,HOG-03182,Sartén Antiadherente 28 cm Brava Essential,Categoría: Hogar | Marca: Brava | Proveedor: Distribuidora del Norte,2111.55,220,1,2026-02-01 00:00:00,2026-02-01 00:00:00
3193,ELE-03183,Webcam con Micrófono Urban Select,Categoría: Electrónica | Marca: Urban | Proveedor: Distribuidora Central,1207.41,4,1,2025-04-14 00:00:00,2025-04-14 00:00:00
3194,ELE-03184,Mouse Inalámbrico Kairo Pro,Categoría: Electrónica | Marca: Kairo | Proveedor: Distribuidora Hidalgo,332.36,310,1,2025-05-27 00:00:00,2025-05-27 00:00:00
3195,ALI-03185,Aceite Vegetal 1 L Cobalto Max,Categoría: Alimentos | Marca: Cobalto | Proveedor: Distribuidora Nova,704.00,156,1,2025-12-03 00:00:00,2025-12-03 00:00:00
3196,DEP-03186,Botella Deportiva 750 ml Altura Plus,Categoría: Deportes | Marca: Altura | Proveedor: Distribuidora Hidalgo,217.42,145,1,2026-01-20 00:00:00,2026-01-20 00:00:00
3197,ELE-03187,Webcam 2K Vitta Max,Categoría: Electrónica | Marca: Vitta | Proveedor: Distribuidora del Norte,2933.04,268,1,2025-07-04 00:00:00,2025-07-04 00:00:00
3198,ELE-03188,Mouse Óptico Orion Eco,Categoría: Electrónica | Marca: Orion | Proveedor: Distribuidora del Norte,3292.21,284,1,2025-02-21 00:00:00,2025-02-21 00:00:00
3199,DEP-03189,Guantes Deportivos Lumina Lite,Categoría: Deportes | Marca: Lumina | Proveedor: Distribuidora Hidalgo,2467.34,180,1,2026-08-11 00:00:00,2026-08-11 00:00:00
3200,OFI-03190,Cuaderno Cuadriculado Marea Eco,Categoría: Oficina | Marca: Marea | Proveedor: Distribuidora Mexicana,4560.16,274,1,2025-01-24 00:00:00,2025-01-24 00:00:00
3201,CUI-03191,Shampoo Hidratante 750 ml Nativa Pro,Categoría: Cuidado personal | Marca: Nativa | Proveedor: Distribuidora Central,2012.83,80,1,2026-01-11 00:00:00,2026-01-11 00:00:00
3202,CUI-03192,Shampoo Reparador 700 ml Kairo Max,Categoría: Cuidado personal | Marca: Kairo | Proveedor: Distribuidora Bajío,470.05,98,1,2024-08-03 00:00:00,2024-08-03 00:00:00
3203,OFI-03193,Cuaderno Cuadriculado Brava Essential,Categoría: Oficina | Marca: Brava | Proveedor: Distribuidora Central,5757.02,113,1,2026-02-26 00:00:00,2026-02-26 00:00:00
3204,DEP-03194,Guantes Deportivos Orion Classic,Categoría: Deportes | Marca: Orion | Proveedor: Distribuidora Nova,1097.84,145,1,2025-02-25 00:00:00,2025-02-25 00:00:00
3205,ELE-03195,Mouse Óptico Nativa Classic,Categoría: Electrónica | Marca: Nativa | Proveedor: Distribuidora Hidalgo,2039.40,222,1,2025-06-23 00:00:00,2025-06-23 00:00:00
3206,DEP-03196,Balón de Voleibol Lumina Lite,Categoría: Deportes | Marca: Lumina | Proveedor: Distribuidora del Norte,1071.49,251,1,2024-03-27 00:00:00,2024-03-27 00:00:00
3207,OFI-03197,Silla Ergonómica Prisma Advance,Categoría: Oficina | Marca: Prisma | Proveedor: Distribuidora Nova,4779.99,205,1,2024-11-06 00:00:00,2024-11-06 00:00:00
3208,ELE-03198,Cargador USB-C 20W Cobalto Select,Categoría: Electrónica | Marca: Cobalto | Proveedor: Distribuidora Central,2120.71,75,0,2026-01-07 00:00:00,2026-01-07 00:00:00
3209,OFI-03199,Memoria USB 128 GB Urban Prime,Categoría: Oficina | Marca: Urban | Proveedor: Distribuidora Nova,4558.23,109,1,2026-02-28 00:00:00,2026-02-28 00:00:00
3210,DEP-03200,Balón de Básquetbol Nova Select,Categoría: Deportes | Marca: Nova | Proveedor: Distribuidora Bajío,378.32,253,1,2024-04-20 00:00:00,2024-04-20 00:00:00
3211,HOG-03201,Juego de Toallas Algodón Prisma Classic,Categoría: Hogar | Marca: Prisma | Proveedor: Distribuidora Mexicana,1403.96,344,1,2024-01-13 00:00:00,2024-01-13 00:00:00
3212,HOG-03202,Sartén de Acero 26 cm Altura Pro,Categoría: Hogar | Marca: Altura | Proveedor: Distribuidora Metropolitana,2387.53,148,0,2024-11-24 00:00:00,2024-11-24 00:00:00
3213,ELE-03203,Mouse Gaming Altura Lite,Categoría: Electrónica | Marca: Altura | Proveedor: Distribuidora Nova,3477.32,18,1,2025-08-04 00:00:00,2025-08-04 00:00:00
3214,DEP-03204,Balón de Básquetbol Nativa Pro,Categoría: Deportes | Marca: Nativa | Proveedor: Distribuidora Hidalgo,990.68,49,0,2024-08-07 00:00:00,2024-08-07 00:00:00
3215,OFI-03205,Mochila Ejecutiva Altura Essential,Categoría: Oficina | Marca: Altura | Proveedor: Distribuidora Pacífico,213.38,40,1,2024-08-16 00:00:00,2024-08-16 00:00:00
3216,CUI-03206,Cepillo Dental Medio Nova Max,Categoría: Cuidado personal | Marca: Nova | Proveedor: Distribuidora del Norte,1949.78,142,1,2025-03-24 00:00:00,2025-03-24 00:00:00
3217,CUI-03207,Rasuradora Corporal Terra Eco,Categoría: Cuidado personal | Marca: Terra | Proveedor: Distribuidora Bajío,2123.15,78,1,2025-12-10 00:00:00,2025-12-10 00:00:00
3218,ELE-03208,Cargador Doble Puerto Nexo Pro,Categoría: Electrónica | Marca: Nexo | Proveedor: Distribuidora Metropolitana,1277.36,231,1,2025-10-09 00:00:00,2025-10-09 00:00:00
3219,ELE-03209,Teclado Inalámbrico Brava Essential,Categoría: Electrónica | Marca: Brava | Proveedor: Distribuidora Central,583.29,146,1,2025-01-16 00:00:00,2025-01-16 00:00:00
3220,DEP-03210,Balón de Fútbol Nexo Prime,Categoría: Deportes | Marca: Nexo | Proveedor: Distribuidora Central,318.34,188,1,2026-04-25 00:00:00,2026-04-25 00:00:00
3221,CUI-03211,Crema Corporal Nutritiva 400 ml Nova Prime,Categoría: Cuidado personal | Marca: Nova | Proveedor: Distribuidora Hidalgo,236.26,206,1,2024-02-14 00:00:00,2024-02-14 00:00:00
3222,ELE-03212,Teclado Inalámbrico Vitta Max,Categoría: Electrónica | Marca: Vitta | Proveedor: Distribuidora Pacífico,1915.13,150,1,2025-05-12 00:00:00,2025-05-12 00:00:00
3223,ELE-03213,Cargador Doble Puerto Aurea Eco,Categoría: Electrónica | Marca: Aurea | Proveedor: Distribuidora Bajío,426.71,71,1,2025-02-04 00:00:00,2025-02-04 00:00:00
3224,CUI-03214,Cepillo Dental Pack 3 Kairo Pro,Categoría: Cuidado personal | Marca: Kairo | Proveedor: Distribuidora Pacífico,85.80,81,1,2025-12-11 00:00:00,2025-12-11 00:00:00
3225,OFI-03215,Memoria USB USB 3.2 Aurea Plus,Categoría: Oficina | Marca: Aurea | Proveedor: Distribuidora Nova,1492.10,236,1,2025-04-18 00:00:00,2025-04-18 00:00:00
3226,OFI-03216,Cuaderno de Notas Lumina Plus,Categoría: Oficina | Marca: Lumina | Proveedor: Distribuidora Mexicana,5482.52,16,1,2025-01-24 00:00:00,2025-01-24 00:00:00
3227,ALI-03217,Galletas de Avena 300 g Terra Plus,Categoría: Alimentos | Marca: Terra | Proveedor: Distribuidora Hidalgo,492.71,127,1,2024-01-07 00:00:00,2024-01-07 00:00:00
3228,ELE-03218,Mouse Óptico Lumina Lite,Categoría: Electrónica | Marca: Lumina | Proveedor: Distribuidora del Norte,2051.33,63,1,2026-04-14 00:00:00,2026-04-14 00:00:00
3229,CUI-03219,Crema Corporal Nutritiva 400 ml Marea Eco,Categoría: Cuidado personal | Marca: Marea | Proveedor: Distribuidora Mexicana,2678.96,346,1,2026-06-28 00:00:00,2026-06-28 00:00:00
3230,DEP-03220,Balón de Básquetbol Kairo Plus,Categoría: Deportes | Marca: Kairo | Proveedor: Distribuidora Pacífico,2908.27,112,1,2024-03-21 00:00:00,2024-03-21 00:00:00
3231,HOG-03221,Lámpara de Escritorio Orion Lite,Categoría: Hogar | Marca: Orion | Proveedor: Distribuidora Central,1612.04,159,1,2026-08-29 00:00:00,2026-08-29 00:00:00
3232,ELE-03222,Webcam 2K Nexo Prime,Categoría: Electrónica | Marca: Nexo | Proveedor: Distribuidora Central,2280.21,227,1,2024-11-13 00:00:00,2024-11-13 00:00:00
3233,ELE-03223,Cargador Inalámbrico Urban Essential,Categoría: Electrónica | Marca: Urban | Proveedor: Distribuidora Central,2066.96,140,1,2026-04-06 00:00:00,2026-04-06 00:00:00
3234,DEP-03224,Balón de Fútbol Kairo Lite,Categoría: Deportes | Marca: Kairo | Proveedor: Distribuidora del Norte,1424.02,108,1,2024-01-23 00:00:00,2024-01-23 00:00:00
3235,OFI-03225,Calculadora Financiera Terra Prime,Categoría: Oficina | Marca: Terra | Proveedor: Distribuidora Bajío,2860.75,78,1,2024-12-01 00:00:00,2024-12-01 00:00:00
3236,DEP-03226,Guantes Deportivos Altura Max,Categoría: Deportes | Marca: Altura | Proveedor: Distribuidora Nova,2200.62,13,1,2024-08-07 00:00:00,2024-08-07 00:00:00
3237,DEP-03227,Mancuerna Ajustable Cobalto Essential,Categoría: Deportes | Marca: Cobalto | Proveedor: Distribuidora Nova,1847.42,117,1,2025-09-15 00:00:00,2025-09-15 00:00:00
3238,HOG-03228,Juego de Toallas 6 Piezas Lumina Pro,Categoría: Hogar | Marca: Lumina | Proveedor: Distribuidora Pacífico,2053.29,207,0,2024-03-13 00:00:00,2024-03-13 00:00:00
3239,DEP-03229,Botella Deportiva 1 L Nexo Eco,Categoría: Deportes | Marca: Nexo | Proveedor: Distribuidora Metropolitana,2297.92,230,1,2024-08-27 00:00:00,2024-08-27 00:00:00
3240,ALI-03230,Galletas de Avena 300 g Prisma Max,Categoría: Alimentos | Marca: Prisma | Proveedor: Distribuidora Nova,741.31,203,1,2024-03-30 00:00:00,2024-03-30 00:00:00
3241,ELE-03231,Audífonos Bluetooth Zenit Prime,Categoría: Electrónica | Marca: Zenit | Proveedor: Distribuidora Mexicana,1138.33,48,1,2024-11-25 00:00:00,2024-11-25 00:00:00
3242,ELE-03232,Bocina Inteligente Nova Essential,Categoría: Electrónica | Marca: Nova | Proveedor: Distribuidora Hidalgo,1090.01,148,1,2025-04-20 00:00:00,2025-04-20 00:00:00
3243,CUI-03233,Rasuradora Corporal Terra Lite,Categoría: Cuidado personal | Marca: Terra | Proveedor: Distribuidora Nova,235.95,6,1,2025-02-19 00:00:00,2025-02-19 00:00:00
3244,ELE-03234,Audífonos con Micrófono Cobalto Essential,Categoría: Electrónica | Marca: Cobalto | Proveedor: Distribuidora Bajío,2673.20,227,1,2026-08-30 00:00:00,2026-08-30 00:00:00
3245,HOG-03235,Juego de Toallas 6 Piezas Kairo Advance,Categoría: Hogar | Marca: Kairo | Proveedor: Distribuidora Central,556.40,103,1,2025-03-30 00:00:00,2025-03-30 00:00:00
3246,ELE-03236,Audífonos con Micrófono Orion Advance,Categoría: Electrónica | Marca: Orion | Proveedor: Distribuidora Central,2505.67,216,1,2024-02-07 00:00:00,2024-02-07 00:00:00
3247,ELE-03237,Teclado Mecánico Terra Classic,Categoría: Electrónica | Marca: Terra | Proveedor: Distribuidora Metropolitana,1132.98,182,1,2026-05-19 00:00:00,2026-05-19 00:00:00
3248,DEP-03238,Mancuerna 10 kg Brava Select,Categoría: Deportes | Marca: Brava | Proveedor: Distribuidora Pacífico,2025.85,265,1,2025-11-10 00:00:00,2025-11-10 00:00:00
3249,DEP-03239,Mancuerna Ajustable Nexo Select,Categoría: Deportes | Marca: Nexo | Proveedor: Distribuidora Bajío,1740.56,55,1,2026-03-05 00:00:00,2026-03-05 00:00:00
3250,HOG-03240,Organizador Multiusos Brava Essential,Categoría: Hogar | Marca: Brava | Proveedor: Distribuidora Pacífico,2199.97,28,1,2025-09-24 00:00:00,2025-09-24 00:00:00
3251,CUI-03241,Secadora Iónica Zenit Eco,Categoría: Cuidado personal | Marca: Zenit | Proveedor: Distribuidora Hidalgo,2743.77,109,1,2026-01-04 00:00:00,2026-01-04 00:00:00
3252,ALI-03242,Galletas Integrales 350 g Cobalto Select,Categoría: Alimentos | Marca: Cobalto | Proveedor: Distribuidora Nova,105.31,232,1,2025-08-04 00:00:00,2025-08-04 00:00:00
3253,DEP-03243,Tapete de Yoga Antideslizante Nativa Pro,Categoría: Deportes | Marca: Nativa | Proveedor: Distribuidora Metropolitana,2792.66,100,1,2026-05-16 00:00:00,2026-05-16 00:00:00
3254,OFI-03244,Mochila Ejecutiva Nativa Eco,Categoría: Oficina | Marca: Nativa | Proveedor: Distribuidora del Norte,3335.53,339,1,2024-09-24 00:00:00,2024-09-24 00:00:00
3255,HOG-03245,Sartén de Acero 26 cm Aurea Plus,Categoría: Hogar | Marca: Aurea | Proveedor: Distribuidora Hidalgo,2243.80,246,1,2025-03-26 00:00:00,2025-03-26 00:00:00
3256,DEP-03246,Botella Deportiva con Popote Prisma Lite,Categoría: Deportes | Marca: Prisma | Proveedor: Distribuidora Nova,1954.55,244,1,2026-04-24 00:00:00,2026-04-24 00:00:00
3257,CUI-03247,Crema Corporal Hidratante 400 ml Orion Eco,Categoría: Cuidado personal | Marca: Orion | Proveedor: Distribuidora Hidalgo,420.23,12,1,2025-12-15 00:00:00,2025-12-15 00:00:00
3258,CUI-03248,Secadora Iónica Prisma Classic,Categoría: Cuidado personal | Marca: Prisma | Proveedor: Distribuidora Nova,1127.72,205,1,2026-04-19 00:00:00,2026-04-19 00:00:00
3259,ALI-03249,Galletas Integrales 350 g Nova Plus,Categoría: Alimentos | Marca: Nova | Proveedor: Distribuidora Metropolitana,751.53,339,1,2025-01-04 00:00:00,2025-01-04 00:00:00
3260,HOG-03250,Termo 750 ml Terra Pro,Categoría: Hogar | Marca: Terra | Proveedor: Distribuidora Hidalgo,1229.56,50,1,2025-02-11 00:00:00,2025-02-11 00:00:00
3261,CUI-03251,Crema Corporal con Aloe 500 ml Marea Pro,Categoría: Cuidado personal | Marca: Marea | Proveedor: Distribuidora Central,1709.34,332,0,2024-12-03 00:00:00,2024-12-03 00:00:00
3262,HOG-03252,Juego de Toallas Algodón Nova Essential,Categoría: Hogar | Marca: Nova | Proveedor: Distribuidora Central,1692.68,56,1,2024-03-26 00:00:00,2024-03-26 00:00:00
3263,DEP-03253,Botella Deportiva Térmica Lumina Advance,Categoría: Deportes | Marca: Lumina | Proveedor: Distribuidora Pacífico,1426.65,287,1,2026-03-17 00:00:00,2026-03-17 00:00:00
3264,ALI-03254,Galletas con Chocolate 300 g Lumina Pro,Categoría: Alimentos | Marca: Lumina | Proveedor: Distribuidora Central,758.41,118,1,2024-02-18 00:00:00,2024-02-18 00:00:00
3265,CUI-03255,Secadora Iónica Aurea Lite,Categoría: Cuidado personal | Marca: Aurea | Proveedor: Distribuidora Hidalgo,2396.07,340,1,2026-05-02 00:00:00,2026-05-02 00:00:00
3266,ELE-03256,Webcam Autofocus Nativa Pro,Categoría: Electrónica | Marca: Nativa | Proveedor: Distribuidora del Norte,807.75,111,1,2024-03-03 00:00:00,2024-03-03 00:00:00
3267,OFI-03257,Memoria USB 32 GB Nativa Max,Categoría: Oficina | Marca: Nativa | Proveedor: Distribuidora Hidalgo,5692.97,125,1,2026-05-26 00:00:00,2026-05-26 00:00:00
3268,OFI-03258,Calculadora Financiera Lumina Advance,Categoría: Oficina | Marca: Lumina | Proveedor: Distribuidora Mexicana,861.03,36,1,2026-06-18 00:00:00,2026-06-18 00:00:00
3269,DEP-03259,Tapete de Yoga 6 mm Zenit Classic,Categoría: Deportes | Marca: Zenit | Proveedor: Distribuidora del Norte,442.75,196,1,2025-10-15 00:00:00,2025-10-15 00:00:00
3270,ALI-03260,Cereal Integral 500 g Vitta Select,Categoría: Alimentos | Marca: Vitta | Proveedor: Distribuidora Hidalgo,345.02,59,1,2025-09-14 00:00:00,2025-09-14 00:00:00
3271,CUI-03261,Crema Corporal con Aloe 500 ml Lumina Eco,Categoría: Cuidado personal | Marca: Lumina | Proveedor: Distribuidora Pacífico,2379.34,222,1,2024-01-16 00:00:00,2024-01-16 00:00:00
3272,HOG-03262,Organizador de Cocina Brava Pro,Categoría: Hogar | Marca: Brava | Proveedor: Distribuidora Mexicana,2444.58,71,1,2026-06-25 00:00:00,2026-06-25 00:00:00
3273,DEP-03263,Balón de Fútbol Nexo Eco,Categoría: Deportes | Marca: Nexo | Proveedor: Distribuidora Bajío,2673.26,123,1,2025-08-20 00:00:00,2025-08-20 00:00:00
3274,CUI-03264,Secadora 2000 W Nexo Pro,Categoría: Cuidado personal | Marca: Nexo | Proveedor: Distribuidora Hidalgo,907.06,314,1,2026-02-18 00:00:00,2026-02-18 00:00:00
3275,OFI-03265,Memoria USB 128 GB Brava Eco,Categoría: Oficina | Marca: Brava | Proveedor: Distribuidora Hidalgo,4607.86,277,1,2025-06-03 00:00:00,2025-06-03 00:00:00
3276,ELE-03266,Audífonos USB-C Brava Select,Categoría: Electrónica | Marca: Brava | Proveedor: Distribuidora Central,304.21,131,1,2025-09-11 00:00:00,2025-09-11 00:00:00
3277,ELE-03267,Mouse Óptico Nativa Plus,Categoría: Electrónica | Marca: Nativa | Proveedor: Distribuidora Metropolitana,2966.05,162,1,2025-08-31 00:00:00,2025-08-31 00:00:00
3278,ALI-03268,Café Descafeinado 400 g Nexo Max,Categoría: Alimentos | Marca: Nexo | Proveedor: Distribuidora Central,435.72,312,1,2024-06-24 00:00:00,2024-06-24 00:00:00
3279,CUI-03269,Shampoo Reparador 700 ml Vitta Essential,Categoría: Cuidado personal | Marca: Vitta | Proveedor: Distribuidora Hidalgo,2009.26,136,1,2026-09-03 00:00:00,2026-09-03 00:00:00
3280,HOG-03270,Lámpara Minimalista Nexo Eco,Categoría: Hogar | Marca: Nexo | Proveedor: Distribuidora Nova,1035.55,11,1,2024-05-29 00:00:00,2024-05-29 00:00:00
3281,CUI-03271,Cepillo Dental Suave Nova Pro,Categoría: Cuidado personal | Marca: Nova | Proveedor: Distribuidora Bajío,1759.33,176,1,2025-04-24 00:00:00,2025-04-24 00:00:00
3282,ALI-03272,Aceite Vegetal 1 L Aurea Advance,Categoría: Alimentos | Marca: Aurea | Proveedor: Distribuidora Metropolitana,667.87,250,1,2026-02-20 00:00:00,2026-02-20 00:00:00
3283,CUI-03273,Crema Corporal con Aloe 500 ml Cobalto Classic,Categoría: Cuidado personal | Marca: Cobalto | Proveedor: Distribuidora del Norte,1923.75,37,1,2025-05-05 00:00:00,2025-05-05 00:00:00
3284,DEP-03274,Balón de Fútbol Aurea Lite,Categoría: Deportes | Marca: Aurea | Proveedor: Distribuidora Hidalgo,1327.78,181,1,2026-09-07 00:00:00,2026-09-07 00:00:00
3285,DEP-03275,Botella Deportiva 750 ml Nexo Prime,Categoría: Deportes | Marca: Nexo | Proveedor: Distribuidora Mexicana,2847.90,149,1,2024-07-29 00:00:00,2024-07-29 00:00:00
3286,ELE-03276,Cargador USB-C 20W Prisma Eco,Categoría: Electrónica | Marca: Prisma | Proveedor: Distribuidora Mexicana,3352.41,16,1,2025-08-14 00:00:00,2025-08-14 00:00:00
3287,ALI-03277,Pasta Fusilli 500 g Vitta Lite,Categoría: Alimentos | Marca: Vitta | Proveedor: Distribuidora del Norte,385.95,87,1,2024-02-10 00:00:00,2024-02-10 00:00:00
3288,ALI-03278,Galletas con Chocolate 300 g Aurea Plus,Categoría: Alimentos | Marca: Aurea | Proveedor: Distribuidora Nova,157.95,225,1,2026-01-03 00:00:00,2026-01-03 00:00:00
3289,OFI-03279,Calculadora Básica Vitta Pro,Categoría: Oficina | Marca: Vitta | Proveedor: Distribuidora Central,50.92,68,1,2024-03-06 00:00:00,2024-03-06 00:00:00
3290,ELE-03280,Cargador Inalámbrico Vitta Lite,Categoría: Electrónica | Marca: Vitta | Proveedor: Distribuidora del Norte,1723.37,344,1,2025-03-23 00:00:00,2025-03-23 00:00:00
3291,HOG-03281,Juego de Toallas Microfibra Aurea Eco,Categoría: Hogar | Marca: Aurea | Proveedor: Distribuidora Metropolitana,868.52,80,1,2024-12-27 00:00:00,2024-12-27 00:00:00
3292,ALI-03282,Café Molido 500 g Prisma Plus,Categoría: Alimentos | Marca: Prisma | Proveedor: Distribuidora Pacífico,50.05,58,1,2025-12-06 00:00:00,2025-12-06 00:00:00
3293,OFI-03283,Mochila Ejecutiva Urban Pro,Categoría: Oficina | Marca: Urban | Proveedor: Distribuidora Central,1275.46,24,1,2024-08-02 00:00:00,2024-08-02 00:00:00
3294,DEP-03284,Tapete de Yoga 8 mm Brava Prime,Categoría: Deportes | Marca: Brava | Proveedor: Distribuidora Nova,200.41,334,1,2024-01-03 00:00:00,2024-01-03 00:00:00
3295,HOG-03285,Sartén de Acero 26 cm Vitta Classic,Categoría: Hogar | Marca: Vitta | Proveedor: Distribuidora Metropolitana,556.93,233,1,2026-04-06 00:00:00,2026-04-06 00:00:00
3296,ELE-03286,Bocina Portátil Nova Advance,Categoría: Electrónica | Marca: Nova | Proveedor: Distribuidora Hidalgo,523.72,212,1,2024-08-14 00:00:00,2024-08-14 00:00:00
3297,DEP-03287,Guantes con Muñequera Nativa Classic,Categoría: Deportes | Marca: Nativa | Proveedor: Distribuidora Central,115.92,105,1,2024-09-17 00:00:00,2024-09-17 00:00:00
3298,OFI-03288,Cuaderno Profesional Zenit Plus,Categoría: Oficina | Marca: Zenit | Proveedor: Distribuidora Bajío,2634.67,135,0,2024-01-05 00:00:00,2024-01-05 00:00:00
3299,CUI-03289,Cepillo Dental Pack 3 Marea Lite,Categoría: Cuidado personal | Marca: Marea | Proveedor: Distribuidora del Norte,120.65,168,1,2025-05-16 00:00:00,2025-05-16 00:00:00
3300,HOG-03290,Termo Térmico Nexo Lite,Categoría: Hogar | Marca: Nexo | Proveedor: Distribuidora Pacífico,87.69,66,1,2024-04-08 00:00:00,2024-04-08 00:00:00
3301,ELE-03291,Mouse Inalámbrico Urban Advance,Categoría: Electrónica | Marca: Urban | Proveedor: Distribuidora del Norte,2069.04,212,1,2026-01-18 00:00:00,2026-01-18 00:00:00
3302,HOG-03292,Lámpara de Noche Nexo Prime,Categoría: Hogar | Marca: Nexo | Proveedor: Distribuidora Mexicana,980.40,125,1,2024-05-16 00:00:00,2024-05-16 00:00:00
3303,CUI-03293,Shampoo Anticaspa 650 ml Aurea Max,Categoría: Cuidado personal | Marca: Aurea | Proveedor: Distribuidora Pacífico,1829.38,325,1,2024-08-28 00:00:00,2024-08-28 00:00:00
3304,OFI-03294,Cuaderno Pasta Dura Nativa Eco,Categoría: Oficina | Marca: Nativa | Proveedor: Distribuidora Nova,1074.86,174,1,2025-09-02 00:00:00,2025-09-02 00:00:00
3305,ELE-03295,Audífonos Bluetooth Marea Pro,Categoría: Electrónica | Marca: Marea | Proveedor: Distribuidora Hidalgo,2886.19,163,1,2026-05-04 00:00:00,2026-05-04 00:00:00
3306,DEP-03296,Guantes de Ciclismo Zenit Essential,Categoría: Deportes | Marca: Zenit | Proveedor: Distribuidora Pacífico,732.25,227,1,2025-06-28 00:00:00,2025-06-28 00:00:00
3307,HOG-03297,Lámpara de Noche Prisma Lite,Categoría: Hogar | Marca: Prisma | Proveedor: Distribuidora Central,2234.96,259,1,2025-12-24 00:00:00,2025-12-24 00:00:00
3308,DEP-03298,Botella Deportiva Térmica Lumina Classic,Categoría: Deportes | Marca: Lumina | Proveedor: Distribuidora Mexicana,2495.04,67,1,2025-09-15 00:00:00,2025-09-15 00:00:00
3309,HOG-03299,Sartén de Acero 26 cm Marea Classic,Categoría: Hogar | Marca: Marea | Proveedor: Distribuidora Mexicana,1678.02,186,1,2024-02-16 00:00:00,2024-02-16 00:00:00
3310,OFI-03300,Memoria USB USB 3.2 Cobalto Prime,Categoría: Oficina | Marca: Cobalto | Proveedor: Distribuidora del Norte,2688.49,306,1,2024-04-19 00:00:00,2024-04-19 00:00:00
3311,DEP-03301,Guantes de Ciclismo Nova Classic,Categoría: Deportes | Marca: Nova | Proveedor: Distribuidora Hidalgo,2296.51,239,1,2024-05-26 00:00:00,2024-05-26 00:00:00
3312,OFI-03302,Calculadora Científica Lumina Eco,Categoría: Oficina | Marca: Lumina | Proveedor: Distribuidora Metropolitana,38.35,291,1,2025-06-27 00:00:00,2025-06-27 00:00:00
3313,ELE-03303,Audífonos USB-C Nexo Pro,Categoría: Electrónica | Marca: Nexo | Proveedor: Distribuidora Nova,538.56,105,1,2025-01-23 00:00:00,2025-01-23 00:00:00
3314,CUI-03304,Rasuradora Recargable Nova Lite,Categoría: Cuidado personal | Marca: Nova | Proveedor: Distribuidora Hidalgo,584.12,234,1,2025-11-28 00:00:00,2025-11-28 00:00:00
3315,HOG-03305,Termo 750 ml Nova Max,Categoría: Hogar | Marca: Nova | Proveedor: Distribuidora del Norte,758.45,54,1,2026-02-04 00:00:00,2026-02-04 00:00:00
3316,CUI-03306,Secadora Profesional Vitta Max,Categoría: Cuidado personal | Marca: Vitta | Proveedor: Distribuidora Hidalgo,334.54,168,0,2026-08-15 00:00:00,2026-08-15 00:00:00
3317,HOG-03307,Organizador de Baño Prisma Pro,Categoría: Hogar | Marca: Prisma | Proveedor: Distribuidora Hidalgo,1321.34,329,1,2025-06-08 00:00:00,2025-06-08 00:00:00
3318,CUI-03308,Cepillo Dental Medio Cobalto Eco,Categoría: Cuidado personal | Marca: Cobalto | Proveedor: Distribuidora Central,1963.65,26,0,2025-10-22 00:00:00,2025-10-22 00:00:00
3319,HOG-03309,Juego de Toallas 6 Piezas Kairo Classic,Categoría: Hogar | Marca: Kairo | Proveedor: Distribuidora Pacífico,835.57,350,1,2026-06-09 00:00:00,2026-06-09 00:00:00
3320,OFI-03310,Cuaderno Profesional Cobalto Eco,Categoría: Oficina | Marca: Cobalto | Proveedor: Distribuidora Hidalgo,3503.25,87,1,2024-05-18 00:00:00,2024-05-18 00:00:00
3321,OFI-03311,Calculadora de Escritorio Kairo Max,Categoría: Oficina | Marca: Kairo | Proveedor: Distribuidora del Norte,4987.18,290,1,2025-12-06 00:00:00,2025-12-06 00:00:00
3322,ALI-03312,Pasta Spaghetti 500 g Marea Advance,Categoría: Alimentos | Marca: Marea | Proveedor: Distribuidora Nova,529.85,263,1,2026-08-01 00:00:00,2026-08-01 00:00:00
3323,OFI-03313,Memoria USB 32 GB Cobalto Advance,Categoría: Oficina | Marca: Cobalto | Proveedor: Distribuidora Hidalgo,4233.91,293,1,2025-01-07 00:00:00,2025-01-07 00:00:00
3324,OFI-03314,Silla Ejecutiva Nativa Prime,Categoría: Oficina | Marca: Nativa | Proveedor: Distribuidora del Norte,2519.84,282,1,2025-01-22 00:00:00,2025-01-22 00:00:00
3325,OFI-03315,Mochila Antirrobo Altura Max,Categoría: Oficina | Marca: Altura | Proveedor: Distribuidora Central,5050.77,107,1,2025-03-29 00:00:00,2025-03-29 00:00:00
3326,ELE-03316,Webcam Autofocus Cobalto Eco,Categoría: Electrónica | Marca: Cobalto | Proveedor: Distribuidora Nova,463.63,326,1,2024-11-19 00:00:00,2024-11-19 00:00:00
3327,ALI-03317,Café Descafeinado 400 g Aurea Eco,Categoría: Alimentos | Marca: Aurea | Proveedor: Distribuidora Nova,476.91,76,1,2024-07-21 00:00:00,2024-07-21 00:00:00
3328,CUI-03318,Cepillo Dental Pack 3 Nova Select,Categoría: Cuidado personal | Marca: Nova | Proveedor: Distribuidora Metropolitana,2535.14,209,1,2024-05-13 00:00:00,2024-05-13 00:00:00
3329,OFI-03319,Cuaderno de Notas Brava Plus,Categoría: Oficina | Marca: Brava | Proveedor: Distribuidora Hidalgo,4597.34,70,1,2024-11-18 00:00:00,2024-11-18 00:00:00
3330,DEP-03320,Tapete de Yoga Antideslizante Marea Plus,Categoría: Deportes | Marca: Marea | Proveedor: Distribuidora Mexicana,917.60,230,1,2024-09-25 00:00:00,2024-09-25 00:00:00
3331,ELE-03321,Teclado Inalámbrico Vitta Select,Categoría: Electrónica | Marca: Vitta | Proveedor: Distribuidora del Norte,1046.26,249,1,2024-10-26 00:00:00,2024-10-26 00:00:00
3332,CUI-03322,Cepillo Dental Suave Brava Prime,Categoría: Cuidado personal | Marca: Brava | Proveedor: Distribuidora Bajío,909.65,176,1,2024-02-12 00:00:00,2024-02-12 00:00:00
3333,HOG-03323,Lámpara de Escritorio Urban Plus,Categoría: Hogar | Marca: Urban | Proveedor: Distribuidora Nova,1217.04,37,1,2025-03-04 00:00:00,2025-03-04 00:00:00
3334,OFI-03324,Calculadora Básica Nativa Eco,Categoría: Oficina | Marca: Nativa | Proveedor: Distribuidora del Norte,697.94,81,1,2025-07-18 00:00:00,2025-07-18 00:00:00
3335,ALI-03325,Galletas de Avena 300 g Vitta Max,Categoría: Alimentos | Marca: Vitta | Proveedor: Distribuidora Hidalgo,549.00,7,0,2024-11-28 00:00:00,2024-11-28 00:00:00
3336,ALI-03326,Aceite de Oliva 500 ml Vitta Pro,Categoría: Alimentos | Marca: Vitta | Proveedor: Distribuidora Nova,697.84,277,1,2025-11-02 00:00:00,2025-11-02 00:00:00
3337,ELE-03327,Mouse Óptico Kairo Classic,Categoría: Electrónica | Marca: Kairo | Proveedor: Distribuidora Nova,1553.48,180,0,2025-11-18 00:00:00,2025-11-18 00:00:00
3338,OFI-03328,Calculadora Básica Marea Prime,Categoría: Oficina | Marca: Marea | Proveedor: Distribuidora Mexicana,3497.89,26,1,2025-02-21 00:00:00,2025-02-21 00:00:00
3339,OFI-03329,Silla Ergonómica Nativa Max,Categoría: Oficina | Marca: Nativa | Proveedor: Distribuidora Pacífico,2941.19,275,1,2026-08-03 00:00:00,2026-08-03 00:00:00
3340,HOG-03330,Organizador de Baño Urban Select,Categoría: Hogar | Marca: Urban | Proveedor: Distribuidora Central,1474.27,307,1,2024-09-26 00:00:00,2024-09-26 00:00:00
3341,DEP-03331,Botella Deportiva 750 ml Nexo Select,Categoría: Deportes | Marca: Nexo | Proveedor: Distribuidora Mexicana,1253.89,193,1,2026-08-28 00:00:00,2026-08-28 00:00:00
3342,CUI-03332,Shampoo Hidratante 750 ml Nexo Pro,Categoría: Cuidado personal | Marca: Nexo | Proveedor: Distribuidora Metropolitana,215.94,227,1,2026-08-29 00:00:00,2026-08-29 00:00:00
3343,ELE-03333,Bocina Bluetooth Cobalto Advance,Categoría: Electrónica | Marca: Cobalto | Proveedor: Distribuidora Bajío,273.37,329,1,2024-01-25 00:00:00,2024-01-25 00:00:00
3344,ELE-03334,Mouse Inalámbrico Nexo Essential,Categoría: Electrónica | Marca: Nexo | Proveedor: Distribuidora Nova,335.99,299,1,2024-09-15 00:00:00,2024-09-15 00:00:00
3345,ELE-03335,Bocina Resistente al Agua Nativa Pro,Categoría: Electrónica | Marca: Nativa | Proveedor: Distribuidora Mexicana,3205.42,195,1,2026-01-15 00:00:00,2026-01-15 00:00:00
3346,ALI-03336,Cereal de Avena 500 g Brava Select,Categoría: Alimentos | Marca: Brava | Proveedor: Distribuidora del Norte,480.24,325,1,2026-01-28 00:00:00,2026-01-28 00:00:00
3347,CUI-03337,Rasuradora 3 Cabezas Orion Essential,Categoría: Cuidado personal | Marca: Orion | Proveedor: Distribuidora Central,2386.18,114,1,2025-05-06 00:00:00,2025-05-06 00:00:00
3348,HOG-03338,Juego de Toallas Algodón Altura Lite,Categoría: Hogar | Marca: Altura | Proveedor: Distribuidora Nova,383.73,74,1,2025-10-30 00:00:00,2025-10-30 00:00:00
3349,ALI-03339,Pasta Spaghetti 500 g Cobalto Essential,Categoría: Alimentos | Marca: Cobalto | Proveedor: Distribuidora Metropolitana,269.24,317,1,2025-05-17 00:00:00,2025-05-17 00:00:00
3350,CUI-03340,Rasuradora 3 Cabezas Vitta Essential,Categoría: Cuidado personal | Marca: Vitta | Proveedor: Distribuidora Mexicana,1147.23,77,1,2025-12-10 00:00:00,2025-12-10 00:00:00
3351,ALI-03341,Café Molido 500 g Nexo Eco,Categoría: Alimentos | Marca: Nexo | Proveedor: Distribuidora Central,780.46,283,1,2026-07-12 00:00:00,2026-07-12 00:00:00
3352,DEP-03342,Balón de Voleibol Marea Pro,Categoría: Deportes | Marca: Marea | Proveedor: Distribuidora Bajío,2244.30,138,0,2025-02-22 00:00:00,2025-02-22 00:00:00
3353,CUI-03343,Rasuradora Recargable Urban Classic,Categoría: Cuidado personal | Marca: Urban | Proveedor: Distribuidora Pacífico,1256.65,321,1,2026-07-27 00:00:00,2026-07-27 00:00:00
3354,OFI-03344,Mochila Antirrobo Cobalto Select,Categoría: Oficina | Marca: Cobalto | Proveedor: Distribuidora Pacífico,2736.98,238,1,2025-04-25 00:00:00,2025-04-25 00:00:00
3355,CUI-03345,Cepillo Dental Suave Cobalto Essential,Categoría: Cuidado personal | Marca: Cobalto | Proveedor: Distribuidora Pacífico,2277.02,310,1,2025-03-02 00:00:00,2025-03-02 00:00:00
3356,DEP-03346,Balón de Fútbol Urban Plus,Categoría: Deportes | Marca: Urban | Proveedor: Distribuidora Bajío,503.03,314,1,2026-09-03 00:00:00,2026-09-03 00:00:00
3357,CUI-03347,Cepillo Dental Medio Zenit Lite,Categoría: Cuidado personal | Marca: Zenit | Proveedor: Distribuidora Mexicana,213.81,306,1,2025-06-08 00:00:00,2025-06-08 00:00:00
3358,HOG-03348,Juego de Toallas Algodón Zenit Classic,Categoría: Hogar | Marca: Zenit | Proveedor: Distribuidora Central,368.25,13,1,2024-12-15 00:00:00,2024-12-15 00:00:00
3359,DEP-03349,Botella Deportiva Térmica Altura Prime,Categoría: Deportes | Marca: Altura | Proveedor: Distribuidora Central,1215.73,203,1,2026-03-24 00:00:00,2026-03-24 00:00:00
3360,ALI-03350,Aceite de Aguacate 500 ml Kairo Max,Categoría: Alimentos | Marca: Kairo | Proveedor: Distribuidora Metropolitana,775.33,295,1,2025-10-13 00:00:00,2025-10-13 00:00:00
3361,DEP-03351,Guantes de Ciclismo Orion Pro,Categoría: Deportes | Marca: Orion | Proveedor: Distribuidora Mexicana,2303.42,134,1,2025-07-24 00:00:00,2025-07-24 00:00:00
3362,HOG-03352,Sartén de Acero 26 cm Terra Plus,Categoría: Hogar | Marca: Terra | Proveedor: Distribuidora del Norte,2108.06,9,1,2025-08-13 00:00:00,2025-08-13 00:00:00
3363,CUI-03353,Secadora 2000 W Nova Lite,Categoría: Cuidado personal | Marca: Nova | Proveedor: Distribuidora Bajío,1256.74,60,1,2024-01-02 00:00:00,2024-01-02 00:00:00
3364,ALI-03354,Aceite de Aguacate 500 ml Orion Prime,Categoría: Alimentos | Marca: Orion | Proveedor: Distribuidora Bajío,157.01,245,1,2025-10-26 00:00:00,2025-10-26 00:00:00
3365,ELE-03355,Bocina Inteligente Altura Classic,Categoría: Electrónica | Marca: Altura | Proveedor: Distribuidora Metropolitana,906.40,217,1,2026-01-19 00:00:00,2026-01-19 00:00:00
3366,DEP-03356,Balón de Básquetbol Kairo Eco,Categoría: Deportes | Marca: Kairo | Proveedor: Distribuidora Metropolitana,331.22,27,1,2024-03-09 00:00:00,2024-03-09 00:00:00
3367,CUI-03357,Shampoo Hidratante 750 ml Nativa Essential,Categoría: Cuidado personal | Marca: Nativa | Proveedor: Distribuidora Metropolitana,2290.18,254,1,2024-01-29 00:00:00,2024-01-29 00:00:00
3368,ELE-03358,Mouse Inalámbrico Vitta Prime,Categoría: Electrónica | Marca: Vitta | Proveedor: Distribuidora Bajío,2377.16,289,1,2024-06-16 00:00:00,2024-06-16 00:00:00
3369,ALI-03359,Cereal de Avena 500 g Nexo Essential,Categoría: Alimentos | Marca: Nexo | Proveedor: Distribuidora Mexicana,88.40,345,1,2025-09-26 00:00:00,2025-09-26 00:00:00
3370,DEP-03360,Mancuerna Hexagonal Terra Max,Categoría: Deportes | Marca: Terra | Proveedor: Distribuidora Metropolitana,2051.62,334,1,2025-10-17 00:00:00,2025-10-17 00:00:00
3371,CUI-03361,Rasuradora Corporal Cobalto Classic,Categoría: Cuidado personal | Marca: Cobalto | Proveedor: Distribuidora Metropolitana,745.63,85,1,2024-06-03 00:00:00,2024-06-03 00:00:00
3372,ALI-03362,Galletas con Chocolate 300 g Terra Pro,Categoría: Alimentos | Marca: Terra | Proveedor: Distribuidora Hidalgo,68.47,42,1,2024-10-18 00:00:00,2024-10-18 00:00:00
3373,ALI-03363,Cereal con Frutos 450 g Kairo Essential,Categoría: Alimentos | Marca: Kairo | Proveedor: Distribuidora Metropolitana,753.46,348,1,2024-04-05 00:00:00,2024-04-05 00:00:00
3374,HOG-03364,Organizador de Baño Brava Max,Categoría: Hogar | Marca: Brava | Proveedor: Distribuidora Bajío,1989.38,202,1,2025-01-23 00:00:00,2025-01-23 00:00:00
3375,ALI-03365,Aceite de Oliva 500 ml Marea Prime,Categoría: Alimentos | Marca: Marea | Proveedor: Distribuidora Bajío,409.22,45,1,2024-11-04 00:00:00,2024-11-04 00:00:00
3376,ELE-03366,Mouse Gaming Zenit Lite,Categoría: Electrónica | Marca: Zenit | Proveedor: Distribuidora Pacífico,1854.62,140,1,2025-08-25 00:00:00,2025-08-25 00:00:00
3377,CUI-03367,Shampoo Hidratante 750 ml Marea Lite,Categoría: Cuidado personal | Marca: Marea | Proveedor: Distribuidora Central,1148.71,145,1,2025-11-21 00:00:00,2025-11-21 00:00:00
3378,OFI-03368,Calculadora Básica Nova Advance,Categoría: Oficina | Marca: Nova | Proveedor: Distribuidora Hidalgo,3716.00,285,1,2024-08-02 00:00:00,2024-08-02 00:00:00
3379,OFI-03369,Mochila Antirrobo Vitta Max,Categoría: Oficina | Marca: Vitta | Proveedor: Distribuidora del Norte,4428.31,55,1,2026-07-11 00:00:00,2026-07-11 00:00:00
3380,ALI-03370,Café Americano 500 g Lumina Lite,Categoría: Alimentos | Marca: Lumina | Proveedor: Distribuidora Hidalgo,218.72,346,1,2026-07-07 00:00:00,2026-07-07 00:00:00
3381,CUI-03371,Cepillo Dental Medio Nexo Plus,Categoría: Cuidado personal | Marca: Nexo | Proveedor: Distribuidora Hidalgo,713.57,295,1,2024-04-30 00:00:00,2024-04-30 00:00:00
3382,HOG-03372,Lámpara Minimalista Aurea Classic,Categoría: Hogar | Marca: Aurea | Proveedor: Distribuidora Central,1756.50,272,1,2026-06-17 00:00:00,2026-06-17 00:00:00
3383,HOG-03373,Organizador de Baño Terra Pro,Categoría: Hogar | Marca: Terra | Proveedor: Distribuidora Mexicana,916.72,253,1,2024-01-09 00:00:00,2024-01-09 00:00:00
3384,OFI-03374,Calculadora de Escritorio Nativa Lite,Categoría: Oficina | Marca: Nativa | Proveedor: Distribuidora Mexicana,5190.66,312,1,2024-03-06 00:00:00,2024-03-06 00:00:00
3385,OFI-03375,Silla de Oficina Terra Max,Categoría: Oficina | Marca: Terra | Proveedor: Distribuidora Pacífico,1854.30,2,1,2024-06-27 00:00:00,2024-06-27 00:00:00
3386,DEP-03376,Botella Deportiva Térmica Terra Max,Categoría: Deportes | Marca: Terra | Proveedor: Distribuidora del Norte,2960.20,92,1,2024-09-25 00:00:00,2024-09-25 00:00:00
3387,DEP-03377,Tapete de Yoga con Correa Marea Lite,Categoría: Deportes | Marca: Marea | Proveedor: Distribuidora Metropolitana,226.99,138,1,2026-03-30 00:00:00,2026-03-30 00:00:00
3388,HOG-03378,Juego de Toallas Microfibra Urban Advance,Categoría: Hogar | Marca: Urban | Proveedor: Distribuidora Bajío,2304.15,265,1,2025-08-26 00:00:00,2025-08-26 00:00:00
3389,CUI-03379,Rasuradora de Precisión Marea Classic,Categoría: Cuidado personal | Marca: Marea | Proveedor: Distribuidora Pacífico,812.76,262,1,2026-06-23 00:00:00,2026-06-23 00:00:00
3390,OFI-03380,Cuaderno de Notas Terra Essential,Categoría: Oficina | Marca: Terra | Proveedor: Distribuidora Mexicana,724.12,312,1,2026-01-09 00:00:00,2026-01-09 00:00:00
3391,ALI-03381,Cereal con Frutos 450 g Nova Prime,Categoría: Alimentos | Marca: Nova | Proveedor: Distribuidora Mexicana,770.02,222,1,2025-12-13 00:00:00,2025-12-13 00:00:00
3392,ALI-03382,Café en Grano 1 kg Terra Eco,Categoría: Alimentos | Marca: Terra | Proveedor: Distribuidora Central,718.36,264,1,2024-04-23 00:00:00,2024-04-23 00:00:00
3393,OFI-03383,Memoria USB 128 GB Kairo Max,Categoría: Oficina | Marca: Kairo | Proveedor: Distribuidora Metropolitana,3637.51,216,1,2025-02-20 00:00:00,2025-02-20 00:00:00
3394,ELE-03384,Mouse Óptico Zenit Pro,Categoría: Electrónica | Marca: Zenit | Proveedor: Distribuidora Central,2511.59,122,1,2026-08-22 00:00:00,2026-08-22 00:00:00
3395,ELE-03385,Webcam Autofocus Marea Advance,Categoría: Electrónica | Marca: Marea | Proveedor: Distribuidora Metropolitana,994.28,15,1,2024-08-25 00:00:00,2024-08-25 00:00:00
3396,ELE-03386,Teclado Inalámbrico Cobalto Classic,Categoría: Electrónica | Marca: Cobalto | Proveedor: Distribuidora Nova,957.26,27,1,2026-05-07 00:00:00,2026-05-07 00:00:00
3397,ALI-03387,Cereal de Avena 500 g Nativa Plus,Categoría: Alimentos | Marca: Nativa | Proveedor: Distribuidora Mexicana,440.56,325,1,2024-10-18 00:00:00,2024-10-18 00:00:00
3398,OFI-03388,Silla Ejecutiva Lumina Plus,Categoría: Oficina | Marca: Lumina | Proveedor: Distribuidora Nova,810.67,39,1,2025-07-10 00:00:00,2025-07-10 00:00:00
3399,DEP-03389,Guantes de Ciclismo Nativa Lite,Categoría: Deportes | Marca: Nativa | Proveedor: Distribuidora Hidalgo,2295.64,24,1,2025-03-02 00:00:00,2025-03-02 00:00:00
3400,ALI-03390,Pasta Penne 500 g Marea Lite,Categoría: Alimentos | Marca: Marea | Proveedor: Distribuidora Metropolitana,335.64,118,1,2025-03-19 00:00:00,2025-03-19 00:00:00
3401,OFI-03391,Cuaderno Profesional Nexo Lite,Categoría: Oficina | Marca: Nexo | Proveedor: Distribuidora Metropolitana,4094.47,90,1,2024-05-22 00:00:00,2024-05-22 00:00:00
3402,HOG-03392,Termo Térmico Urban Advance,Categoría: Hogar | Marca: Urban | Proveedor: Distribuidora Pacífico,179.44,161,1,2025-02-03 00:00:00,2025-02-03 00:00:00
3403,ALI-03393,Galletas con Chocolate 300 g Kairo Pro,Categoría: Alimentos | Marca: Kairo | Proveedor: Distribuidora Pacífico,440.53,80,1,2025-04-04 00:00:00,2025-04-04 00:00:00
3404,OFI-03394,Mochila para Laptop 15.6 Brava Plus,Categoría: Oficina | Marca: Brava | Proveedor: Distribuidora Mexicana,4029.98,345,1,2026-04-14 00:00:00,2026-04-14 00:00:00
3405,CUI-03395,Rasuradora Recargable Nexo Select,Categoría: Cuidado personal | Marca: Nexo | Proveedor: Distribuidora Nova,2098.91,8,1,2026-06-07 00:00:00,2026-06-07 00:00:00
3406,DEP-03396,Guantes con Muñequera Kairo Pro,Categoría: Deportes | Marca: Kairo | Proveedor: Distribuidora Hidalgo,2381.06,246,1,2024-05-19 00:00:00,2024-05-19 00:00:00
3407,CUI-03397,Cepillo Dental Medio Nativa Pro,Categoría: Cuidado personal | Marca: Nativa | Proveedor: Distribuidora Central,1502.37,193,1,2026-01-09 00:00:00,2026-01-09 00:00:00
3408,ELE-03398,Cargador Doble Puerto Cobalto Lite,Categoría: Electrónica | Marca: Cobalto | Proveedor: Distribuidora Bajío,907.76,137,1,2024-03-22 00:00:00,2024-03-22 00:00:00
3409,ELE-03399,Bocina Portátil Brava Select,Categoría: Electrónica | Marca: Brava | Proveedor: Distribuidora Metropolitana,1039.97,324,1,2026-04-12 00:00:00,2026-04-12 00:00:00
3410,ALI-03400,Pasta Penne 500 g Brava Prime,Categoría: Alimentos | Marca: Brava | Proveedor: Distribuidora Nova,714.41,88,1,2026-09-03 00:00:00,2026-09-03 00:00:00
3411,DEP-03401,Balón de Fútbol Altura Classic,Categoría: Deportes | Marca: Altura | Proveedor: Distribuidora Metropolitana,1051.02,173,1,2025-12-23 00:00:00,2025-12-23 00:00:00
3412,HOG-03402,Lámpara LED Cobalto Select,Categoría: Hogar | Marca: Cobalto | Proveedor: Distribuidora Mexicana,1883.02,342,1,2024-06-23 00:00:00,2024-06-23 00:00:00
3413,DEP-03403,Botella Deportiva con Popote Nexo Classic,Categoría: Deportes | Marca: Nexo | Proveedor: Distribuidora Metropolitana,210.52,78,1,2024-12-16 00:00:00,2024-12-16 00:00:00
3414,DEP-03404,Guantes de Ciclismo Cobalto Max,Categoría: Deportes | Marca: Cobalto | Proveedor: Distribuidora del Norte,1978.29,150,1,2024-04-16 00:00:00,2024-04-16 00:00:00
3415,CUI-03405,Secadora Compacta Prisma Advance,Categoría: Cuidado personal | Marca: Prisma | Proveedor: Distribuidora Hidalgo,1205.33,146,1,2026-06-09 00:00:00,2026-06-09 00:00:00
3416,HOG-03406,Termo Térmico Marea Eco,Categoría: Hogar | Marca: Marea | Proveedor: Distribuidora Pacífico,1552.11,152,1,2025-06-11 00:00:00,2025-06-11 00:00:00
3417,OFI-03407,Silla con Soporte Lumbar Brava Select,Categoría: Oficina | Marca: Brava | Proveedor: Distribuidora del Norte,1152.73,91,1,2025-12-07 00:00:00,2025-12-07 00:00:00
3418,CUI-03408,Secadora 2000 W Prisma Lite,Categoría: Cuidado personal | Marca: Prisma | Proveedor: Distribuidora Central,1326.28,224,1,2024-01-11 00:00:00,2024-01-11 00:00:00
3419,DEP-03409,Tapete de Yoga 8 mm Terra Prime,Categoría: Deportes | Marca: Terra | Proveedor: Distribuidora Pacífico,1784.61,303,1,2024-06-12 00:00:00,2024-06-12 00:00:00
3420,ELE-03410,Bocina Resistente al Agua Nova Lite,Categoría: Electrónica | Marca: Nova | Proveedor: Distribuidora Central,2141.04,105,1,2024-03-28 00:00:00,2024-03-28 00:00:00
3421,ALI-03411,Café en Grano 1 kg Brava Advance,Categoría: Alimentos | Marca: Brava | Proveedor: Distribuidora Nova,421.02,60,1,2026-01-08 00:00:00,2026-01-08 00:00:00
3422,DEP-03412,Botella Deportiva Térmica Vitta Lite,Categoría: Deportes | Marca: Vitta | Proveedor: Distribuidora Hidalgo,740.39,182,1,2025-07-16 00:00:00,2025-07-16 00:00:00
3423,OFI-03413,Memoria USB 32 GB Altura Lite,Categoría: Oficina | Marca: Altura | Proveedor: Distribuidora Metropolitana,4052.70,59,1,2026-04-18 00:00:00,2026-04-18 00:00:00
3424,DEP-03414,Mancuerna 10 kg Marea Eco,Categoría: Deportes | Marca: Marea | Proveedor: Distribuidora Bajío,1422.90,66,1,2025-05-17 00:00:00,2025-05-17 00:00:00
3425,DEP-03415,Botella Deportiva con Popote Zenit Prime,Categoría: Deportes | Marca: Zenit | Proveedor: Distribuidora Metropolitana,1858.73,337,1,2025-04-18 00:00:00,2025-04-18 00:00:00
3426,CUI-03416,Cepillo Dental Pack 3 Nativa Prime,Categoría: Cuidado personal | Marca: Nativa | Proveedor: Distribuidora Metropolitana,1610.22,313,0,2025-01-11 00:00:00,2025-01-11 00:00:00
3427,OFI-03417,Calculadora de Escritorio Zenit Pro,Categoría: Oficina | Marca: Zenit | Proveedor: Distribuidora del Norte,3393.60,323,1,2025-03-29 00:00:00,2025-03-29 00:00:00
3428,CUI-03418,Cepillo Dental Pack 3 Lumina Lite,Categoría: Cuidado personal | Marca: Lumina | Proveedor: Distribuidora Mexicana,662.60,176,1,2025-12-07 00:00:00,2025-12-07 00:00:00
3429,ALI-03419,Pasta Spaghetti 500 g Altura Max,Categoría: Alimentos | Marca: Altura | Proveedor: Distribuidora Mexicana,717.13,271,1,2026-03-04 00:00:00,2026-03-04 00:00:00
3430,DEP-03420,Mancuerna 5 kg Lumina Advance,Categoría: Deportes | Marca: Lumina | Proveedor: Distribuidora del Norte,1919.83,94,1,2024-11-02 00:00:00,2024-11-02 00:00:00
3431,OFI-03421,Silla de Oficina Kairo Prime,Categoría: Oficina | Marca: Kairo | Proveedor: Distribuidora Central,923.26,104,1,2026-03-19 00:00:00,2026-03-19 00:00:00
3432,HOG-03422,Juego de Toallas Microfibra Terra Max,Categoría: Hogar | Marca: Terra | Proveedor: Distribuidora Mexicana,569.00,262,1,2024-11-03 00:00:00,2024-11-03 00:00:00
3433,HOG-03423,Sartén de Acero 26 cm Brava Pro,Categoría: Hogar | Marca: Brava | Proveedor: Distribuidora Mexicana,1829.86,46,1,2026-01-25 00:00:00,2026-01-25 00:00:00
3434,OFI-03424,Cuaderno de Notas Aurea Eco,Categoría: Oficina | Marca: Aurea | Proveedor: Distribuidora Central,1427.90,329,1,2025-08-12 00:00:00,2025-08-12 00:00:00
3435,HOG-03425,Lámpara de Escritorio Prisma Pro,Categoría: Hogar | Marca: Prisma | Proveedor: Distribuidora Metropolitana,934.67,292,1,2025-08-19 00:00:00,2025-08-19 00:00:00
3436,ALI-03426,Café Americano 500 g Nativa Advance,Categoría: Alimentos | Marca: Nativa | Proveedor: Distribuidora Mexicana,731.74,45,1,2026-03-30 00:00:00,2026-03-30 00:00:00
3437,HOG-03427,Organizador Multiusos Kairo Eco,Categoría: Hogar | Marca: Kairo | Proveedor: Distribuidora del Norte,98.75,283,1,2026-09-04 00:00:00,2026-09-04 00:00:00
3438,ELE-03428,Teclado Compacto Brava Classic,Categoría: Electrónica | Marca: Brava | Proveedor: Distribuidora Bajío,2832.50,187,1,2024-03-11 00:00:00,2024-03-11 00:00:00
3439,CUI-03429,Secadora Profesional Nexo Max,Categoría: Cuidado personal | Marca: Nexo | Proveedor: Distribuidora del Norte,1222.39,212,1,2024-07-09 00:00:00,2024-07-09 00:00:00
3440,OFI-03430,Mochila para Laptop 15.6 Orion Pro,Categoría: Oficina | Marca: Orion | Proveedor: Distribuidora del Norte,189.59,84,1,2026-06-23 00:00:00,2026-06-23 00:00:00
3441,HOG-03431,Termo 500 ml Brava Essential,Categoría: Hogar | Marca: Brava | Proveedor: Distribuidora Pacífico,302.29,303,0,2025-07-27 00:00:00,2025-07-27 00:00:00
3442,CUI-03432,Secadora Compacta Lumina Advance,Categoría: Cuidado personal | Marca: Lumina | Proveedor: Distribuidora Pacífico,1091.10,211,1,2026-04-08 00:00:00,2026-04-08 00:00:00
3443,HOG-03433,Lámpara de Escritorio Altura Lite,Categoría: Hogar | Marca: Altura | Proveedor: Distribuidora Nova,451.87,343,1,2024-07-15 00:00:00,2024-07-15 00:00:00
3444,CUI-03434,Crema Corporal Hidratante 400 ml Cobalto Pro,Categoría: Cuidado personal | Marca: Cobalto | Proveedor: Distribuidora Hidalgo,688.07,220,1,2025-05-15 00:00:00,2025-05-15 00:00:00
3445,OFI-03435,Cuaderno Cuadriculado Lumina Essential,Categoría: Oficina | Marca: Lumina | Proveedor: Distribuidora del Norte,5153.65,111,1,2025-09-25 00:00:00,2025-09-25 00:00:00
3446,CUI-03436,Rasuradora Corporal Altura Prime,Categoría: Cuidado personal | Marca: Altura | Proveedor: Distribuidora del Norte,2284.39,15,1,2024-09-01 00:00:00,2024-09-01 00:00:00
3447,HOG-03437,Lámpara LED Terra Classic,Categoría: Hogar | Marca: Terra | Proveedor: Distribuidora Central,1512.69,220,1,2025-05-19 00:00:00,2025-05-19 00:00:00
3448,CUI-03438,Rasuradora de Precisión Prisma Essential,Categoría: Cuidado personal | Marca: Prisma | Proveedor: Distribuidora Bajío,2320.84,253,1,2024-12-21 00:00:00,2024-12-21 00:00:00
3449,HOG-03439,Sartén de Acero 26 cm Cobalto Pro,Categoría: Hogar | Marca: Cobalto | Proveedor: Distribuidora Nova,626.15,193,1,2024-04-30 00:00:00,2024-04-30 00:00:00
3450,HOG-03440,Juego de Toallas Algodón Lumina Essential,Categoría: Hogar | Marca: Lumina | Proveedor: Distribuidora Central,842.41,225,1,2026-09-04 00:00:00,2026-09-04 00:00:00
3451,CUI-03441,Secadora Profesional Aurea Essential,Categoría: Cuidado personal | Marca: Aurea | Proveedor: Distribuidora Central,1214.14,236,1,2024-01-14 00:00:00,2024-01-14 00:00:00
3452,CUI-03442,Cepillo Dental Eléctrico Zenit Eco,Categoría: Cuidado personal | Marca: Zenit | Proveedor: Distribuidora Mexicana,1935.40,125,1,2026-02-23 00:00:00,2026-02-23 00:00:00
3453,ALI-03443,Aceite de Oliva 500 ml Nova Max,Categoría: Alimentos | Marca: Nova | Proveedor: Distribuidora Metropolitana,108.67,348,1,2025-06-19 00:00:00,2025-06-19 00:00:00
3454,ELE-03444,Cargador Doble Puerto Lumina Classic,Categoría: Electrónica | Marca: Lumina | Proveedor: Distribuidora Hidalgo,2346.48,286,1,2024-07-21 00:00:00,2024-07-21 00:00:00
3455,HOG-03445,Sartén Antiadherente 24 cm Nova Eco,Categoría: Hogar | Marca: Nova | Proveedor: Distribuidora Bajío,896.10,273,1,2024-10-27 00:00:00,2024-10-27 00:00:00
3456,ALI-03446,Galletas con Chocolate 300 g Aurea Advance,Categoría: Alimentos | Marca: Aurea | Proveedor: Distribuidora Nova,702.46,87,1,2025-04-24 00:00:00,2025-04-24 00:00:00
3457,ALI-03447,Café Descafeinado 400 g Nexo Pro,Categoría: Alimentos | Marca: Nexo | Proveedor: Distribuidora Mexicana,431.04,166,1,2025-12-03 00:00:00,2025-12-03 00:00:00
3458,OFI-03448,Calculadora Básica Marea Plus,Categoría: Oficina | Marca: Marea | Proveedor: Distribuidora Hidalgo,1296.82,58,0,2026-03-11 00:00:00,2026-03-11 00:00:00
3459,HOG-03449,Sartén de Acero 26 cm Nexo Select,Categoría: Hogar | Marca: Nexo | Proveedor: Distribuidora Nova,1115.64,277,1,2025-07-14 00:00:00,2025-07-14 00:00:00
3460,HOG-03450,Juego de Toallas 4 Piezas Vitta Select,Categoría: Hogar | Marca: Vitta | Proveedor: Distribuidora Pacífico,1366.17,16,1,2025-12-12 00:00:00,2025-12-12 00:00:00
3461,OFI-03451,Silla de Oficina Kairo Eco,Categoría: Oficina | Marca: Kairo | Proveedor: Distribuidora Hidalgo,2546.39,140,1,2026-01-25 00:00:00,2026-01-25 00:00:00
3462,ALI-03452,Pasta Spaghetti 500 g Zenit Select,Categoría: Alimentos | Marca: Zenit | Proveedor: Distribuidora Mexicana,405.11,45,1,2024-02-09 00:00:00,2024-02-09 00:00:00
3463,ELE-03453,Bocina Inteligente Prisma Pro,Categoría: Electrónica | Marca: Prisma | Proveedor: Distribuidora Hidalgo,2075.54,246,1,2024-02-08 00:00:00,2024-02-08 00:00:00
3464,OFI-03454,Memoria USB 128 GB Nova Lite,Categoría: Oficina | Marca: Nova | Proveedor: Distribuidora Pacífico,651.91,137,1,2026-03-29 00:00:00,2026-03-29 00:00:00
3465,DEP-03455,Tapete de Yoga 6 mm Kairo Select,Categoría: Deportes | Marca: Kairo | Proveedor: Distribuidora del Norte,2134.87,35,1,2025-02-28 00:00:00,2025-02-28 00:00:00
3466,ELE-03456,Audífonos USB-C Zenit Essential,Categoría: Electrónica | Marca: Zenit | Proveedor: Distribuidora del Norte,3029.15,192,1,2024-04-01 00:00:00,2024-04-01 00:00:00
3467,HOG-03457,Juego de Toallas Algodón Marea Prime,Categoría: Hogar | Marca: Marea | Proveedor: Distribuidora Pacífico,901.28,322,1,2025-01-23 00:00:00,2025-01-23 00:00:00
3468,OFI-03458,Mochila Impermeable Brava Eco,Categoría: Oficina | Marca: Brava | Proveedor: Distribuidora Nova,3056.11,130,1,2025-05-26 00:00:00,2025-05-26 00:00:00
3469,OFI-03459,Cuaderno de Notas Kairo Classic,Categoría: Oficina | Marca: Kairo | Proveedor: Distribuidora Pacífico,3803.55,161,1,2024-12-12 00:00:00,2024-12-12 00:00:00
3470,OFI-03460,Silla con Soporte Lumbar Nova Essential,Categoría: Oficina | Marca: Nova | Proveedor: Distribuidora del Norte,1411.89,3,1,2024-04-04 00:00:00,2024-04-04 00:00:00
3471,DEP-03461,Tapete de Yoga 8 mm Nativa Pro,Categoría: Deportes | Marca: Nativa | Proveedor: Distribuidora Hidalgo,2872.30,267,1,2026-03-30 00:00:00,2026-03-30 00:00:00
3472,OFI-03462,Mochila para Laptop 15.6 Cobalto Select,Categoría: Oficina | Marca: Cobalto | Proveedor: Distribuidora Nova,2364.41,271,1,2025-07-01 00:00:00,2025-07-01 00:00:00
3473,ELE-03463,Cargador Inalámbrico Cobalto Essential,Categoría: Electrónica | Marca: Cobalto | Proveedor: Distribuidora Nova,3431.46,299,0,2024-09-21 00:00:00,2024-09-21 00:00:00
3474,ALI-03464,Galletas con Chocolate 300 g Lumina Eco,Categoría: Alimentos | Marca: Lumina | Proveedor: Distribuidora Central,553.62,184,1,2025-07-10 00:00:00,2025-07-10 00:00:00
3475,HOG-03465,Juego de Toallas 6 Piezas Nova Select,Categoría: Hogar | Marca: Nova | Proveedor: Distribuidora Pacífico,744.73,270,1,2025-07-29 00:00:00,2025-07-29 00:00:00
3476,ALI-03466,Aceite de Aguacate 500 ml Altura Essential,Categoría: Alimentos | Marca: Altura | Proveedor: Distribuidora Bajío,559.86,88,1,2026-08-08 00:00:00,2026-08-08 00:00:00
3477,ALI-03467,Galletas Integrales 350 g Orion Classic,Categoría: Alimentos | Marca: Orion | Proveedor: Distribuidora Metropolitana,652.95,304,1,2024-09-18 00:00:00,2024-09-18 00:00:00
3478,ALI-03468,Aceite de Aguacate 500 ml Marea Classic,Categoría: Alimentos | Marca: Marea | Proveedor: Distribuidora Bajío,131.96,43,1,2026-05-12 00:00:00,2026-05-12 00:00:00
3479,OFI-03469,Silla Ejecutiva Nativa Prime,Categoría: Oficina | Marca: Nativa | Proveedor: Distribuidora Central,1040.27,3,1,2024-04-24 00:00:00,2024-04-24 00:00:00
3480,ALI-03470,Café Descafeinado 400 g Aurea Classic,Categoría: Alimentos | Marca: Aurea | Proveedor: Distribuidora Pacífico,261.87,296,1,2025-12-14 00:00:00,2025-12-14 00:00:00
3481,CUI-03471,Crema Corporal Hidratante 400 ml Marea Plus,Categoría: Cuidado personal | Marca: Marea | Proveedor: Distribuidora Nova,2292.58,108,1,2026-04-23 00:00:00,2026-04-23 00:00:00
3482,OFI-03472,Memoria USB USB 3.2 Lumina Essential,Categoría: Oficina | Marca: Lumina | Proveedor: Distribuidora Central,351.22,227,1,2025-04-21 00:00:00,2025-04-21 00:00:00
3483,ELE-03473,Teclado Compacto Marea Max,Categoría: Electrónica | Marca: Marea | Proveedor: Distribuidora Nova,1505.87,38,1,2024-02-11 00:00:00,2024-02-11 00:00:00
3484,CUI-03474,Cepillo Dental Pack 3 Lumina Classic,Categoría: Cuidado personal | Marca: Lumina | Proveedor: Distribuidora Nova,523.45,326,1,2024-11-16 00:00:00,2024-11-16 00:00:00
3485,HOG-03475,Termo 750 ml Aurea Max,Categoría: Hogar | Marca: Aurea | Proveedor: Distribuidora Bajío,487.94,273,1,2025-12-31 00:00:00,2025-12-31 00:00:00
3486,DEP-03476,Balón de Fútbol Aurea Essential,Categoría: Deportes | Marca: Aurea | Proveedor: Distribuidora Metropolitana,2761.26,212,1,2025-01-22 00:00:00,2025-01-22 00:00:00
3487,DEP-03477,Balón de Fútbol Lumina Prime,Categoría: Deportes | Marca: Lumina | Proveedor: Distribuidora del Norte,1595.37,66,1,2026-05-05 00:00:00,2026-05-05 00:00:00
3488,DEP-03478,Botella Deportiva con Popote Lumina Essential,Categoría: Deportes | Marca: Lumina | Proveedor: Distribuidora del Norte,1508.04,295,1,2024-04-28 00:00:00,2024-04-28 00:00:00
3489,ELE-03479,Audífonos USB-C Zenit Classic,Categoría: Electrónica | Marca: Zenit | Proveedor: Distribuidora del Norte,1001.84,332,1,2024-04-15 00:00:00,2024-04-15 00:00:00
3490,CUI-03480,Crema Corporal Hidratante 400 ml Cobalto Prime,Categoría: Cuidado personal | Marca: Cobalto | Proveedor: Distribuidora Pacífico,2248.87,88,1,2026-06-13 00:00:00,2026-06-13 00:00:00
3491,HOG-03481,Termo de Acero Inoxidable Nexo Select,Categoría: Hogar | Marca: Nexo | Proveedor: Distribuidora Bajío,1281.84,342,1,2024-10-26 00:00:00,2024-10-26 00:00:00
3492,ALI-03482,Aceite de Aguacate 500 ml Nova Essential,Categoría: Alimentos | Marca: Nova | Proveedor: Distribuidora del Norte,387.82,286,1,2025-10-09 00:00:00,2025-10-09 00:00:00
3493,HOG-03483,Organizador Multiusos Orion Pro,Categoría: Hogar | Marca: Orion | Proveedor: Distribuidora Central,288.44,332,1,2025-07-17 00:00:00,2025-07-17 00:00:00
3494,HOG-03484,Juego de Toallas Microfibra Altura Advance,Categoría: Hogar | Marca: Altura | Proveedor: Distribuidora Hidalgo,1069.02,207,0,2026-01-15 00:00:00,2026-01-15 00:00:00
3495,CUI-03485,Rasuradora Corporal Aurea Lite,Categoría: Cuidado personal | Marca: Aurea | Proveedor: Distribuidora Metropolitana,2779.04,292,1,2025-04-15 00:00:00,2025-04-15 00:00:00
3496,OFI-03486,Silla Ejecutiva Orion Essential,Categoría: Oficina | Marca: Orion | Proveedor: Distribuidora Bajío,4979.80,96,1,2024-01-10 00:00:00,2024-01-10 00:00:00
3497,ALI-03487,Galletas de Avena 300 g Cobalto Essential,Categoría: Alimentos | Marca: Cobalto | Proveedor: Distribuidora Central,652.51,249,1,2025-06-24 00:00:00,2025-06-24 00:00:00
3498,ALI-03488,Aceite Vegetal 1 L Urban Advance,Categoría: Alimentos | Marca: Urban | Proveedor: Distribuidora Bajío,198.99,18,1,2026-03-30 00:00:00,2026-03-30 00:00:00
3499,ALI-03489,Café en Grano 1 kg Terra Lite,Categoría: Alimentos | Marca: Terra | Proveedor: Distribuidora Hidalgo,235.00,79,1,2025-05-18 00:00:00,2025-05-18 00:00:00
3500,CUI-03490,Rasuradora de Precisión Nexo Advance,Categoría: Cuidado personal | Marca: Nexo | Proveedor: Distribuidora Bajío,1173.72,30,1,2026-03-28 00:00:00,2026-03-28 00:00:00
3501,OFI-03491,Calculadora Financiera Marea Max,Categoría: Oficina | Marca: Marea | Proveedor: Distribuidora Hidalgo,829.59,241,1,2025-01-04 00:00:00,2025-01-04 00:00:00
3502,ELE-03492,Cargador USB-C 45W Orion Max,Categoría: Electrónica | Marca: Orion | Proveedor: Distribuidora Bajío,3492.08,138,1,2025-05-03 00:00:00,2025-05-03 00:00:00
3503,ELE-03493,Audífonos Inalámbricos Kairo Prime,Categoría: Electrónica | Marca: Kairo | Proveedor: Distribuidora Central,2710.79,76,1,2024-07-09 00:00:00,2024-07-09 00:00:00
3504,HOG-03494,Juego de Toallas 4 Piezas Altura Select,Categoría: Hogar | Marca: Altura | Proveedor: Distribuidora Pacífico,381.52,199,1,2024-12-19 00:00:00,2024-12-19 00:00:00
3505,OFI-03495,Silla Ejecutiva Brava Essential,Categoría: Oficina | Marca: Brava | Proveedor: Distribuidora Bajío,3683.70,16,1,2026-02-10 00:00:00,2026-02-10 00:00:00
3506,OFI-03496,Cuaderno Cuadriculado Brava Prime,Categoría: Oficina | Marca: Brava | Proveedor: Distribuidora Metropolitana,551.13,263,1,2024-05-30 00:00:00,2024-05-30 00:00:00
3507,OFI-03497,Silla con Soporte Lumbar Nativa Prime,Categoría: Oficina | Marca: Nativa | Proveedor: Distribuidora Nova,763.63,175,1,2025-05-08 00:00:00,2025-05-08 00:00:00
3508,CUI-03498,Secadora Compacta Altura Prime,Categoría: Cuidado personal | Marca: Altura | Proveedor: Distribuidora Hidalgo,2359.91,107,1,2026-01-10 00:00:00,2026-01-10 00:00:00
3509,DEP-03499,Guantes de Ciclismo Aurea Pro,Categoría: Deportes | Marca: Aurea | Proveedor: Distribuidora Nova,1522.37,118,1,2024-09-21 00:00:00,2024-09-21 00:00:00
3510,CUI-03500,Cepillo Dental Eléctrico Nexo Lite,Categoría: Cuidado personal | Marca: Nexo | Proveedor: Distribuidora Nova,680.84,71,1,2025-05-24 00:00:00,2025-05-24 00:00:00
3511,HOG-03501,Sartén de Acero 26 cm Aurea Plus,Categoría: Hogar | Marca: Aurea | Proveedor: Distribuidora Bajío,164.54,117,1,2026-04-24 00:00:00,2026-04-24 00:00:00
3512,ALI-03502,Café Molido 500 g Kairo Pro,Categoría: Alimentos | Marca: Kairo | Proveedor: Distribuidora Central,531.95,128,1,2024-07-28 00:00:00,2024-07-28 00:00:00
3513,ELE-03503,Mouse Ergonómico Aurea Select,Categoría: Electrónica | Marca: Aurea | Proveedor: Distribuidora del Norte,3120.08,100,1,2025-10-09 00:00:00,2025-10-09 00:00:00
3514,CUI-03504,Crema Corporal Nutritiva 400 ml Terra Prime,Categoría: Cuidado personal | Marca: Terra | Proveedor: Distribuidora Mexicana,1142.81,42,1,2025-01-03 00:00:00,2025-01-03 00:00:00
3515,CUI-03505,Shampoo Anticaspa 650 ml Cobalto Select,Categoría: Cuidado personal | Marca: Cobalto | Proveedor: Distribuidora Metropolitana,1256.45,303,1,2026-02-09 00:00:00,2026-02-09 00:00:00
3516,ALI-03506,Café Descafeinado 400 g Urban Advance,Categoría: Alimentos | Marca: Urban | Proveedor: Distribuidora Central,534.85,276,1,2026-07-04 00:00:00,2026-07-04 00:00:00
3517,ALI-03507,Aceite de Aguacate 500 ml Prisma Prime,Categoría: Alimentos | Marca: Prisma | Proveedor: Distribuidora del Norte,262.74,73,1,2025-01-11 00:00:00,2025-01-11 00:00:00
3518,ALI-03508,Galletas de Avena 300 g Cobalto Advance,Categoría: Alimentos | Marca: Cobalto | Proveedor: Distribuidora Pacífico,542.59,222,1,2024-01-31 00:00:00,2024-01-31 00:00:00
3519,ALI-03509,Cereal de Avena 500 g Cobalto Select,Categoría: Alimentos | Marca: Cobalto | Proveedor: Distribuidora Hidalgo,526.31,308,1,2025-06-18 00:00:00,2025-06-18 00:00:00
3520,CUI-03510,Crema Corporal con Aloe 500 ml Vitta Lite,Categoría: Cuidado personal | Marca: Vitta | Proveedor: Distribuidora Central,2777.09,109,1,2024-08-14 00:00:00,2024-08-14 00:00:00
3521,CUI-03511,Secadora Profesional Aurea Select,Categoría: Cuidado personal | Marca: Aurea | Proveedor: Distribuidora Central,266.15,190,1,2024-08-31 00:00:00,2024-08-31 00:00:00
3522,CUI-03512,Secadora 2000 W Urban Prime,Categoría: Cuidado personal | Marca: Urban | Proveedor: Distribuidora Central,2242.33,41,1,2024-05-10 00:00:00,2024-05-10 00:00:00
3523,DEP-03513,Balón Entrenamiento Zenit Essential,Categoría: Deportes | Marca: Zenit | Proveedor: Distribuidora Nova,1262.52,234,1,2024-10-31 00:00:00,2024-10-31 00:00:00
3524,DEP-03514,Botella Deportiva con Popote Urban Select,Categoría: Deportes | Marca: Urban | Proveedor: Distribuidora Metropolitana,503.17,298,1,2026-01-11 00:00:00,2026-01-11 00:00:00
3525,ALI-03515,Café en Grano 1 kg Marea Pro,Categoría: Alimentos | Marca: Marea | Proveedor: Distribuidora Hidalgo,265.26,240,1,2024-06-21 00:00:00,2024-06-21 00:00:00
3526,OFI-03516,Calculadora Financiera Brava Max,Categoría: Oficina | Marca: Brava | Proveedor: Distribuidora Hidalgo,1794.12,293,1,2024-08-21 00:00:00,2024-08-21 00:00:00
3527,OFI-03517,Memoria USB 128 GB Kairo Essential,Categoría: Oficina | Marca: Kairo | Proveedor: Distribuidora Metropolitana,1234.14,288,1,2024-11-24 00:00:00,2024-11-24 00:00:00
3528,OFI-03518,Silla de Oficina Urban Prime,Categoría: Oficina | Marca: Urban | Proveedor: Distribuidora Central,1218.18,240,1,2025-06-09 00:00:00,2025-06-09 00:00:00
3529,ELE-03519,Audífonos Inalámbricos Lumina Essential,Categoría: Electrónica | Marca: Lumina | Proveedor: Distribuidora Nova,2367.33,239,1,2025-01-24 00:00:00,2025-01-24 00:00:00
3530,HOG-03520,Organizador Multiusos Zenit Max,Categoría: Hogar | Marca: Zenit | Proveedor: Distribuidora Mexicana,574.83,95,1,2026-08-27 00:00:00,2026-08-27 00:00:00
3531,OFI-03521,Memoria USB USB 3.2 Terra Advance,Categoría: Oficina | Marca: Terra | Proveedor: Distribuidora Hidalgo,1310.26,33,1,2025-11-14 00:00:00,2025-11-14 00:00:00
3532,ELE-03522,Cargador USB-C 20W Altura Advance,Categoría: Electrónica | Marca: Altura | Proveedor: Distribuidora Hidalgo,183.76,280,1,2025-02-09 00:00:00,2025-02-09 00:00:00
3533,ALI-03523,Café Descafeinado 400 g Aurea Pro,Categoría: Alimentos | Marca: Aurea | Proveedor: Distribuidora Bajío,344.93,155,1,2026-03-03 00:00:00,2026-03-03 00:00:00
3534,CUI-03524,Crema Corporal Nutritiva 400 ml Nativa Lite,Categoría: Cuidado personal | Marca: Nativa | Proveedor: Distribuidora Pacífico,1029.29,185,1,2024-04-03 00:00:00,2024-04-03 00:00:00
3535,DEP-03525,Botella Deportiva 750 ml Aurea Max,Categoría: Deportes | Marca: Aurea | Proveedor: Distribuidora Pacífico,370.48,212,1,2026-07-26 00:00:00,2026-07-26 00:00:00
3536,ALI-03526,Pasta Fusilli 500 g Orion Essential,Categoría: Alimentos | Marca: Orion | Proveedor: Distribuidora Nova,246.03,251,1,2026-01-02 00:00:00,2026-01-02 00:00:00
3537,DEP-03527,Guantes Deportivos Terra Max,Categoría: Deportes | Marca: Terra | Proveedor: Distribuidora Bajío,2395.98,119,1,2026-02-25 00:00:00,2026-02-25 00:00:00
3538,ELE-03528,Webcam con Micrófono Vitta Lite,Categoría: Electrónica | Marca: Vitta | Proveedor: Distribuidora Metropolitana,3309.34,15,1,2025-02-02 00:00:00,2025-02-02 00:00:00
3539,ELE-03529,Cargador USB-C 45W Cobalto Lite,Categoría: Electrónica | Marca: Cobalto | Proveedor: Distribuidora Bajío,2825.14,155,1,2025-03-29 00:00:00,2025-03-29 00:00:00
3540,CUI-03530,Secadora Iónica Cobalto Classic,Categoría: Cuidado personal | Marca: Cobalto | Proveedor: Distribuidora Metropolitana,721.14,135,1,2024-02-14 00:00:00,2024-02-14 00:00:00
3541,DEP-03531,Guantes Deportivos Aurea Lite,Categoría: Deportes | Marca: Aurea | Proveedor: Distribuidora Metropolitana,207.08,80,1,2024-02-29 00:00:00,2024-02-29 00:00:00
3542,ELE-03532,Cargador Doble Puerto Terra Eco,Categoría: Electrónica | Marca: Terra | Proveedor: Distribuidora Mexicana,2836.42,327,1,2024-09-28 00:00:00,2024-09-28 00:00:00
3543,OFI-03533,Mochila Antirrobo Terra Lite,Categoría: Oficina | Marca: Terra | Proveedor: Distribuidora Mexicana,2454.60,168,1,2024-04-24 00:00:00,2024-04-24 00:00:00
3544,ELE-03534,Webcam con Micrófono Zenit Essential,Categoría: Electrónica | Marca: Zenit | Proveedor: Distribuidora Bajío,2904.52,258,0,2024-03-06 00:00:00,2024-03-06 00:00:00
3545,CUI-03535,Shampoo Hidratante 750 ml Marea Classic,Categoría: Cuidado personal | Marca: Marea | Proveedor: Distribuidora Hidalgo,1200.60,148,0,2025-03-13 00:00:00,2025-03-13 00:00:00
3546,OFI-03536,Memoria USB 32 GB Aurea Max,Categoría: Oficina | Marca: Aurea | Proveedor: Distribuidora Pacífico,2434.68,225,1,2025-04-15 00:00:00,2025-04-15 00:00:00
3547,CUI-03537,Shampoo Reparador 700 ml Lumina Eco,Categoría: Cuidado personal | Marca: Lumina | Proveedor: Distribuidora del Norte,268.25,90,1,2026-04-11 00:00:00,2026-04-11 00:00:00
3548,HOG-03538,Termo Térmico Marea Prime,Categoría: Hogar | Marca: Marea | Proveedor: Distribuidora del Norte,1413.02,209,1,2025-10-15 00:00:00,2025-10-15 00:00:00
3549,ALI-03539,Café Molido 500 g Kairo Plus,Categoría: Alimentos | Marca: Kairo | Proveedor: Distribuidora Nova,267.92,308,1,2024-08-08 00:00:00,2024-08-08 00:00:00
3550,HOG-03540,Termo Térmico Zenit Essential,Categoría: Hogar | Marca: Zenit | Proveedor: Distribuidora Metropolitana,322.01,114,1,2024-11-19 00:00:00,2024-11-19 00:00:00
3551,ELE-03541,Teclado Compacto Nativa Select,Categoría: Electrónica | Marca: Nativa | Proveedor: Distribuidora del Norte,2794.89,5,1,2026-06-15 00:00:00,2026-06-15 00:00:00
3552,ELE-03542,Teclado Compacto Prisma Max,Categoría: Electrónica | Marca: Prisma | Proveedor: Distribuidora del Norte,466.17,277,1,2026-07-22 00:00:00,2026-07-22 00:00:00
3553,ELE-03543,Bocina Bluetooth Kairo Advance,Categoría: Electrónica | Marca: Kairo | Proveedor: Distribuidora del Norte,2052.48,296,1,2024-07-13 00:00:00,2024-07-13 00:00:00
3554,ALI-03544,Pasta Spaghetti 500 g Prisma Prime,Categoría: Alimentos | Marca: Prisma | Proveedor: Distribuidora Nova,118.51,48,1,2026-05-03 00:00:00,2026-05-03 00:00:00
3555,DEP-03545,Guantes con Muñequera Lumina Lite,Categoría: Deportes | Marca: Lumina | Proveedor: Distribuidora Bajío,1349.32,338,1,2024-03-19 00:00:00,2024-03-19 00:00:00
3556,CUI-03546,Shampoo Reparador 700 ml Kairo Advance,Categoría: Cuidado personal | Marca: Kairo | Proveedor: Distribuidora Nova,2655.57,305,1,2025-12-25 00:00:00,2025-12-25 00:00:00
3557,CUI-03547,Cepillo Dental Suave Nativa Plus,Categoría: Cuidado personal | Marca: Nativa | Proveedor: Distribuidora Mexicana,1697.85,42,1,2025-08-28 00:00:00,2025-08-28 00:00:00
3558,HOG-03548,Lámpara LED Terra Advance,Categoría: Hogar | Marca: Terra | Proveedor: Distribuidora Central,933.29,69,1,2025-07-30 00:00:00,2025-07-30 00:00:00
3559,OFI-03549,Cuaderno Profesional Aurea Max,Categoría: Oficina | Marca: Aurea | Proveedor: Distribuidora Bajío,5240.27,37,1,2025-05-22 00:00:00,2025-05-22 00:00:00
3560,CUI-03550,Cepillo Dental Eléctrico Vitta Max,Categoría: Cuidado personal | Marca: Vitta | Proveedor: Distribuidora Hidalgo,746.96,3,1,2025-02-13 00:00:00,2025-02-13 00:00:00
3561,ALI-03551,Cereal con Frutos 450 g Vitta Essential,Categoría: Alimentos | Marca: Vitta | Proveedor: Distribuidora Hidalgo,527.84,30,1,2025-08-29 00:00:00,2025-08-29 00:00:00
3562,OFI-03552,Cuaderno Cuadriculado Marea Max,Categoría: Oficina | Marca: Marea | Proveedor: Distribuidora del Norte,4053.39,86,1,2024-04-30 00:00:00,2024-04-30 00:00:00
3563,ELE-03553,Webcam Full HD Lumina Plus,Categoría: Electrónica | Marca: Lumina | Proveedor: Distribuidora Nova,2384.21,67,1,2026-06-14 00:00:00,2026-06-14 00:00:00
3564,CUI-03554,Crema Corporal Hidratante 400 ml Altura Pro,Categoría: Cuidado personal | Marca: Altura | Proveedor: Distribuidora Bajío,938.80,298,1,2025-08-17 00:00:00,2025-08-17 00:00:00
3565,HOG-03555,Lámpara Minimalista Vitta Select,Categoría: Hogar | Marca: Vitta | Proveedor: Distribuidora Metropolitana,357.35,145,1,2025-09-06 00:00:00,2025-09-06 00:00:00
3566,ALI-03556,Galletas con Chocolate 300 g Orion Essential,Categoría: Alimentos | Marca: Orion | Proveedor: Distribuidora del Norte,707.26,198,1,2025-08-07 00:00:00,2025-08-07 00:00:00
3567,CUI-03557,Shampoo Anticaspa 650 ml Prisma Essential,Categoría: Cuidado personal | Marca: Prisma | Proveedor: Distribuidora del Norte,991.77,45,1,2024-05-24 00:00:00,2024-05-24 00:00:00
3568,HOG-03558,Juego de Toallas Algodón Orion Eco,Categoría: Hogar | Marca: Orion | Proveedor: Distribuidora Central,1981.18,52,1,2024-09-16 00:00:00,2024-09-16 00:00:00
3569,DEP-03559,Botella Deportiva 750 ml Nativa Plus,Categoría: Deportes | Marca: Nativa | Proveedor: Distribuidora Nova,835.86,282,1,2024-10-06 00:00:00,2024-10-06 00:00:00
3570,OFI-03560,Calculadora Básica Prisma Essential,Categoría: Oficina | Marca: Prisma | Proveedor: Distribuidora Metropolitana,4926.83,5,1,2026-04-28 00:00:00,2026-04-28 00:00:00
3571,CUI-03561,Shampoo Anticaspa 650 ml Vitta Max,Categoría: Cuidado personal | Marca: Vitta | Proveedor: Distribuidora Hidalgo,767.31,203,1,2025-08-31 00:00:00,2025-08-31 00:00:00
3572,ALI-03562,Galletas con Chocolate 300 g Prisma Advance,Categoría: Alimentos | Marca: Prisma | Proveedor: Distribuidora Pacífico,531.09,249,1,2024-05-25 00:00:00,2024-05-25 00:00:00
3573,OFI-03563,Cuaderno Pasta Dura Vitta Advance,Categoría: Oficina | Marca: Vitta | Proveedor: Distribuidora Metropolitana,3958.87,148,1,2025-04-10 00:00:00,2025-04-10 00:00:00
3574,ALI-03564,Aceite de Aguacate 500 ml Nexo Prime,Categoría: Alimentos | Marca: Nexo | Proveedor: Distribuidora Pacífico,681.33,345,1,2025-04-10 00:00:00,2025-04-10 00:00:00
3575,DEP-03565,Guantes de Gimnasio Prisma Select,Categoría: Deportes | Marca: Prisma | Proveedor: Distribuidora Pacífico,219.65,200,1,2025-05-22 00:00:00,2025-05-22 00:00:00
3576,ALI-03566,Aceite de Oliva 500 ml Nativa Classic,Categoría: Alimentos | Marca: Nativa | Proveedor: Distribuidora Metropolitana,545.36,192,1,2025-08-19 00:00:00,2025-08-19 00:00:00
3577,HOG-03567,Juego de Toallas 4 Piezas Cobalto Eco,Categoría: Hogar | Marca: Cobalto | Proveedor: Distribuidora Hidalgo,284.22,199,1,2024-05-20 00:00:00,2024-05-20 00:00:00
3578,CUI-03568,Rasuradora de Precisión Nova Select,Categoría: Cuidado personal | Marca: Nova | Proveedor: Distribuidora Mexicana,894.45,267,1,2024-10-03 00:00:00,2024-10-03 00:00:00
3579,DEP-03569,Guantes con Muñequera Nativa Essential,Categoría: Deportes | Marca: Nativa | Proveedor: Distribuidora Hidalgo,452.56,189,1,2024-06-10 00:00:00,2024-06-10 00:00:00
3580,ALI-03570,Aceite Vegetal 1 L Kairo Essential,Categoría: Alimentos | Marca: Kairo | Proveedor: Distribuidora Bajío,147.40,186,1,2026-09-01 00:00:00,2026-09-01 00:00:00
3581,ELE-03571,Webcam 2K Marea Pro,Categoría: Electrónica | Marca: Marea | Proveedor: Distribuidora Metropolitana,1065.28,103,1,2024-06-04 00:00:00,2024-06-04 00:00:00
3582,ALI-03572,Aceite de Oliva 500 ml Nova Lite,Categoría: Alimentos | Marca: Nova | Proveedor: Distribuidora Pacífico,273.48,267,1,2025-09-06 00:00:00,2025-09-06 00:00:00
3583,ELE-03573,Bocina Portátil Orion Prime,Categoría: Electrónica | Marca: Orion | Proveedor: Distribuidora Metropolitana,3350.90,28,1,2026-03-02 00:00:00,2026-03-02 00:00:00
3584,ALI-03574,Pasta Fusilli 500 g Brava Prime,Categoría: Alimentos | Marca: Brava | Proveedor: Distribuidora Nova,179.19,44,1,2026-01-06 00:00:00,2026-01-06 00:00:00
3585,OFI-03575,Calculadora Financiera Nova Prime,Categoría: Oficina | Marca: Nova | Proveedor: Distribuidora Nova,3688.66,319,1,2024-10-22 00:00:00,2024-10-22 00:00:00
3586,HOG-03576,Organizador de Escritorio Orion Essential,Categoría: Hogar | Marca: Orion | Proveedor: Distribuidora Pacífico,1541.97,75,1,2026-07-27 00:00:00,2026-07-27 00:00:00
3587,ALI-03577,Cereal de Avena 500 g Orion Classic,Categoría: Alimentos | Marca: Orion | Proveedor: Distribuidora del Norte,728.39,328,1,2024-10-14 00:00:00,2024-10-14 00:00:00
3588,CUI-03578,Rasuradora 3 Cabezas Terra Select,Categoría: Cuidado personal | Marca: Terra | Proveedor: Distribuidora Bajío,1920.24,325,1,2026-06-15 00:00:00,2026-06-15 00:00:00
3589,CUI-03579,Secadora Iónica Kairo Essential,Categoría: Cuidado personal | Marca: Kairo | Proveedor: Distribuidora del Norte,2127.92,49,1,2025-03-13 00:00:00,2025-03-13 00:00:00
3590,HOG-03580,Organizador de Cocina Aurea Max,Categoría: Hogar | Marca: Aurea | Proveedor: Distribuidora del Norte,1585.96,289,1,2025-05-29 00:00:00,2025-05-29 00:00:00
3591,ELE-03581,Audífonos con Micrófono Vitta Classic,Categoría: Electrónica | Marca: Vitta | Proveedor: Distribuidora Metropolitana,693.79,209,1,2025-04-19 00:00:00,2025-04-19 00:00:00
3592,CUI-03582,Rasuradora 3 Cabezas Marea Prime,Categoría: Cuidado personal | Marca: Marea | Proveedor: Distribuidora Pacífico,1432.84,231,1,2026-03-05 00:00:00,2026-03-05 00:00:00
3593,OFI-03583,Mochila Impermeable Aurea Classic,Categoría: Oficina | Marca: Aurea | Proveedor: Distribuidora Mexicana,3030.53,272,1,2024-07-19 00:00:00,2024-07-19 00:00:00
3594,DEP-03584,Tapete de Yoga Antideslizante Kairo Classic,Categoría: Deportes | Marca: Kairo | Proveedor: Distribuidora Metropolitana,2265.25,65,1,2024-07-26 00:00:00,2024-07-26 00:00:00
3595,ELE-03585,Bocina Portátil Nova Prime,Categoría: Electrónica | Marca: Nova | Proveedor: Distribuidora Pacífico,303.31,127,1,2024-12-10 00:00:00,2024-12-10 00:00:00
3596,CUI-03586,Secadora Iónica Nativa Pro,Categoría: Cuidado personal | Marca: Nativa | Proveedor: Distribuidora Bajío,64.60,134,1,2025-02-10 00:00:00,2025-02-10 00:00:00
3597,DEP-03587,Balón de Fútbol Vitta Lite,Categoría: Deportes | Marca: Vitta | Proveedor: Distribuidora Pacífico,1677.81,253,1,2024-11-24 00:00:00,2024-11-24 00:00:00
3598,CUI-03588,Rasuradora Recargable Vitta Essential,Categoría: Cuidado personal | Marca: Vitta | Proveedor: Distribuidora Nova,1768.37,160,1,2024-03-14 00:00:00,2024-03-14 00:00:00
3599,HOG-03589,Juego de Toallas 6 Piezas Aurea Plus,Categoría: Hogar | Marca: Aurea | Proveedor: Distribuidora Hidalgo,977.83,69,1,2024-05-11 00:00:00,2024-05-11 00:00:00
3600,ALI-03590,Café Descafeinado 400 g Kairo Plus,Categoría: Alimentos | Marca: Kairo | Proveedor: Distribuidora Nova,223.86,134,1,2024-01-04 00:00:00,2024-01-04 00:00:00
3601,ELE-03591,Audífonos con Micrófono Lumina Classic,Categoría: Electrónica | Marca: Lumina | Proveedor: Distribuidora Mexicana,3237.62,182,1,2025-08-28 00:00:00,2025-08-28 00:00:00
3602,CUI-03592,Rasuradora Corporal Prisma Max,Categoría: Cuidado personal | Marca: Prisma | Proveedor: Distribuidora Nova,903.94,104,1,2024-03-11 00:00:00,2024-03-11 00:00:00
3603,CUI-03593,Rasuradora Recargable Orion Prime,Categoría: Cuidado personal | Marca: Orion | Proveedor: Distribuidora Pacífico,669.56,124,1,2026-03-15 00:00:00,2026-03-15 00:00:00
3604,DEP-03594,Tapete de Yoga con Correa Cobalto Essential,Categoría: Deportes | Marca: Cobalto | Proveedor: Distribuidora Nova,357.40,23,1,2026-03-21 00:00:00,2026-03-21 00:00:00
3605,HOG-03595,Sartén Antiadherente 28 cm Nativa Prime,Categoría: Hogar | Marca: Nativa | Proveedor: Distribuidora Metropolitana,1867.12,277,1,2026-04-13 00:00:00,2026-04-13 00:00:00
3606,DEP-03596,Botella Deportiva 750 ml Nativa Lite,Categoría: Deportes | Marca: Nativa | Proveedor: Distribuidora del Norte,1263.10,66,1,2025-01-10 00:00:00,2025-01-10 00:00:00
3607,HOG-03597,Juego de Toallas 6 Piezas Aurea Max,Categoría: Hogar | Marca: Aurea | Proveedor: Distribuidora Mexicana,1136.79,112,1,2025-05-17 00:00:00,2025-05-17 00:00:00
3608,CUI-03598,Shampoo Hidratante 750 ml Aurea Plus,Categoría: Cuidado personal | Marca: Aurea | Proveedor: Distribuidora Nova,486.13,95,1,2026-06-10 00:00:00,2026-06-10 00:00:00
3609,OFI-03599,Memoria USB 32 GB Cobalto Essential,Categoría: Oficina | Marca: Cobalto | Proveedor: Distribuidora del Norte,1763.59,105,1,2024-11-15 00:00:00,2024-11-15 00:00:00
3610,ALI-03600,Galletas de Avena 300 g Zenit Lite,Categoría: Alimentos | Marca: Zenit | Proveedor: Distribuidora Bajío,383.61,235,1,2026-01-10 00:00:00,2026-01-10 00:00:00
3611,OFI-03601,Cuaderno Cuadriculado Nova Select,Categoría: Oficina | Marca: Nova | Proveedor: Distribuidora Metropolitana,2436.64,210,0,2025-02-15 00:00:00,2025-02-15 00:00:00
3612,ALI-03602,Aceite de Aguacate 500 ml Vitta Pro,Categoría: Alimentos | Marca: Vitta | Proveedor: Distribuidora Mexicana,686.62,281,1,2024-05-03 00:00:00,2024-05-03 00:00:00
3613,HOG-03603,Termo 750 ml Orion Advance,Categoría: Hogar | Marca: Orion | Proveedor: Distribuidora Hidalgo,2085.16,108,1,2026-06-04 00:00:00,2026-06-04 00:00:00
3614,HOG-03604,Juego de Toallas 6 Piezas Cobalto Pro,Categoría: Hogar | Marca: Cobalto | Proveedor: Distribuidora Nova,1111.52,110,1,2024-07-21 00:00:00,2024-07-21 00:00:00
3615,OFI-03605,Calculadora Financiera Nexo Essential,Categoría: Oficina | Marca: Nexo | Proveedor: Distribuidora Hidalgo,5403.40,205,1,2024-02-03 00:00:00,2024-02-03 00:00:00
3616,CUI-03606,Cepillo Dental Medio Orion Pro,Categoría: Cuidado personal | Marca: Orion | Proveedor: Distribuidora Pacífico,602.37,334,1,2024-07-29 00:00:00,2024-07-29 00:00:00
3617,CUI-03607,Cepillo Dental Suave Orion Lite,Categoría: Cuidado personal | Marca: Orion | Proveedor: Distribuidora Metropolitana,1856.65,221,1,2024-04-10 00:00:00,2024-04-10 00:00:00
3618,OFI-03608,Mochila para Laptop 15.6 Nova Eco,Categoría: Oficina | Marca: Nova | Proveedor: Distribuidora del Norte,4504.19,239,1,2025-04-30 00:00:00,2025-04-30 00:00:00
3619,ELE-03609,Mouse Ergonómico Zenit Classic,Categoría: Electrónica | Marca: Zenit | Proveedor: Distribuidora del Norte,2245.83,270,1,2024-03-26 00:00:00,2024-03-26 00:00:00
3620,ALI-03610,Pasta Fusilli 500 g Prisma Prime,Categoría: Alimentos | Marca: Prisma | Proveedor: Distribuidora Metropolitana,596.30,282,1,2025-08-09 00:00:00,2025-08-09 00:00:00
3621,HOG-03611,Lámpara LED Nativa Advance,Categoría: Hogar | Marca: Nativa | Proveedor: Distribuidora Nova,1905.39,53,1,2026-02-20 00:00:00,2026-02-20 00:00:00
3622,HOG-03612,Juego de Toallas 6 Piezas Nativa Pro,Categoría: Hogar | Marca: Nativa | Proveedor: Distribuidora Hidalgo,1262.04,236,1,2025-06-16 00:00:00,2025-06-16 00:00:00
3623,DEP-03613,Mancuerna 10 kg Prisma Lite,Categoría: Deportes | Marca: Prisma | Proveedor: Distribuidora Pacífico,1326.17,106,1,2024-04-01 00:00:00,2024-04-01 00:00:00
3624,CUI-03614,Shampoo Reparador 700 ml Prisma Select,Categoría: Cuidado personal | Marca: Prisma | Proveedor: Distribuidora Central,2177.78,284,1,2025-07-14 00:00:00,2025-07-14 00:00:00
3625,OFI-03615,Mochila Impermeable Nativa Pro,Categoría: Oficina | Marca: Nativa | Proveedor: Distribuidora Central,1180.02,311,1,2025-11-26 00:00:00,2025-11-26 00:00:00
3626,DEP-03616,Botella Deportiva con Popote Nova Essential,Categoría: Deportes | Marca: Nova | Proveedor: Distribuidora Nova,362.47,41,1,2025-09-16 00:00:00,2025-09-16 00:00:00
3627,OFI-03617,Memoria USB 32 GB Kairo Classic,Categoría: Oficina | Marca: Kairo | Proveedor: Distribuidora Hidalgo,1128.97,101,1,2024-09-14 00:00:00,2024-09-14 00:00:00
3628,HOG-03618,Lámpara de Noche Nova Plus,Categoría: Hogar | Marca: Nova | Proveedor: Distribuidora Hidalgo,85.14,268,1,2024-04-09 00:00:00,2024-04-09 00:00:00
3629,DEP-03619,Mancuerna Hexagonal Nova Classic,Categoría: Deportes | Marca: Nova | Proveedor: Distribuidora del Norte,2531.20,337,1,2024-12-16 00:00:00,2024-12-16 00:00:00
3630,DEP-03620,Tapete de Yoga 6 mm Zenit Max,Categoría: Deportes | Marca: Zenit | Proveedor: Distribuidora Hidalgo,1873.11,293,1,2025-04-17 00:00:00,2025-04-17 00:00:00
3631,DEP-03621,Balón de Básquetbol Altura Advance,Categoría: Deportes | Marca: Altura | Proveedor: Distribuidora Central,2054.95,60,1,2026-03-31 00:00:00,2026-03-31 00:00:00
3632,HOG-03622,Juego de Toallas 4 Piezas Urban Classic,Categoría: Hogar | Marca: Urban | Proveedor: Distribuidora Central,620.40,88,1,2025-01-07 00:00:00,2025-01-07 00:00:00
3633,DEP-03623,Guantes con Muñequera Nexo Classic,Categoría: Deportes | Marca: Nexo | Proveedor: Distribuidora Bajío,2740.51,317,1,2024-04-16 00:00:00,2024-04-16 00:00:00
3634,ALI-03624,Pasta Penne 500 g Cobalto Advance,Categoría: Alimentos | Marca: Cobalto | Proveedor: Distribuidora Bajío,176.29,250,1,2024-01-08 00:00:00,2024-01-08 00:00:00
3635,ALI-03625,Pasta Penne 500 g Orion Max,Categoría: Alimentos | Marca: Orion | Proveedor: Distribuidora Mexicana,548.17,105,1,2026-01-17 00:00:00,2026-01-17 00:00:00
3636,DEP-03626,Botella Deportiva Térmica Marea Eco,Categoría: Deportes | Marca: Marea | Proveedor: Distribuidora Hidalgo,1568.40,274,1,2026-02-11 00:00:00,2026-02-11 00:00:00
3637,CUI-03627,Cepillo Dental Eléctrico Aurea Prime,Categoría: Cuidado personal | Marca: Aurea | Proveedor: Distribuidora Pacífico,1424.63,245,1,2026-04-29 00:00:00,2026-04-29 00:00:00
3638,ALI-03628,Cereal con Frutos 450 g Terra Classic,Categoría: Alimentos | Marca: Terra | Proveedor: Distribuidora Mexicana,708.99,26,1,2025-01-26 00:00:00,2025-01-26 00:00:00
3639,DEP-03629,Balón Entrenamiento Urban Prime,Categoría: Deportes | Marca: Urban | Proveedor: Distribuidora Metropolitana,1819.08,135,1,2025-06-14 00:00:00,2025-06-14 00:00:00
3640,ALI-03630,Aceite de Aguacate 500 ml Terra Advance,Categoría: Alimentos | Marca: Terra | Proveedor: Distribuidora del Norte,514.95,226,1,2024-12-23 00:00:00,2024-12-23 00:00:00
3641,ALI-03631,Cereal con Frutos 450 g Cobalto Classic,Categoría: Alimentos | Marca: Cobalto | Proveedor: Distribuidora Central,693.38,331,1,2026-01-04 00:00:00,2026-01-04 00:00:00
3642,OFI-03632,Cuaderno Pasta Dura Brava Max,Categoría: Oficina | Marca: Brava | Proveedor: Distribuidora Central,2988.10,307,1,2025-07-26 00:00:00,2025-07-26 00:00:00
3643,ALI-03633,Galletas con Chocolate 300 g Zenit Prime,Categoría: Alimentos | Marca: Zenit | Proveedor: Distribuidora Pacífico,704.96,328,1,2024-12-06 00:00:00,2024-12-06 00:00:00
3644,HOG-03634,Juego de Toallas 6 Piezas Terra Lite,Categoría: Hogar | Marca: Terra | Proveedor: Distribuidora Bajío,2176.90,16,0,2025-06-21 00:00:00,2025-06-21 00:00:00
3645,HOG-03635,Termo 750 ml Aurea Lite,Categoría: Hogar | Marca: Aurea | Proveedor: Distribuidora Nova,978.93,206,1,2024-07-10 00:00:00,2024-07-10 00:00:00
3646,ELE-03636,Teclado RGB Zenit Classic,Categoría: Electrónica | Marca: Zenit | Proveedor: Distribuidora Central,3418.66,268,1,2025-12-14 00:00:00,2025-12-14 00:00:00
3647,ELE-03637,Bocina Portátil Cobalto Select,Categoría: Electrónica | Marca: Cobalto | Proveedor: Distribuidora del Norte,334.46,140,0,2024-12-26 00:00:00,2024-12-26 00:00:00
3648,DEP-03638,Tapete de Yoga 8 mm Terra Essential,Categoría: Deportes | Marca: Terra | Proveedor: Distribuidora Mexicana,1003.40,23,1,2025-02-21 00:00:00,2025-02-21 00:00:00
3649,HOG-03639,Termo Térmico Urban Select,Categoría: Hogar | Marca: Urban | Proveedor: Distribuidora Hidalgo,568.06,149,1,2025-04-23 00:00:00,2025-04-23 00:00:00
3650,DEP-03640,Mancuerna Hexagonal Urban Essential,Categoría: Deportes | Marca: Urban | Proveedor: Distribuidora Bajío,809.63,69,1,2024-07-20 00:00:00,2024-07-20 00:00:00
3651,CUI-03641,Secadora Profesional Terra Plus,Categoría: Cuidado personal | Marca: Terra | Proveedor: Distribuidora Central,969.45,75,1,2025-12-26 00:00:00,2025-12-26 00:00:00
3652,CUI-03642,Cepillo Dental Suave Altura Plus,Categoría: Cuidado personal | Marca: Altura | Proveedor: Distribuidora Bajío,103.24,321,0,2025-03-22 00:00:00,2025-03-22 00:00:00
3653,CUI-03643,Shampoo Reparador 700 ml Marea Plus,Categoría: Cuidado personal | Marca: Marea | Proveedor: Distribuidora Pacífico,1123.85,265,1,2025-08-29 00:00:00,2025-08-29 00:00:00
3654,DEP-03644,Guantes con Muñequera Aurea Lite,Categoría: Deportes | Marca: Aurea | Proveedor: Distribuidora Central,660.27,120,1,2025-03-13 00:00:00,2025-03-13 00:00:00
3655,OFI-03645,Mochila Antirrobo Cobalto Prime,Categoría: Oficina | Marca: Cobalto | Proveedor: Distribuidora Nova,1642.84,242,1,2026-05-25 00:00:00,2026-05-25 00:00:00
3656,OFI-03646,Mochila Impermeable Altura Pro,Categoría: Oficina | Marca: Altura | Proveedor: Distribuidora Hidalgo,4570.78,14,1,2026-05-31 00:00:00,2026-05-31 00:00:00
3657,OFI-03647,Silla con Soporte Lumbar Altura Max,Categoría: Oficina | Marca: Altura | Proveedor: Distribuidora del Norte,543.11,277,1,2026-08-22 00:00:00,2026-08-22 00:00:00
3658,HOG-03648,Organizador de Baño Orion Select,Categoría: Hogar | Marca: Orion | Proveedor: Distribuidora Nova,1458.36,65,1,2025-05-18 00:00:00,2025-05-18 00:00:00
3659,OFI-03649,Memoria USB 128 GB Orion Select,Categoría: Oficina | Marca: Orion | Proveedor: Distribuidora Bajío,5457.63,127,1,2025-02-25 00:00:00,2025-02-25 00:00:00
3660,DEP-03650,Botella Deportiva con Popote Nova Max,Categoría: Deportes | Marca: Nova | Proveedor: Distribuidora Hidalgo,1773.25,22,1,2026-05-15 00:00:00,2026-05-15 00:00:00
3661,ELE-03651,Audífonos con Micrófono Terra Essential,Categoría: Electrónica | Marca: Terra | Proveedor: Distribuidora Nova,1810.46,232,1,2026-02-18 00:00:00,2026-02-18 00:00:00
3662,ALI-03652,Pasta Penne 500 g Terra Lite,Categoría: Alimentos | Marca: Terra | Proveedor: Distribuidora Nova,774.99,5,1,2024-09-17 00:00:00,2024-09-17 00:00:00
3663,OFI-03653,Silla Ejecutiva Urban Prime,Categoría: Oficina | Marca: Urban | Proveedor: Distribuidora Central,3970.85,347,1,2026-06-07 00:00:00,2026-06-07 00:00:00
3664,OFI-03654,Memoria USB 64 GB Nativa Pro,Categoría: Oficina | Marca: Nativa | Proveedor: Distribuidora Central,3100.93,314,1,2024-07-12 00:00:00,2024-07-12 00:00:00
3665,DEP-03655,Guantes de Ciclismo Zenit Classic,Categoría: Deportes | Marca: Zenit | Proveedor: Distribuidora Hidalgo,804.00,42,1,2025-05-19 00:00:00,2025-05-19 00:00:00
3666,OFI-03656,Memoria USB 128 GB Terra Classic,Categoría: Oficina | Marca: Terra | Proveedor: Distribuidora Metropolitana,5335.55,282,1,2026-01-30 00:00:00,2026-01-30 00:00:00
3667,ELE-03657,Teclado Inalámbrico Altura Max,Categoría: Electrónica | Marca: Altura | Proveedor: Distribuidora Hidalgo,2247.22,190,1,2024-01-06 00:00:00,2024-01-06 00:00:00
3668,OFI-03658,Mochila Impermeable Altura Plus,Categoría: Oficina | Marca: Altura | Proveedor: Distribuidora Nova,4467.55,81,1,2026-05-03 00:00:00,2026-05-03 00:00:00
3669,ELE-03659,Teclado RGB Zenit Select,Categoría: Electrónica | Marca: Zenit | Proveedor: Distribuidora Mexicana,882.47,307,1,2026-07-21 00:00:00,2026-07-21 00:00:00
3670,DEP-03660,Mancuerna Ajustable Nova Select,Categoría: Deportes | Marca: Nova | Proveedor: Distribuidora del Norte,174.41,305,1,2026-04-02 00:00:00,2026-04-02 00:00:00
3671,ELE-03661,Teclado RGB Aurea Pro,Categoría: Electrónica | Marca: Aurea | Proveedor: Distribuidora Metropolitana,235.28,74,1,2024-08-08 00:00:00,2024-08-08 00:00:00
3672,OFI-03662,Cuaderno Profesional Kairo Pro,Categoría: Oficina | Marca: Kairo | Proveedor: Distribuidora Mexicana,1230.65,340,0,2025-12-17 00:00:00,2025-12-17 00:00:00
3673,ALI-03663,Aceite Vegetal 1 L Vitta Essential,Categoría: Alimentos | Marca: Vitta | Proveedor: Distribuidora Central,257.94,63,1,2025-08-03 00:00:00,2025-08-03 00:00:00
3674,ELE-03664,Mouse Gaming Kairo Max,Categoría: Electrónica | Marca: Kairo | Proveedor: Distribuidora Metropolitana,877.67,264,1,2025-03-30 00:00:00,2025-03-30 00:00:00
3675,DEP-03665,Guantes con Muñequera Aurea Advance,Categoría: Deportes | Marca: Aurea | Proveedor: Distribuidora Pacífico,2450.02,76,1,2026-04-30 00:00:00,2026-04-30 00:00:00
3676,ALI-03666,Pasta Spaghetti 500 g Orion Prime,Categoría: Alimentos | Marca: Orion | Proveedor: Distribuidora Mexicana,689.11,274,1,2025-05-12 00:00:00,2025-05-12 00:00:00
3677,ALI-03667,Cereal de Avena 500 g Vitta Eco,Categoría: Alimentos | Marca: Vitta | Proveedor: Distribuidora Metropolitana,746.21,67,1,2026-06-07 00:00:00,2026-06-07 00:00:00
3678,CUI-03668,Cepillo Dental Medio Prisma Prime,Categoría: Cuidado personal | Marca: Prisma | Proveedor: Distribuidora del Norte,1825.52,214,1,2024-12-10 00:00:00,2024-12-10 00:00:00
3679,CUI-03669,Shampoo Hidratante 750 ml Altura Lite,Categoría: Cuidado personal | Marca: Altura | Proveedor: Distribuidora Metropolitana,386.31,216,1,2026-05-15 00:00:00,2026-05-15 00:00:00
3680,ALI-03670,Galletas Integrales 350 g Zenit Plus,Categoría: Alimentos | Marca: Zenit | Proveedor: Distribuidora Central,547.61,173,1,2026-04-24 00:00:00,2026-04-24 00:00:00
3681,OFI-03671,Memoria USB 128 GB Orion Prime,Categoría: Oficina | Marca: Orion | Proveedor: Distribuidora Mexicana,4431.03,261,1,2025-11-01 00:00:00,2025-11-01 00:00:00
3682,DEP-03672,Mancuerna 5 kg Brava Prime,Categoría: Deportes | Marca: Brava | Proveedor: Distribuidora Metropolitana,166.88,211,1,2024-12-20 00:00:00,2024-12-20 00:00:00
3683,CUI-03673,Crema Corporal con Aloe 500 ml Marea Lite,Categoría: Cuidado personal | Marca: Marea | Proveedor: Distribuidora Mexicana,1451.69,31,1,2025-11-10 00:00:00,2025-11-10 00:00:00
3684,DEP-03674,Mancuerna Ajustable Cobalto Max,Categoría: Deportes | Marca: Cobalto | Proveedor: Distribuidora Pacífico,1915.27,252,1,2025-01-16 00:00:00,2025-01-16 00:00:00
3685,HOG-03675,Sartén Antiadherente 28 cm Orion Pro,Categoría: Hogar | Marca: Orion | Proveedor: Distribuidora Mexicana,603.72,229,1,2026-05-21 00:00:00,2026-05-21 00:00:00
3686,CUI-03676,Crema Corporal con Aloe 500 ml Nativa Advance,Categoría: Cuidado personal | Marca: Nativa | Proveedor: Distribuidora Central,151.13,252,1,2025-12-28 00:00:00,2025-12-28 00:00:00
3687,OFI-03677,Calculadora Básica Kairo Advance,Categoría: Oficina | Marca: Kairo | Proveedor: Distribuidora Bajío,4138.17,213,1,2026-07-06 00:00:00,2026-07-06 00:00:00
3688,ALI-03678,Café Descafeinado 400 g Urban Pro,Categoría: Alimentos | Marca: Urban | Proveedor: Distribuidora Metropolitana,177.85,288,1,2026-03-18 00:00:00,2026-03-18 00:00:00
3689,DEP-03679,Botella Deportiva 1 L Marea Prime,Categoría: Deportes | Marca: Marea | Proveedor: Distribuidora Central,1794.62,175,1,2026-08-10 00:00:00,2026-08-10 00:00:00
3690,DEP-03680,Balón Entrenamiento Terra Advance,Categoría: Deportes | Marca: Terra | Proveedor: Distribuidora Hidalgo,2225.63,10,1,2024-11-04 00:00:00,2024-11-04 00:00:00
3691,HOG-03681,Organizador de Baño Vitta Max,Categoría: Hogar | Marca: Vitta | Proveedor: Distribuidora del Norte,1040.47,101,1,2026-08-22 00:00:00,2026-08-22 00:00:00
3692,OFI-03682,Cuaderno de Notas Terra Plus,Categoría: Oficina | Marca: Terra | Proveedor: Distribuidora Central,2995.75,326,1,2024-02-27 00:00:00,2024-02-27 00:00:00
3693,OFI-03683,Calculadora de Escritorio Kairo Prime,Categoría: Oficina | Marca: Kairo | Proveedor: Distribuidora Metropolitana,2156.08,172,1,2026-08-03 00:00:00,2026-08-03 00:00:00
3694,HOG-03684,Lámpara Minimalista Aurea Select,Categoría: Hogar | Marca: Aurea | Proveedor: Distribuidora Bajío,981.69,336,1,2025-12-17 00:00:00,2025-12-17 00:00:00
3695,DEP-03685,Balón de Fútbol Prisma Essential,Categoría: Deportes | Marca: Prisma | Proveedor: Distribuidora del Norte,966.43,297,1,2024-01-31 00:00:00,2024-01-31 00:00:00
3696,ALI-03686,Café Americano 500 g Aurea Plus,Categoría: Alimentos | Marca: Aurea | Proveedor: Distribuidora Metropolitana,391.60,189,1,2025-11-27 00:00:00,2025-11-27 00:00:00
3697,OFI-03687,Mochila para Laptop 15.6 Cobalto Advance,Categoría: Oficina | Marca: Cobalto | Proveedor: Distribuidora Hidalgo,1415.75,200,0,2026-06-27 00:00:00,2026-06-27 00:00:00
3698,CUI-03688,Crema Corporal Hidratante 400 ml Urban Essential,Categoría: Cuidado personal | Marca: Urban | Proveedor: Distribuidora Metropolitana,1486.75,265,1,2025-10-23 00:00:00,2025-10-23 00:00:00
3699,ELE-03689,Audífonos USB-C Prisma Lite,Categoría: Electrónica | Marca: Prisma | Proveedor: Distribuidora del Norte,808.63,40,1,2024-04-20 00:00:00,2024-04-20 00:00:00
3700,HOG-03690,Organizador de Cocina Nexo Eco,Categoría: Hogar | Marca: Nexo | Proveedor: Distribuidora Nova,768.79,16,1,2025-12-03 00:00:00,2025-12-03 00:00:00
3701,HOG-03691,Organizador de Baño Brava Max,Categoría: Hogar | Marca: Brava | Proveedor: Distribuidora Central,1500.59,94,1,2025-11-12 00:00:00,2025-11-12 00:00:00
3702,HOG-03692,Termo Térmico Nexo Plus,Categoría: Hogar | Marca: Nexo | Proveedor: Distribuidora Nova,1433.23,314,1,2025-06-24 00:00:00,2025-06-24 00:00:00
3703,DEP-03693,Guantes de Gimnasio Urban Max,Categoría: Deportes | Marca: Urban | Proveedor: Distribuidora Pacífico,1346.93,127,1,2026-06-20 00:00:00,2026-06-20 00:00:00
3704,HOG-03694,Lámpara LED Kairo Lite,Categoría: Hogar | Marca: Kairo | Proveedor: Distribuidora Pacífico,1771.45,95,1,2024-07-09 00:00:00,2024-07-09 00:00:00
3705,DEP-03695,Balón de Voleibol Nativa Classic,Categoría: Deportes | Marca: Nativa | Proveedor: Distribuidora Pacífico,522.30,211,1,2024-10-08 00:00:00,2024-10-08 00:00:00
3706,OFI-03696,Silla Ejecutiva Nexo Max,Categoría: Oficina | Marca: Nexo | Proveedor: Distribuidora Hidalgo,3609.05,222,1,2024-09-02 00:00:00,2024-09-02 00:00:00
3707,ALI-03697,Pasta Fusilli 500 g Lumina Lite,Categoría: Alimentos | Marca: Lumina | Proveedor: Distribuidora Pacífico,392.16,154,1,2025-09-16 00:00:00,2025-09-16 00:00:00
3708,OFI-03698,Silla con Soporte Lumbar Lumina Classic,Categoría: Oficina | Marca: Lumina | Proveedor: Distribuidora Hidalgo,5595.02,131,1,2026-04-15 00:00:00,2026-04-15 00:00:00
3709,CUI-03699,Secadora 2000 W Brava Plus,Categoría: Cuidado personal | Marca: Brava | Proveedor: Distribuidora Hidalgo,2276.77,169,1,2025-02-17 00:00:00,2025-02-17 00:00:00
3710,HOG-03700,Organizador Multiusos Nova Pro,Categoría: Hogar | Marca: Nova | Proveedor: Distribuidora Central,1595.38,298,1,2026-05-17 00:00:00,2026-05-17 00:00:00
3711,CUI-03701,Rasuradora Corporal Zenit Eco,Categoría: Cuidado personal | Marca: Zenit | Proveedor: Distribuidora del Norte,1197.00,265,1,2026-07-07 00:00:00,2026-07-07 00:00:00
3712,CUI-03702,Crema Corporal Hidratante 400 ml Vitta Select,Categoría: Cuidado personal | Marca: Vitta | Proveedor: Distribuidora Mexicana,1876.38,332,1,2024-09-29 00:00:00,2024-09-29 00:00:00
3713,DEP-03703,Tapete de Yoga 8 mm Altura Select,Categoría: Deportes | Marca: Altura | Proveedor: Distribuidora Bajío,1450.04,117,1,2025-12-24 00:00:00,2025-12-24 00:00:00
3714,OFI-03704,Cuaderno Cuadriculado Lumina Select,Categoría: Oficina | Marca: Lumina | Proveedor: Distribuidora Pacífico,3104.56,251,1,2025-12-24 00:00:00,2025-12-24 00:00:00
3715,CUI-03705,Cepillo Dental Eléctrico Brava Essential,Categoría: Cuidado personal | Marca: Brava | Proveedor: Distribuidora Metropolitana,2601.38,168,1,2025-08-21 00:00:00,2025-08-21 00:00:00
3716,OFI-03706,Silla con Soporte Lumbar Prisma Max,Categoría: Oficina | Marca: Prisma | Proveedor: Distribuidora Central,3031.41,287,1,2024-02-25 00:00:00,2024-02-25 00:00:00
3717,OFI-03707,Cuaderno de Notas Zenit Max,Categoría: Oficina | Marca: Zenit | Proveedor: Distribuidora Pacífico,3921.49,133,1,2026-08-21 00:00:00,2026-08-21 00:00:00
3718,HOG-03708,Juego de Toallas 4 Piezas Nexo Max,Categoría: Hogar | Marca: Nexo | Proveedor: Distribuidora del Norte,167.14,210,1,2024-09-18 00:00:00,2024-09-18 00:00:00
3719,OFI-03709,Mochila Antirrobo Terra Pro,Categoría: Oficina | Marca: Terra | Proveedor: Distribuidora Mexicana,287.34,149,1,2024-03-30 00:00:00,2024-03-30 00:00:00
3720,CUI-03710,Rasuradora de Precisión Terra Max,Categoría: Cuidado personal | Marca: Terra | Proveedor: Distribuidora Mexicana,2015.10,188,1,2024-02-21 00:00:00,2024-02-21 00:00:00
3721,ELE-03711,Webcam Full HD Prisma Essential,Categoría: Electrónica | Marca: Prisma | Proveedor: Distribuidora Metropolitana,2843.96,209,1,2025-10-04 00:00:00,2025-10-04 00:00:00
3722,HOG-03712,Sartén de Acero 26 cm Marea Essential,Categoría: Hogar | Marca: Marea | Proveedor: Distribuidora Pacífico,1394.08,320,1,2024-07-11 00:00:00,2024-07-11 00:00:00
3723,HOG-03713,Termo Térmico Urban Eco,Categoría: Hogar | Marca: Urban | Proveedor: Distribuidora Mexicana,1797.73,104,1,2026-05-24 00:00:00,2026-05-24 00:00:00
3724,CUI-03714,Shampoo Anticaspa 650 ml Vitta Select,Categoría: Cuidado personal | Marca: Vitta | Proveedor: Distribuidora Central,608.07,49,0,2025-02-15 00:00:00,2025-02-15 00:00:00
3725,ALI-03715,Galletas con Chocolate 300 g Lumina Max,Categoría: Alimentos | Marca: Lumina | Proveedor: Distribuidora Mexicana,58.45,186,1,2024-05-09 00:00:00,2024-05-09 00:00:00
3726,CUI-03716,Cepillo Dental Pack 3 Cobalto Classic,Categoría: Cuidado personal | Marca: Cobalto | Proveedor: Distribuidora Metropolitana,1643.36,208,1,2025-09-24 00:00:00,2025-09-24 00:00:00
3727,OFI-03717,Mochila Impermeable Nova Pro,Categoría: Oficina | Marca: Nova | Proveedor: Distribuidora Hidalgo,2130.43,317,1,2024-04-07 00:00:00,2024-04-07 00:00:00
3728,OFI-03718,Mochila Antirrobo Aurea Essential,Categoría: Oficina | Marca: Aurea | Proveedor: Distribuidora Bajío,1896.43,3,1,2025-05-05 00:00:00,2025-05-05 00:00:00
3729,ALI-03719,Pasta Spaghetti 500 g Brava Essential,Categoría: Alimentos | Marca: Brava | Proveedor: Distribuidora Mexicana,356.35,5,1,2026-07-07 00:00:00,2026-07-07 00:00:00
3730,HOG-03720,Lámpara Minimalista Cobalto Classic,Categoría: Hogar | Marca: Cobalto | Proveedor: Distribuidora Bajío,899.75,102,1,2024-04-22 00:00:00,2024-04-22 00:00:00
3731,DEP-03721,Tapete de Yoga 8 mm Altura Classic,Categoría: Deportes | Marca: Altura | Proveedor: Distribuidora Mexicana,804.36,312,1,2025-03-30 00:00:00,2025-03-30 00:00:00
3732,ELE-03722,Teclado RGB Urban Eco,Categoría: Electrónica | Marca: Urban | Proveedor: Distribuidora Mexicana,1326.16,22,1,2024-08-14 00:00:00,2024-08-14 00:00:00
3733,ELE-03723,Bocina Inteligente Marea Lite,Categoría: Electrónica | Marca: Marea | Proveedor: Distribuidora Pacífico,223.27,74,1,2025-04-09 00:00:00,2025-04-09 00:00:00
3734,OFI-03724,Mochila Impermeable Cobalto Pro,Categoría: Oficina | Marca: Cobalto | Proveedor: Distribuidora Nova,5368.29,345,1,2025-02-18 00:00:00,2025-02-18 00:00:00
3735,DEP-03725,Botella Deportiva 1 L Cobalto Prime,Categoría: Deportes | Marca: Cobalto | Proveedor: Distribuidora Metropolitana,417.06,3,1,2026-07-14 00:00:00,2026-07-14 00:00:00
3736,ALI-03726,Aceite Vegetal 1 L Nativa Essential,Categoría: Alimentos | Marca: Nativa | Proveedor: Distribuidora Metropolitana,354.93,1,1,2025-04-18 00:00:00,2025-04-18 00:00:00
3737,ELE-03727,Teclado Mecánico Lumina Eco,Categoría: Electrónica | Marca: Lumina | Proveedor: Distribuidora Nova,1668.69,306,1,2026-04-09 00:00:00,2026-04-09 00:00:00
3738,HOG-03728,Sartén Antiadherente 24 cm Brava Select,Categoría: Hogar | Marca: Brava | Proveedor: Distribuidora Pacífico,119.41,189,1,2025-06-26 00:00:00,2025-06-26 00:00:00
3739,CUI-03729,Cepillo Dental Suave Urban Prime,Categoría: Cuidado personal | Marca: Urban | Proveedor: Distribuidora Bajío,1347.86,28,1,2025-08-18 00:00:00,2025-08-18 00:00:00
3740,HOG-03730,Lámpara LED Altura Pro,Categoría: Hogar | Marca: Altura | Proveedor: Distribuidora Pacífico,735.81,202,1,2025-02-26 00:00:00,2025-02-26 00:00:00
3741,OFI-03731,Calculadora Científica Nova Pro,Categoría: Oficina | Marca: Nova | Proveedor: Distribuidora del Norte,4333.52,155,1,2026-05-26 00:00:00,2026-05-26 00:00:00
3742,ELE-03732,Mouse Gaming Altura Prime,Categoría: Electrónica | Marca: Altura | Proveedor: Distribuidora Nova,479.06,310,1,2024-07-13 00:00:00,2024-07-13 00:00:00
3743,OFI-03733,Mochila Ejecutiva Urban Select,Categoría: Oficina | Marca: Urban | Proveedor: Distribuidora Metropolitana,4591.22,3,1,2025-05-08 00:00:00,2025-05-08 00:00:00
3744,OFI-03734,Calculadora de Escritorio Cobalto Essential,Categoría: Oficina | Marca: Cobalto | Proveedor: Distribuidora Pacífico,52.28,276,1,2024-05-02 00:00:00,2024-05-02 00:00:00
3745,OFI-03735,Mochila Impermeable Cobalto Essential,Categoría: Oficina | Marca: Cobalto | Proveedor: Distribuidora del Norte,3850.69,75,1,2026-03-16 00:00:00,2026-03-16 00:00:00
3746,ALI-03736,Pasta Penne 500 g Altura Plus,Categoría: Alimentos | Marca: Altura | Proveedor: Distribuidora Mexicana,658.84,174,1,2025-07-19 00:00:00,2025-07-19 00:00:00
3747,HOG-03737,Organizador de Baño Lumina Max,Categoría: Hogar | Marca: Lumina | Proveedor: Distribuidora Metropolitana,1632.50,276,1,2025-01-24 00:00:00,2025-01-24 00:00:00
3748,DEP-03738,Balón Entrenamiento Prisma Essential,Categoría: Deportes | Marca: Prisma | Proveedor: Distribuidora Bajío,1120.90,48,1,2026-09-01 00:00:00,2026-09-01 00:00:00
3749,ALI-03739,Galletas de Avena 300 g Nova Plus,Categoría: Alimentos | Marca: Nova | Proveedor: Distribuidora Metropolitana,784.32,177,1,2026-07-02 00:00:00,2026-07-02 00:00:00
3750,ELE-03740,Bocina Portátil Brava Plus,Categoría: Electrónica | Marca: Brava | Proveedor: Distribuidora Hidalgo,1784.22,108,1,2024-10-21 00:00:00,2024-10-21 00:00:00
3751,ELE-03741,Cargador Inalámbrico Kairo Essential,Categoría: Electrónica | Marca: Kairo | Proveedor: Distribuidora Pacífico,1441.12,322,1,2026-08-08 00:00:00,2026-08-08 00:00:00
3752,OFI-03742,Mochila Antirrobo Aurea Prime,Categoría: Oficina | Marca: Aurea | Proveedor: Distribuidora Bajío,2820.69,339,1,2026-05-22 00:00:00,2026-05-22 00:00:00
3753,DEP-03743,Mancuerna 5 kg Terra Eco,Categoría: Deportes | Marca: Terra | Proveedor: Distribuidora Bajío,612.59,6,1,2025-07-04 00:00:00,2025-07-04 00:00:00
3754,OFI-03744,Silla Ejecutiva Nexo Max,Categoría: Oficina | Marca: Nexo | Proveedor: Distribuidora Mexicana,694.97,338,0,2025-02-24 00:00:00,2025-02-24 00:00:00
3755,HOG-03745,Juego de Toallas Algodón Orion Lite,Categoría: Hogar | Marca: Orion | Proveedor: Distribuidora del Norte,1134.39,10,1,2024-01-28 00:00:00,2024-01-28 00:00:00
3756,HOG-03746,Juego de Toallas Algodón Lumina Advance,Categoría: Hogar | Marca: Lumina | Proveedor: Distribuidora Central,752.58,292,1,2026-04-14 00:00:00,2026-04-14 00:00:00
3757,ALI-03747,Aceite de Oliva 500 ml Altura Select,Categoría: Alimentos | Marca: Altura | Proveedor: Distribuidora Hidalgo,794.87,255,1,2025-11-13 00:00:00,2025-11-13 00:00:00
3758,ELE-03748,Mouse Óptico Cobalto Max,Categoría: Electrónica | Marca: Cobalto | Proveedor: Distribuidora del Norte,3000.31,25,1,2024-10-11 00:00:00,2024-10-11 00:00:00
3759,DEP-03749,Tapete de Yoga con Correa Vitta Plus,Categoría: Deportes | Marca: Vitta | Proveedor: Distribuidora Hidalgo,395.08,171,1,2025-10-25 00:00:00,2025-10-25 00:00:00
3760,ALI-03750,Galletas Integrales 350 g Kairo Eco,Categoría: Alimentos | Marca: Kairo | Proveedor: Distribuidora Bajío,46.80,251,1,2024-07-26 00:00:00,2024-07-26 00:00:00
3761,CUI-03751,Cepillo Dental Eléctrico Orion Advance,Categoría: Cuidado personal | Marca: Orion | Proveedor: Distribuidora Central,2296.22,76,1,2024-12-28 00:00:00,2024-12-28 00:00:00
3762,ELE-03752,Teclado Compacto Zenit Select,Categoría: Electrónica | Marca: Zenit | Proveedor: Distribuidora Bajío,3014.87,291,1,2026-03-27 00:00:00,2026-03-27 00:00:00
3763,CUI-03753,Secadora Iónica Prisma Essential,Categoría: Cuidado personal | Marca: Prisma | Proveedor: Distribuidora del Norte,179.14,182,1,2025-03-10 00:00:00,2025-03-10 00:00:00
3764,OFI-03754,Memoria USB USB 3.2 Nativa Select,Categoría: Oficina | Marca: Nativa | Proveedor: Distribuidora Mexicana,2200.56,61,1,2026-01-18 00:00:00,2026-01-18 00:00:00
3765,ALI-03755,Aceite de Aguacate 500 ml Cobalto Classic,Categoría: Alimentos | Marca: Cobalto | Proveedor: Distribuidora Nova,411.32,310,1,2025-01-17 00:00:00,2025-01-17 00:00:00
3766,CUI-03756,Secadora 2000 W Kairo Select,Categoría: Cuidado personal | Marca: Kairo | Proveedor: Distribuidora Hidalgo,1524.03,190,1,2025-09-10 00:00:00,2025-09-10 00:00:00
3767,DEP-03757,Botella Deportiva 1 L Prisma Pro,Categoría: Deportes | Marca: Prisma | Proveedor: Distribuidora Nova,2338.49,41,1,2024-03-04 00:00:00,2024-03-04 00:00:00
3768,OFI-03758,Silla Ergonómica Vitta Eco,Categoría: Oficina | Marca: Vitta | Proveedor: Distribuidora del Norte,4864.98,57,1,2025-08-05 00:00:00,2025-08-05 00:00:00
3769,CUI-03759,Secadora Iónica Aurea Prime,Categoría: Cuidado personal | Marca: Aurea | Proveedor: Distribuidora Nova,703.14,19,1,2025-10-04 00:00:00,2025-10-04 00:00:00
3770,CUI-03760,Rasuradora 3 Cabezas Altura Prime,Categoría: Cuidado personal | Marca: Altura | Proveedor: Distribuidora Mexicana,1811.40,271,1,2025-06-11 00:00:00,2025-06-11 00:00:00
3771,ALI-03761,Aceite de Aguacate 500 ml Brava Select,Categoría: Alimentos | Marca: Brava | Proveedor: Distribuidora Mexicana,279.97,169,1,2025-03-09 00:00:00,2025-03-09 00:00:00
3772,ELE-03762,Teclado Compacto Nativa Classic,Categoría: Electrónica | Marca: Nativa | Proveedor: Distribuidora del Norte,1757.18,63,1,2024-07-09 00:00:00,2024-07-09 00:00:00
3773,DEP-03763,Guantes de Ciclismo Kairo Prime,Categoría: Deportes | Marca: Kairo | Proveedor: Distribuidora Mexicana,444.66,118,1,2026-03-30 00:00:00,2026-03-30 00:00:00
3774,CUI-03764,Crema Corporal Hidratante 400 ml Cobalto Max,Categoría: Cuidado personal | Marca: Cobalto | Proveedor: Distribuidora Central,1451.42,171,1,2026-03-23 00:00:00,2026-03-23 00:00:00
3775,ALI-03765,Pasta Fusilli 500 g Cobalto Prime,Categoría: Alimentos | Marca: Cobalto | Proveedor: Distribuidora Central,672.45,329,1,2024-11-19 00:00:00,2024-11-19 00:00:00
3776,DEP-03766,Balón Entrenamiento Lumina Max,Categoría: Deportes | Marca: Lumina | Proveedor: Distribuidora Mexicana,963.91,37,1,2025-11-16 00:00:00,2025-11-16 00:00:00
3777,OFI-03767,Calculadora de Escritorio Prisma Select,Categoría: Oficina | Marca: Prisma | Proveedor: Distribuidora del Norte,3034.32,39,1,2025-12-07 00:00:00,2025-12-07 00:00:00
3778,OFI-03768,Cuaderno de Notas Cobalto Pro,Categoría: Oficina | Marca: Cobalto | Proveedor: Distribuidora Central,334.18,139,1,2026-01-20 00:00:00,2026-01-20 00:00:00
3779,DEP-03769,Guantes Deportivos Cobalto Prime,Categoría: Deportes | Marca: Cobalto | Proveedor: Distribuidora Pacífico,2975.17,95,1,2024-07-20 00:00:00,2024-07-20 00:00:00
3780,ELE-03770,Bocina Resistente al Agua Cobalto Essential,Categoría: Electrónica | Marca: Cobalto | Proveedor: Distribuidora Metropolitana,2851.07,274,0,2024-11-28 00:00:00,2024-11-28 00:00:00
3781,CUI-03771,Cepillo Dental Medio Terra Classic,Categoría: Cuidado personal | Marca: Terra | Proveedor: Distribuidora del Norte,2253.34,30,1,2024-01-17 00:00:00,2024-01-17 00:00:00
3782,DEP-03772,Guantes con Muñequera Terra Advance,Categoría: Deportes | Marca: Terra | Proveedor: Distribuidora Mexicana,650.49,142,1,2024-04-27 00:00:00,2024-04-27 00:00:00
3783,ELE-03773,Audífonos Bluetooth Urban Advance,Categoría: Electrónica | Marca: Urban | Proveedor: Distribuidora del Norte,3142.73,318,1,2024-08-07 00:00:00,2024-08-07 00:00:00
3784,ALI-03774,Galletas de Avena 300 g Prisma Max,Categoría: Alimentos | Marca: Prisma | Proveedor: Distribuidora Nova,776.66,164,1,2025-06-25 00:00:00,2025-06-25 00:00:00
3785,CUI-03775,Shampoo Hidratante 750 ml Lumina Prime,Categoría: Cuidado personal | Marca: Lumina | Proveedor: Distribuidora Nova,2018.63,19,1,2024-11-02 00:00:00,2024-11-02 00:00:00
3786,DEP-03776,Botella Deportiva 750 ml Urban Classic,Categoría: Deportes | Marca: Urban | Proveedor: Distribuidora Hidalgo,2537.95,82,1,2024-07-10 00:00:00,2024-07-10 00:00:00
3787,OFI-03777,Calculadora Básica Urban Pro,Categoría: Oficina | Marca: Urban | Proveedor: Distribuidora del Norte,54.36,91,1,2026-04-30 00:00:00,2026-04-30 00:00:00
3788,ALI-03778,Pasta Penne 500 g Nexo Pro,Categoría: Alimentos | Marca: Nexo | Proveedor: Distribuidora Pacífico,538.64,291,1,2024-01-05 00:00:00,2024-01-05 00:00:00
3789,ELE-03779,Bocina Portátil Kairo Select,Categoría: Electrónica | Marca: Kairo | Proveedor: Distribuidora Central,1074.25,196,1,2026-07-29 00:00:00,2026-07-29 00:00:00
3790,CUI-03780,Cepillo Dental Pack 3 Nativa Essential,Categoría: Cuidado personal | Marca: Nativa | Proveedor: Distribuidora Hidalgo,2029.92,25,1,2024-02-21 00:00:00,2024-02-21 00:00:00
3791,HOG-03781,Termo 500 ml Altura Max,Categoría: Hogar | Marca: Altura | Proveedor: Distribuidora del Norte,1477.98,183,1,2025-02-04 00:00:00,2025-02-04 00:00:00
3792,HOG-03782,Lámpara de Noche Lumina Pro,Categoría: Hogar | Marca: Lumina | Proveedor: Distribuidora Mexicana,80.10,87,1,2024-10-25 00:00:00,2024-10-25 00:00:00
3793,DEP-03783,Mancuerna Hexagonal Lumina Eco,Categoría: Deportes | Marca: Lumina | Proveedor: Distribuidora Metropolitana,1586.47,310,1,2025-03-22 00:00:00,2025-03-22 00:00:00
3794,ELE-03784,Cargador Inalámbrico Terra Plus,Categoría: Electrónica | Marca: Terra | Proveedor: Distribuidora Nova,791.35,345,1,2025-03-21 00:00:00,2025-03-21 00:00:00
3795,ALI-03785,Café en Grano 1 kg Marea Advance,Categoría: Alimentos | Marca: Marea | Proveedor: Distribuidora Metropolitana,644.30,34,1,2026-07-15 00:00:00,2026-07-15 00:00:00
3796,OFI-03786,Memoria USB 32 GB Cobalto Advance,Categoría: Oficina | Marca: Cobalto | Proveedor: Distribuidora Bajío,624.86,191,1,2025-07-15 00:00:00,2025-07-15 00:00:00
3797,ELE-03787,Webcam con Micrófono Nexo Classic,Categoría: Electrónica | Marca: Nexo | Proveedor: Distribuidora del Norte,2134.37,87,1,2026-04-13 00:00:00,2026-04-13 00:00:00
3798,ELE-03788,Webcam Full HD Kairo Pro,Categoría: Electrónica | Marca: Kairo | Proveedor: Distribuidora Pacífico,2059.94,311,1,2025-05-30 00:00:00,2025-05-30 00:00:00
3799,ELE-03789,Mouse Inalámbrico Lumina Select,Categoría: Electrónica | Marca: Lumina | Proveedor: Distribuidora Hidalgo,2881.15,185,1,2026-07-11 00:00:00,2026-07-11 00:00:00
3800,HOG-03790,Termo 500 ml Kairo Pro,Categoría: Hogar | Marca: Kairo | Proveedor: Distribuidora Central,1076.50,78,1,2026-07-16 00:00:00,2026-07-16 00:00:00
3801,HOG-03791,Lámpara de Escritorio Cobalto Classic,Categoría: Hogar | Marca: Cobalto | Proveedor: Distribuidora Central,2232.87,77,1,2025-09-26 00:00:00,2025-09-26 00:00:00
3802,ALI-03792,Pasta Fusilli 500 g Kairo Eco,Categoría: Alimentos | Marca: Kairo | Proveedor: Distribuidora Hidalgo,503.54,257,1,2025-02-16 00:00:00,2025-02-16 00:00:00
3803,OFI-03793,Memoria USB 32 GB Vitta Max,Categoría: Oficina | Marca: Vitta | Proveedor: Distribuidora del Norte,1147.99,307,1,2024-09-10 00:00:00,2024-09-10 00:00:00
3804,DEP-03794,Mancuerna 5 kg Urban Classic,Categoría: Deportes | Marca: Urban | Proveedor: Distribuidora del Norte,2872.68,327,1,2026-07-19 00:00:00,2026-07-19 00:00:00
3805,HOG-03795,Organizador de Cocina Nova Plus,Categoría: Hogar | Marca: Nova | Proveedor: Distribuidora Metropolitana,317.06,31,1,2026-06-22 00:00:00,2026-06-22 00:00:00
3806,ELE-03796,Mouse Óptico Nexo Select,Categoría: Electrónica | Marca: Nexo | Proveedor: Distribuidora Pacífico,1119.90,278,1,2026-08-14 00:00:00,2026-08-14 00:00:00
3807,ELE-03797,Webcam 2K Vitta Classic,Categoría: Electrónica | Marca: Vitta | Proveedor: Distribuidora Bajío,1470.70,201,1,2026-05-03 00:00:00,2026-05-03 00:00:00
3808,HOG-03798,Organizador de Cocina Vitta Prime,Categoría: Hogar | Marca: Vitta | Proveedor: Distribuidora Mexicana,676.49,129,1,2024-09-04 00:00:00,2024-09-04 00:00:00
3809,DEP-03799,Botella Deportiva Térmica Nativa Eco,Categoría: Deportes | Marca: Nativa | Proveedor: Distribuidora Nova,175.25,68,1,2025-10-29 00:00:00,2025-10-29 00:00:00
3810,ALI-03800,Galletas con Chocolate 300 g Nativa Eco,Categoría: Alimentos | Marca: Nativa | Proveedor: Distribuidora Pacífico,573.25,240,1,2024-02-23 00:00:00,2024-02-23 00:00:00
3811,ALI-03801,Aceite de Aguacate 500 ml Vitta Plus,Categoría: Alimentos | Marca: Vitta | Proveedor: Distribuidora Metropolitana,55.74,332,1,2024-07-01 00:00:00,2024-07-01 00:00:00
3812,ALI-03802,Café Molido 500 g Brava Select,Categoría: Alimentos | Marca: Brava | Proveedor: Distribuidora del Norte,565.99,189,1,2024-01-20 00:00:00,2024-01-20 00:00:00
3813,CUI-03803,Rasuradora 3 Cabezas Kairo Max,Categoría: Cuidado personal | Marca: Kairo | Proveedor: Distribuidora Metropolitana,2260.12,70,1,2024-10-10 00:00:00,2024-10-10 00:00:00
3814,OFI-03804,Calculadora Científica Urban Lite,Categoría: Oficina | Marca: Urban | Proveedor: Distribuidora Mexicana,3569.33,106,1,2025-05-12 00:00:00,2025-05-12 00:00:00
3815,DEP-03805,Tapete de Yoga Antideslizante Nexo Select,Categoría: Deportes | Marca: Nexo | Proveedor: Distribuidora Mexicana,1705.65,52,1,2026-03-25 00:00:00,2026-03-25 00:00:00
3816,CUI-03806,Crema Corporal con Aloe 500 ml Aurea Pro,Categoría: Cuidado personal | Marca: Aurea | Proveedor: Distribuidora Hidalgo,2185.04,235,0,2025-06-12 00:00:00,2025-06-12 00:00:00
3817,ALI-03807,Café Americano 500 g Nexo Select,Categoría: Alimentos | Marca: Nexo | Proveedor: Distribuidora Nova,297.67,233,1,2024-03-21 00:00:00,2024-03-21 00:00:00
3818,CUI-03808,Cepillo Dental Medio Lumina Plus,Categoría: Cuidado personal | Marca: Lumina | Proveedor: Distribuidora Mexicana,2042.94,349,1,2025-11-21 00:00:00,2025-11-21 00:00:00
3819,HOG-03809,Sartén Antiadherente 24 cm Kairo Max,Categoría: Hogar | Marca: Kairo | Proveedor: Distribuidora Central,1821.19,177,1,2026-04-14 00:00:00,2026-04-14 00:00:00
3820,ALI-03810,Café Descafeinado 400 g Nativa Prime,Categoría: Alimentos | Marca: Nativa | Proveedor: Distribuidora Pacífico,29.74,285,1,2025-08-02 00:00:00,2025-08-02 00:00:00
3821,CUI-03811,Secadora Profesional Aurea Prime,Categoría: Cuidado personal | Marca: Aurea | Proveedor: Distribuidora Hidalgo,1301.01,258,1,2025-12-22 00:00:00,2025-12-22 00:00:00
3822,HOG-03812,Lámpara LED Nova Prime,Categoría: Hogar | Marca: Nova | Proveedor: Distribuidora del Norte,2285.93,183,1,2025-09-17 00:00:00,2025-09-17 00:00:00
3823,OFI-03813,Memoria USB 128 GB Prisma Classic,Categoría: Oficina | Marca: Prisma | Proveedor: Distribuidora Metropolitana,4497.58,83,1,2025-08-19 00:00:00,2025-08-19 00:00:00
3824,ELE-03814,Teclado Inalámbrico Altura Prime,Categoría: Electrónica | Marca: Altura | Proveedor: Distribuidora Pacífico,2200.32,179,1,2024-04-08 00:00:00,2024-04-08 00:00:00
3825,HOG-03815,Sartén Antiadherente 24 cm Orion Essential,Categoría: Hogar | Marca: Orion | Proveedor: Distribuidora Pacífico,1522.89,254,1,2024-12-16 00:00:00,2024-12-16 00:00:00
3826,HOG-03816,Juego de Toallas 4 Piezas Zenit Prime,Categoría: Hogar | Marca: Zenit | Proveedor: Distribuidora Metropolitana,1855.61,5,0,2026-01-21 00:00:00,2026-01-21 00:00:00
3827,ELE-03817,Bocina Portátil Nativa Pro,Categoría: Electrónica | Marca: Nativa | Proveedor: Distribuidora Mexicana,620.23,133,1,2025-03-05 00:00:00,2025-03-05 00:00:00
3828,DEP-03818,Guantes con Muñequera Altura Select,Categoría: Deportes | Marca: Altura | Proveedor: Distribuidora Mexicana,2660.04,347,1,2024-08-09 00:00:00,2024-08-09 00:00:00
3829,CUI-03819,Shampoo Hidratante 750 ml Lumina Max,Categoría: Cuidado personal | Marca: Lumina | Proveedor: Distribuidora Nova,218.86,269,1,2024-12-27 00:00:00,2024-12-27 00:00:00
3830,OFI-03820,Silla de Oficina Vitta Plus,Categoría: Oficina | Marca: Vitta | Proveedor: Distribuidora Bajío,456.09,82,1,2026-02-06 00:00:00,2026-02-06 00:00:00
3831,CUI-03821,Rasuradora 3 Cabezas Nativa Select,Categoría: Cuidado personal | Marca: Nativa | Proveedor: Distribuidora Nova,238.69,156,1,2024-09-01 00:00:00,2024-09-01 00:00:00
3832,ELE-03822,Audífonos con Micrófono Nexo Select,Categoría: Electrónica | Marca: Nexo | Proveedor: Distribuidora Metropolitana,329.36,221,1,2026-03-11 00:00:00,2026-03-11 00:00:00
3833,OFI-03823,Cuaderno Profesional Brava Lite,Categoría: Oficina | Marca: Brava | Proveedor: Distribuidora Nova,604.71,9,1,2025-12-22 00:00:00,2025-12-22 00:00:00
3834,CUI-03824,Cepillo Dental Suave Altura Essential,Categoría: Cuidado personal | Marca: Altura | Proveedor: Distribuidora Mexicana,400.24,256,1,2024-11-07 00:00:00,2024-11-07 00:00:00
3835,OFI-03825,Cuaderno Profesional Cobalto Essential,Categoría: Oficina | Marca: Cobalto | Proveedor: Distribuidora Hidalgo,838.45,134,1,2024-03-05 00:00:00,2024-03-05 00:00:00
3836,CUI-03826,Rasuradora de Precisión Aurea Pro,Categoría: Cuidado personal | Marca: Aurea | Proveedor: Distribuidora Bajío,2136.63,144,1,2026-06-01 00:00:00,2026-06-01 00:00:00
3837,ELE-03827,Teclado Inalámbrico Nova Classic,Categoría: Electrónica | Marca: Nova | Proveedor: Distribuidora Bajío,777.82,159,1,2024-09-18 00:00:00,2024-09-18 00:00:00
3838,HOG-03828,Sartén Antiadherente 28 cm Vitta Plus,Categoría: Hogar | Marca: Vitta | Proveedor: Distribuidora del Norte,184.00,184,0,2026-06-10 00:00:00,2026-06-10 00:00:00
3839,ELE-03829,Mouse Óptico Nova Plus,Categoría: Electrónica | Marca: Nova | Proveedor: Distribuidora del Norte,189.16,149,1,2024-07-23 00:00:00,2024-07-23 00:00:00
3840,OFI-03830,Calculadora Básica Cobalto Advance,Categoría: Oficina | Marca: Cobalto | Proveedor: Distribuidora Bajío,1844.84,24,1,2026-02-17 00:00:00,2026-02-17 00:00:00
3841,HOG-03831,Organizador de Escritorio Prisma Eco,Categoría: Hogar | Marca: Prisma | Proveedor: Distribuidora Mexicana,1906.15,237,1,2025-11-03 00:00:00,2025-11-03 00:00:00
3842,DEP-03832,Botella Deportiva Térmica Cobalto Max,Categoría: Deportes | Marca: Cobalto | Proveedor: Distribuidora Metropolitana,1321.44,224,1,2026-06-04 00:00:00,2026-06-04 00:00:00
3843,CUI-03833,Rasuradora de Precisión Lumina Pro,Categoría: Cuidado personal | Marca: Lumina | Proveedor: Distribuidora del Norte,2220.20,310,1,2025-06-29 00:00:00,2025-06-29 00:00:00
3844,HOG-03834,Termo Térmico Nexo Essential,Categoría: Hogar | Marca: Nexo | Proveedor: Distribuidora Nova,751.12,243,1,2024-02-09 00:00:00,2024-02-09 00:00:00
3845,ELE-03835,Cargador Inalámbrico Marea Prime,Categoría: Electrónica | Marca: Marea | Proveedor: Distribuidora del Norte,2625.53,209,1,2025-10-22 00:00:00,2025-10-22 00:00:00
3846,DEP-03836,Tapete de Yoga Antideslizante Orion Lite,Categoría: Deportes | Marca: Orion | Proveedor: Distribuidora Bajío,1705.56,15,1,2025-08-15 00:00:00,2025-08-15 00:00:00
3847,OFI-03837,Cuaderno de Notas Orion Prime,Categoría: Oficina | Marca: Orion | Proveedor: Distribuidora Metropolitana,5261.69,163,1,2025-09-26 00:00:00,2025-09-26 00:00:00
3848,CUI-03838,Shampoo Reparador 700 ml Marea Select,Categoría: Cuidado personal | Marca: Marea | Proveedor: Distribuidora Central,1867.25,71,1,2025-01-05 00:00:00,2025-01-05 00:00:00
3849,OFI-03839,Memoria USB 64 GB Brava Advance,Categoría: Oficina | Marca: Brava | Proveedor: Distribuidora Metropolitana,1124.62,41,0,2024-09-14 00:00:00,2024-09-14 00:00:00
3850,DEP-03840,Tapete de Yoga Antideslizante Urban Max,Categoría: Deportes | Marca: Urban | Proveedor: Distribuidora Bajío,113.54,27,1,2025-10-12 00:00:00,2025-10-12 00:00:00
3851,OFI-03841,Mochila Impermeable Terra Pro,Categoría: Oficina | Marca: Terra | Proveedor: Distribuidora Metropolitana,364.03,177,1,2025-11-29 00:00:00,2025-11-29 00:00:00
3852,ALI-03842,Pasta Spaghetti 500 g Marea Classic,Categoría: Alimentos | Marca: Marea | Proveedor: Distribuidora Bajío,243.59,18,1,2026-02-16 00:00:00,2026-02-16 00:00:00
3853,CUI-03843,Secadora Profesional Cobalto Max,Categoría: Cuidado personal | Marca: Cobalto | Proveedor: Distribuidora Mexicana,1968.79,257,1,2025-10-21 00:00:00,2025-10-21 00:00:00
3854,ALI-03844,Cereal Integral 500 g Altura Essential,Categoría: Alimentos | Marca: Altura | Proveedor: Distribuidora Central,377.58,71,1,2026-08-05 00:00:00,2026-08-05 00:00:00
3855,CUI-03845,Cepillo Dental Eléctrico Lumina Plus,Categoría: Cuidado personal | Marca: Lumina | Proveedor: Distribuidora Hidalgo,2199.43,151,1,2024-04-18 00:00:00,2024-04-18 00:00:00
3856,OFI-03846,Silla Ergonómica Terra Plus,Categoría: Oficina | Marca: Terra | Proveedor: Distribuidora Pacífico,5656.73,11,1,2025-07-19 00:00:00,2025-07-19 00:00:00
3857,DEP-03847,Botella Deportiva Térmica Terra Classic,Categoría: Deportes | Marca: Terra | Proveedor: Distribuidora Mexicana,522.40,221,1,2026-02-27 00:00:00,2026-02-27 00:00:00
3858,DEP-03848,Botella Deportiva con Popote Urban Max,Categoría: Deportes | Marca: Urban | Proveedor: Distribuidora del Norte,328.10,8,1,2025-05-29 00:00:00,2025-05-29 00:00:00
3859,ELE-03849,Teclado Inalámbrico Nexo Prime,Categoría: Electrónica | Marca: Nexo | Proveedor: Distribuidora Pacífico,1700.87,24,1,2025-11-06 00:00:00,2025-11-06 00:00:00
3860,ELE-03850,Bocina Portátil Vitta Classic,Categoría: Electrónica | Marca: Vitta | Proveedor: Distribuidora Hidalgo,2963.36,337,1,2026-03-02 00:00:00,2026-03-02 00:00:00
3861,CUI-03851,Rasuradora Corporal Altura Select,Categoría: Cuidado personal | Marca: Altura | Proveedor: Distribuidora Pacífico,1805.05,29,1,2026-03-28 00:00:00,2026-03-28 00:00:00
3862,CUI-03852,Shampoo Anticaspa 650 ml Cobalto Advance,Categoría: Cuidado personal | Marca: Cobalto | Proveedor: Distribuidora Mexicana,1683.08,256,1,2024-09-24 00:00:00,2024-09-24 00:00:00
3863,CUI-03853,Crema Corporal con Aloe 500 ml Cobalto Essential,Categoría: Cuidado personal | Marca: Cobalto | Proveedor: Distribuidora del Norte,823.03,270,1,2024-04-17 00:00:00,2024-04-17 00:00:00
3864,ALI-03854,Cereal Integral 500 g Lumina Lite,Categoría: Alimentos | Marca: Lumina | Proveedor: Distribuidora Nova,354.73,147,1,2024-05-19 00:00:00,2024-05-19 00:00:00
3865,OFI-03855,Calculadora Financiera Prisma Plus,Categoría: Oficina | Marca: Prisma | Proveedor: Distribuidora Mexicana,3077.26,63,1,2025-04-19 00:00:00,2025-04-19 00:00:00
3866,ELE-03856,Bocina Bluetooth Nova Select,Categoría: Electrónica | Marca: Nova | Proveedor: Distribuidora Pacífico,1057.61,235,1,2024-07-21 00:00:00,2024-07-21 00:00:00
3867,HOG-03857,Sartén Antiadherente 28 cm Nativa Classic,Categoría: Hogar | Marca: Nativa | Proveedor: Distribuidora Nova,147.57,169,1,2025-01-24 00:00:00,2025-01-24 00:00:00
3868,ELE-03858,Webcam 2K Aurea Plus,Categoría: Electrónica | Marca: Aurea | Proveedor: Distribuidora Pacífico,393.68,172,1,2024-04-21 00:00:00,2024-04-21 00:00:00
3869,ELE-03859,Cargador USB-C 20W Vitta Essential,Categoría: Electrónica | Marca: Vitta | Proveedor: Distribuidora del Norte,1419.26,250,1,2024-09-10 00:00:00,2024-09-10 00:00:00
3870,ALI-03860,Galletas de Avena 300 g Altura Essential,Categoría: Alimentos | Marca: Altura | Proveedor: Distribuidora Mexicana,304.01,65,1,2024-03-18 00:00:00,2024-03-18 00:00:00
3871,OFI-03861,Calculadora de Escritorio Urban Max,Categoría: Oficina | Marca: Urban | Proveedor: Distribuidora Metropolitana,3935.37,125,1,2026-04-15 00:00:00,2026-04-15 00:00:00
3872,OFI-03862,Mochila Antirrobo Urban Plus,Categoría: Oficina | Marca: Urban | Proveedor: Distribuidora del Norte,772.71,209,1,2025-12-02 00:00:00,2025-12-02 00:00:00
3873,CUI-03863,Secadora 2000 W Terra Pro,Categoría: Cuidado personal | Marca: Terra | Proveedor: Distribuidora Pacífico,1182.64,43,1,2026-05-21 00:00:00,2026-05-21 00:00:00
3874,OFI-03864,Mochila Impermeable Marea Lite,Categoría: Oficina | Marca: Marea | Proveedor: Distribuidora Mexicana,5827.39,205,1,2026-01-07 00:00:00,2026-01-07 00:00:00
3875,OFI-03865,Cuaderno Profesional Terra Advance,Categoría: Oficina | Marca: Terra | Proveedor: Distribuidora Pacífico,3497.28,336,1,2024-02-02 00:00:00,2024-02-02 00:00:00
3876,HOG-03866,Organizador de Escritorio Prisma Lite,Categoría: Hogar | Marca: Prisma | Proveedor: Distribuidora Metropolitana,975.46,117,1,2025-06-07 00:00:00,2025-06-07 00:00:00
3877,HOG-03867,Sartén de Acero 26 cm Nexo Lite,Categoría: Hogar | Marca: Nexo | Proveedor: Distribuidora Central,1332.25,172,1,2026-08-06 00:00:00,2026-08-06 00:00:00
3878,OFI-03868,Cuaderno Cuadriculado Lumina Advance,Categoría: Oficina | Marca: Lumina | Proveedor: Distribuidora Bajío,4127.05,322,1,2026-04-07 00:00:00,2026-04-07 00:00:00
3879,OFI-03869,Calculadora de Escritorio Prisma Pro,Categoría: Oficina | Marca: Prisma | Proveedor: Distribuidora Bajío,1707.89,242,1,2025-05-15 00:00:00,2025-05-15 00:00:00
3880,OFI-03870,Calculadora Financiera Terra Advance,Categoría: Oficina | Marca: Terra | Proveedor: Distribuidora Hidalgo,1497.86,156,1,2024-10-16 00:00:00,2024-10-16 00:00:00
3881,ELE-03871,Bocina Bluetooth Zenit Advance,Categoría: Electrónica | Marca: Zenit | Proveedor: Distribuidora Mexicana,1931.44,261,1,2025-02-03 00:00:00,2025-02-03 00:00:00
3882,DEP-03872,Tapete de Yoga con Correa Prisma Prime,Categoría: Deportes | Marca: Prisma | Proveedor: Distribuidora Bajío,2423.77,254,1,2025-08-30 00:00:00,2025-08-30 00:00:00
3883,CUI-03873,Cepillo Dental Pack 3 Zenit Essential,Categoría: Cuidado personal | Marca: Zenit | Proveedor: Distribuidora del Norte,1650.06,71,1,2024-01-23 00:00:00,2024-01-23 00:00:00
3884,OFI-03874,Cuaderno Cuadriculado Nexo Prime,Categoría: Oficina | Marca: Nexo | Proveedor: Distribuidora Nova,1545.57,181,1,2025-09-09 00:00:00,2025-09-09 00:00:00
3885,ELE-03875,Bocina Bluetooth Brava Pro,Categoría: Electrónica | Marca: Brava | Proveedor: Distribuidora Bajío,2971.06,129,1,2024-02-01 00:00:00,2024-02-01 00:00:00
3886,HOG-03876,Juego de Toallas 4 Piezas Prisma Plus,Categoría: Hogar | Marca: Prisma | Proveedor: Distribuidora Nova,1789.12,151,1,2024-05-07 00:00:00,2024-05-07 00:00:00
3887,ELE-03877,Teclado Inalámbrico Prisma Essential,Categoría: Electrónica | Marca: Prisma | Proveedor: Distribuidora Pacífico,2323.43,118,1,2024-09-09 00:00:00,2024-09-09 00:00:00
3888,CUI-03878,Secadora 2000 W Terra Pro,Categoría: Cuidado personal | Marca: Terra | Proveedor: Distribuidora Metropolitana,1311.64,293,1,2024-06-08 00:00:00,2024-06-08 00:00:00
3889,HOG-03879,Juego de Toallas Algodón Nativa Advance,Categoría: Hogar | Marca: Nativa | Proveedor: Distribuidora Hidalgo,2281.99,291,1,2026-01-13 00:00:00,2026-01-13 00:00:00
3890,OFI-03880,Memoria USB 128 GB Prisma Max,Categoría: Oficina | Marca: Prisma | Proveedor: Distribuidora Mexicana,4406.89,59,1,2025-04-04 00:00:00,2025-04-04 00:00:00
3891,ALI-03881,Café Descafeinado 400 g Kairo Pro,Categoría: Alimentos | Marca: Kairo | Proveedor: Distribuidora Nova,365.13,54,1,2024-05-15 00:00:00,2024-05-15 00:00:00
3892,ALI-03882,Pasta Spaghetti 500 g Nexo Select,Categoría: Alimentos | Marca: Nexo | Proveedor: Distribuidora Hidalgo,489.17,106,1,2026-06-02 00:00:00,2026-06-02 00:00:00
3893,HOG-03883,Juego de Toallas Microfibra Orion Max,Categoría: Hogar | Marca: Orion | Proveedor: Distribuidora Central,1067.95,138,1,2026-02-23 00:00:00,2026-02-23 00:00:00
3894,ELE-03884,Mouse Óptico Marea Prime,Categoría: Electrónica | Marca: Marea | Proveedor: Distribuidora Hidalgo,481.65,83,1,2024-08-24 00:00:00,2024-08-24 00:00:00
3895,ELE-03885,Audífonos USB-C Nova Pro,Categoría: Electrónica | Marca: Nova | Proveedor: Distribuidora Mexicana,2518.62,67,1,2024-02-08 00:00:00,2024-02-08 00:00:00
3896,ALI-03886,Pasta Fusilli 500 g Marea Advance,Categoría: Alimentos | Marca: Marea | Proveedor: Distribuidora Mexicana,300.94,269,1,2025-03-28 00:00:00,2025-03-28 00:00:00
3897,DEP-03887,Balón Entrenamiento Terra Pro,Categoría: Deportes | Marca: Terra | Proveedor: Distribuidora Metropolitana,689.27,107,1,2025-12-16 00:00:00,2025-12-16 00:00:00
3898,HOG-03888,Juego de Toallas 4 Piezas Vitta Max,Categoría: Hogar | Marca: Vitta | Proveedor: Distribuidora Hidalgo,1337.47,110,1,2026-02-27 00:00:00,2026-02-27 00:00:00
3899,HOG-03889,Lámpara de Noche Orion Essential,Categoría: Hogar | Marca: Orion | Proveedor: Distribuidora Central,107.85,194,1,2025-05-16 00:00:00,2025-05-16 00:00:00
3900,HOG-03890,Lámpara de Noche Aurea Classic,Categoría: Hogar | Marca: Aurea | Proveedor: Distribuidora Hidalgo,2387.10,267,1,2026-09-06 00:00:00,2026-09-06 00:00:00
3901,ALI-03891,Aceite de Aguacate 500 ml Aurea Max,Categoría: Alimentos | Marca: Aurea | Proveedor: Distribuidora Bajío,77.85,182,1,2024-09-11 00:00:00,2024-09-11 00:00:00
3902,ELE-03892,Mouse Ergonómico Nova Lite,Categoría: Electrónica | Marca: Nova | Proveedor: Distribuidora del Norte,2051.11,99,1,2025-07-23 00:00:00,2025-07-23 00:00:00
3903,ELE-03893,Webcam con Micrófono Altura Max,Categoría: Electrónica | Marca: Altura | Proveedor: Distribuidora Bajío,2235.03,119,1,2025-04-05 00:00:00,2025-04-05 00:00:00
3904,HOG-03894,Lámpara LED Nativa Select,Categoría: Hogar | Marca: Nativa | Proveedor: Distribuidora del Norte,2230.59,140,1,2026-01-29 00:00:00,2026-01-29 00:00:00
3905,OFI-03895,Cuaderno de Notas Cobalto Prime,Categoría: Oficina | Marca: Cobalto | Proveedor: Distribuidora Mexicana,3652.39,13,1,2025-02-25 00:00:00,2025-02-25 00:00:00
3906,ELE-03896,Audífonos Bluetooth Nativa Pro,Categoría: Electrónica | Marca: Nativa | Proveedor: Distribuidora Bajío,727.95,287,1,2024-03-28 00:00:00,2024-03-28 00:00:00
3907,ELE-03897,Cargador Inalámbrico Prisma Pro,Categoría: Electrónica | Marca: Prisma | Proveedor: Distribuidora Metropolitana,970.79,329,1,2025-08-06 00:00:00,2025-08-06 00:00:00
3908,ELE-03898,Teclado Inalámbrico Aurea Plus,Categoría: Electrónica | Marca: Aurea | Proveedor: Distribuidora Bajío,2872.08,317,1,2026-08-26 00:00:00,2026-08-26 00:00:00
3909,DEP-03899,Mancuerna Hexagonal Nova Select,Categoría: Deportes | Marca: Nova | Proveedor: Distribuidora Central,575.99,7,1,2026-03-24 00:00:00,2026-03-24 00:00:00
3910,ELE-03900,Cargador Inalámbrico Lumina Max,Categoría: Electrónica | Marca: Lumina | Proveedor: Distribuidora Pacífico,1275.34,86,1,2024-05-04 00:00:00,2024-05-04 00:00:00
3911,ELE-03901,Audífonos con Micrófono Urban Max,Categoría: Electrónica | Marca: Urban | Proveedor: Distribuidora Bajío,2325.25,264,1,2024-11-28 00:00:00,2024-11-28 00:00:00
3912,CUI-03902,Cepillo Dental Suave Marea Advance,Categoría: Cuidado personal | Marca: Marea | Proveedor: Distribuidora Metropolitana,2118.92,155,1,2024-02-14 00:00:00,2024-02-14 00:00:00
3913,DEP-03903,Tapete de Yoga 8 mm Zenit Eco,Categoría: Deportes | Marca: Zenit | Proveedor: Distribuidora Hidalgo,1899.09,346,1,2024-05-11 00:00:00,2024-05-11 00:00:00
3914,CUI-03904,Rasuradora Corporal Orion Lite,Categoría: Cuidado personal | Marca: Orion | Proveedor: Distribuidora Mexicana,2554.64,147,1,2024-02-10 00:00:00,2024-02-10 00:00:00
3915,HOG-03905,Termo de Acero Inoxidable Marea Essential,Categoría: Hogar | Marca: Marea | Proveedor: Distribuidora Hidalgo,1729.39,132,1,2024-05-29 00:00:00,2024-05-29 00:00:00
3916,DEP-03906,Mancuerna 10 kg Kairo Advance,Categoría: Deportes | Marca: Kairo | Proveedor: Distribuidora Pacífico,2620.17,293,1,2024-04-19 00:00:00,2024-04-19 00:00:00
3917,ALI-03907,Aceite de Aguacate 500 ml Terra Essential,Categoría: Alimentos | Marca: Terra | Proveedor: Distribuidora Hidalgo,366.81,347,1,2025-07-31 00:00:00,2025-07-31 00:00:00
3918,ALI-03908,Pasta Fusilli 500 g Marea Max,Categoría: Alimentos | Marca: Marea | Proveedor: Distribuidora del Norte,234.55,38,1,2024-02-25 00:00:00,2024-02-25 00:00:00
3919,DEP-03909,Balón de Básquetbol Urban Classic,Categoría: Deportes | Marca: Urban | Proveedor: Distribuidora Bajío,2852.39,258,1,2025-10-01 00:00:00,2025-10-01 00:00:00
3920,CUI-03910,Rasuradora Corporal Aurea Max,Categoría: Cuidado personal | Marca: Aurea | Proveedor: Distribuidora Mexicana,1346.84,37,1,2024-10-12 00:00:00,2024-10-12 00:00:00
3921,ELE-03911,Bocina Inteligente Prisma Advance,Categoría: Electrónica | Marca: Prisma | Proveedor: Distribuidora Pacífico,1896.15,75,1,2024-09-09 00:00:00,2024-09-09 00:00:00
3922,DEP-03912,Guantes de Gimnasio Terra Max,Categoría: Deportes | Marca: Terra | Proveedor: Distribuidora Bajío,96.98,20,1,2025-10-05 00:00:00,2025-10-05 00:00:00
3923,DEP-03913,Mancuerna 5 kg Cobalto Prime,Categoría: Deportes | Marca: Cobalto | Proveedor: Distribuidora Mexicana,1235.28,296,1,2025-03-18 00:00:00,2025-03-18 00:00:00
3924,CUI-03914,Crema Corporal Hidratante 400 ml Brava Pro,Categoría: Cuidado personal | Marca: Brava | Proveedor: Distribuidora Metropolitana,1338.34,106,1,2026-03-05 00:00:00,2026-03-05 00:00:00
3925,HOG-03915,Sartén Antiadherente 28 cm Nativa Pro,Categoría: Hogar | Marca: Nativa | Proveedor: Distribuidora Nova,2472.40,79,0,2024-01-05 00:00:00,2024-01-05 00:00:00
3926,OFI-03916,Silla de Oficina Orion Prime,Categoría: Oficina | Marca: Orion | Proveedor: Distribuidora Mexicana,1431.34,156,1,2024-12-14 00:00:00,2024-12-14 00:00:00
3927,DEP-03917,Botella Deportiva 750 ml Nova Prime,Categoría: Deportes | Marca: Nova | Proveedor: Distribuidora Nova,2757.10,275,1,2025-02-21 00:00:00,2025-02-21 00:00:00
3928,ELE-03918,Webcam 2K Nova Select,Categoría: Electrónica | Marca: Nova | Proveedor: Distribuidora del Norte,3170.28,137,1,2026-04-20 00:00:00,2026-04-20 00:00:00
3929,HOG-03919,Juego de Toallas 6 Piezas Aurea Pro,Categoría: Hogar | Marca: Aurea | Proveedor: Distribuidora Hidalgo,1502.70,165,1,2026-01-19 00:00:00,2026-01-19 00:00:00
3930,OFI-03920,Memoria USB USB 3.2 Cobalto Essential,Categoría: Oficina | Marca: Cobalto | Proveedor: Distribuidora Hidalgo,4426.69,22,0,2024-02-15 00:00:00,2024-02-15 00:00:00
3931,OFI-03921,Silla Ergonómica Terra Select,Categoría: Oficina | Marca: Terra | Proveedor: Distribuidora Central,1511.21,227,1,2024-02-22 00:00:00,2024-02-22 00:00:00
3932,ALI-03922,Galletas de Avena 300 g Nativa Classic,Categoría: Alimentos | Marca: Nativa | Proveedor: Distribuidora Nova,715.20,145,1,2025-01-31 00:00:00,2025-01-31 00:00:00
3933,ELE-03923,Webcam Autofocus Brava Lite,Categoría: Electrónica | Marca: Brava | Proveedor: Distribuidora Hidalgo,3198.92,234,1,2024-07-09 00:00:00,2024-07-09 00:00:00
3934,OFI-03924,Silla con Soporte Lumbar Kairo Essential,Categoría: Oficina | Marca: Kairo | Proveedor: Distribuidora Metropolitana,4442.71,130,1,2026-05-03 00:00:00,2026-05-03 00:00:00
3935,DEP-03925,Botella Deportiva 1 L Kairo Lite,Categoría: Deportes | Marca: Kairo | Proveedor: Distribuidora del Norte,2197.10,157,1,2024-10-07 00:00:00,2024-10-07 00:00:00
3936,CUI-03926,Cepillo Dental Medio Lumina Classic,Categoría: Cuidado personal | Marca: Lumina | Proveedor: Distribuidora Bajío,344.71,309,1,2024-06-26 00:00:00,2024-06-26 00:00:00
3937,ALI-03927,Pasta Fusilli 500 g Nexo Plus,Categoría: Alimentos | Marca: Nexo | Proveedor: Distribuidora Nova,514.94,69,1,2025-12-31 00:00:00,2025-12-31 00:00:00
3938,CUI-03928,Secadora Iónica Orion Prime,Categoría: Cuidado personal | Marca: Orion | Proveedor: Distribuidora Central,1596.02,12,1,2025-04-17 00:00:00,2025-04-17 00:00:00
3939,ELE-03929,Teclado Inalámbrico Nova Classic,Categoría: Electrónica | Marca: Nova | Proveedor: Distribuidora Pacífico,2555.55,261,1,2026-08-03 00:00:00,2026-08-03 00:00:00
3940,DEP-03930,Balón Entrenamiento Lumina Prime,Categoría: Deportes | Marca: Lumina | Proveedor: Distribuidora Pacífico,2504.44,341,1,2024-04-23 00:00:00,2024-04-23 00:00:00
3941,DEP-03931,Balón Entrenamiento Nova Classic,Categoría: Deportes | Marca: Nova | Proveedor: Distribuidora Nova,1007.54,280,1,2025-08-13 00:00:00,2025-08-13 00:00:00
3942,ELE-03932,Bocina Inteligente Prisma Max,Categoría: Electrónica | Marca: Prisma | Proveedor: Distribuidora Bajío,2336.24,251,1,2026-02-08 00:00:00,2026-02-08 00:00:00
3943,OFI-03933,Silla con Soporte Lumbar Zenit Eco,Categoría: Oficina | Marca: Zenit | Proveedor: Distribuidora Hidalgo,5171.96,246,1,2024-02-17 00:00:00,2024-02-17 00:00:00
3944,HOG-03934,Lámpara de Noche Vitta Advance,Categoría: Hogar | Marca: Vitta | Proveedor: Distribuidora Metropolitana,1133.61,168,1,2026-08-06 00:00:00,2026-08-06 00:00:00
3945,DEP-03935,Mancuerna 5 kg Kairo Advance,Categoría: Deportes | Marca: Kairo | Proveedor: Distribuidora Bajío,1902.53,265,1,2025-06-25 00:00:00,2025-06-25 00:00:00
3946,CUI-03936,Secadora Profesional Vitta Max,Categoría: Cuidado personal | Marca: Vitta | Proveedor: Distribuidora Mexicana,1038.07,141,0,2024-06-19 00:00:00,2024-06-19 00:00:00
3947,ELE-03937,Webcam con Micrófono Altura Eco,Categoría: Electrónica | Marca: Altura | Proveedor: Distribuidora Bajío,3131.88,87,1,2026-03-13 00:00:00,2026-03-13 00:00:00
3948,ALI-03938,Galletas Integrales 350 g Terra Essential,Categoría: Alimentos | Marca: Terra | Proveedor: Distribuidora Mexicana,72.76,245,1,2024-11-08 00:00:00,2024-11-08 00:00:00
3949,DEP-03939,Tapete de Yoga 6 mm Brava Pro,Categoría: Deportes | Marca: Brava | Proveedor: Distribuidora Pacífico,2417.29,44,1,2024-09-10 00:00:00,2024-09-10 00:00:00
3950,ELE-03940,Cargador USB-C 45W Brava Select,Categoría: Electrónica | Marca: Brava | Proveedor: Distribuidora del Norte,2898.67,40,1,2026-08-01 00:00:00,2026-08-01 00:00:00
3951,CUI-03941,Cepillo Dental Suave Zenit Prime,Categoría: Cuidado personal | Marca: Zenit | Proveedor: Distribuidora Metropolitana,737.88,272,1,2024-12-17 00:00:00,2024-12-17 00:00:00
3952,OFI-03942,Calculadora de Escritorio Kairo Prime,Categoría: Oficina | Marca: Kairo | Proveedor: Distribuidora del Norte,950.35,201,1,2024-12-17 00:00:00,2024-12-17 00:00:00
3953,HOG-03943,Juego de Toallas Microfibra Terra Prime,Categoría: Hogar | Marca: Terra | Proveedor: Distribuidora Nova,1179.67,267,1,2024-11-20 00:00:00,2024-11-20 00:00:00
3954,DEP-03944,Guantes de Ciclismo Cobalto Plus,Categoría: Deportes | Marca: Cobalto | Proveedor: Distribuidora Metropolitana,2000.09,168,1,2025-02-10 00:00:00,2025-02-10 00:00:00
3955,CUI-03945,Rasuradora 3 Cabezas Aurea Lite,Categoría: Cuidado personal | Marca: Aurea | Proveedor: Distribuidora Metropolitana,2005.98,294,1,2025-12-28 00:00:00,2025-12-28 00:00:00
3956,CUI-03946,Rasuradora Corporal Lumina Max,Categoría: Cuidado personal | Marca: Lumina | Proveedor: Distribuidora Metropolitana,1844.26,72,1,2026-08-25 00:00:00,2026-08-25 00:00:00
3957,ELE-03947,Webcam Full HD Orion Eco,Categoría: Electrónica | Marca: Orion | Proveedor: Distribuidora Pacífico,580.85,217,1,2025-10-11 00:00:00,2025-10-11 00:00:00
3958,ALI-03948,Cereal de Avena 500 g Aurea Eco,Categoría: Alimentos | Marca: Aurea | Proveedor: Distribuidora Pacífico,645.52,350,1,2024-05-20 00:00:00,2024-05-20 00:00:00
3959,OFI-03949,Cuaderno Cuadriculado Cobalto Select,Categoría: Oficina | Marca: Cobalto | Proveedor: Distribuidora Central,2624.01,289,1,2024-04-02 00:00:00,2024-04-02 00:00:00
3960,ELE-03950,Teclado RGB Lumina Advance,Categoría: Electrónica | Marca: Lumina | Proveedor: Distribuidora Metropolitana,2691.66,347,1,2026-05-26 00:00:00,2026-05-26 00:00:00
3961,ALI-03951,Cereal Integral 500 g Aurea Lite,Categoría: Alimentos | Marca: Aurea | Proveedor: Distribuidora Mexicana,764.25,232,1,2024-04-13 00:00:00,2024-04-13 00:00:00
3962,ELE-03952,Mouse Inalámbrico Altura Classic,Categoría: Electrónica | Marca: Altura | Proveedor: Distribuidora Mexicana,3160.77,195,1,2026-04-26 00:00:00,2026-04-26 00:00:00
3963,ALI-03953,Pasta Penne 500 g Nexo Pro,Categoría: Alimentos | Marca: Nexo | Proveedor: Distribuidora Metropolitana,52.59,200,1,2025-03-11 00:00:00,2025-03-11 00:00:00
3964,ALI-03954,Cereal de Avena 500 g Aurea Prime,Categoría: Alimentos | Marca: Aurea | Proveedor: Distribuidora Pacífico,53.23,79,1,2024-07-12 00:00:00,2024-07-12 00:00:00
3965,DEP-03955,Tapete de Yoga Antideslizante Brava Lite,Categoría: Deportes | Marca: Brava | Proveedor: Distribuidora Central,354.81,141,1,2024-08-28 00:00:00,2024-08-28 00:00:00
3966,DEP-03956,Mancuerna Ajustable Kairo Plus,Categoría: Deportes | Marca: Kairo | Proveedor: Distribuidora Central,2046.16,81,1,2024-05-24 00:00:00,2024-05-24 00:00:00
3967,CUI-03957,Cepillo Dental Medio Prisma Essential,Categoría: Cuidado personal | Marca: Prisma | Proveedor: Distribuidora Central,1388.56,188,1,2026-02-17 00:00:00,2026-02-17 00:00:00
3968,CUI-03958,Crema Corporal Nutritiva 400 ml Brava Pro,Categoría: Cuidado personal | Marca: Brava | Proveedor: Distribuidora Bajío,1464.66,299,1,2024-01-26 00:00:00,2024-01-26 00:00:00
3969,OFI-03959,Cuaderno Pasta Dura Aurea Plus,Categoría: Oficina | Marca: Aurea | Proveedor: Distribuidora Central,178.43,317,1,2025-04-24 00:00:00,2025-04-24 00:00:00
3970,ALI-03960,Galletas de Avena 300 g Brava Prime,Categoría: Alimentos | Marca: Brava | Proveedor: Distribuidora Mexicana,568.82,123,1,2026-02-13 00:00:00,2026-02-13 00:00:00
3971,DEP-03961,Tapete de Yoga con Correa Urban Prime,Categoría: Deportes | Marca: Urban | Proveedor: Distribuidora Hidalgo,1087.56,225,1,2024-03-07 00:00:00,2024-03-07 00:00:00
3972,DEP-03962,Mancuerna Hexagonal Brava Prime,Categoría: Deportes | Marca: Brava | Proveedor: Distribuidora del Norte,1021.63,285,1,2024-10-22 00:00:00,2024-10-22 00:00:00
3973,ELE-03963,Teclado RGB Urban Eco,Categoría: Electrónica | Marca: Urban | Proveedor: Distribuidora Nova,503.27,349,1,2025-08-17 00:00:00,2025-08-17 00:00:00
3974,CUI-03964,Crema Corporal Nutritiva 400 ml Terra Pro,Categoría: Cuidado personal | Marca: Terra | Proveedor: Distribuidora Mexicana,1319.20,26,1,2024-03-11 00:00:00,2024-03-11 00:00:00
3975,ALI-03965,Café en Grano 1 kg Terra Select,Categoría: Alimentos | Marca: Terra | Proveedor: Distribuidora Central,517.72,291,1,2025-03-23 00:00:00,2025-03-23 00:00:00
3976,CUI-03966,Secadora 2000 W Nexo Classic,Categoría: Cuidado personal | Marca: Nexo | Proveedor: Distribuidora Nova,2282.23,242,1,2024-08-08 00:00:00,2024-08-08 00:00:00
3977,CUI-03967,Shampoo Hidratante 750 ml Altura Select,Categoría: Cuidado personal | Marca: Altura | Proveedor: Distribuidora del Norte,1284.09,57,1,2024-05-31 00:00:00,2024-05-31 00:00:00
3978,OFI-03968,Memoria USB 64 GB Prisma Prime,Categoría: Oficina | Marca: Prisma | Proveedor: Distribuidora Pacífico,2790.13,44,1,2026-04-01 00:00:00,2026-04-01 00:00:00
3979,ALI-03969,Café Descafeinado 400 g Nexo Pro,Categoría: Alimentos | Marca: Nexo | Proveedor: Distribuidora Metropolitana,51.00,200,1,2025-09-04 00:00:00,2025-09-04 00:00:00
3980,ELE-03970,Webcam con Micrófono Terra Select,Categoría: Electrónica | Marca: Terra | Proveedor: Distribuidora Hidalgo,1468.48,110,1,2024-09-30 00:00:00,2024-09-30 00:00:00
3981,HOG-03971,Organizador de Baño Lumina Classic,Categoría: Hogar | Marca: Lumina | Proveedor: Distribuidora Central,435.60,3,1,2025-04-19 00:00:00,2025-04-19 00:00:00
3982,HOG-03972,Juego de Toallas Microfibra Brava Prime,Categoría: Hogar | Marca: Brava | Proveedor: Distribuidora Central,459.45,260,1,2026-05-17 00:00:00,2026-05-17 00:00:00
3983,DEP-03973,Guantes Deportivos Nativa Plus,Categoría: Deportes | Marca: Nativa | Proveedor: Distribuidora Nova,253.06,111,1,2025-07-07 00:00:00,2025-07-07 00:00:00
3984,HOG-03974,Lámpara de Escritorio Altura Advance,Categoría: Hogar | Marca: Altura | Proveedor: Distribuidora Hidalgo,184.00,30,1,2024-08-04 00:00:00,2024-08-04 00:00:00
3985,HOG-03975,Sartén de Acero 26 cm Urban Max,Categoría: Hogar | Marca: Urban | Proveedor: Distribuidora Pacífico,2334.02,169,1,2025-02-16 00:00:00,2025-02-16 00:00:00
3986,DEP-03976,Botella Deportiva Térmica Nexo Lite,Categoría: Deportes | Marca: Nexo | Proveedor: Distribuidora Central,2003.98,236,1,2024-09-04 00:00:00,2024-09-04 00:00:00
3987,DEP-03977,Tapete de Yoga 8 mm Nexo Classic,Categoría: Deportes | Marca: Nexo | Proveedor: Distribuidora Hidalgo,2475.33,181,1,2026-05-26 00:00:00,2026-05-26 00:00:00
3988,OFI-03978,Cuaderno Pasta Dura Kairo Eco,Categoría: Oficina | Marca: Kairo | Proveedor: Distribuidora del Norte,4417.63,170,1,2025-04-21 00:00:00,2025-04-21 00:00:00
3989,HOG-03979,Sartén Antiadherente 24 cm Prisma Plus,Categoría: Hogar | Marca: Prisma | Proveedor: Distribuidora Hidalgo,1985.01,255,1,2025-08-05 00:00:00,2025-08-05 00:00:00
3990,OFI-03980,Memoria USB 128 GB Urban Prime,Categoría: Oficina | Marca: Urban | Proveedor: Distribuidora Central,4741.01,6,1,2026-03-15 00:00:00,2026-03-15 00:00:00
3991,HOG-03981,Organizador de Baño Marea Pro,Categoría: Hogar | Marca: Marea | Proveedor: Distribuidora Pacífico,520.26,202,1,2025-06-12 00:00:00,2025-06-12 00:00:00
3992,HOG-03982,Lámpara de Escritorio Nexo Pro,Categoría: Hogar | Marca: Nexo | Proveedor: Distribuidora Metropolitana,2428.24,65,1,2024-04-04 00:00:00,2024-04-04 00:00:00
3993,OFI-03983,Calculadora Financiera Prisma Select,Categoría: Oficina | Marca: Prisma | Proveedor: Distribuidora Nova,2737.64,66,1,2025-05-11 00:00:00,2025-05-11 00:00:00
3994,ELE-03984,Mouse Inalámbrico Kairo Pro,Categoría: Electrónica | Marca: Kairo | Proveedor: Distribuidora Nova,3283.64,157,1,2024-02-28 00:00:00,2024-02-28 00:00:00
3995,DEP-03985,Botella Deportiva 750 ml Brava Max,Categoría: Deportes | Marca: Brava | Proveedor: Distribuidora Mexicana,540.79,302,0,2024-05-04 00:00:00,2024-05-04 00:00:00
3996,HOG-03986,Sartén de Acero 26 cm Vitta Classic,Categoría: Hogar | Marca: Vitta | Proveedor: Distribuidora Nova,2238.83,343,1,2025-09-12 00:00:00,2025-09-12 00:00:00
3997,CUI-03987,Cepillo Dental Suave Lumina Classic,Categoría: Cuidado personal | Marca: Lumina | Proveedor: Distribuidora Pacífico,1608.63,68,1,2024-01-27 00:00:00,2024-01-27 00:00:00
3998,DEP-03988,Guantes Deportivos Aurea Advance,Categoría: Deportes | Marca: Aurea | Proveedor: Distribuidora Bajío,247.41,279,1,2025-07-05 00:00:00,2025-07-05 00:00:00
3999,ALI-03989,Pasta Penne 500 g Zenit Max,Categoría: Alimentos | Marca: Zenit | Proveedor: Distribuidora Central,556.77,12,1,2026-08-31 00:00:00,2026-08-31 00:00:00
4000,CUI-03990,Crema Corporal con Aloe 500 ml Kairo Eco,Categoría: Cuidado personal | Marca: Kairo | Proveedor: Distribuidora Hidalgo,1231.81,200,1,2025-09-14 00:00:00,2025-09-14 00:00:00
4001,CUI-03991,Crema Corporal con Aloe 500 ml Nova Advance,Categoría: Cuidado personal | Marca: Nova | Proveedor: Distribuidora Hidalgo,1790.44,107,1,2025-06-01 00:00:00,2025-06-01 00:00:00
4002,ALI-03992,Pasta Fusilli 500 g Nova Lite,Categoría: Alimentos | Marca: Nova | Proveedor: Distribuidora Mexicana,278.08,296,1,2024-12-08 00:00:00,2024-12-08 00:00:00
4003,DEP-03993,Tapete de Yoga con Correa Nexo Eco,Categoría: Deportes | Marca: Nexo | Proveedor: Distribuidora Nova,1195.74,74,1,2026-04-06 00:00:00,2026-04-06 00:00:00
4004,HOG-03994,Sartén Antiadherente 28 cm Nexo Max,Categoría: Hogar | Marca: Nexo | Proveedor: Distribuidora Hidalgo,672.02,155,1,2026-08-01 00:00:00,2026-08-01 00:00:00
4005,ALI-03995,Galletas con Chocolate 300 g Nexo Max,Categoría: Alimentos | Marca: Nexo | Proveedor: Distribuidora Pacífico,768.77,349,1,2025-04-23 00:00:00,2025-04-23 00:00:00
4006,ALI-03996,Cereal con Frutos 450 g Terra Eco,Categoría: Alimentos | Marca: Terra | Proveedor: Distribuidora Central,347.13,53,1,2024-12-27 00:00:00,2024-12-27 00:00:00
4007,OFI-03997,Memoria USB USB 3.2 Lumina Lite,Categoría: Oficina | Marca: Lumina | Proveedor: Distribuidora Hidalgo,322.45,193,1,2024-06-21 00:00:00,2024-06-21 00:00:00
4008,CUI-03998,Rasuradora de Precisión Nexo Classic,Categoría: Cuidado personal | Marca: Nexo | Proveedor: Distribuidora Pacífico,2721.51,309,0,2026-06-29 00:00:00,2026-06-29 00:00:00
4009,HOG-03999,Termo de Acero Inoxidable Lumina Lite,Categoría: Hogar | Marca: Lumina | Proveedor: Distribuidora Metropolitana,2395.12,318,1,2025-03-03 00:00:00,2025-03-03 00:00:00
4010,HOG-04000,Sartén Antiadherente 28 cm Altura Lite,Categoría: Hogar | Marca: Altura | Proveedor: Distribuidora Nova,2438.54,116,1,2026-06-08 00:00:00,2026-06-08 00:00:00
4011,HOG-04001,Termo 500 ml Orion Eco,Categoría: Hogar | Marca: Orion | Proveedor: Distribuidora Pacífico,1480.91,97,1,2025-04-25 00:00:00,2025-04-25 00:00:00
4012,ELE-04002,Teclado Inalámbrico Nativa Max,Categoría: Electrónica | Marca: Nativa | Proveedor: Distribuidora Central,2167.27,126,1,2024-04-03 00:00:00,2024-04-03 00:00:00
4013,HOG-04003,Organizador de Cocina Lumina Eco,Categoría: Hogar | Marca: Lumina | Proveedor: Distribuidora Metropolitana,599.45,256,0,2024-07-03 00:00:00,2024-07-03 00:00:00
4014,ALI-04004,Cereal Integral 500 g Orion Prime,Categoría: Alimentos | Marca: Orion | Proveedor: Distribuidora Nova,142.57,37,1,2024-09-05 00:00:00,2024-09-05 00:00:00
4015,DEP-04005,Tapete de Yoga 6 mm Kairo Essential,Categoría: Deportes | Marca: Kairo | Proveedor: Distribuidora del Norte,1816.51,90,1,2024-06-20 00:00:00,2024-06-20 00:00:00
4016,HOG-04006,Organizador de Cocina Urban Max,Categoría: Hogar | Marca: Urban | Proveedor: Distribuidora Mexicana,532.26,57,1,2025-09-29 00:00:00,2025-09-29 00:00:00
4017,ELE-04007,Teclado Mecánico Cobalto Max,Categoría: Electrónica | Marca: Cobalto | Proveedor: Distribuidora Central,2278.27,204,1,2024-01-08 00:00:00,2024-01-08 00:00:00
4018,ALI-04008,Café Molido 500 g Cobalto Eco,Categoría: Alimentos | Marca: Cobalto | Proveedor: Distribuidora Mexicana,697.47,108,1,2026-08-19 00:00:00,2026-08-19 00:00:00
4019,OFI-04009,Memoria USB 64 GB Terra Select,Categoría: Oficina | Marca: Terra | Proveedor: Distribuidora Bajío,4711.72,261,1,2024-04-26 00:00:00,2024-04-26 00:00:00
4020,ELE-04010,Mouse Gaming Nativa Classic,Categoría: Electrónica | Marca: Nativa | Proveedor: Distribuidora del Norte,1607.47,59,1,2025-04-21 00:00:00,2025-04-21 00:00:00
4021,ELE-04011,Webcam Autofocus Nova Pro,Categoría: Electrónica | Marca: Nova | Proveedor: Distribuidora Mexicana,1765.82,272,0,2026-07-16 00:00:00,2026-07-16 00:00:00
4022,OFI-04012,Cuaderno Profesional Brava Lite,Categoría: Oficina | Marca: Brava | Proveedor: Distribuidora Nova,92.67,279,1,2024-10-16 00:00:00,2024-10-16 00:00:00
4023,CUI-04013,Shampoo Hidratante 750 ml Aurea Pro,Categoría: Cuidado personal | Marca: Aurea | Proveedor: Distribuidora Central,356.91,341,1,2024-01-26 00:00:00,2024-01-26 00:00:00
4024,CUI-04014,Crema Corporal Hidratante 400 ml Terra Plus,Categoría: Cuidado personal | Marca: Terra | Proveedor: Distribuidora Metropolitana,1549.74,71,1,2024-07-10 00:00:00,2024-07-10 00:00:00
4025,DEP-04015,Tapete de Yoga Antideslizante Vitta Essential,Categoría: Deportes | Marca: Vitta | Proveedor: Distribuidora Nova,2661.60,45,1,2024-04-24 00:00:00,2024-04-24 00:00:00
4026,DEP-04016,Guantes Deportivos Kairo Pro,Categoría: Deportes | Marca: Kairo | Proveedor: Distribuidora Mexicana,1628.77,110,1,2026-06-30 00:00:00,2026-06-30 00:00:00
4027,ALI-04017,Café Molido 500 g Lumina Eco,Categoría: Alimentos | Marca: Lumina | Proveedor: Distribuidora del Norte,370.15,56,1,2026-04-02 00:00:00,2026-04-02 00:00:00
4028,DEP-04018,Guantes con Muñequera Vitta Advance,Categoría: Deportes | Marca: Vitta | Proveedor: Distribuidora del Norte,109.54,163,1,2024-12-07 00:00:00,2024-12-07 00:00:00
4029,DEP-04019,Mancuerna 10 kg Urban Max,Categoría: Deportes | Marca: Urban | Proveedor: Distribuidora Mexicana,769.54,8,0,2024-06-24 00:00:00,2024-06-24 00:00:00
4030,CUI-04020,Cepillo Dental Suave Nativa Prime,Categoría: Cuidado personal | Marca: Nativa | Proveedor: Distribuidora Pacífico,619.80,11,1,2026-08-26 00:00:00,2026-08-26 00:00:00
4031,OFI-04021,Mochila para Laptop 15.6 Terra Plus,Categoría: Oficina | Marca: Terra | Proveedor: Distribuidora Central,396.71,175,1,2025-04-03 00:00:00,2025-04-03 00:00:00
4032,OFI-04022,Cuaderno Pasta Dura Marea Pro,Categoría: Oficina | Marca: Marea | Proveedor: Distribuidora Bajío,3301.77,211,1,2025-04-02 00:00:00,2025-04-02 00:00:00
4033,DEP-04023,Guantes Deportivos Urban Max,Categoría: Deportes | Marca: Urban | Proveedor: Distribuidora Central,1864.02,25,1,2025-07-26 00:00:00,2025-07-26 00:00:00
4034,HOG-04024,Lámpara Minimalista Zenit Classic,Categoría: Hogar | Marca: Zenit | Proveedor: Distribuidora Metropolitana,1675.91,20,1,2026-08-14 00:00:00,2026-08-14 00:00:00
4035,OFI-04025,Calculadora Científica Lumina Max,Categoría: Oficina | Marca: Lumina | Proveedor: Distribuidora Mexicana,5419.12,226,1,2025-04-10 00:00:00,2025-04-10 00:00:00
4036,DEP-04026,Tapete de Yoga 8 mm Nexo Advance,Categoría: Deportes | Marca: Nexo | Proveedor: Distribuidora Nova,164.07,280,0,2024-05-13 00:00:00,2024-05-13 00:00:00
4037,ELE-04027,Audífonos Inalámbricos Lumina Select,Categoría: Electrónica | Marca: Lumina | Proveedor: Distribuidora Nova,1005.32,218,1,2026-05-20 00:00:00,2026-05-20 00:00:00
4038,ELE-04028,Audífonos Bluetooth Prisma Essential,Categoría: Electrónica | Marca: Prisma | Proveedor: Distribuidora Hidalgo,747.88,21,1,2024-11-18 00:00:00,2024-11-18 00:00:00
4039,ALI-04029,Aceite Vegetal 1 L Terra Max,Categoría: Alimentos | Marca: Terra | Proveedor: Distribuidora Bajío,645.73,45,1,2024-02-20 00:00:00,2024-02-20 00:00:00
4040,OFI-04030,Memoria USB 128 GB Cobalto Advance,Categoría: Oficina | Marca: Cobalto | Proveedor: Distribuidora Hidalgo,2633.10,261,1,2026-09-01 00:00:00,2026-09-01 00:00:00
4041,ALI-04031,Café en Grano 1 kg Terra Essential,Categoría: Alimentos | Marca: Terra | Proveedor: Distribuidora Central,371.62,338,1,2024-11-11 00:00:00,2024-11-11 00:00:00
4042,CUI-04032,Shampoo Hidratante 750 ml Orion Advance,Categoría: Cuidado personal | Marca: Orion | Proveedor: Distribuidora del Norte,216.96,63,1,2026-02-10 00:00:00,2026-02-10 00:00:00
4043,OFI-04033,Calculadora Financiera Nativa Eco,Categoría: Oficina | Marca: Nativa | Proveedor: Distribuidora del Norte,2806.60,213,1,2025-08-21 00:00:00,2025-08-21 00:00:00
4044,HOG-04034,Sartén de Acero 26 cm Zenit Essential,Categoría: Hogar | Marca: Zenit | Proveedor: Distribuidora Mexicana,312.37,19,1,2026-03-20 00:00:00,2026-03-20 00:00:00
4045,DEP-04035,Mancuerna Ajustable Lumina Max,Categoría: Deportes | Marca: Lumina | Proveedor: Distribuidora Central,2620.70,238,1,2024-05-12 00:00:00,2024-05-12 00:00:00
4046,ALI-04036,Cereal de Avena 500 g Nova Classic,Categoría: Alimentos | Marca: Nova | Proveedor: Distribuidora Nova,569.87,179,1,2024-11-08 00:00:00,2024-11-08 00:00:00
4047,HOG-04037,Juego de Toallas Microfibra Vitta Prime,Categoría: Hogar | Marca: Vitta | Proveedor: Distribuidora Central,2165.13,76,1,2025-09-24 00:00:00,2025-09-24 00:00:00
4048,ALI-04038,Galletas con Chocolate 300 g Nexo Lite,Categoría: Alimentos | Marca: Nexo | Proveedor: Distribuidora Bajío,232.26,288,1,2026-03-13 00:00:00,2026-03-13 00:00:00
4049,ALI-04039,Galletas Integrales 350 g Nexo Max,Categoría: Alimentos | Marca: Nexo | Proveedor: Distribuidora Nova,765.96,317,1,2024-08-08 00:00:00,2024-08-08 00:00:00
4050,OFI-04040,Silla Ergonómica Nexo Classic,Categoría: Oficina | Marca: Nexo | Proveedor: Distribuidora Nova,214.00,313,1,2025-08-12 00:00:00,2025-08-12 00:00:00
4051,ALI-04041,Aceite de Oliva 500 ml Kairo Eco,Categoría: Alimentos | Marca: Kairo | Proveedor: Distribuidora Pacífico,246.50,146,1,2024-05-18 00:00:00,2024-05-18 00:00:00
4052,HOG-04042,Termo 750 ml Marea Eco,Categoría: Hogar | Marca: Marea | Proveedor: Distribuidora Mexicana,2005.48,177,1,2025-12-28 00:00:00,2025-12-28 00:00:00
4053,ELE-04043,Cargador Doble Puerto Cobalto Eco,Categoría: Electrónica | Marca: Cobalto | Proveedor: Distribuidora Bajío,705.17,79,1,2024-09-11 00:00:00,2024-09-11 00:00:00
4054,HOG-04044,Organizador Multiusos Nova Eco,Categoría: Hogar | Marca: Nova | Proveedor: Distribuidora del Norte,1605.46,28,1,2025-02-24 00:00:00,2025-02-24 00:00:00
4055,HOG-04045,Sartén Antiadherente 24 cm Orion Classic,Categoría: Hogar | Marca: Orion | Proveedor: Distribuidora del Norte,1751.60,68,1,2025-01-18 00:00:00,2025-01-18 00:00:00
4056,HOG-04046,Sartén de Acero 26 cm Marea Pro,Categoría: Hogar | Marca: Marea | Proveedor: Distribuidora Nova,2431.95,212,1,2025-02-14 00:00:00,2025-02-14 00:00:00
4057,CUI-04047,Secadora Profesional Nexo Select,Categoría: Cuidado personal | Marca: Nexo | Proveedor: Distribuidora Central,581.92,235,1,2024-10-17 00:00:00,2024-10-17 00:00:00
4058,OFI-04048,Calculadora Científica Kairo Select,Categoría: Oficina | Marca: Kairo | Proveedor: Distribuidora Mexicana,1650.62,148,1,2024-03-27 00:00:00,2024-03-27 00:00:00
4059,DEP-04049,Mancuerna Ajustable Terra Classic,Categoría: Deportes | Marca: Terra | Proveedor: Distribuidora Bajío,2974.63,170,1,2025-10-18 00:00:00,2025-10-18 00:00:00
4060,ELE-04050,Webcam con Micrófono Nexo Classic,Categoría: Electrónica | Marca: Nexo | Proveedor: Distribuidora del Norte,1417.19,258,1,2026-07-09 00:00:00,2026-07-09 00:00:00
4061,HOG-04051,Termo 500 ml Orion Eco,Categoría: Hogar | Marca: Orion | Proveedor: Distribuidora Mexicana,739.93,251,1,2026-07-12 00:00:00,2026-07-12 00:00:00
4062,DEP-04052,Mancuerna 10 kg Cobalto Pro,Categoría: Deportes | Marca: Cobalto | Proveedor: Distribuidora Metropolitana,825.77,104,1,2024-08-07 00:00:00,2024-08-07 00:00:00
4063,CUI-04053,Secadora Profesional Prisma Advance,Categoría: Cuidado personal | Marca: Prisma | Proveedor: Distribuidora Nova,2281.20,184,0,2026-05-24 00:00:00,2026-05-24 00:00:00
4064,DEP-04054,Mancuerna 5 kg Terra Prime,Categoría: Deportes | Marca: Terra | Proveedor: Distribuidora del Norte,2945.38,333,1,2026-03-27 00:00:00,2026-03-27 00:00:00
4065,OFI-04055,Silla Ejecutiva Brava Essential,Categoría: Oficina | Marca: Brava | Proveedor: Distribuidora Mexicana,2060.40,238,1,2024-09-23 00:00:00,2024-09-23 00:00:00
4066,HOG-04056,Lámpara de Escritorio Lumina Pro,Categoría: Hogar | Marca: Lumina | Proveedor: Distribuidora Nova,686.41,153,1,2026-01-30 00:00:00,2026-01-30 00:00:00
4067,ALI-04057,Aceite de Oliva 500 ml Kairo Select,Categoría: Alimentos | Marca: Kairo | Proveedor: Distribuidora del Norte,601.46,325,1,2026-08-01 00:00:00,2026-08-01 00:00:00
4068,DEP-04058,Botella Deportiva Térmica Urban Advance,Categoría: Deportes | Marca: Urban | Proveedor: Distribuidora Hidalgo,1221.74,13,1,2026-04-08 00:00:00,2026-04-08 00:00:00
4069,ALI-04059,Aceite de Oliva 500 ml Cobalto Classic,Categoría: Alimentos | Marca: Cobalto | Proveedor: Distribuidora del Norte,494.92,75,1,2025-06-15 00:00:00,2025-06-15 00:00:00
4070,CUI-04060,Shampoo Anticaspa 650 ml Marea Essential,Categoría: Cuidado personal | Marca: Marea | Proveedor: Distribuidora Bajío,1214.74,136,1,2024-03-26 00:00:00,2024-03-26 00:00:00
4071,ELE-04061,Audífonos Bluetooth Nexo Prime,Categoría: Electrónica | Marca: Nexo | Proveedor: Distribuidora del Norte,156.46,97,0,2025-03-01 00:00:00,2025-03-01 00:00:00
4072,OFI-04062,Cuaderno de Notas Nativa Pro,Categoría: Oficina | Marca: Nativa | Proveedor: Distribuidora Hidalgo,3362.45,317,1,2026-03-19 00:00:00,2026-03-19 00:00:00
4073,CUI-04063,Crema Corporal Nutritiva 400 ml Vitta Plus,Categoría: Cuidado personal | Marca: Vitta | Proveedor: Distribuidora Hidalgo,2593.84,30,1,2026-06-28 00:00:00,2026-06-28 00:00:00
4074,ALI-04064,Galletas con Chocolate 300 g Kairo Pro,Categoría: Alimentos | Marca: Kairo | Proveedor: Distribuidora Hidalgo,312.87,236,1,2026-02-20 00:00:00,2026-02-20 00:00:00
4075,CUI-04065,Rasuradora Corporal Nexo Essential,Categoría: Cuidado personal | Marca: Nexo | Proveedor: Distribuidora del Norte,2610.17,331,1,2024-10-19 00:00:00,2024-10-19 00:00:00
4076,OFI-04066,Mochila Antirrobo Zenit Essential,Categoría: Oficina | Marca: Zenit | Proveedor: Distribuidora Bajío,3861.73,114,1,2024-06-22 00:00:00,2024-06-22 00:00:00
4077,CUI-04067,Rasuradora Recargable Prisma Advance,Categoría: Cuidado personal | Marca: Prisma | Proveedor: Distribuidora Metropolitana,1059.06,265,1,2026-01-27 00:00:00,2026-01-27 00:00:00
4078,CUI-04068,Cepillo Dental Eléctrico Marea Max,Categoría: Cuidado personal | Marca: Marea | Proveedor: Distribuidora Bajío,1966.00,109,1,2025-12-20 00:00:00,2025-12-20 00:00:00
4079,CUI-04069,Crema Corporal Nutritiva 400 ml Brava Essential,Categoría: Cuidado personal | Marca: Brava | Proveedor: Distribuidora Bajío,981.40,255,1,2025-08-11 00:00:00,2025-08-11 00:00:00
4080,CUI-04070,Secadora Iónica Zenit Max,Categoría: Cuidado personal | Marca: Zenit | Proveedor: Distribuidora Pacífico,1241.75,240,1,2026-01-07 00:00:00,2026-01-07 00:00:00
4081,ELE-04071,Mouse Ergonómico Terra Lite,Categoría: Electrónica | Marca: Terra | Proveedor: Distribuidora Pacífico,495.31,2,1,2026-04-16 00:00:00,2026-04-16 00:00:00
4082,CUI-04072,Shampoo Hidratante 750 ml Marea Eco,Categoría: Cuidado personal | Marca: Marea | Proveedor: Distribuidora Metropolitana,2088.67,68,1,2026-02-24 00:00:00,2026-02-24 00:00:00
4083,DEP-04073,Guantes con Muñequera Urban Essential,Categoría: Deportes | Marca: Urban | Proveedor: Distribuidora Nova,2575.87,214,1,2024-12-31 00:00:00,2024-12-31 00:00:00
4084,DEP-04074,Balón de Fútbol Nativa Prime,Categoría: Deportes | Marca: Nativa | Proveedor: Distribuidora del Norte,2548.71,87,1,2024-02-28 00:00:00,2024-02-28 00:00:00
4085,OFI-04075,Mochila Impermeable Nexo Pro,Categoría: Oficina | Marca: Nexo | Proveedor: Distribuidora Pacífico,2299.47,335,1,2026-07-25 00:00:00,2026-07-25 00:00:00
4086,ELE-04076,Teclado Compacto Prisma Advance,Categoría: Electrónica | Marca: Prisma | Proveedor: Distribuidora Metropolitana,1131.87,256,1,2026-03-16 00:00:00,2026-03-16 00:00:00
4087,HOG-04077,Sartén Antiadherente 28 cm Prisma Select,Categoría: Hogar | Marca: Prisma | Proveedor: Distribuidora Nova,893.01,141,1,2025-04-26 00:00:00,2025-04-26 00:00:00
4088,ALI-04078,Galletas Integrales 350 g Altura Max,Categoría: Alimentos | Marca: Altura | Proveedor: Distribuidora Metropolitana,584.40,213,1,2026-03-03 00:00:00,2026-03-03 00:00:00
4089,DEP-04079,Tapete de Yoga con Correa Terra Lite,Categoría: Deportes | Marca: Terra | Proveedor: Distribuidora Mexicana,2453.14,180,1,2024-12-04 00:00:00,2024-12-04 00:00:00
4090,HOG-04080,Sartén de Acero 26 cm Kairo Eco,Categoría: Hogar | Marca: Kairo | Proveedor: Distribuidora Central,1187.28,303,1,2024-03-25 00:00:00,2024-03-25 00:00:00
4091,OFI-04081,Mochila Ejecutiva Nativa Advance,Categoría: Oficina | Marca: Nativa | Proveedor: Distribuidora Pacífico,4517.03,89,1,2025-07-30 00:00:00,2025-07-30 00:00:00
4092,DEP-04082,Mancuerna 10 kg Aurea Advance,Categoría: Deportes | Marca: Aurea | Proveedor: Distribuidora Central,1245.46,130,1,2024-05-25 00:00:00,2024-05-25 00:00:00
4093,HOG-04083,Termo de Acero Inoxidable Terra Essential,Categoría: Hogar | Marca: Terra | Proveedor: Distribuidora Pacífico,1138.13,30,1,2026-02-16 00:00:00,2026-02-16 00:00:00
4094,CUI-04084,Shampoo Hidratante 750 ml Kairo Pro,Categoría: Cuidado personal | Marca: Kairo | Proveedor: Distribuidora Bajío,1187.50,163,1,2026-06-29 00:00:00,2026-06-29 00:00:00
4095,ALI-04085,Galletas Integrales 350 g Lumina Select,Categoría: Alimentos | Marca: Lumina | Proveedor: Distribuidora Bajío,548.00,311,1,2025-01-19 00:00:00,2025-01-19 00:00:00
4096,OFI-04086,Mochila Antirrobo Urban Plus,Categoría: Oficina | Marca: Urban | Proveedor: Distribuidora Mexicana,1897.51,222,1,2024-01-23 00:00:00,2024-01-23 00:00:00
4097,CUI-04087,Cepillo Dental Medio Nova Eco,Categoría: Cuidado personal | Marca: Nova | Proveedor: Distribuidora Pacífico,2222.32,104,1,2026-06-25 00:00:00,2026-06-25 00:00:00
4098,ELE-04088,Cargador Doble Puerto Nativa Select,Categoría: Electrónica | Marca: Nativa | Proveedor: Distribuidora Mexicana,1652.56,266,1,2025-10-28 00:00:00,2025-10-28 00:00:00
4099,OFI-04089,Memoria USB 64 GB Aurea Lite,Categoría: Oficina | Marca: Aurea | Proveedor: Distribuidora del Norte,279.92,52,1,2025-05-07 00:00:00,2025-05-07 00:00:00
4100,DEP-04090,Botella Deportiva 1 L Aurea Select,Categoría: Deportes | Marca: Aurea | Proveedor: Distribuidora Pacífico,266.96,191,1,2024-10-15 00:00:00,2024-10-15 00:00:00
4101,ALI-04091,Pasta Spaghetti 500 g Urban Eco,Categoría: Alimentos | Marca: Urban | Proveedor: Distribuidora Central,66.97,92,1,2025-10-07 00:00:00,2025-10-07 00:00:00
4102,HOG-04092,Lámpara LED Nativa Lite,Categoría: Hogar | Marca: Nativa | Proveedor: Distribuidora del Norte,1386.50,81,1,2024-02-02 00:00:00,2024-02-02 00:00:00
4103,DEP-04093,Balón Entrenamiento Nativa Max,Categoría: Deportes | Marca: Nativa | Proveedor: Distribuidora Nova,2367.89,232,1,2026-05-23 00:00:00,2026-05-23 00:00:00
4104,DEP-04094,Balón de Voleibol Prisma Prime,Categoría: Deportes | Marca: Prisma | Proveedor: Distribuidora Central,958.49,316,1,2024-08-01 00:00:00,2024-08-01 00:00:00
4105,CUI-04095,Shampoo Reparador 700 ml Marea Classic,Categoría: Cuidado personal | Marca: Marea | Proveedor: Distribuidora del Norte,601.42,56,1,2026-07-12 00:00:00,2026-07-12 00:00:00
4106,DEP-04096,Guantes de Ciclismo Marea Prime,Categoría: Deportes | Marca: Marea | Proveedor: Distribuidora Mexicana,686.78,25,1,2024-07-15 00:00:00,2024-07-15 00:00:00
4107,HOG-04097,Lámpara LED Prisma Plus,Categoría: Hogar | Marca: Prisma | Proveedor: Distribuidora Metropolitana,832.41,335,1,2024-12-10 00:00:00,2024-12-10 00:00:00
4108,ELE-04098,Bocina Bluetooth Vitta Eco,Categoría: Electrónica | Marca: Vitta | Proveedor: Distribuidora Mexicana,987.84,221,1,2026-03-30 00:00:00,2026-03-30 00:00:00
4109,ELE-04099,Bocina Resistente al Agua Kairo Plus,Categoría: Electrónica | Marca: Kairo | Proveedor: Distribuidora Pacífico,1220.42,63,1,2024-11-09 00:00:00,2024-11-09 00:00:00
4110,DEP-04100,Balón de Básquetbol Orion Eco,Categoría: Deportes | Marca: Orion | Proveedor: Distribuidora Nova,2880.22,287,1,2026-01-22 00:00:00,2026-01-22 00:00:00
4111,ALI-04101,Cereal con Frutos 450 g Cobalto Select,Categoría: Alimentos | Marca: Cobalto | Proveedor: Distribuidora Pacífico,67.21,298,1,2024-02-24 00:00:00,2024-02-24 00:00:00
4112,OFI-04102,Silla Ejecutiva Prisma Pro,Categoría: Oficina | Marca: Prisma | Proveedor: Distribuidora Nova,4011.18,80,1,2026-01-28 00:00:00,2026-01-28 00:00:00
4113,OFI-04103,Memoria USB 64 GB Cobalto Max,Categoría: Oficina | Marca: Cobalto | Proveedor: Distribuidora Metropolitana,4617.80,82,1,2025-07-13 00:00:00,2025-07-13 00:00:00
4114,OFI-04104,Memoria USB 32 GB Kairo Advance,Categoría: Oficina | Marca: Kairo | Proveedor: Distribuidora Hidalgo,2171.52,42,1,2025-11-25 00:00:00,2025-11-25 00:00:00
4115,CUI-04105,Secadora Compacta Terra Prime,Categoría: Cuidado personal | Marca: Terra | Proveedor: Distribuidora Pacífico,2347.92,201,1,2024-11-01 00:00:00,2024-11-01 00:00:00
4116,OFI-04106,Mochila Ejecutiva Nova Essential,Categoría: Oficina | Marca: Nova | Proveedor: Distribuidora Mexicana,1572.68,189,1,2024-11-06 00:00:00,2024-11-06 00:00:00
4117,ALI-04107,Galletas Integrales 350 g Nativa Lite,Categoría: Alimentos | Marca: Nativa | Proveedor: Distribuidora Bajío,307.88,130,0,2026-06-30 00:00:00,2026-06-30 00:00:00
4118,ELE-04108,Cargador Doble Puerto Nativa Advance,Categoría: Electrónica | Marca: Nativa | Proveedor: Distribuidora del Norte,2452.10,23,1,2026-07-03 00:00:00,2026-07-03 00:00:00
4119,DEP-04109,Balón de Fútbol Brava Eco,Categoría: Deportes | Marca: Brava | Proveedor: Distribuidora Metropolitana,1515.17,328,0,2026-07-14 00:00:00,2026-07-14 00:00:00
4120,HOG-04110,Termo 500 ml Altura Classic,Categoría: Hogar | Marca: Altura | Proveedor: Distribuidora Bajío,1690.80,236,1,2026-07-10 00:00:00,2026-07-10 00:00:00
4121,ALI-04111,Aceite de Oliva 500 ml Terra Eco,Categoría: Alimentos | Marca: Terra | Proveedor: Distribuidora del Norte,58.20,127,1,2025-02-27 00:00:00,2025-02-27 00:00:00
4122,ALI-04112,Pasta Spaghetti 500 g Nativa Advance,Categoría: Alimentos | Marca: Nativa | Proveedor: Distribuidora del Norte,503.40,350,1,2025-01-29 00:00:00,2025-01-29 00:00:00
4123,OFI-04113,Silla de Oficina Nexo Max,Categoría: Oficina | Marca: Nexo | Proveedor: Distribuidora Mexicana,2094.43,331,1,2026-01-04 00:00:00,2026-01-04 00:00:00
4124,ALI-04114,Cereal Integral 500 g Zenit Max,Categoría: Alimentos | Marca: Zenit | Proveedor: Distribuidora Metropolitana,556.94,257,1,2026-07-31 00:00:00,2026-07-31 00:00:00
4125,OFI-04115,Cuaderno Cuadriculado Zenit Lite,Categoría: Oficina | Marca: Zenit | Proveedor: Distribuidora Metropolitana,5614.54,35,1,2025-01-02 00:00:00,2025-01-02 00:00:00
4126,ELE-04116,Webcam con Micrófono Prisma Eco,Categoría: Electrónica | Marca: Prisma | Proveedor: Distribuidora Hidalgo,2418.10,41,1,2025-02-28 00:00:00,2025-02-28 00:00:00
4127,CUI-04117,Cepillo Dental Suave Brava Eco,Categoría: Cuidado personal | Marca: Brava | Proveedor: Distribuidora Hidalgo,2617.85,122,1,2024-09-13 00:00:00,2024-09-13 00:00:00
4128,ELE-04118,Mouse Gaming Marea Plus,Categoría: Electrónica | Marca: Marea | Proveedor: Distribuidora del Norte,2479.27,59,1,2024-08-12 00:00:00,2024-08-12 00:00:00
4129,OFI-04119,Silla Ejecutiva Nexo Pro,Categoría: Oficina | Marca: Nexo | Proveedor: Distribuidora del Norte,1590.41,190,1,2025-06-07 00:00:00,2025-06-07 00:00:00
4130,DEP-04120,Guantes con Muñequera Lumina Advance,Categoría: Deportes | Marca: Lumina | Proveedor: Distribuidora Hidalgo,463.40,74,1,2026-07-14 00:00:00,2026-07-14 00:00:00
4131,ALI-04121,Pasta Fusilli 500 g Zenit Advance,Categoría: Alimentos | Marca: Zenit | Proveedor: Distribuidora Bajío,401.23,155,1,2025-08-07 00:00:00,2025-08-07 00:00:00
4132,CUI-04122,Secadora Profesional Aurea Plus,Categoría: Cuidado personal | Marca: Aurea | Proveedor: Distribuidora Central,1619.33,114,1,2024-12-21 00:00:00,2024-12-21 00:00:00
4133,ALI-04123,Café Americano 500 g Aurea Eco,Categoría: Alimentos | Marca: Aurea | Proveedor: Distribuidora Mexicana,466.72,93,1,2026-02-19 00:00:00,2026-02-19 00:00:00
4134,CUI-04124,Shampoo Anticaspa 650 ml Terra Pro,Categoría: Cuidado personal | Marca: Terra | Proveedor: Distribuidora Mexicana,692.36,61,1,2025-05-09 00:00:00,2025-05-09 00:00:00
4135,CUI-04125,Shampoo Hidratante 750 ml Nativa Eco,Categoría: Cuidado personal | Marca: Nativa | Proveedor: Distribuidora del Norte,606.26,55,1,2025-08-07 00:00:00,2025-08-07 00:00:00
4136,DEP-04126,Tapete de Yoga con Correa Nova Lite,Categoría: Deportes | Marca: Nova | Proveedor: Distribuidora Nova,1144.81,177,1,2026-04-11 00:00:00,2026-04-11 00:00:00
4137,DEP-04127,Tapete de Yoga 8 mm Aurea Essential,Categoría: Deportes | Marca: Aurea | Proveedor: Distribuidora Hidalgo,1291.49,178,1,2025-04-26 00:00:00,2025-04-26 00:00:00
4138,ALI-04128,Pasta Penne 500 g Cobalto Prime,Categoría: Alimentos | Marca: Cobalto | Proveedor: Distribuidora Mexicana,328.09,148,1,2026-02-23 00:00:00,2026-02-23 00:00:00
4139,OFI-04129,Cuaderno Profesional Kairo Essential,Categoría: Oficina | Marca: Kairo | Proveedor: Distribuidora Nova,5033.40,18,1,2026-05-25 00:00:00,2026-05-25 00:00:00
4140,DEP-04130,Tapete de Yoga 6 mm Aurea Pro,Categoría: Deportes | Marca: Aurea | Proveedor: Distribuidora Mexicana,986.85,268,1,2025-12-27 00:00:00,2025-12-27 00:00:00
4141,ALI-04131,Aceite de Oliva 500 ml Marea Pro,Categoría: Alimentos | Marca: Marea | Proveedor: Distribuidora Metropolitana,554.04,117,1,2026-05-09 00:00:00,2026-05-09 00:00:00
4142,ELE-04132,Cargador USB-C 45W Nova Select,Categoría: Electrónica | Marca: Nova | Proveedor: Distribuidora Central,2945.60,276,1,2025-12-04 00:00:00,2025-12-04 00:00:00
4143,ALI-04133,Galletas Integrales 350 g Urban Pro,Categoría: Alimentos | Marca: Urban | Proveedor: Distribuidora Metropolitana,536.86,287,1,2024-07-23 00:00:00,2024-07-23 00:00:00
4144,ALI-04134,Café Molido 500 g Orion Pro,Categoría: Alimentos | Marca: Orion | Proveedor: Distribuidora Bajío,413.95,40,1,2025-05-11 00:00:00,2025-05-11 00:00:00
4145,ELE-04135,Teclado RGB Urban Eco,Categoría: Electrónica | Marca: Urban | Proveedor: Distribuidora Pacífico,1466.37,200,1,2025-05-06 00:00:00,2025-05-06 00:00:00
4146,ELE-04136,Webcam 2K Nexo Eco,Categoría: Electrónica | Marca: Nexo | Proveedor: Distribuidora Pacífico,3337.05,167,0,2024-12-10 00:00:00,2024-12-10 00:00:00
4147,HOG-04137,Juego de Toallas Algodón Nexo Advance,Categoría: Hogar | Marca: Nexo | Proveedor: Distribuidora Nova,751.95,15,1,2025-05-17 00:00:00,2025-05-17 00:00:00
4148,OFI-04138,Mochila para Laptop 15.6 Aurea Pro,Categoría: Oficina | Marca: Aurea | Proveedor: Distribuidora Mexicana,4272.39,175,1,2026-05-15 00:00:00,2026-05-15 00:00:00
4149,ALI-04139,Pasta Penne 500 g Cobalto Plus,Categoría: Alimentos | Marca: Cobalto | Proveedor: Distribuidora Central,475.50,175,1,2026-04-12 00:00:00,2026-04-12 00:00:00
4150,ALI-04140,Cereal Integral 500 g Prisma Eco,Categoría: Alimentos | Marca: Prisma | Proveedor: Distribuidora Central,413.03,284,1,2025-04-12 00:00:00,2025-04-12 00:00:00
4151,HOG-04141,Juego de Toallas 6 Piezas Vitta Classic,Categoría: Hogar | Marca: Vitta | Proveedor: Distribuidora Pacífico,2134.10,318,1,2026-03-25 00:00:00,2026-03-25 00:00:00
4152,ELE-04142,Cargador Inalámbrico Nexo Advance,Categoría: Electrónica | Marca: Nexo | Proveedor: Distribuidora Mexicana,3352.27,121,0,2026-07-20 00:00:00,2026-07-20 00:00:00
4153,ALI-04143,Café Americano 500 g Orion Classic,Categoría: Alimentos | Marca: Orion | Proveedor: Distribuidora Bajío,479.42,226,1,2025-02-27 00:00:00,2025-02-27 00:00:00
4154,ELE-04144,Teclado RGB Lumina Eco,Categoría: Electrónica | Marca: Lumina | Proveedor: Distribuidora Hidalgo,3020.35,225,1,2026-05-09 00:00:00,2026-05-09 00:00:00
4155,CUI-04145,Crema Corporal Hidratante 400 ml Zenit Plus,Categoría: Cuidado personal | Marca: Zenit | Proveedor: Distribuidora Metropolitana,2357.48,335,1,2025-11-03 00:00:00,2025-11-03 00:00:00
4156,CUI-04146,Shampoo Hidratante 750 ml Kairo Lite,Categoría: Cuidado personal | Marca: Kairo | Proveedor: Distribuidora Pacífico,2402.02,297,1,2024-07-13 00:00:00,2024-07-13 00:00:00
4157,ALI-04147,Pasta Fusilli 500 g Marea Max,Categoría: Alimentos | Marca: Marea | Proveedor: Distribuidora Hidalgo,396.72,209,1,2024-03-19 00:00:00,2024-03-19 00:00:00
4158,HOG-04148,Termo Térmico Marea Prime,Categoría: Hogar | Marca: Marea | Proveedor: Distribuidora del Norte,118.82,17,1,2025-12-15 00:00:00,2025-12-15 00:00:00
4159,OFI-04149,Silla con Soporte Lumbar Aurea Pro,Categoría: Oficina | Marca: Aurea | Proveedor: Distribuidora Metropolitana,5677.48,288,1,2026-08-16 00:00:00,2026-08-16 00:00:00
4160,HOG-04150,Juego de Toallas Algodón Orion Advance,Categoría: Hogar | Marca: Orion | Proveedor: Distribuidora Mexicana,1967.08,44,1,2025-10-14 00:00:00,2025-10-14 00:00:00
4161,DEP-04151,Balón de Fútbol Marea Select,Categoría: Deportes | Marca: Marea | Proveedor: Distribuidora Bajío,1281.41,271,0,2025-07-01 00:00:00,2025-07-01 00:00:00
4162,DEP-04152,Tapete de Yoga 6 mm Vitta Essential,Categoría: Deportes | Marca: Vitta | Proveedor: Distribuidora Nova,2714.93,114,1,2025-07-17 00:00:00,2025-07-17 00:00:00
4163,ELE-04153,Audífonos Inalámbricos Nova Advance,Categoría: Electrónica | Marca: Nova | Proveedor: Distribuidora Bajío,2218.65,202,1,2025-03-14 00:00:00,2025-03-14 00:00:00
4164,DEP-04154,Tapete de Yoga 6 mm Aurea Max,Categoría: Deportes | Marca: Aurea | Proveedor: Distribuidora Nova,739.52,128,1,2026-07-06 00:00:00,2026-07-06 00:00:00
4165,DEP-04155,Balón de Fútbol Cobalto Plus,Categoría: Deportes | Marca: Cobalto | Proveedor: Distribuidora Metropolitana,1774.78,1,1,2025-02-19 00:00:00,2025-02-19 00:00:00
4166,OFI-04156,Silla de Oficina Aurea Advance,Categoría: Oficina | Marca: Aurea | Proveedor: Distribuidora Central,2468.54,244,1,2024-11-21 00:00:00,2024-11-21 00:00:00
4167,DEP-04157,Tapete de Yoga 8 mm Lumina Eco,Categoría: Deportes | Marca: Lumina | Proveedor: Distribuidora Central,820.16,305,1,2025-08-27 00:00:00,2025-08-27 00:00:00
4168,OFI-04158,Calculadora Financiera Nativa Select,Categoría: Oficina | Marca: Nativa | Proveedor: Distribuidora Metropolitana,4321.22,25,1,2025-06-13 00:00:00,2025-06-13 00:00:00
4169,DEP-04159,Guantes de Gimnasio Altura Pro,Categoría: Deportes | Marca: Altura | Proveedor: Distribuidora Mexicana,1050.80,48,1,2025-08-26 00:00:00,2025-08-26 00:00:00
4170,DEP-04160,Balón de Básquetbol Marea Classic,Categoría: Deportes | Marca: Marea | Proveedor: Distribuidora Central,2953.72,260,0,2025-12-03 00:00:00,2025-12-03 00:00:00
4171,OFI-04161,Memoria USB 32 GB Kairo Essential,Categoría: Oficina | Marca: Kairo | Proveedor: Distribuidora Hidalgo,5100.92,150,1,2024-05-05 00:00:00,2024-05-05 00:00:00
4172,CUI-04162,Rasuradora Recargable Altura Essential,Categoría: Cuidado personal | Marca: Altura | Proveedor: Distribuidora Central,238.72,296,1,2026-06-29 00:00:00,2026-06-29 00:00:00
4173,DEP-04163,Tapete de Yoga Antideslizante Terra Eco,Categoría: Deportes | Marca: Terra | Proveedor: Distribuidora Pacífico,1372.39,118,1,2026-01-15 00:00:00,2026-01-15 00:00:00
4174,HOG-04164,Juego de Toallas 4 Piezas Altura Lite,Categoría: Hogar | Marca: Altura | Proveedor: Distribuidora Nova,1541.61,53,1,2024-04-19 00:00:00,2024-04-19 00:00:00
4175,OFI-04165,Memoria USB USB 3.2 Nativa Plus,Categoría: Oficina | Marca: Nativa | Proveedor: Distribuidora del Norte,3158.20,73,1,2024-07-24 00:00:00,2024-07-24 00:00:00
4176,OFI-04166,Calculadora de Escritorio Terra Pro,Categoría: Oficina | Marca: Terra | Proveedor: Distribuidora del Norte,2172.87,34,1,2024-03-29 00:00:00,2024-03-29 00:00:00
4177,CUI-04167,Shampoo Hidratante 750 ml Prisma Advance,Categoría: Cuidado personal | Marca: Prisma | Proveedor: Distribuidora Pacífico,871.84,7,1,2024-06-19 00:00:00,2024-06-19 00:00:00
4178,OFI-04168,Cuaderno de Notas Marea Advance,Categoría: Oficina | Marca: Marea | Proveedor: Distribuidora Central,2709.74,319,1,2026-01-16 00:00:00,2026-01-16 00:00:00
4179,HOG-04169,Organizador de Baño Urban Max,Categoría: Hogar | Marca: Urban | Proveedor: Distribuidora Central,1020.84,220,1,2025-10-09 00:00:00,2025-10-09 00:00:00
4180,HOG-04170,Termo de Acero Inoxidable Lumina Select,Categoría: Hogar | Marca: Lumina | Proveedor: Distribuidora Central,1969.26,158,1,2025-10-25 00:00:00,2025-10-25 00:00:00
4181,CUI-04171,Rasuradora 3 Cabezas Cobalto Classic,Categoría: Cuidado personal | Marca: Cobalto | Proveedor: Distribuidora Nova,844.20,334,1,2024-01-22 00:00:00,2024-01-22 00:00:00
4182,CUI-04172,Crema Corporal con Aloe 500 ml Brava Pro,Categoría: Cuidado personal | Marca: Brava | Proveedor: Distribuidora Nova,1946.86,291,1,2025-10-10 00:00:00,2025-10-10 00:00:00
4183,ALI-04173,Aceite Vegetal 1 L Nova Pro,Categoría: Alimentos | Marca: Nova | Proveedor: Distribuidora Nova,322.86,195,1,2025-06-06 00:00:00,2025-06-06 00:00:00
4184,ELE-04174,Bocina Bluetooth Prisma Classic,Categoría: Electrónica | Marca: Prisma | Proveedor: Distribuidora Metropolitana,2022.46,282,1,2024-04-30 00:00:00,2024-04-30 00:00:00
4185,ELE-04175,Audífonos con Micrófono Urban Essential,Categoría: Electrónica | Marca: Urban | Proveedor: Distribuidora Hidalgo,1291.75,229,1,2026-05-12 00:00:00,2026-05-12 00:00:00
4186,ELE-04176,Cargador USB-C 45W Vitta Essential,Categoría: Electrónica | Marca: Vitta | Proveedor: Distribuidora Mexicana,3078.82,30,1,2025-06-27 00:00:00,2025-06-27 00:00:00
4187,DEP-04177,Mancuerna Hexagonal Terra Essential,Categoría: Deportes | Marca: Terra | Proveedor: Distribuidora Mexicana,1129.39,319,1,2024-08-31 00:00:00,2024-08-31 00:00:00
4188,ELE-04178,Teclado RGB Nova Eco,Categoría: Electrónica | Marca: Nova | Proveedor: Distribuidora Bajío,1615.99,271,1,2024-04-23 00:00:00,2024-04-23 00:00:00
4189,ALI-04179,Cereal con Frutos 450 g Nativa Pro,Categoría: Alimentos | Marca: Nativa | Proveedor: Distribuidora Bajío,317.58,174,1,2024-03-06 00:00:00,2024-03-06 00:00:00
4190,DEP-04180,Mancuerna Hexagonal Nativa Classic,Categoría: Deportes | Marca: Nativa | Proveedor: Distribuidora Pacífico,2120.22,48,1,2024-11-19 00:00:00,2024-11-19 00:00:00
4191,OFI-04181,Mochila Antirrobo Cobalto Classic,Categoría: Oficina | Marca: Cobalto | Proveedor: Distribuidora Mexicana,5835.36,152,1,2026-05-26 00:00:00,2026-05-26 00:00:00
4192,ALI-04182,Aceite Vegetal 1 L Altura Plus,Categoría: Alimentos | Marca: Altura | Proveedor: Distribuidora del Norte,656.87,187,1,2026-02-19 00:00:00,2026-02-19 00:00:00
4193,ELE-04183,Mouse Óptico Nativa Select,Categoría: Electrónica | Marca: Nativa | Proveedor: Distribuidora Metropolitana,2786.61,278,1,2024-03-17 00:00:00,2024-03-17 00:00:00
4194,DEP-04184,Mancuerna Hexagonal Nativa Essential,Categoría: Deportes | Marca: Nativa | Proveedor: Distribuidora Hidalgo,1977.62,30,1,2026-02-07 00:00:00,2026-02-07 00:00:00
4195,CUI-04185,Shampoo Reparador 700 ml Aurea Lite,Categoría: Cuidado personal | Marca: Aurea | Proveedor: Distribuidora Nova,2069.83,34,1,2024-09-22 00:00:00,2024-09-22 00:00:00
4196,ALI-04186,Café en Grano 1 kg Nativa Prime,Categoría: Alimentos | Marca: Nativa | Proveedor: Distribuidora Central,419.08,219,1,2024-09-11 00:00:00,2024-09-11 00:00:00
4197,OFI-04187,Calculadora Financiera Aurea Select,Categoría: Oficina | Marca: Aurea | Proveedor: Distribuidora Mexicana,5128.91,276,1,2024-09-07 00:00:00,2024-09-07 00:00:00
4198,OFI-04188,Mochila Antirrobo Marea Max,Categoría: Oficina | Marca: Marea | Proveedor: Distribuidora Metropolitana,354.65,39,1,2026-06-03 00:00:00,2026-06-03 00:00:00
4199,OFI-04189,Silla Ejecutiva Zenit Select,Categoría: Oficina | Marca: Zenit | Proveedor: Distribuidora Nova,3228.21,3,1,2026-04-03 00:00:00,2026-04-03 00:00:00
4200,OFI-04190,Mochila Impermeable Lumina Eco,Categoría: Oficina | Marca: Lumina | Proveedor: Distribuidora Hidalgo,691.65,268,1,2026-03-02 00:00:00,2026-03-02 00:00:00
4201,ALI-04191,Galletas con Chocolate 300 g Zenit Advance,Categoría: Alimentos | Marca: Zenit | Proveedor: Distribuidora Bajío,749.10,128,1,2025-03-03 00:00:00,2025-03-03 00:00:00
4202,HOG-04192,Organizador de Baño Nova Select,Categoría: Hogar | Marca: Nova | Proveedor: Distribuidora Pacífico,1735.56,176,1,2025-04-25 00:00:00,2025-04-25 00:00:00
4203,DEP-04193,Tapete de Yoga con Correa Orion Advance,Categoría: Deportes | Marca: Orion | Proveedor: Distribuidora del Norte,2972.45,96,1,2026-03-26 00:00:00,2026-03-26 00:00:00
4204,HOG-04194,Termo de Acero Inoxidable Lumina Pro,Categoría: Hogar | Marca: Lumina | Proveedor: Distribuidora Mexicana,2337.25,114,1,2025-06-06 00:00:00,2025-06-06 00:00:00
4205,ELE-04195,Bocina Portátil Prisma Select,Categoría: Electrónica | Marca: Prisma | Proveedor: Distribuidora del Norte,2444.43,128,1,2026-07-22 00:00:00,2026-07-22 00:00:00
4206,OFI-04196,Calculadora Básica Terra Plus,Categoría: Oficina | Marca: Terra | Proveedor: Distribuidora Mexicana,5064.52,313,1,2024-11-21 00:00:00,2024-11-21 00:00:00
4207,CUI-04197,Crema Corporal Hidratante 400 ml Terra Essential,Categoría: Cuidado personal | Marca: Terra | Proveedor: Distribuidora Metropolitana,185.91,118,1,2025-02-15 00:00:00,2025-02-15 00:00:00
4208,HOG-04198,Organizador de Escritorio Urban Max,Categoría: Hogar | Marca: Urban | Proveedor: Distribuidora Pacífico,540.70,341,1,2026-06-10 00:00:00,2026-06-10 00:00:00
4209,OFI-04199,Silla con Soporte Lumbar Prisma Max,Categoría: Oficina | Marca: Prisma | Proveedor: Distribuidora Hidalgo,632.96,257,1,2025-10-31 00:00:00,2025-10-31 00:00:00
4210,HOG-04200,Organizador Multiusos Altura Lite,Categoría: Hogar | Marca: Altura | Proveedor: Distribuidora Hidalgo,1090.14,276,1,2026-07-17 00:00:00,2026-07-17 00:00:00
4211,DEP-04201,Mancuerna 10 kg Kairo Max,Categoría: Deportes | Marca: Kairo | Proveedor: Distribuidora Mexicana,1214.01,350,0,2024-08-03 00:00:00,2024-08-03 00:00:00
4212,HOG-04202,Sartén de Acero 26 cm Cobalto Pro,Categoría: Hogar | Marca: Cobalto | Proveedor: Distribuidora Pacífico,1339.01,333,1,2025-02-08 00:00:00,2025-02-08 00:00:00
4213,ALI-04203,Cereal con Frutos 450 g Aurea Plus,Categoría: Alimentos | Marca: Aurea | Proveedor: Distribuidora Central,331.99,124,1,2026-05-22 00:00:00,2026-05-22 00:00:00
4214,DEP-04204,Botella Deportiva 750 ml Nativa Pro,Categoría: Deportes | Marca: Nativa | Proveedor: Distribuidora Central,2254.68,77,1,2024-08-29 00:00:00,2024-08-29 00:00:00
4215,ALI-04205,Aceite de Aguacate 500 ml Altura Lite,Categoría: Alimentos | Marca: Altura | Proveedor: Distribuidora Bajío,663.84,145,1,2024-10-15 00:00:00,2024-10-15 00:00:00
4216,ALI-04206,Café Descafeinado 400 g Brava Classic,Categoría: Alimentos | Marca: Brava | Proveedor: Distribuidora Central,685.40,113,1,2024-08-22 00:00:00,2024-08-22 00:00:00
4217,ELE-04207,Webcam Full HD Zenit Eco,Categoría: Electrónica | Marca: Zenit | Proveedor: Distribuidora Hidalgo,935.81,192,1,2024-07-02 00:00:00,2024-07-02 00:00:00
4218,HOG-04208,Termo de Acero Inoxidable Prisma Prime,Categoría: Hogar | Marca: Prisma | Proveedor: Distribuidora Central,819.59,148,1,2025-06-30 00:00:00,2025-06-30 00:00:00
4219,DEP-04209,Guantes con Muñequera Vitta Pro,Categoría: Deportes | Marca: Vitta | Proveedor: Distribuidora del Norte,2693.64,180,1,2026-02-21 00:00:00,2026-02-21 00:00:00
4220,ALI-04210,Café Americano 500 g Urban Plus,Categoría: Alimentos | Marca: Urban | Proveedor: Distribuidora Central,53.16,212,1,2026-01-27 00:00:00,2026-01-27 00:00:00
4221,ELE-04211,Teclado RGB Nova Classic,Categoría: Electrónica | Marca: Nova | Proveedor: Distribuidora del Norte,1552.11,9,1,2025-03-28 00:00:00,2025-03-28 00:00:00
4222,ALI-04212,Pasta Spaghetti 500 g Orion Eco,Categoría: Alimentos | Marca: Orion | Proveedor: Distribuidora Pacífico,714.79,68,1,2024-10-11 00:00:00,2024-10-11 00:00:00
4223,ELE-04213,Bocina Resistente al Agua Nativa Lite,Categoría: Electrónica | Marca: Nativa | Proveedor: Distribuidora Bajío,1972.56,163,1,2026-06-13 00:00:00,2026-06-13 00:00:00
4224,HOG-04214,Lámpara Minimalista Prisma Essential,Categoría: Hogar | Marca: Prisma | Proveedor: Distribuidora Pacífico,2196.14,349,1,2024-06-05 00:00:00,2024-06-05 00:00:00
4225,CUI-04215,Secadora Iónica Prisma Classic,Categoría: Cuidado personal | Marca: Prisma | Proveedor: Distribuidora Bajío,2089.94,7,1,2024-03-19 00:00:00,2024-03-19 00:00:00
4226,ALI-04216,Café Descafeinado 400 g Nexo Advance,Categoría: Alimentos | Marca: Nexo | Proveedor: Distribuidora Mexicana,424.24,12,1,2024-09-06 00:00:00,2024-09-06 00:00:00
4227,ELE-04217,Mouse Inalámbrico Urban Eco,Categoría: Electrónica | Marca: Urban | Proveedor: Distribuidora Metropolitana,1638.10,129,1,2024-08-27 00:00:00,2024-08-27 00:00:00
4228,ALI-04218,Cereal Integral 500 g Nativa Plus,Categoría: Alimentos | Marca: Nativa | Proveedor: Distribuidora Metropolitana,222.16,294,1,2024-12-31 00:00:00,2024-12-31 00:00:00
4229,ELE-04219,Teclado Inalámbrico Kairo Advance,Categoría: Electrónica | Marca: Kairo | Proveedor: Distribuidora Mexicana,744.54,2,1,2025-06-03 00:00:00,2025-06-03 00:00:00
4230,CUI-04220,Shampoo Anticaspa 650 ml Nexo Essential,Categoría: Cuidado personal | Marca: Nexo | Proveedor: Distribuidora Metropolitana,1446.82,348,1,2024-05-22 00:00:00,2024-05-22 00:00:00
4231,DEP-04221,Balón de Fútbol Orion Pro,Categoría: Deportes | Marca: Orion | Proveedor: Distribuidora Mexicana,1302.63,220,1,2024-12-08 00:00:00,2024-12-08 00:00:00
4232,OFI-04222,Cuaderno Cuadriculado Brava Pro,Categoría: Oficina | Marca: Brava | Proveedor: Distribuidora del Norte,1696.32,307,1,2024-08-25 00:00:00,2024-08-25 00:00:00
4233,OFI-04223,Mochila para Laptop 15.6 Brava Pro,Categoría: Oficina | Marca: Brava | Proveedor: Distribuidora Bajío,2214.09,86,1,2024-09-13 00:00:00,2024-09-13 00:00:00
4234,HOG-04224,Organizador de Escritorio Kairo Classic,Categoría: Hogar | Marca: Kairo | Proveedor: Distribuidora Nova,193.40,347,1,2025-05-08 00:00:00,2025-05-08 00:00:00
4235,OFI-04225,Calculadora de Escritorio Terra Pro,Categoría: Oficina | Marca: Terra | Proveedor: Distribuidora Metropolitana,5062.51,287,1,2026-01-25 00:00:00,2026-01-25 00:00:00
4236,HOG-04226,Organizador de Cocina Urban Classic,Categoría: Hogar | Marca: Urban | Proveedor: Distribuidora Hidalgo,2066.14,147,1,2025-11-02 00:00:00,2025-11-02 00:00:00
4237,HOG-04227,Termo 500 ml Marea Essential,Categoría: Hogar | Marca: Marea | Proveedor: Distribuidora Pacífico,884.13,29,1,2026-08-17 00:00:00,2026-08-17 00:00:00
4238,DEP-04228,Botella Deportiva con Popote Nova Prime,Categoría: Deportes | Marca: Nova | Proveedor: Distribuidora Nova,432.14,64,1,2025-04-22 00:00:00,2025-04-22 00:00:00
4239,ELE-04229,Audífonos Bluetooth Nativa Classic,Categoría: Electrónica | Marca: Nativa | Proveedor: Distribuidora Nova,1116.95,240,1,2025-08-04 00:00:00,2025-08-04 00:00:00
4240,ELE-04230,Bocina Bluetooth Nativa Classic,Categoría: Electrónica | Marca: Nativa | Proveedor: Distribuidora Central,3010.27,5,1,2024-07-24 00:00:00,2024-07-24 00:00:00
4241,OFI-04231,Silla de Oficina Zenit Prime,Categoría: Oficina | Marca: Zenit | Proveedor: Distribuidora Nova,4055.98,249,1,2025-05-05 00:00:00,2025-05-05 00:00:00
4242,OFI-04232,Memoria USB USB 3.2 Zenit Eco,Categoría: Oficina | Marca: Zenit | Proveedor: Distribuidora Mexicana,5674.73,226,1,2024-08-12 00:00:00,2024-08-12 00:00:00
4243,ALI-04233,Café Americano 500 g Nativa Classic,Categoría: Alimentos | Marca: Nativa | Proveedor: Distribuidora del Norte,105.14,3,0,2025-07-10 00:00:00,2025-07-10 00:00:00
4244,DEP-04234,Guantes de Ciclismo Vitta Prime,Categoría: Deportes | Marca: Vitta | Proveedor: Distribuidora Pacífico,2533.96,67,1,2024-01-05 00:00:00,2024-01-05 00:00:00
4245,CUI-04235,Crema Corporal con Aloe 500 ml Orion Eco,Categoría: Cuidado personal | Marca: Orion | Proveedor: Distribuidora Metropolitana,95.16,202,1,2025-05-09 00:00:00,2025-05-09 00:00:00
4246,OFI-04236,Mochila Impermeable Urban Lite,Categoría: Oficina | Marca: Urban | Proveedor: Distribuidora Central,1762.59,286,1,2024-08-10 00:00:00,2024-08-10 00:00:00
4247,ELE-04237,Bocina Portátil Zenit Max,Categoría: Electrónica | Marca: Zenit | Proveedor: Distribuidora Metropolitana,1901.85,235,1,2024-06-02 00:00:00,2024-06-02 00:00:00
4248,ALI-04238,Galletas de Avena 300 g Brava Prime,Categoría: Alimentos | Marca: Brava | Proveedor: Distribuidora Pacífico,213.94,197,1,2024-06-09 00:00:00,2024-06-09 00:00:00
4249,CUI-04239,Crema Corporal Nutritiva 400 ml Brava Essential,Categoría: Cuidado personal | Marca: Brava | Proveedor: Distribuidora Metropolitana,621.12,319,1,2024-09-03 00:00:00,2024-09-03 00:00:00
4250,HOG-04240,Juego de Toallas Algodón Prisma Select,Categoría: Hogar | Marca: Prisma | Proveedor: Distribuidora Bajío,516.63,286,1,2026-06-19 00:00:00,2026-06-19 00:00:00
4251,ALI-04241,Café Molido 500 g Lumina Classic,Categoría: Alimentos | Marca: Lumina | Proveedor: Distribuidora Bajío,504.42,308,1,2026-05-05 00:00:00,2026-05-05 00:00:00
4252,DEP-04242,Mancuerna Ajustable Nativa Select,Categoría: Deportes | Marca: Nativa | Proveedor: Distribuidora Bajío,2044.41,334,1,2026-05-26 00:00:00,2026-05-26 00:00:00
4253,OFI-04243,Memoria USB 32 GB Urban Max,Categoría: Oficina | Marca: Urban | Proveedor: Distribuidora Pacífico,3219.83,308,1,2025-01-08 00:00:00,2025-01-08 00:00:00
4254,DEP-04244,Mancuerna Hexagonal Cobalto Select,Categoría: Deportes | Marca: Cobalto | Proveedor: Distribuidora Central,1862.93,48,1,2025-11-10 00:00:00,2025-11-10 00:00:00
4255,ALI-04245,Pasta Spaghetti 500 g Marea Max,Categoría: Alimentos | Marca: Marea | Proveedor: Distribuidora del Norte,184.13,205,1,2026-08-02 00:00:00,2026-08-02 00:00:00
4256,ALI-04246,Café Americano 500 g Orion Max,Categoría: Alimentos | Marca: Orion | Proveedor: Distribuidora Hidalgo,772.98,160,1,2025-10-01 00:00:00,2025-10-01 00:00:00
4257,HOG-04247,Lámpara Minimalista Nexo Plus,Categoría: Hogar | Marca: Nexo | Proveedor: Distribuidora Bajío,2251.78,257,1,2025-11-08 00:00:00,2025-11-08 00:00:00
4258,ELE-04248,Webcam Autofocus Orion Eco,Categoría: Electrónica | Marca: Orion | Proveedor: Distribuidora Mexicana,1221.92,236,1,2024-08-25 00:00:00,2024-08-25 00:00:00
4259,OFI-04249,Cuaderno Profesional Altura Classic,Categoría: Oficina | Marca: Altura | Proveedor: Distribuidora Bajío,3243.80,169,1,2025-07-23 00:00:00,2025-07-23 00:00:00
4260,DEP-04250,Balón de Fútbol Vitta Eco,Categoría: Deportes | Marca: Vitta | Proveedor: Distribuidora Mexicana,1042.58,244,1,2025-07-16 00:00:00,2025-07-16 00:00:00
4261,CUI-04251,Crema Corporal Nutritiva 400 ml Orion Pro,Categoría: Cuidado personal | Marca: Orion | Proveedor: Distribuidora Metropolitana,2384.51,287,1,2026-07-22 00:00:00,2026-07-22 00:00:00
4262,OFI-04252,Memoria USB 32 GB Zenit Essential,Categoría: Oficina | Marca: Zenit | Proveedor: Distribuidora del Norte,3841.08,149,1,2026-01-06 00:00:00,2026-01-06 00:00:00
4263,ALI-04253,Galletas Integrales 350 g Prisma Select,Categoría: Alimentos | Marca: Prisma | Proveedor: Distribuidora Central,385.06,116,1,2025-12-24 00:00:00,2025-12-24 00:00:00
4264,HOG-04254,Juego de Toallas Microfibra Aurea Plus,Categoría: Hogar | Marca: Aurea | Proveedor: Distribuidora Hidalgo,1360.66,188,0,2025-05-20 00:00:00,2025-05-20 00:00:00
4265,ELE-04255,Bocina Inteligente Terra Lite,Categoría: Electrónica | Marca: Terra | Proveedor: Distribuidora Pacífico,2527.45,48,1,2026-02-06 00:00:00,2026-02-06 00:00:00
4266,ELE-04256,Audífonos USB-C Altura Max,Categoría: Electrónica | Marca: Altura | Proveedor: Distribuidora Mexicana,1387.13,23,1,2024-09-01 00:00:00,2024-09-01 00:00:00
4267,ELE-04257,Audífonos con Micrófono Kairo Essential,Categoría: Electrónica | Marca: Kairo | Proveedor: Distribuidora Bajío,1638.19,310,1,2024-06-11 00:00:00,2024-06-11 00:00:00
4268,CUI-04258,Crema Corporal Hidratante 400 ml Marea Classic,Categoría: Cuidado personal | Marca: Marea | Proveedor: Distribuidora Pacífico,468.75,105,1,2024-09-21 00:00:00,2024-09-21 00:00:00
4269,ALI-04259,Aceite Vegetal 1 L Vitta Prime,Categoría: Alimentos | Marca: Vitta | Proveedor: Distribuidora Bajío,113.94,328,1,2025-12-07 00:00:00,2025-12-07 00:00:00
4270,DEP-04260,Balón de Voleibol Terra Max,Categoría: Deportes | Marca: Terra | Proveedor: Distribuidora Bajío,2221.34,187,1,2026-05-06 00:00:00,2026-05-06 00:00:00
4271,ALI-04261,Cereal de Avena 500 g Nativa Plus,Categoría: Alimentos | Marca: Nativa | Proveedor: Distribuidora Nova,729.54,165,1,2025-08-24 00:00:00,2025-08-24 00:00:00
4272,HOG-04262,Sartén de Acero 26 cm Altura Eco,Categoría: Hogar | Marca: Altura | Proveedor: Distribuidora Bajío,1756.55,253,1,2024-05-03 00:00:00,2024-05-03 00:00:00
4273,HOG-04263,Juego de Toallas Algodón Orion Max,Categoría: Hogar | Marca: Orion | Proveedor: Distribuidora Central,779.53,114,1,2024-09-20 00:00:00,2024-09-20 00:00:00
4274,HOG-04264,Sartén Antiadherente 28 cm Altura Essential,Categoría: Hogar | Marca: Altura | Proveedor: Distribuidora del Norte,789.31,102,1,2025-02-22 00:00:00,2025-02-22 00:00:00
4275,DEP-04265,Balón de Voleibol Vitta Max,Categoría: Deportes | Marca: Vitta | Proveedor: Distribuidora Bajío,2348.36,0,1,2024-04-23 00:00:00,2024-04-23 00:00:00
4276,DEP-04266,Guantes con Muñequera Orion Max,Categoría: Deportes | Marca: Orion | Proveedor: Distribuidora Central,1340.23,166,1,2025-02-24 00:00:00,2025-02-24 00:00:00
4277,OFI-04267,Mochila Impermeable Nexo Advance,Categoría: Oficina | Marca: Nexo | Proveedor: Distribuidora Pacífico,4333.26,12,1,2024-08-03 00:00:00,2024-08-03 00:00:00
4278,ALI-04268,Café Descafeinado 400 g Urban Max,Categoría: Alimentos | Marca: Urban | Proveedor: Distribuidora Bajío,332.77,85,1,2024-02-05 00:00:00,2024-02-05 00:00:00
4279,OFI-04269,Calculadora de Escritorio Lumina Eco,Categoría: Oficina | Marca: Lumina | Proveedor: Distribuidora del Norte,3854.05,118,1,2024-11-22 00:00:00,2024-11-22 00:00:00
4280,DEP-04270,Mancuerna Hexagonal Vitta Prime,Categoría: Deportes | Marca: Vitta | Proveedor: Distribuidora Hidalgo,1306.96,144,1,2026-04-06 00:00:00,2026-04-06 00:00:00
4281,CUI-04271,Crema Corporal Nutritiva 400 ml Altura Select,Categoría: Cuidado personal | Marca: Altura | Proveedor: Distribuidora Hidalgo,1245.29,10,1,2025-12-11 00:00:00,2025-12-11 00:00:00
4282,OFI-04272,Calculadora Científica Nexo Eco,Categoría: Oficina | Marca: Nexo | Proveedor: Distribuidora Pacífico,5463.95,121,1,2024-01-31 00:00:00,2024-01-31 00:00:00
4283,DEP-04273,Tapete de Yoga 6 mm Vitta Pro,Categoría: Deportes | Marca: Vitta | Proveedor: Distribuidora Central,2396.52,344,1,2026-04-15 00:00:00,2026-04-15 00:00:00
4284,DEP-04274,Balón Entrenamiento Urban Eco,Categoría: Deportes | Marca: Urban | Proveedor: Distribuidora Central,2912.11,146,1,2024-11-28 00:00:00,2024-11-28 00:00:00
4285,ALI-04275,Cereal con Frutos 450 g Nexo Plus,Categoría: Alimentos | Marca: Nexo | Proveedor: Distribuidora Pacífico,560.30,210,1,2024-08-14 00:00:00,2024-08-14 00:00:00
4286,ALI-04276,Cereal de Avena 500 g Urban Plus,Categoría: Alimentos | Marca: Urban | Proveedor: Distribuidora Central,385.96,340,1,2025-01-09 00:00:00,2025-01-09 00:00:00
4287,ELE-04277,Teclado Mecánico Marea Max,Categoría: Electrónica | Marca: Marea | Proveedor: Distribuidora Nova,900.58,59,1,2025-01-22 00:00:00,2025-01-22 00:00:00
4288,DEP-04278,Guantes con Muñequera Kairo Prime,Categoría: Deportes | Marca: Kairo | Proveedor: Distribuidora Mexicana,1055.84,190,1,2025-02-22 00:00:00,2025-02-22 00:00:00
4289,ELE-04279,Audífonos con Micrófono Nova Prime,Categoría: Electrónica | Marca: Nova | Proveedor: Distribuidora Central,2378.74,254,1,2025-01-07 00:00:00,2025-01-07 00:00:00
4290,HOG-04280,Termo de Acero Inoxidable Altura Lite,Categoría: Hogar | Marca: Altura | Proveedor: Distribuidora Pacífico,1043.32,252,1,2024-10-23 00:00:00,2024-10-23 00:00:00
4291,HOG-04281,Sartén de Acero 26 cm Urban Pro,Categoría: Hogar | Marca: Urban | Proveedor: Distribuidora Hidalgo,2336.32,162,1,2025-09-03 00:00:00,2025-09-03 00:00:00
4292,DEP-04282,Tapete de Yoga Antideslizante Urban Essential,Categoría: Deportes | Marca: Urban | Proveedor: Distribuidora Mexicana,190.83,331,1,2024-12-08 00:00:00,2024-12-08 00:00:00
4293,ELE-04283,Mouse Inalámbrico Nativa Advance,Categoría: Electrónica | Marca: Nativa | Proveedor: Distribuidora Metropolitana,3072.06,228,1,2024-03-18 00:00:00,2024-03-18 00:00:00
4294,HOG-04284,Juego de Toallas 6 Piezas Marea Select,Categoría: Hogar | Marca: Marea | Proveedor: Distribuidora Bajío,240.94,88,1,2026-04-01 00:00:00,2026-04-01 00:00:00
4295,OFI-04285,Calculadora Científica Lumina Advance,Categoría: Oficina | Marca: Lumina | Proveedor: Distribuidora Mexicana,5960.74,216,1,2024-04-24 00:00:00,2024-04-24 00:00:00
4296,OFI-04286,Silla Ergonómica Zenit Classic,Categoría: Oficina | Marca: Zenit | Proveedor: Distribuidora Metropolitana,4109.86,39,1,2024-06-01 00:00:00,2024-06-01 00:00:00
4297,DEP-04287,Mancuerna 10 kg Vitta Pro,Categoría: Deportes | Marca: Vitta | Proveedor: Distribuidora Pacífico,460.04,345,1,2026-07-13 00:00:00,2026-07-13 00:00:00
4298,DEP-04288,Botella Deportiva 750 ml Nova Plus,Categoría: Deportes | Marca: Nova | Proveedor: Distribuidora Mexicana,874.04,55,1,2025-08-19 00:00:00,2025-08-19 00:00:00
4299,ELE-04289,Cargador Inalámbrico Altura Lite,Categoría: Electrónica | Marca: Altura | Proveedor: Distribuidora Pacífico,2162.65,337,1,2024-09-09 00:00:00,2024-09-09 00:00:00
4300,OFI-04290,Memoria USB 32 GB Vitta Eco,Categoría: Oficina | Marca: Vitta | Proveedor: Distribuidora Nova,3108.41,249,1,2024-01-09 00:00:00,2024-01-09 00:00:00
4301,CUI-04291,Shampoo Anticaspa 650 ml Nova Prime,Categoría: Cuidado personal | Marca: Nova | Proveedor: Distribuidora Central,2393.51,260,1,2025-07-13 00:00:00,2025-07-13 00:00:00
4302,ELE-04292,Teclado Inalámbrico Kairo Essential,Categoría: Electrónica | Marca: Kairo | Proveedor: Distribuidora del Norte,1287.72,17,1,2025-12-12 00:00:00,2025-12-12 00:00:00
4303,ELE-04293,Mouse Óptico Brava Prime,Categoría: Electrónica | Marca: Brava | Proveedor: Distribuidora Hidalgo,3355.61,265,1,2026-04-09 00:00:00,2026-04-09 00:00:00
4304,CUI-04294,Shampoo Reparador 700 ml Nexo Plus,Categoría: Cuidado personal | Marca: Nexo | Proveedor: Distribuidora del Norte,2187.32,35,1,2025-02-24 00:00:00,2025-02-24 00:00:00
4305,CUI-04295,Cepillo Dental Eléctrico Nova Pro,Categoría: Cuidado personal | Marca: Nova | Proveedor: Distribuidora Mexicana,2691.05,38,1,2026-07-23 00:00:00,2026-07-23 00:00:00
4306,OFI-04296,Silla con Soporte Lumbar Urban Classic,Categoría: Oficina | Marca: Urban | Proveedor: Distribuidora Mexicana,894.93,58,1,2025-12-23 00:00:00,2025-12-23 00:00:00
4307,ALI-04297,Pasta Fusilli 500 g Aurea Eco,Categoría: Alimentos | Marca: Aurea | Proveedor: Distribuidora Bajío,626.65,26,1,2026-04-17 00:00:00,2026-04-17 00:00:00
4308,CUI-04298,Secadora 2000 W Marea Advance,Categoría: Cuidado personal | Marca: Marea | Proveedor: Distribuidora Hidalgo,251.14,88,1,2024-01-05 00:00:00,2024-01-05 00:00:00
4309,HOG-04299,Lámpara LED Brava Plus,Categoría: Hogar | Marca: Brava | Proveedor: Distribuidora Hidalgo,1831.06,132,1,2025-01-13 00:00:00,2025-01-13 00:00:00
4310,ALI-04300,Pasta Penne 500 g Orion Eco,Categoría: Alimentos | Marca: Orion | Proveedor: Distribuidora del Norte,327.44,251,0,2024-08-04 00:00:00,2024-08-04 00:00:00
4311,CUI-04301,Secadora 2000 W Altura Classic,Categoría: Cuidado personal | Marca: Altura | Proveedor: Distribuidora Hidalgo,692.52,256,1,2024-10-24 00:00:00,2024-10-24 00:00:00
4312,DEP-04302,Mancuerna Ajustable Altura Lite,Categoría: Deportes | Marca: Altura | Proveedor: Distribuidora Metropolitana,1211.15,288,1,2024-07-13 00:00:00,2024-07-13 00:00:00
4313,HOG-04303,Organizador de Escritorio Nova Max,Categoría: Hogar | Marca: Nova | Proveedor: Distribuidora Bajío,2489.74,138,1,2025-01-29 00:00:00,2025-01-29 00:00:00
4314,HOG-04304,Juego de Toallas Algodón Aurea Advance,Categoría: Hogar | Marca: Aurea | Proveedor: Distribuidora Bajío,960.06,185,1,2024-09-14 00:00:00,2024-09-14 00:00:00
4315,DEP-04305,Botella Deportiva 750 ml Marea Lite,Categoría: Deportes | Marca: Marea | Proveedor: Distribuidora Pacífico,671.23,125,1,2026-06-24 00:00:00,2026-06-24 00:00:00
4316,CUI-04306,Crema Corporal con Aloe 500 ml Terra Classic,Categoría: Cuidado personal | Marca: Terra | Proveedor: Distribuidora Bajío,2359.46,345,1,2025-06-11 00:00:00,2025-06-11 00:00:00
4317,CUI-04307,Secadora Compacta Nexo Essential,Categoría: Cuidado personal | Marca: Nexo | Proveedor: Distribuidora Metropolitana,1238.50,196,1,2025-01-25 00:00:00,2025-01-25 00:00:00
4318,HOG-04308,Sartén de Acero 26 cm Urban Pro,Categoría: Hogar | Marca: Urban | Proveedor: Distribuidora Mexicana,2382.53,223,1,2024-05-22 00:00:00,2024-05-22 00:00:00
4319,CUI-04309,Crema Corporal Hidratante 400 ml Nexo Max,Categoría: Cuidado personal | Marca: Nexo | Proveedor: Distribuidora del Norte,982.62,130,1,2025-06-29 00:00:00,2025-06-29 00:00:00
4320,ALI-04310,Galletas con Chocolate 300 g Prisma Prime,Categoría: Alimentos | Marca: Prisma | Proveedor: Distribuidora Central,516.32,240,1,2024-06-13 00:00:00,2024-06-13 00:00:00
4321,HOG-04311,Termo 500 ml Lumina Max,Categoría: Hogar | Marca: Lumina | Proveedor: Distribuidora Central,1282.06,347,1,2025-03-06 00:00:00,2025-03-06 00:00:00
4322,OFI-04312,Calculadora Científica Vitta Eco,Categoría: Oficina | Marca: Vitta | Proveedor: Distribuidora Pacífico,3974.46,292,1,2024-09-30 00:00:00,2024-09-30 00:00:00
4323,OFI-04313,Mochila Antirrobo Orion Classic,Categoría: Oficina | Marca: Orion | Proveedor: Distribuidora del Norte,4189.03,318,1,2024-02-01 00:00:00,2024-02-01 00:00:00
4324,HOG-04314,Organizador de Cocina Urban Eco,Categoría: Hogar | Marca: Urban | Proveedor: Distribuidora Central,2417.52,293,1,2026-06-28 00:00:00,2026-06-28 00:00:00
4325,ALI-04315,Aceite Vegetal 1 L Terra Max,Categoría: Alimentos | Marca: Terra | Proveedor: Distribuidora Mexicana,398.12,324,1,2026-02-08 00:00:00,2026-02-08 00:00:00
4326,ELE-04316,Audífonos Bluetooth Kairo Essential,Categoría: Electrónica | Marca: Kairo | Proveedor: Distribuidora Pacífico,1995.87,260,1,2024-09-09 00:00:00,2024-09-09 00:00:00
4327,CUI-04317,Crema Corporal con Aloe 500 ml Nova Plus,Categoría: Cuidado personal | Marca: Nova | Proveedor: Distribuidora Bajío,1814.20,228,1,2025-12-29 00:00:00,2025-12-29 00:00:00
4328,CUI-04318,Cepillo Dental Medio Aurea Classic,Categoría: Cuidado personal | Marca: Aurea | Proveedor: Distribuidora Nova,437.35,166,1,2025-08-28 00:00:00,2025-08-28 00:00:00
4329,CUI-04319,Crema Corporal Hidratante 400 ml Terra Pro,Categoría: Cuidado personal | Marca: Terra | Proveedor: Distribuidora Bajío,1036.67,252,1,2025-04-06 00:00:00,2025-04-06 00:00:00
4330,DEP-04320,Balón de Voleibol Prisma Max,Categoría: Deportes | Marca: Prisma | Proveedor: Distribuidora Mexicana,2051.66,24,1,2024-04-19 00:00:00,2024-04-19 00:00:00
4331,CUI-04321,Secadora 2000 W Nexo Plus,Categoría: Cuidado personal | Marca: Nexo | Proveedor: Distribuidora Pacífico,319.87,144,1,2025-03-18 00:00:00,2025-03-18 00:00:00
4332,HOG-04322,Juego de Toallas 4 Piezas Brava Advance,Categoría: Hogar | Marca: Brava | Proveedor: Distribuidora Bajío,2080.59,273,1,2025-07-09 00:00:00,2025-07-09 00:00:00
4333,OFI-04323,Mochila para Laptop 15.6 Kairo Max,Categoría: Oficina | Marca: Kairo | Proveedor: Distribuidora Nova,2010.43,320,1,2025-01-12 00:00:00,2025-01-12 00:00:00
4334,CUI-04324,Cepillo Dental Eléctrico Nativa Essential,Categoría: Cuidado personal | Marca: Nativa | Proveedor: Distribuidora Nova,2469.79,295,1,2025-11-29 00:00:00,2025-11-29 00:00:00
4335,CUI-04325,Cepillo Dental Medio Vitta Essential,Categoría: Cuidado personal | Marca: Vitta | Proveedor: Distribuidora Pacífico,458.69,162,1,2025-02-21 00:00:00,2025-02-21 00:00:00
4336,DEP-04326,Balón de Voleibol Urban Max,Categoría: Deportes | Marca: Urban | Proveedor: Distribuidora del Norte,1965.50,268,1,2025-06-16 00:00:00,2025-06-16 00:00:00
4337,CUI-04327,Secadora Profesional Aurea Eco,Categoría: Cuidado personal | Marca: Aurea | Proveedor: Distribuidora Nova,2100.29,40,1,2026-06-09 00:00:00,2026-06-09 00:00:00
4338,CUI-04328,Cepillo Dental Pack 3 Vitta Plus,Categoría: Cuidado personal | Marca: Vitta | Proveedor: Distribuidora Metropolitana,361.07,286,1,2026-02-05 00:00:00,2026-02-05 00:00:00
4339,HOG-04329,Sartén de Acero 26 cm Altura Plus,Categoría: Hogar | Marca: Altura | Proveedor: Distribuidora Nova,1576.43,235,1,2025-05-21 00:00:00,2025-05-21 00:00:00
4340,DEP-04330,Tapete de Yoga con Correa Aurea Lite,Categoría: Deportes | Marca: Aurea | Proveedor: Distribuidora Hidalgo,2752.44,298,1,2026-06-23 00:00:00,2026-06-23 00:00:00
4341,OFI-04331,Memoria USB USB 3.2 Cobalto Advance,Categoría: Oficina | Marca: Cobalto | Proveedor: Distribuidora Mexicana,547.28,245,1,2026-04-09 00:00:00,2026-04-09 00:00:00
4342,HOG-04332,Lámpara de Escritorio Orion Essential,Categoría: Hogar | Marca: Orion | Proveedor: Distribuidora Pacífico,1988.37,49,1,2024-07-01 00:00:00,2024-07-01 00:00:00
4343,DEP-04333,Balón de Fútbol Zenit Pro,Categoría: Deportes | Marca: Zenit | Proveedor: Distribuidora Bajío,1019.43,164,1,2024-11-27 00:00:00,2024-11-27 00:00:00
4344,ELE-04334,Mouse Inalámbrico Zenit Max,Categoría: Electrónica | Marca: Zenit | Proveedor: Distribuidora Central,477.82,343,1,2025-11-10 00:00:00,2025-11-10 00:00:00
4345,ELE-04335,Webcam con Micrófono Prisma Lite,Categoría: Electrónica | Marca: Prisma | Proveedor: Distribuidora Pacífico,2476.02,93,1,2024-06-09 00:00:00,2024-06-09 00:00:00
4346,DEP-04336,Mancuerna Hexagonal Urban Prime,Categoría: Deportes | Marca: Urban | Proveedor: Distribuidora Pacífico,2136.97,65,1,2026-04-15 00:00:00,2026-04-15 00:00:00
4347,ELE-04337,Mouse Inalámbrico Cobalto Plus,Categoría: Electrónica | Marca: Cobalto | Proveedor: Distribuidora Metropolitana,2113.18,79,1,2024-03-06 00:00:00,2024-03-06 00:00:00
4348,HOG-04338,Sartén Antiadherente 24 cm Brava Prime,Categoría: Hogar | Marca: Brava | Proveedor: Distribuidora Bajío,640.47,221,1,2025-01-17 00:00:00,2025-01-17 00:00:00
4349,ALI-04339,Aceite de Aguacate 500 ml Cobalto Select,Categoría: Alimentos | Marca: Cobalto | Proveedor: Distribuidora Hidalgo,219.03,66,1,2026-03-29 00:00:00,2026-03-29 00:00:00
4350,OFI-04340,Memoria USB USB 3.2 Marea Essential,Categoría: Oficina | Marca: Marea | Proveedor: Distribuidora Central,1268.46,35,1,2024-11-02 00:00:00,2024-11-02 00:00:00
4351,CUI-04341,Rasuradora Recargable Terra Essential,Categoría: Cuidado personal | Marca: Terra | Proveedor: Distribuidora del Norte,1340.24,244,1,2025-10-06 00:00:00,2025-10-06 00:00:00
4352,ALI-04342,Cereal de Avena 500 g Nova Eco,Categoría: Alimentos | Marca: Nova | Proveedor: Distribuidora Central,91.05,338,1,2025-05-07 00:00:00,2025-05-07 00:00:00
4353,DEP-04343,Balón Entrenamiento Nativa Classic,Categoría: Deportes | Marca: Nativa | Proveedor: Distribuidora Bajío,1469.99,46,1,2024-05-02 00:00:00,2024-05-02 00:00:00
4354,HOG-04344,Sartén Antiadherente 24 cm Prisma Eco,Categoría: Hogar | Marca: Prisma | Proveedor: Distribuidora Nova,1103.13,336,1,2026-03-12 00:00:00,2026-03-12 00:00:00
4355,ELE-04345,Teclado Inalámbrico Prisma Select,Categoría: Electrónica | Marca: Prisma | Proveedor: Distribuidora Metropolitana,1444.97,293,1,2026-01-02 00:00:00,2026-01-02 00:00:00
4356,OFI-04346,Calculadora Financiera Zenit Max,Categoría: Oficina | Marca: Zenit | Proveedor: Distribuidora Bajío,1268.83,5,1,2025-07-27 00:00:00,2025-07-27 00:00:00
4357,ALI-04347,Café Descafeinado 400 g Nexo Lite,Categoría: Alimentos | Marca: Nexo | Proveedor: Distribuidora Pacífico,557.96,334,1,2026-04-11 00:00:00,2026-04-11 00:00:00
4358,DEP-04348,Mancuerna Hexagonal Lumina Pro,Categoría: Deportes | Marca: Lumina | Proveedor: Distribuidora Pacífico,2067.41,45,1,2025-09-16 00:00:00,2025-09-16 00:00:00
4359,CUI-04349,Crema Corporal Nutritiva 400 ml Zenit Select,Categoría: Cuidado personal | Marca: Zenit | Proveedor: Distribuidora Hidalgo,340.55,293,1,2024-06-29 00:00:00,2024-06-29 00:00:00
4360,DEP-04350,Mancuerna Hexagonal Kairo Classic,Categoría: Deportes | Marca: Kairo | Proveedor: Distribuidora Metropolitana,737.83,19,1,2024-03-06 00:00:00,2024-03-06 00:00:00
4361,OFI-04351,Silla con Soporte Lumbar Aurea Essential,Categoría: Oficina | Marca: Aurea | Proveedor: Distribuidora Nova,402.77,201,1,2025-02-03 00:00:00,2025-02-03 00:00:00
4362,ELE-04352,Audífonos USB-C Lumina Eco,Categoría: Electrónica | Marca: Lumina | Proveedor: Distribuidora Bajío,1016.57,228,1,2026-06-10 00:00:00,2026-06-10 00:00:00
4363,ALI-04353,Café Americano 500 g Orion Plus,Categoría: Alimentos | Marca: Orion | Proveedor: Distribuidora Metropolitana,183.27,334,1,2026-02-22 00:00:00,2026-02-22 00:00:00
4364,HOG-04354,Juego de Toallas 4 Piezas Urban Prime,Categoría: Hogar | Marca: Urban | Proveedor: Distribuidora Mexicana,2332.04,247,1,2026-02-22 00:00:00,2026-02-22 00:00:00
4365,OFI-04355,Memoria USB USB 3.2 Cobalto Max,Categoría: Oficina | Marca: Cobalto | Proveedor: Distribuidora Metropolitana,2831.00,31,1,2025-01-04 00:00:00,2025-01-04 00:00:00
4366,CUI-04356,Secadora Compacta Nativa Plus,Categoría: Cuidado personal | Marca: Nativa | Proveedor: Distribuidora Hidalgo,2759.59,300,1,2025-09-15 00:00:00,2025-09-15 00:00:00
4367,ELE-04357,Mouse Gaming Nexo Max,Categoría: Electrónica | Marca: Nexo | Proveedor: Distribuidora Mexicana,180.71,336,1,2025-08-10 00:00:00,2025-08-10 00:00:00
4368,ALI-04358,Café en Grano 1 kg Vitta Eco,Categoría: Alimentos | Marca: Vitta | Proveedor: Distribuidora Bajío,419.21,99,1,2026-04-14 00:00:00,2026-04-14 00:00:00
4369,ELE-04359,Teclado Mecánico Brava Eco,Categoría: Electrónica | Marca: Brava | Proveedor: Distribuidora Pacífico,2687.78,274,1,2024-03-18 00:00:00,2024-03-18 00:00:00
4370,DEP-04360,Botella Deportiva 1 L Lumina Lite,Categoría: Deportes | Marca: Lumina | Proveedor: Distribuidora Metropolitana,862.81,320,1,2024-03-05 00:00:00,2024-03-05 00:00:00
4371,OFI-04361,Silla Ergonómica Nativa Eco,Categoría: Oficina | Marca: Nativa | Proveedor: Distribuidora Metropolitana,4009.61,186,1,2025-07-25 00:00:00,2025-07-25 00:00:00
4372,HOG-04362,Organizador Multiusos Prisma Pro,Categoría: Hogar | Marca: Prisma | Proveedor: Distribuidora Bajío,1750.74,165,0,2025-11-15 00:00:00,2025-11-15 00:00:00
4373,DEP-04363,Tapete de Yoga 6 mm Vitta Pro,Categoría: Deportes | Marca: Vitta | Proveedor: Distribuidora Nova,1680.59,90,1,2026-03-27 00:00:00,2026-03-27 00:00:00
4374,HOG-04364,Termo Térmico Nativa Plus,Categoría: Hogar | Marca: Nativa | Proveedor: Distribuidora Metropolitana,985.45,99,1,2026-04-02 00:00:00,2026-04-02 00:00:00
4375,ALI-04365,Aceite de Aguacate 500 ml Nativa Pro,Categoría: Alimentos | Marca: Nativa | Proveedor: Distribuidora Pacífico,342.76,340,1,2026-05-20 00:00:00,2026-05-20 00:00:00
4376,OFI-04366,Silla de Oficina Prisma Prime,Categoría: Oficina | Marca: Prisma | Proveedor: Distribuidora Mexicana,236.75,350,1,2026-07-07 00:00:00,2026-07-07 00:00:00
4377,ELE-04367,Audífonos Bluetooth Prisma Essential,Categoría: Electrónica | Marca: Prisma | Proveedor: Distribuidora Bajío,1912.22,25,1,2024-11-19 00:00:00,2024-11-19 00:00:00
4378,OFI-04368,Calculadora Científica Marea Lite,Categoría: Oficina | Marca: Marea | Proveedor: Distribuidora Metropolitana,697.69,6,0,2025-06-26 00:00:00,2025-06-26 00:00:00
4379,ELE-04369,Cargador Doble Puerto Nativa Advance,Categoría: Electrónica | Marca: Nativa | Proveedor: Distribuidora Pacífico,1796.61,133,1,2025-05-26 00:00:00,2025-05-26 00:00:00
4380,CUI-04370,Crema Corporal con Aloe 500 ml Urban Eco,Categoría: Cuidado personal | Marca: Urban | Proveedor: Distribuidora Pacífico,578.89,196,1,2025-02-01 00:00:00,2025-02-01 00:00:00
4381,HOG-04371,Organizador de Escritorio Kairo Max,Categoría: Hogar | Marca: Kairo | Proveedor: Distribuidora Hidalgo,1150.30,293,1,2024-08-22 00:00:00,2024-08-22 00:00:00
4382,DEP-04372,Guantes de Ciclismo Vitta Eco,Categoría: Deportes | Marca: Vitta | Proveedor: Distribuidora del Norte,2765.84,87,1,2025-09-22 00:00:00,2025-09-22 00:00:00
4383,OFI-04373,Cuaderno de Notas Aurea Max,Categoría: Oficina | Marca: Aurea | Proveedor: Distribuidora Bajío,1765.57,281,1,2024-09-07 00:00:00,2024-09-07 00:00:00
4384,OFI-04374,Cuaderno Pasta Dura Nexo Plus,Categoría: Oficina | Marca: Nexo | Proveedor: Distribuidora Metropolitana,3615.11,4,1,2026-07-19 00:00:00,2026-07-19 00:00:00
4385,OFI-04375,Silla Ejecutiva Urban Essential,Categoría: Oficina | Marca: Urban | Proveedor: Distribuidora Hidalgo,3758.41,328,1,2024-06-16 00:00:00,2024-06-16 00:00:00
4386,OFI-04376,Calculadora Financiera Cobalto Select,Categoría: Oficina | Marca: Cobalto | Proveedor: Distribuidora Hidalgo,5858.89,209,1,2024-01-17 00:00:00,2024-01-17 00:00:00
4387,ALI-04377,Pasta Fusilli 500 g Orion Advance,Categoría: Alimentos | Marca: Orion | Proveedor: Distribuidora Pacífico,455.85,224,1,2025-05-11 00:00:00,2025-05-11 00:00:00
4388,HOG-04378,Juego de Toallas Microfibra Prisma Select,Categoría: Hogar | Marca: Prisma | Proveedor: Distribuidora Metropolitana,1564.87,330,1,2025-06-20 00:00:00,2025-06-20 00:00:00
4389,OFI-04379,Memoria USB 128 GB Prisma Max,Categoría: Oficina | Marca: Prisma | Proveedor: Distribuidora Pacífico,729.62,57,1,2024-09-25 00:00:00,2024-09-25 00:00:00
4390,ALI-04380,Galletas Integrales 350 g Lumina Eco,Categoría: Alimentos | Marca: Lumina | Proveedor: Distribuidora Metropolitana,213.20,289,1,2024-07-04 00:00:00,2024-07-04 00:00:00
4391,OFI-04381,Silla con Soporte Lumbar Nativa Classic,Categoría: Oficina | Marca: Nativa | Proveedor: Distribuidora Mexicana,1448.49,327,1,2024-03-22 00:00:00,2024-03-22 00:00:00
4392,CUI-04382,Cepillo Dental Eléctrico Cobalto Prime,Categoría: Cuidado personal | Marca: Cobalto | Proveedor: Distribuidora del Norte,1101.13,37,1,2026-08-08 00:00:00,2026-08-08 00:00:00
4393,CUI-04383,Secadora Profesional Marea Prime,Categoría: Cuidado personal | Marca: Marea | Proveedor: Distribuidora Nova,1402.11,342,1,2024-05-09 00:00:00,2024-05-09 00:00:00
4394,CUI-04384,Shampoo Reparador 700 ml Nova Essential,Categoría: Cuidado personal | Marca: Nova | Proveedor: Distribuidora Metropolitana,936.43,6,1,2024-10-20 00:00:00,2024-10-20 00:00:00
4395,ELE-04385,Bocina Portátil Zenit Prime,Categoría: Electrónica | Marca: Zenit | Proveedor: Distribuidora Central,1993.27,145,1,2024-11-26 00:00:00,2024-11-26 00:00:00
4396,ELE-04386,Cargador USB-C 45W Terra Classic,Categoría: Electrónica | Marca: Terra | Proveedor: Distribuidora Hidalgo,3249.62,148,1,2024-05-08 00:00:00,2024-05-08 00:00:00
4397,ALI-04387,Aceite de Oliva 500 ml Vitta Select,Categoría: Alimentos | Marca: Vitta | Proveedor: Distribuidora Central,497.19,126,1,2026-03-04 00:00:00,2026-03-04 00:00:00
4398,DEP-04388,Mancuerna 10 kg Aurea Prime,Categoría: Deportes | Marca: Aurea | Proveedor: Distribuidora Metropolitana,2641.89,99,1,2025-09-19 00:00:00,2025-09-19 00:00:00
4399,OFI-04389,Memoria USB 32 GB Zenit Pro,Categoría: Oficina | Marca: Zenit | Proveedor: Distribuidora Hidalgo,3039.48,61,0,2026-07-27 00:00:00,2026-07-27 00:00:00
4400,DEP-04390,Guantes con Muñequera Marea Max,Categoría: Deportes | Marca: Marea | Proveedor: Distribuidora Mexicana,1556.36,282,1,2026-03-07 00:00:00,2026-03-07 00:00:00
4401,DEP-04391,Tapete de Yoga con Correa Urban Select,Categoría: Deportes | Marca: Urban | Proveedor: Distribuidora Bajío,226.94,240,1,2024-08-12 00:00:00,2024-08-12 00:00:00
4402,CUI-04392,Crema Corporal con Aloe 500 ml Zenit Eco,Categoría: Cuidado personal | Marca: Zenit | Proveedor: Distribuidora Bajío,119.98,255,1,2025-05-30 00:00:00,2025-05-30 00:00:00
4403,OFI-04393,Cuaderno Profesional Kairo Classic,Categoría: Oficina | Marca: Kairo | Proveedor: Distribuidora Central,5974.87,338,1,2025-03-30 00:00:00,2025-03-30 00:00:00
4404,CUI-04394,Rasuradora 3 Cabezas Nova Plus,Categoría: Cuidado personal | Marca: Nova | Proveedor: Distribuidora Nova,92.42,226,1,2025-12-28 00:00:00,2025-12-28 00:00:00
4405,HOG-04395,Juego de Toallas 6 Piezas Vitta Max,Categoría: Hogar | Marca: Vitta | Proveedor: Distribuidora Pacífico,1329.64,176,1,2025-01-30 00:00:00,2025-01-30 00:00:00
4406,OFI-04396,Memoria USB 128 GB Lumina Prime,Categoría: Oficina | Marca: Lumina | Proveedor: Distribuidora del Norte,2571.82,61,1,2025-04-14 00:00:00,2025-04-14 00:00:00
4407,HOG-04397,Termo Térmico Nexo Classic,Categoría: Hogar | Marca: Nexo | Proveedor: Distribuidora del Norte,2018.74,161,1,2026-01-03 00:00:00,2026-01-03 00:00:00
4408,CUI-04398,Rasuradora Recargable Kairo Essential,Categoría: Cuidado personal | Marca: Kairo | Proveedor: Distribuidora Nova,1407.80,161,1,2025-12-08 00:00:00,2025-12-08 00:00:00
4409,ELE-04399,Mouse Ergonómico Zenit Prime,Categoría: Electrónica | Marca: Zenit | Proveedor: Distribuidora Mexicana,2221.27,244,1,2025-03-23 00:00:00,2025-03-23 00:00:00
4410,CUI-04400,Cepillo Dental Suave Cobalto Essential,Categoría: Cuidado personal | Marca: Cobalto | Proveedor: Distribuidora Central,1006.70,97,1,2025-02-22 00:00:00,2025-02-22 00:00:00
4411,DEP-04401,Tapete de Yoga 6 mm Vitta Lite,Categoría: Deportes | Marca: Vitta | Proveedor: Distribuidora Nova,399.66,198,1,2025-07-20 00:00:00,2025-07-20 00:00:00
4412,ELE-04402,Teclado RGB Marea Select,Categoría: Electrónica | Marca: Marea | Proveedor: Distribuidora Mexicana,1655.82,285,1,2024-04-24 00:00:00,2024-04-24 00:00:00
4413,ALI-04403,Galletas de Avena 300 g Kairo Plus,Categoría: Alimentos | Marca: Kairo | Proveedor: Distribuidora Bajío,197.37,52,0,2024-09-04 00:00:00,2024-09-04 00:00:00
4414,DEP-04404,Tapete de Yoga 6 mm Prisma Lite,Categoría: Deportes | Marca: Prisma | Proveedor: Distribuidora Pacífico,716.83,208,1,2025-11-30 00:00:00,2025-11-30 00:00:00
4415,HOG-04405,Juego de Toallas Algodón Urban Max,Categoría: Hogar | Marca: Urban | Proveedor: Distribuidora Hidalgo,470.76,274,1,2025-03-11 00:00:00,2025-03-11 00:00:00
4416,DEP-04406,Botella Deportiva Térmica Nativa Max,Categoría: Deportes | Marca: Nativa | Proveedor: Distribuidora Metropolitana,1169.75,179,1,2025-04-04 00:00:00,2025-04-04 00:00:00
4417,ALI-04407,Pasta Penne 500 g Orion Essential,Categoría: Alimentos | Marca: Orion | Proveedor: Distribuidora Bajío,271.48,327,1,2025-05-07 00:00:00,2025-05-07 00:00:00
4418,HOG-04408,Sartén Antiadherente 24 cm Kairo Essential,Categoría: Hogar | Marca: Kairo | Proveedor: Distribuidora del Norte,511.78,272,1,2024-01-27 00:00:00,2024-01-27 00:00:00
4419,OFI-04409,Calculadora Financiera Vitta Select,Categoría: Oficina | Marca: Vitta | Proveedor: Distribuidora Pacífico,2078.34,257,1,2026-02-13 00:00:00,2026-02-13 00:00:00
4420,DEP-04410,Tapete de Yoga 6 mm Nova Pro,Categoría: Deportes | Marca: Nova | Proveedor: Distribuidora Central,927.46,58,1,2026-03-23 00:00:00,2026-03-23 00:00:00
4421,OFI-04411,Cuaderno Cuadriculado Kairo Advance,Categoría: Oficina | Marca: Kairo | Proveedor: Distribuidora Hidalgo,1494.36,207,1,2024-01-15 00:00:00,2024-01-15 00:00:00
4422,ELE-04412,Bocina Bluetooth Lumina Prime,Categoría: Electrónica | Marca: Lumina | Proveedor: Distribuidora Hidalgo,2276.96,322,1,2025-03-23 00:00:00,2025-03-23 00:00:00
4423,ALI-04413,Pasta Spaghetti 500 g Terra Max,Categoría: Alimentos | Marca: Terra | Proveedor: Distribuidora Central,538.60,182,0,2024-02-13 00:00:00,2024-02-13 00:00:00
4424,OFI-04414,Calculadora Básica Altura Lite,Categoría: Oficina | Marca: Altura | Proveedor: Distribuidora Bajío,3536.83,66,1,2024-01-24 00:00:00,2024-01-24 00:00:00
4425,CUI-04415,Secadora Compacta Zenit Classic,Categoría: Cuidado personal | Marca: Zenit | Proveedor: Distribuidora Nova,1716.63,157,1,2024-12-06 00:00:00,2024-12-06 00:00:00
4426,OFI-04416,Memoria USB 32 GB Brava Eco,Categoría: Oficina | Marca: Brava | Proveedor: Distribuidora Hidalgo,1294.39,111,1,2024-10-26 00:00:00,2024-10-26 00:00:00
4427,HOG-04417,Sartén Antiadherente 28 cm Marea Lite,Categoría: Hogar | Marca: Marea | Proveedor: Distribuidora Bajío,2296.46,49,1,2024-02-09 00:00:00,2024-02-09 00:00:00
4428,HOG-04418,Organizador Multiusos Lumina Classic,Categoría: Hogar | Marca: Lumina | Proveedor: Distribuidora Mexicana,2187.25,341,1,2024-09-23 00:00:00,2024-09-23 00:00:00
4429,ALI-04419,Galletas con Chocolate 300 g Urban Eco,Categoría: Alimentos | Marca: Urban | Proveedor: Distribuidora Central,568.62,343,0,2026-02-27 00:00:00,2026-02-27 00:00:00
4430,ELE-04420,Mouse Gaming Aurea Advance,Categoría: Electrónica | Marca: Aurea | Proveedor: Distribuidora Central,3188.06,280,1,2024-10-06 00:00:00,2024-10-06 00:00:00
4431,ALI-04421,Galletas con Chocolate 300 g Urban Max,Categoría: Alimentos | Marca: Urban | Proveedor: Distribuidora del Norte,514.14,161,0,2024-11-04 00:00:00,2024-11-04 00:00:00
4432,CUI-04422,Rasuradora Recargable Cobalto Essential,Categoría: Cuidado personal | Marca: Cobalto | Proveedor: Distribuidora Bajío,1599.99,257,1,2024-08-03 00:00:00,2024-08-03 00:00:00
4433,ELE-04423,Cargador USB-C 20W Zenit Eco,Categoría: Electrónica | Marca: Zenit | Proveedor: Distribuidora del Norte,3362.48,287,1,2024-08-16 00:00:00,2024-08-16 00:00:00
4434,HOG-04424,Termo de Acero Inoxidable Zenit Advance,Categoría: Hogar | Marca: Zenit | Proveedor: Distribuidora del Norte,341.77,92,1,2025-01-08 00:00:00,2025-01-08 00:00:00
4435,DEP-04425,Mancuerna Ajustable Terra Eco,Categoría: Deportes | Marca: Terra | Proveedor: Distribuidora Metropolitana,1209.51,78,1,2025-03-25 00:00:00,2025-03-25 00:00:00
4436,HOG-04426,Sartén Antiadherente 24 cm Urban Plus,Categoría: Hogar | Marca: Urban | Proveedor: Distribuidora Bajío,386.90,206,1,2025-02-08 00:00:00,2025-02-08 00:00:00
4437,HOG-04427,Termo de Acero Inoxidable Nativa Advance,Categoría: Hogar | Marca: Nativa | Proveedor: Distribuidora Pacífico,2358.20,250,0,2025-01-07 00:00:00,2025-01-07 00:00:00
4438,ELE-04428,Webcam Autofocus Orion Max,Categoría: Electrónica | Marca: Orion | Proveedor: Distribuidora Nova,3176.54,333,1,2024-04-01 00:00:00,2024-04-01 00:00:00
4439,DEP-04429,Botella Deportiva Térmica Altura Classic,Categoría: Deportes | Marca: Altura | Proveedor: Distribuidora Pacífico,590.94,42,1,2026-05-04 00:00:00,2026-05-04 00:00:00
4440,OFI-04430,Silla Ergonómica Urban Prime,Categoría: Oficina | Marca: Urban | Proveedor: Distribuidora Pacífico,255.02,135,1,2026-02-23 00:00:00,2026-02-23 00:00:00
4441,HOG-04431,Juego de Toallas 6 Piezas Kairo Prime,Categoría: Hogar | Marca: Kairo | Proveedor: Distribuidora Mexicana,1729.89,256,1,2025-09-05 00:00:00,2025-09-05 00:00:00
4442,DEP-04432,Guantes Deportivos Prisma Classic,Categoría: Deportes | Marca: Prisma | Proveedor: Distribuidora del Norte,340.17,344,1,2026-05-05 00:00:00,2026-05-05 00:00:00
4443,ALI-04433,Aceite Vegetal 1 L Altura Classic,Categoría: Alimentos | Marca: Altura | Proveedor: Distribuidora Hidalgo,485.48,248,0,2024-05-18 00:00:00,2024-05-18 00:00:00
4444,HOG-04434,Termo 750 ml Cobalto Select,Categoría: Hogar | Marca: Cobalto | Proveedor: Distribuidora Mexicana,1517.04,166,1,2024-11-15 00:00:00,2024-11-15 00:00:00
4445,DEP-04435,Balón de Fútbol Nativa Classic,Categoría: Deportes | Marca: Nativa | Proveedor: Distribuidora Pacífico,2009.30,61,1,2025-03-23 00:00:00,2025-03-23 00:00:00
4446,OFI-04436,Cuaderno de Notas Urban Plus,Categoría: Oficina | Marca: Urban | Proveedor: Distribuidora Pacífico,1170.16,97,1,2024-06-07 00:00:00,2024-06-07 00:00:00
4447,OFI-04437,Silla Ergonómica Aurea Pro,Categoría: Oficina | Marca: Aurea | Proveedor: Distribuidora Mexicana,4909.11,220,1,2026-05-01 00:00:00,2026-05-01 00:00:00
4448,CUI-04438,Cepillo Dental Suave Prisma Prime,Categoría: Cuidado personal | Marca: Prisma | Proveedor: Distribuidora Metropolitana,244.37,4,1,2024-10-06 00:00:00,2024-10-06 00:00:00
4449,ALI-04439,Pasta Spaghetti 500 g Nativa Prime,Categoría: Alimentos | Marca: Nativa | Proveedor: Distribuidora Central,30.13,205,1,2025-06-06 00:00:00,2025-06-06 00:00:00
4450,ALI-04440,Galletas de Avena 300 g Nova Max,Categoría: Alimentos | Marca: Nova | Proveedor: Distribuidora Mexicana,146.02,36,1,2025-02-04 00:00:00,2025-02-04 00:00:00
4451,OFI-04441,Cuaderno de Notas Aurea Max,Categoría: Oficina | Marca: Aurea | Proveedor: Distribuidora Nova,3192.93,53,1,2024-06-04 00:00:00,2024-06-04 00:00:00
4452,HOG-04442,Juego de Toallas 4 Piezas Brava Pro,Categoría: Hogar | Marca: Brava | Proveedor: Distribuidora Bajío,2204.73,64,1,2025-04-02 00:00:00,2025-04-02 00:00:00
4453,DEP-04443,Balón de Voleibol Urban Advance,Categoría: Deportes | Marca: Urban | Proveedor: Distribuidora del Norte,1066.01,259,1,2025-08-17 00:00:00,2025-08-17 00:00:00
4454,OFI-04444,Silla con Soporte Lumbar Cobalto Classic,Categoría: Oficina | Marca: Cobalto | Proveedor: Distribuidora Pacífico,3515.41,77,1,2024-10-01 00:00:00,2024-10-01 00:00:00
4455,HOG-04445,Lámpara LED Urban Max,Categoría: Hogar | Marca: Urban | Proveedor: Distribuidora Mexicana,917.72,253,1,2026-06-06 00:00:00,2026-06-06 00:00:00
4456,DEP-04446,Balón de Voleibol Nova Prime,Categoría: Deportes | Marca: Nova | Proveedor: Distribuidora Hidalgo,758.04,332,1,2026-07-08 00:00:00,2026-07-08 00:00:00
4457,CUI-04447,Crema Corporal Hidratante 400 ml Altura Select,Categoría: Cuidado personal | Marca: Altura | Proveedor: Distribuidora Nova,253.32,63,1,2026-06-14 00:00:00,2026-06-14 00:00:00
4458,DEP-04448,Guantes de Gimnasio Marea Select,Categoría: Deportes | Marca: Marea | Proveedor: Distribuidora Nova,969.00,106,1,2024-07-12 00:00:00,2024-07-12 00:00:00
4459,ALI-04449,Pasta Fusilli 500 g Orion Lite,Categoría: Alimentos | Marca: Orion | Proveedor: Distribuidora Hidalgo,37.17,203,1,2024-10-13 00:00:00,2024-10-13 00:00:00
4460,ELE-04450,Teclado Inalámbrico Urban Pro,Categoría: Electrónica | Marca: Urban | Proveedor: Distribuidora Nova,1950.45,61,1,2025-05-27 00:00:00,2025-05-27 00:00:00
4461,ALI-04451,Galletas con Chocolate 300 g Prisma Select,Categoría: Alimentos | Marca: Prisma | Proveedor: Distribuidora Pacífico,80.70,181,1,2026-03-04 00:00:00,2026-03-04 00:00:00
4462,HOG-04452,Termo Térmico Orion Prime,Categoría: Hogar | Marca: Orion | Proveedor: Distribuidora del Norte,1251.94,133,1,2026-05-30 00:00:00,2026-05-30 00:00:00
4463,ELE-04453,Audífonos con Micrófono Urban Essential,Categoría: Electrónica | Marca: Urban | Proveedor: Distribuidora Nova,1824.36,93,1,2026-01-02 00:00:00,2026-01-02 00:00:00
4464,ELE-04454,Mouse Óptico Altura Pro,Categoría: Electrónica | Marca: Altura | Proveedor: Distribuidora Mexicana,1523.83,334,1,2026-04-09 00:00:00,2026-04-09 00:00:00
4465,DEP-04455,Guantes de Ciclismo Vitta Prime,Categoría: Deportes | Marca: Vitta | Proveedor: Distribuidora Mexicana,393.87,281,1,2026-06-08 00:00:00,2026-06-08 00:00:00
4466,DEP-04456,Botella Deportiva 1 L Marea Essential,Categoría: Deportes | Marca: Marea | Proveedor: Distribuidora del Norte,2869.41,64,1,2024-03-02 00:00:00,2024-03-02 00:00:00
4467,ELE-04457,Audífonos USB-C Nativa Advance,Categoría: Electrónica | Marca: Nativa | Proveedor: Distribuidora Central,3130.53,254,1,2025-02-08 00:00:00,2025-02-08 00:00:00
4468,CUI-04458,Secadora Compacta Altura Advance,Categoría: Cuidado personal | Marca: Altura | Proveedor: Distribuidora Metropolitana,2795.78,244,1,2024-07-07 00:00:00,2024-07-07 00:00:00
4469,DEP-04459,Guantes con Muñequera Urban Prime,Categoría: Deportes | Marca: Urban | Proveedor: Distribuidora Nova,233.39,273,1,2025-03-04 00:00:00,2025-03-04 00:00:00
4470,DEP-04460,Guantes de Ciclismo Orion Classic,Categoría: Deportes | Marca: Orion | Proveedor: Distribuidora Bajío,211.14,115,1,2024-07-19 00:00:00,2024-07-19 00:00:00
4471,ALI-04461,Aceite de Oliva 500 ml Terra Select,Categoría: Alimentos | Marca: Terra | Proveedor: Distribuidora Central,472.81,99,1,2025-09-09 00:00:00,2025-09-09 00:00:00
4472,HOG-04462,Lámpara de Escritorio Marea Eco,Categoría: Hogar | Marca: Marea | Proveedor: Distribuidora Bajío,507.54,20,1,2024-01-08 00:00:00,2024-01-08 00:00:00
4473,ALI-04463,Pasta Penne 500 g Kairo Lite,Categoría: Alimentos | Marca: Kairo | Proveedor: Distribuidora Bajío,663.80,334,1,2025-09-30 00:00:00,2025-09-30 00:00:00
4474,CUI-04464,Secadora Iónica Lumina Select,Categoría: Cuidado personal | Marca: Lumina | Proveedor: Distribuidora del Norte,508.33,116,1,2026-06-30 00:00:00,2026-06-30 00:00:00
4475,HOG-04465,Organizador de Escritorio Nexo Pro,Categoría: Hogar | Marca: Nexo | Proveedor: Distribuidora Mexicana,1470.25,343,1,2026-02-28 00:00:00,2026-02-28 00:00:00
4476,ELE-04466,Audífonos USB-C Brava Lite,Categoría: Electrónica | Marca: Brava | Proveedor: Distribuidora Bajío,2440.18,151,1,2026-02-28 00:00:00,2026-02-28 00:00:00
4477,OFI-04467,Mochila para Laptop 15.6 Zenit Classic,Categoría: Oficina | Marca: Zenit | Proveedor: Distribuidora Bajío,2188.05,137,1,2025-07-13 00:00:00,2025-07-13 00:00:00
4478,DEP-04468,Guantes de Ciclismo Terra Eco,Categoría: Deportes | Marca: Terra | Proveedor: Distribuidora Nova,719.55,210,1,2025-05-04 00:00:00,2025-05-04 00:00:00
4479,OFI-04469,Calculadora Científica Terra Prime,Categoría: Oficina | Marca: Terra | Proveedor: Distribuidora Bajío,3280.34,276,0,2025-01-04 00:00:00,2025-01-04 00:00:00
4480,ALI-04470,Aceite Vegetal 1 L Cobalto Essential,Categoría: Alimentos | Marca: Cobalto | Proveedor: Distribuidora Nova,502.61,27,1,2024-04-28 00:00:00,2024-04-28 00:00:00
4481,HOG-04471,Lámpara de Escritorio Brava Prime,Categoría: Hogar | Marca: Brava | Proveedor: Distribuidora Central,2478.13,256,1,2024-10-16 00:00:00,2024-10-16 00:00:00
4482,HOG-04472,Lámpara de Noche Urban Advance,Categoría: Hogar | Marca: Urban | Proveedor: Distribuidora del Norte,1096.67,9,1,2024-02-19 00:00:00,2024-02-19 00:00:00
4483,DEP-04473,Botella Deportiva 750 ml Aurea Select,Categoría: Deportes | Marca: Aurea | Proveedor: Distribuidora Hidalgo,1040.21,3,1,2024-06-19 00:00:00,2024-06-19 00:00:00
4484,DEP-04474,Botella Deportiva 1 L Lumina Eco,Categoría: Deportes | Marca: Lumina | Proveedor: Distribuidora Hidalgo,2251.83,66,1,2025-02-12 00:00:00,2025-02-12 00:00:00
4485,HOG-04475,Organizador de Cocina Zenit Plus,Categoría: Hogar | Marca: Zenit | Proveedor: Distribuidora Mexicana,787.66,281,1,2024-07-13 00:00:00,2024-07-13 00:00:00
4486,ELE-04476,Bocina Bluetooth Cobalto Plus,Categoría: Electrónica | Marca: Cobalto | Proveedor: Distribuidora Pacífico,2165.92,298,1,2024-11-20 00:00:00,2024-11-20 00:00:00
4487,ALI-04477,Pasta Spaghetti 500 g Marea Plus,Categoría: Alimentos | Marca: Marea | Proveedor: Distribuidora Metropolitana,492.28,326,1,2024-01-30 00:00:00,2024-01-30 00:00:00
4488,CUI-04478,Shampoo Hidratante 750 ml Marea Eco,Categoría: Cuidado personal | Marca: Marea | Proveedor: Distribuidora Metropolitana,2169.31,119,1,2024-06-10 00:00:00,2024-06-10 00:00:00
4489,HOG-04479,Sartén de Acero 26 cm Prisma Plus,Categoría: Hogar | Marca: Prisma | Proveedor: Distribuidora Nova,1220.86,221,1,2025-01-05 00:00:00,2025-01-05 00:00:00
4490,ELE-04480,Teclado Mecánico Vitta Pro,Categoría: Electrónica | Marca: Vitta | Proveedor: Distribuidora Hidalgo,2850.06,269,1,2025-05-05 00:00:00,2025-05-05 00:00:00
4491,ELE-04481,Bocina Resistente al Agua Marea Eco,Categoría: Electrónica | Marca: Marea | Proveedor: Distribuidora Mexicana,221.70,150,1,2024-07-16 00:00:00,2024-07-16 00:00:00
4492,DEP-04482,Balón Entrenamiento Kairo Plus,Categoría: Deportes | Marca: Kairo | Proveedor: Distribuidora Central,2022.09,296,1,2025-01-11 00:00:00,2025-01-11 00:00:00
4493,DEP-04483,Mancuerna 10 kg Vitta Pro,Categoría: Deportes | Marca: Vitta | Proveedor: Distribuidora Bajío,2164.86,349,1,2025-12-11 00:00:00,2025-12-11 00:00:00
4494,OFI-04484,Mochila Impermeable Orion Prime,Categoría: Oficina | Marca: Orion | Proveedor: Distribuidora del Norte,3177.57,267,1,2025-02-14 00:00:00,2025-02-14 00:00:00
4495,CUI-04485,Crema Corporal Hidratante 400 ml Nativa Plus,Categoría: Cuidado personal | Marca: Nativa | Proveedor: Distribuidora del Norte,918.70,58,1,2024-03-09 00:00:00,2024-03-09 00:00:00
4496,ALI-04486,Pasta Spaghetti 500 g Nexo Classic,Categoría: Alimentos | Marca: Nexo | Proveedor: Distribuidora Pacífico,568.13,256,1,2025-01-08 00:00:00,2025-01-08 00:00:00
4497,DEP-04487,Balón de Básquetbol Lumina Select,Categoría: Deportes | Marca: Lumina | Proveedor: Distribuidora Pacífico,1380.08,240,1,2024-04-04 00:00:00,2024-04-04 00:00:00
4498,ELE-04488,Webcam Autofocus Zenit Advance,Categoría: Electrónica | Marca: Zenit | Proveedor: Distribuidora Central,1224.94,162,1,2025-07-09 00:00:00,2025-07-09 00:00:00
4499,ALI-04489,Café en Grano 1 kg Terra Essential,Categoría: Alimentos | Marca: Terra | Proveedor: Distribuidora del Norte,716.01,332,1,2026-08-13 00:00:00,2026-08-13 00:00:00
4500,ELE-04490,Bocina Bluetooth Zenit Plus,Categoría: Electrónica | Marca: Zenit | Proveedor: Distribuidora del Norte,840.09,18,1,2024-04-16 00:00:00,2024-04-16 00:00:00
4501,DEP-04491,Tapete de Yoga 8 mm Lumina Lite,Categoría: Deportes | Marca: Lumina | Proveedor: Distribuidora del Norte,1926.56,332,1,2025-04-10 00:00:00,2025-04-10 00:00:00
4502,HOG-04492,Sartén Antiadherente 28 cm Zenit Prime,Categoría: Hogar | Marca: Zenit | Proveedor: Distribuidora Pacífico,2390.14,216,0,2024-01-13 00:00:00,2024-01-13 00:00:00
4503,CUI-04493,Shampoo Reparador 700 ml Marea Classic,Categoría: Cuidado personal | Marca: Marea | Proveedor: Distribuidora Central,2401.84,204,1,2025-12-27 00:00:00,2025-12-27 00:00:00
4504,DEP-04494,Guantes de Ciclismo Kairo Plus,Categoría: Deportes | Marca: Kairo | Proveedor: Distribuidora Nova,446.85,143,1,2024-10-04 00:00:00,2024-10-04 00:00:00
4505,HOG-04495,Sartén de Acero 26 cm Lumina Plus,Categoría: Hogar | Marca: Lumina | Proveedor: Distribuidora Metropolitana,692.42,242,1,2026-06-17 00:00:00,2026-06-17 00:00:00
4506,DEP-04496,Balón de Básquetbol Terra Lite,Categoría: Deportes | Marca: Terra | Proveedor: Distribuidora Central,513.44,117,1,2025-10-21 00:00:00,2025-10-21 00:00:00
4507,OFI-04497,Mochila para Laptop 15.6 Lumina Eco,Categoría: Oficina | Marca: Lumina | Proveedor: Distribuidora Hidalgo,5525.25,133,1,2024-02-26 00:00:00,2024-02-26 00:00:00
4508,CUI-04498,Cepillo Dental Suave Marea Advance,Categoría: Cuidado personal | Marca: Marea | Proveedor: Distribuidora Hidalgo,454.82,142,1,2025-02-04 00:00:00,2025-02-04 00:00:00
4509,ELE-04499,Bocina Inteligente Urban Classic,Categoría: Electrónica | Marca: Urban | Proveedor: Distribuidora del Norte,1236.92,119,1,2026-08-27 00:00:00,2026-08-27 00:00:00
4510,OFI-04500,Memoria USB 128 GB Nova Eco,Categoría: Oficina | Marca: Nova | Proveedor: Distribuidora Pacífico,236.18,165,1,2024-04-15 00:00:00,2024-04-15 00:00:00
4511,HOG-04501,Juego de Toallas Algodón Brava Classic,Categoría: Hogar | Marca: Brava | Proveedor: Distribuidora del Norte,1629.66,123,1,2026-02-14 00:00:00,2026-02-14 00:00:00
4512,DEP-04502,Guantes de Gimnasio Nativa Lite,Categoría: Deportes | Marca: Nativa | Proveedor: Distribuidora Metropolitana,1335.16,350,1,2025-04-08 00:00:00,2025-04-08 00:00:00
4513,ELE-04503,Audífonos Inalámbricos Nova Classic,Categoría: Electrónica | Marca: Nova | Proveedor: Distribuidora Metropolitana,505.70,344,1,2025-10-11 00:00:00,2025-10-11 00:00:00
4514,OFI-04504,Calculadora Financiera Kairo Max,Categoría: Oficina | Marca: Kairo | Proveedor: Distribuidora Nova,1469.01,136,1,2025-01-15 00:00:00,2025-01-15 00:00:00
4515,ALI-04505,Galletas Integrales 350 g Brava Eco,Categoría: Alimentos | Marca: Brava | Proveedor: Distribuidora Central,612.51,244,1,2024-04-06 00:00:00,2024-04-06 00:00:00
4516,CUI-04506,Cepillo Dental Medio Prisma Select,Categoría: Cuidado personal | Marca: Prisma | Proveedor: Distribuidora Metropolitana,255.69,247,1,2024-02-19 00:00:00,2024-02-19 00:00:00
4517,ELE-04507,Cargador USB-C 45W Nativa Essential,Categoría: Electrónica | Marca: Nativa | Proveedor: Distribuidora Metropolitana,425.73,59,1,2025-09-28 00:00:00,2025-09-28 00:00:00
4518,CUI-04508,Rasuradora Corporal Nova Advance,Categoría: Cuidado personal | Marca: Nova | Proveedor: Distribuidora Central,1032.22,289,1,2024-12-01 00:00:00,2024-12-01 00:00:00
4519,ALI-04509,Pasta Spaghetti 500 g Prisma Max,Categoría: Alimentos | Marca: Prisma | Proveedor: Distribuidora del Norte,738.40,78,1,2025-06-27 00:00:00,2025-06-27 00:00:00
4520,ALI-04510,Cereal con Frutos 450 g Zenit Lite,Categoría: Alimentos | Marca: Zenit | Proveedor: Distribuidora Mexicana,63.41,105,1,2024-10-21 00:00:00,2024-10-21 00:00:00
4521,ALI-04511,Café Molido 500 g Prisma Classic,Categoría: Alimentos | Marca: Prisma | Proveedor: Distribuidora Hidalgo,52.27,325,1,2024-06-30 00:00:00,2024-06-30 00:00:00
4522,CUI-04512,Secadora Compacta Altura Eco,Categoría: Cuidado personal | Marca: Altura | Proveedor: Distribuidora del Norte,1428.34,103,1,2026-02-19 00:00:00,2026-02-19 00:00:00
4523,ALI-04513,Café Descafeinado 400 g Marea Advance,Categoría: Alimentos | Marca: Marea | Proveedor: Distribuidora Mexicana,133.01,283,1,2026-03-08 00:00:00,2026-03-08 00:00:00
4524,HOG-04514,Organizador de Escritorio Lumina Pro,Categoría: Hogar | Marca: Lumina | Proveedor: Distribuidora Bajío,875.96,248,1,2024-05-20 00:00:00,2024-05-20 00:00:00
4525,ALI-04515,Cereal de Avena 500 g Prisma Eco,Categoría: Alimentos | Marca: Prisma | Proveedor: Distribuidora Bajío,120.42,89,1,2025-12-17 00:00:00,2025-12-17 00:00:00
4526,OFI-04516,Cuaderno de Notas Terra Pro,Categoría: Oficina | Marca: Terra | Proveedor: Distribuidora Nova,2997.95,253,1,2024-05-27 00:00:00,2024-05-27 00:00:00
4527,ALI-04517,Aceite de Oliva 500 ml Nativa Classic,Categoría: Alimentos | Marca: Nativa | Proveedor: Distribuidora Pacífico,164.24,51,1,2026-01-09 00:00:00,2026-01-09 00:00:00
4528,CUI-04518,Cepillo Dental Medio Altura Max,Categoría: Cuidado personal | Marca: Altura | Proveedor: Distribuidora Pacífico,1680.65,246,1,2024-04-24 00:00:00,2024-04-24 00:00:00
4529,CUI-04519,Rasuradora Recargable Kairo Pro,Categoría: Cuidado personal | Marca: Kairo | Proveedor: Distribuidora Metropolitana,987.91,339,1,2025-08-03 00:00:00,2025-08-03 00:00:00
4530,OFI-04520,Mochila para Laptop 15.6 Prisma Prime,Categoría: Oficina | Marca: Prisma | Proveedor: Distribuidora Bajío,4144.72,350,1,2025-05-21 00:00:00,2025-05-21 00:00:00
4531,ALI-04521,Galletas de Avena 300 g Zenit Classic,Categoría: Alimentos | Marca: Zenit | Proveedor: Distribuidora Bajío,544.67,93,1,2024-08-03 00:00:00,2024-08-03 00:00:00
4532,OFI-04522,Silla Ejecutiva Brava Lite,Categoría: Oficina | Marca: Brava | Proveedor: Distribuidora Hidalgo,4338.98,50,1,2025-11-28 00:00:00,2025-11-28 00:00:00
4533,ELE-04523,Teclado Inalámbrico Lumina Select,Categoría: Electrónica | Marca: Lumina | Proveedor: Distribuidora del Norte,1223.08,52,1,2024-09-02 00:00:00,2024-09-02 00:00:00
4534,ELE-04524,Audífonos Bluetooth Nativa Prime,Categoría: Electrónica | Marca: Nativa | Proveedor: Distribuidora Central,777.87,346,1,2024-07-01 00:00:00,2024-07-01 00:00:00
4535,DEP-04525,Guantes Deportivos Kairo Plus,Categoría: Deportes | Marca: Kairo | Proveedor: Distribuidora Mexicana,585.24,71,1,2024-07-04 00:00:00,2024-07-04 00:00:00
4536,HOG-04526,Lámpara Minimalista Brava Lite,Categoría: Hogar | Marca: Brava | Proveedor: Distribuidora Central,1900.31,242,1,2026-08-21 00:00:00,2026-08-21 00:00:00
4537,ALI-04527,Galletas Integrales 350 g Aurea Advance,Categoría: Alimentos | Marca: Aurea | Proveedor: Distribuidora Nova,668.17,53,0,2025-05-06 00:00:00,2025-05-06 00:00:00
4538,CUI-04528,Cepillo Dental Eléctrico Aurea Max,Categoría: Cuidado personal | Marca: Aurea | Proveedor: Distribuidora Nova,1746.89,63,1,2026-08-30 00:00:00,2026-08-30 00:00:00
4539,DEP-04529,Guantes de Ciclismo Vitta Eco,Categoría: Deportes | Marca: Vitta | Proveedor: Distribuidora Central,1979.05,264,1,2025-09-24 00:00:00,2025-09-24 00:00:00
4540,CUI-04530,Crema Corporal con Aloe 500 ml Lumina Prime,Categoría: Cuidado personal | Marca: Lumina | Proveedor: Distribuidora del Norte,338.88,118,1,2026-08-05 00:00:00,2026-08-05 00:00:00
4541,CUI-04531,Cepillo Dental Pack 3 Brava Lite,Categoría: Cuidado personal | Marca: Brava | Proveedor: Distribuidora Pacífico,53.57,227,1,2025-10-27 00:00:00,2025-10-27 00:00:00
4542,ALI-04532,Cereal de Avena 500 g Orion Plus,Categoría: Alimentos | Marca: Orion | Proveedor: Distribuidora Bajío,197.86,106,1,2024-03-03 00:00:00,2024-03-03 00:00:00
4543,CUI-04533,Cepillo Dental Eléctrico Nexo Classic,Categoría: Cuidado personal | Marca: Nexo | Proveedor: Distribuidora Pacífico,2364.73,160,1,2024-02-01 00:00:00,2024-02-01 00:00:00
4544,DEP-04534,Botella Deportiva 750 ml Marea Select,Categoría: Deportes | Marca: Marea | Proveedor: Distribuidora Mexicana,2761.01,164,1,2026-05-24 00:00:00,2026-05-24 00:00:00
4545,OFI-04535,Memoria USB 32 GB Orion Lite,Categoría: Oficina | Marca: Orion | Proveedor: Distribuidora Mexicana,198.61,284,1,2025-08-01 00:00:00,2025-08-01 00:00:00
4546,HOG-04536,Termo de Acero Inoxidable Altura Pro,Categoría: Hogar | Marca: Altura | Proveedor: Distribuidora Pacífico,1843.57,273,1,2025-05-18 00:00:00,2025-05-18 00:00:00
4547,CUI-04537,Crema Corporal con Aloe 500 ml Nativa Prime,Categoría: Cuidado personal | Marca: Nativa | Proveedor: Distribuidora Metropolitana,648.63,35,1,2025-03-12 00:00:00,2025-03-12 00:00:00
4548,ELE-04538,Mouse Ergonómico Aurea Essential,Categoría: Electrónica | Marca: Aurea | Proveedor: Distribuidora Hidalgo,1643.93,8,1,2025-02-24 00:00:00,2025-02-24 00:00:00
4549,DEP-04539,Botella Deportiva Térmica Aurea Select,Categoría: Deportes | Marca: Aurea | Proveedor: Distribuidora del Norte,352.68,293,1,2026-01-05 00:00:00,2026-01-05 00:00:00
4550,ELE-04540,Audífonos USB-C Marea Select,Categoría: Electrónica | Marca: Marea | Proveedor: Distribuidora Bajío,234.63,125,1,2024-07-29 00:00:00,2024-07-29 00:00:00
4551,HOG-04541,Sartén de Acero 26 cm Altura Select,Categoría: Hogar | Marca: Altura | Proveedor: Distribuidora del Norte,1259.15,318,0,2025-04-22 00:00:00,2025-04-22 00:00:00
4552,HOG-04542,Juego de Toallas 4 Piezas Nova Eco,Categoría: Hogar | Marca: Nova | Proveedor: Distribuidora Mexicana,315.00,275,1,2026-06-19 00:00:00,2026-06-19 00:00:00
4553,ELE-04543,Mouse Gaming Vitta Essential,Categoría: Electrónica | Marca: Vitta | Proveedor: Distribuidora Hidalgo,1746.34,49,1,2024-07-05 00:00:00,2024-07-05 00:00:00
4554,DEP-04544,Mancuerna 10 kg Kairo Eco,Categoría: Deportes | Marca: Kairo | Proveedor: Distribuidora Nova,1715.34,244,1,2024-05-30 00:00:00,2024-05-30 00:00:00
4555,OFI-04545,Cuaderno Cuadriculado Marea Pro,Categoría: Oficina | Marca: Marea | Proveedor: Distribuidora Central,3467.48,310,1,2024-12-09 00:00:00,2024-12-09 00:00:00
4556,HOG-04546,Juego de Toallas Microfibra Orion Pro,Categoría: Hogar | Marca: Orion | Proveedor: Distribuidora Mexicana,137.63,230,1,2026-07-17 00:00:00,2026-07-17 00:00:00
4557,ALI-04547,Café Americano 500 g Nativa Lite,Categoría: Alimentos | Marca: Nativa | Proveedor: Distribuidora Central,654.03,309,1,2026-05-17 00:00:00,2026-05-17 00:00:00
4558,ALI-04548,Pasta Spaghetti 500 g Orion Advance,Categoría: Alimentos | Marca: Orion | Proveedor: Distribuidora Pacífico,492.88,212,1,2024-10-11 00:00:00,2024-10-11 00:00:00
4559,OFI-04549,Silla Ergonómica Cobalto Classic,Categoría: Oficina | Marca: Cobalto | Proveedor: Distribuidora Central,1790.94,94,1,2024-11-18 00:00:00,2024-11-18 00:00:00
4560,ALI-04550,Pasta Spaghetti 500 g Prisma Prime,Categoría: Alimentos | Marca: Prisma | Proveedor: Distribuidora Central,349.95,143,1,2025-07-31 00:00:00,2025-07-31 00:00:00
4561,ELE-04551,Audífonos con Micrófono Nativa Prime,Categoría: Electrónica | Marca: Nativa | Proveedor: Distribuidora Nova,2163.75,305,1,2024-02-06 00:00:00,2024-02-06 00:00:00
4562,ELE-04552,Audífonos Inalámbricos Terra Plus,Categoría: Electrónica | Marca: Terra | Proveedor: Distribuidora Metropolitana,1164.79,17,1,2026-01-25 00:00:00,2026-01-25 00:00:00
4563,ELE-04553,Bocina Resistente al Agua Nova Advance,Categoría: Electrónica | Marca: Nova | Proveedor: Distribuidora Pacífico,390.74,130,1,2026-09-03 00:00:00,2026-09-03 00:00:00
4564,OFI-04554,Memoria USB 128 GB Nova Essential,Categoría: Oficina | Marca: Nova | Proveedor: Distribuidora Central,115.82,150,1,2024-01-24 00:00:00,2024-01-24 00:00:00
4565,DEP-04555,Mancuerna Ajustable Terra Advance,Categoría: Deportes | Marca: Terra | Proveedor: Distribuidora Nova,1433.31,270,1,2024-10-29 00:00:00,2024-10-29 00:00:00
4566,CUI-04556,Rasuradora Corporal Nexo Prime,Categoría: Cuidado personal | Marca: Nexo | Proveedor: Distribuidora Mexicana,1163.92,144,1,2026-05-30 00:00:00,2026-05-30 00:00:00
4567,DEP-04557,Tapete de Yoga Antideslizante Cobalto Eco,Categoría: Deportes | Marca: Cobalto | Proveedor: Distribuidora Central,265.11,98,1,2025-12-14 00:00:00,2025-12-14 00:00:00
4568,OFI-04558,Cuaderno Profesional Orion Pro,Categoría: Oficina | Marca: Orion | Proveedor: Distribuidora Hidalgo,4016.49,54,1,2024-12-27 00:00:00,2024-12-27 00:00:00
4569,ALI-04559,Pasta Spaghetti 500 g Orion Prime,Categoría: Alimentos | Marca: Orion | Proveedor: Distribuidora Central,463.20,308,1,2024-11-11 00:00:00,2024-11-11 00:00:00
4570,OFI-04560,Cuaderno Cuadriculado Lumina Max,Categoría: Oficina | Marca: Lumina | Proveedor: Distribuidora Hidalgo,1566.09,323,1,2025-12-01 00:00:00,2025-12-01 00:00:00
4571,DEP-04561,Balón de Básquetbol Orion Essential,Categoría: Deportes | Marca: Orion | Proveedor: Distribuidora Mexicana,2099.17,117,1,2025-12-18 00:00:00,2025-12-18 00:00:00
4572,CUI-04562,Rasuradora de Precisión Nativa Essential,Categoría: Cuidado personal | Marca: Nativa | Proveedor: Distribuidora Hidalgo,491.59,157,1,2024-04-12 00:00:00,2024-04-12 00:00:00
4573,OFI-04563,Calculadora Básica Zenit Advance,Categoría: Oficina | Marca: Zenit | Proveedor: Distribuidora Mexicana,2536.42,187,1,2024-09-14 00:00:00,2024-09-14 00:00:00
4574,ELE-04564,Webcam 2K Nexo Lite,Categoría: Electrónica | Marca: Nexo | Proveedor: Distribuidora del Norte,3146.35,34,1,2026-05-26 00:00:00,2026-05-26 00:00:00
4575,HOG-04565,Juego de Toallas 4 Piezas Terra Classic,Categoría: Hogar | Marca: Terra | Proveedor: Distribuidora Mexicana,1936.17,304,1,2026-03-10 00:00:00,2026-03-10 00:00:00
4576,ALI-04566,Pasta Fusilli 500 g Lumina Classic,Categoría: Alimentos | Marca: Lumina | Proveedor: Distribuidora Pacífico,733.56,153,1,2024-01-21 00:00:00,2024-01-21 00:00:00
4577,CUI-04567,Cepillo Dental Eléctrico Marea Lite,Categoría: Cuidado personal | Marca: Marea | Proveedor: Distribuidora Nova,747.46,207,1,2026-06-22 00:00:00,2026-06-22 00:00:00
4578,CUI-04568,Crema Corporal Nutritiva 400 ml Kairo Lite,Categoría: Cuidado personal | Marca: Kairo | Proveedor: Distribuidora Bajío,2086.96,257,0,2025-07-27 00:00:00,2025-07-27 00:00:00
4579,DEP-04569,Tapete de Yoga con Correa Zenit Max,Categoría: Deportes | Marca: Zenit | Proveedor: Distribuidora Bajío,1305.56,130,1,2026-08-05 00:00:00,2026-08-05 00:00:00
4580,CUI-04570,Shampoo Anticaspa 650 ml Brava Classic,Categoría: Cuidado personal | Marca: Brava | Proveedor: Distribuidora del Norte,2403.72,179,1,2025-07-30 00:00:00,2025-07-30 00:00:00
4581,CUI-04571,Rasuradora Recargable Urban Pro,Categoría: Cuidado personal | Marca: Urban | Proveedor: Distribuidora Bajío,2376.76,292,1,2024-11-09 00:00:00,2024-11-09 00:00:00
4582,DEP-04572,Balón Entrenamiento Zenit Essential,Categoría: Deportes | Marca: Zenit | Proveedor: Distribuidora del Norte,2102.93,41,1,2025-09-07 00:00:00,2025-09-07 00:00:00
4583,OFI-04573,Mochila Impermeable Terra Pro,Categoría: Oficina | Marca: Terra | Proveedor: Distribuidora Nova,2077.74,336,1,2024-04-25 00:00:00,2024-04-25 00:00:00
4584,CUI-04574,Rasuradora Recargable Prisma Eco,Categoría: Cuidado personal | Marca: Prisma | Proveedor: Distribuidora Metropolitana,2116.08,229,1,2025-08-11 00:00:00,2025-08-11 00:00:00
4585,ALI-04575,Pasta Fusilli 500 g Urban Select,Categoría: Alimentos | Marca: Urban | Proveedor: Distribuidora Hidalgo,641.49,302,0,2025-05-11 00:00:00,2025-05-11 00:00:00
4586,OFI-04576,Calculadora Financiera Nativa Max,Categoría: Oficina | Marca: Nativa | Proveedor: Distribuidora Pacífico,5502.21,56,1,2024-02-04 00:00:00,2024-02-04 00:00:00
4587,DEP-04577,Balón de Fútbol Vitta Prime,Categoría: Deportes | Marca: Vitta | Proveedor: Distribuidora del Norte,2987.42,9,1,2025-01-03 00:00:00,2025-01-03 00:00:00
4588,OFI-04578,Calculadora Básica Altura Advance,Categoría: Oficina | Marca: Altura | Proveedor: Distribuidora Metropolitana,4161.92,275,1,2025-04-14 00:00:00,2025-04-14 00:00:00
4589,HOG-04579,Sartén Antiadherente 28 cm Aurea Max,Categoría: Hogar | Marca: Aurea | Proveedor: Distribuidora Pacífico,704.17,136,1,2024-12-31 00:00:00,2024-12-31 00:00:00
4590,OFI-04580,Silla con Soporte Lumbar Urban Select,Categoría: Oficina | Marca: Urban | Proveedor: Distribuidora Pacífico,1478.44,173,0,2024-07-07 00:00:00,2024-07-07 00:00:00
4591,OFI-04581,Cuaderno Pasta Dura Aurea Essential,Categoría: Oficina | Marca: Aurea | Proveedor: Distribuidora Bajío,4125.27,82,1,2026-08-08 00:00:00,2026-08-08 00:00:00
4592,HOG-04582,Termo 750 ml Nativa Eco,Categoría: Hogar | Marca: Nativa | Proveedor: Distribuidora Bajío,1462.72,344,1,2024-03-02 00:00:00,2024-03-02 00:00:00
4593,CUI-04583,Secadora 2000 W Nexo Eco,Categoría: Cuidado personal | Marca: Nexo | Proveedor: Distribuidora Nova,2294.76,11,1,2025-02-23 00:00:00,2025-02-23 00:00:00
4594,CUI-04584,Secadora Compacta Nexo Max,Categoría: Cuidado personal | Marca: Nexo | Proveedor: Distribuidora Pacífico,1243.48,156,1,2025-07-07 00:00:00,2025-07-07 00:00:00
4595,CUI-04585,Cepillo Dental Medio Prisma Essential,Categoría: Cuidado personal | Marca: Prisma | Proveedor: Distribuidora Hidalgo,200.97,246,1,2026-04-01 00:00:00,2026-04-01 00:00:00
4596,OFI-04586,Mochila Impermeable Nativa Max,Categoría: Oficina | Marca: Nativa | Proveedor: Distribuidora Mexicana,4095.07,131,1,2024-10-11 00:00:00,2024-10-11 00:00:00
4597,DEP-04587,Mancuerna 5 kg Orion Eco,Categoría: Deportes | Marca: Orion | Proveedor: Distribuidora Hidalgo,650.76,348,1,2025-08-18 00:00:00,2025-08-18 00:00:00
4598,ALI-04588,Aceite de Oliva 500 ml Marea Advance,Categoría: Alimentos | Marca: Marea | Proveedor: Distribuidora del Norte,161.17,18,1,2025-02-01 00:00:00,2025-02-01 00:00:00
4599,OFI-04589,Silla con Soporte Lumbar Altura Max,Categoría: Oficina | Marca: Altura | Proveedor: Distribuidora Nova,3761.80,72,1,2024-02-24 00:00:00,2024-02-24 00:00:00
4600,ELE-04590,Audífonos Bluetooth Aurea Select,Categoría: Electrónica | Marca: Aurea | Proveedor: Distribuidora Central,2675.62,157,1,2024-05-24 00:00:00,2024-05-24 00:00:00
4601,DEP-04591,Mancuerna 10 kg Nexo Eco,Categoría: Deportes | Marca: Nexo | Proveedor: Distribuidora Pacífico,1759.98,89,1,2025-09-30 00:00:00,2025-09-30 00:00:00
4602,CUI-04592,Shampoo Hidratante 750 ml Zenit Advance,Categoría: Cuidado personal | Marca: Zenit | Proveedor: Distribuidora del Norte,1804.00,312,1,2024-04-30 00:00:00,2024-04-30 00:00:00
4603,HOG-04593,Termo de Acero Inoxidable Urban Classic,Categoría: Hogar | Marca: Urban | Proveedor: Distribuidora del Norte,174.41,34,1,2025-07-09 00:00:00,2025-07-09 00:00:00
4604,DEP-04594,Guantes de Gimnasio Terra Eco,Categoría: Deportes | Marca: Terra | Proveedor: Distribuidora Metropolitana,2751.19,302,1,2024-04-08 00:00:00,2024-04-08 00:00:00
4605,ALI-04595,Cereal Integral 500 g Aurea Select,Categoría: Alimentos | Marca: Aurea | Proveedor: Distribuidora Metropolitana,460.67,30,1,2025-09-09 00:00:00,2025-09-09 00:00:00
4606,DEP-04596,Balón de Voleibol Vitta Select,Categoría: Deportes | Marca: Vitta | Proveedor: Distribuidora Nova,1759.22,148,1,2025-07-25 00:00:00,2025-07-25 00:00:00
4607,ALI-04597,Aceite de Aguacate 500 ml Kairo Pro,Categoría: Alimentos | Marca: Kairo | Proveedor: Distribuidora Hidalgo,435.14,153,1,2024-09-05 00:00:00,2024-09-05 00:00:00
4608,DEP-04598,Tapete de Yoga Antideslizante Marea Essential,Categoría: Deportes | Marca: Marea | Proveedor: Distribuidora Mexicana,2228.18,4,1,2026-06-14 00:00:00,2026-06-14 00:00:00
4609,HOG-04599,Lámpara Minimalista Aurea Plus,Categoría: Hogar | Marca: Aurea | Proveedor: Distribuidora Central,1049.50,183,1,2026-08-29 00:00:00,2026-08-29 00:00:00
4610,OFI-04600,Mochila Ejecutiva Urban Max,Categoría: Oficina | Marca: Urban | Proveedor: Distribuidora Pacífico,3717.11,74,1,2026-06-01 00:00:00,2026-06-01 00:00:00
4611,ALI-04601,Pasta Fusilli 500 g Brava Max,Categoría: Alimentos | Marca: Brava | Proveedor: Distribuidora Bajío,136.13,285,1,2026-02-19 00:00:00,2026-02-19 00:00:00
4612,CUI-04602,Crema Corporal Nutritiva 400 ml Terra Advance,Categoría: Cuidado personal | Marca: Terra | Proveedor: Distribuidora Hidalgo,263.28,87,1,2025-03-29 00:00:00,2025-03-29 00:00:00
4613,DEP-04603,Balón de Voleibol Nativa Lite,Categoría: Deportes | Marca: Nativa | Proveedor: Distribuidora del Norte,1205.13,315,1,2024-02-23 00:00:00,2024-02-23 00:00:00
4614,DEP-04604,Balón de Básquetbol Zenit Advance,Categoría: Deportes | Marca: Zenit | Proveedor: Distribuidora Metropolitana,2874.45,195,1,2024-07-06 00:00:00,2024-07-06 00:00:00
4615,OFI-04605,Cuaderno Pasta Dura Nativa Select,Categoría: Oficina | Marca: Nativa | Proveedor: Distribuidora Central,478.18,263,0,2024-05-24 00:00:00,2024-05-24 00:00:00
4616,ELE-04606,Mouse Inalámbrico Nova Max,Categoría: Electrónica | Marca: Nova | Proveedor: Distribuidora del Norte,2848.01,290,1,2024-05-17 00:00:00,2024-05-17 00:00:00
4617,OFI-04607,Mochila Ejecutiva Cobalto Essential,Categoría: Oficina | Marca: Cobalto | Proveedor: Distribuidora Hidalgo,5929.69,92,1,2025-01-08 00:00:00,2025-01-08 00:00:00
4618,ELE-04608,Mouse Óptico Brava Prime,Categoría: Electrónica | Marca: Brava | Proveedor: Distribuidora Nova,1213.80,40,1,2025-01-13 00:00:00,2025-01-13 00:00:00
4619,ELE-04609,Webcam Full HD Nova Plus,Categoría: Electrónica | Marca: Nova | Proveedor: Distribuidora Pacífico,2558.57,261,1,2025-01-13 00:00:00,2025-01-13 00:00:00
4620,HOG-04610,Lámpara LED Nativa Essential,Categoría: Hogar | Marca: Nativa | Proveedor: Distribuidora Bajío,1759.46,33,1,2024-10-08 00:00:00,2024-10-08 00:00:00
4621,ELE-04611,Bocina Inteligente Urban Essential,Categoría: Electrónica | Marca: Urban | Proveedor: Distribuidora Central,2835.40,119,1,2024-07-08 00:00:00,2024-07-08 00:00:00
4622,ALI-04612,Aceite de Oliva 500 ml Cobalto Select,Categoría: Alimentos | Marca: Cobalto | Proveedor: Distribuidora Bajío,207.70,304,1,2026-04-10 00:00:00,2026-04-10 00:00:00
4623,ELE-04613,Audífonos Bluetooth Orion Classic,Categoría: Electrónica | Marca: Orion | Proveedor: Distribuidora Mexicana,2044.03,211,1,2024-03-19 00:00:00,2024-03-19 00:00:00
4624,CUI-04614,Secadora Iónica Nexo Classic,Categoría: Cuidado personal | Marca: Nexo | Proveedor: Distribuidora Hidalgo,87.83,0,1,2024-03-20 00:00:00,2024-03-20 00:00:00
4625,DEP-04615,Mancuerna Ajustable Urban Eco,Categoría: Deportes | Marca: Urban | Proveedor: Distribuidora Metropolitana,243.24,332,1,2026-05-25 00:00:00,2026-05-25 00:00:00
4626,OFI-04616,Mochila Antirrobo Altura Classic,Categoría: Oficina | Marca: Altura | Proveedor: Distribuidora del Norte,4977.19,42,1,2026-04-29 00:00:00,2026-04-29 00:00:00
4627,ELE-04617,Audífonos USB-C Marea Essential,Categoría: Electrónica | Marca: Marea | Proveedor: Distribuidora Nova,426.73,161,1,2026-08-02 00:00:00,2026-08-02 00:00:00
4628,ELE-04618,Cargador Inalámbrico Urban Essential,Categoría: Electrónica | Marca: Urban | Proveedor: Distribuidora Bajío,2931.27,77,1,2025-02-19 00:00:00,2025-02-19 00:00:00
4629,HOG-04619,Sartén Antiadherente 28 cm Nativa Advance,Categoría: Hogar | Marca: Nativa | Proveedor: Distribuidora Metropolitana,1136.59,25,1,2024-09-19 00:00:00,2024-09-19 00:00:00
4630,OFI-04620,Silla Ejecutiva Marea Max,Categoría: Oficina | Marca: Marea | Proveedor: Distribuidora Mexicana,2122.03,139,1,2024-07-02 00:00:00,2024-07-02 00:00:00
4631,OFI-04621,Cuaderno Cuadriculado Terra Lite,Categoría: Oficina | Marca: Terra | Proveedor: Distribuidora Bajío,2510.25,56,1,2024-12-11 00:00:00,2024-12-11 00:00:00
4632,ELE-04622,Webcam 2K Nativa Max,Categoría: Electrónica | Marca: Nativa | Proveedor: Distribuidora Pacífico,515.39,59,1,2025-07-29 00:00:00,2025-07-29 00:00:00
4633,ELE-04623,Bocina Bluetooth Prisma Lite,Categoría: Electrónica | Marca: Prisma | Proveedor: Distribuidora Bajío,219.56,38,1,2025-11-18 00:00:00,2025-11-18 00:00:00
4634,OFI-04624,Calculadora Financiera Altura Lite,Categoría: Oficina | Marca: Altura | Proveedor: Distribuidora Hidalgo,1051.29,251,1,2026-05-20 00:00:00,2026-05-20 00:00:00
4635,ELE-04625,Mouse Gaming Kairo Plus,Categoría: Electrónica | Marca: Kairo | Proveedor: Distribuidora Mexicana,3171.73,142,1,2025-10-01 00:00:00,2025-10-01 00:00:00
4636,OFI-04626,Mochila Impermeable Nativa Essential,Categoría: Oficina | Marca: Nativa | Proveedor: Distribuidora Metropolitana,3196.13,31,0,2026-05-18 00:00:00,2026-05-18 00:00:00
4637,OFI-04627,Cuaderno de Notas Cobalto Lite,Categoría: Oficina | Marca: Cobalto | Proveedor: Distribuidora Hidalgo,3958.87,90,1,2025-06-06 00:00:00,2025-06-06 00:00:00
4638,CUI-04628,Rasuradora Recargable Kairo Pro,Categoría: Cuidado personal | Marca: Kairo | Proveedor: Distribuidora del Norte,746.68,210,1,2024-10-28 00:00:00,2024-10-28 00:00:00
4639,ELE-04629,Bocina Resistente al Agua Lumina Max,Categoría: Electrónica | Marca: Lumina | Proveedor: Distribuidora Hidalgo,2337.83,22,1,2025-07-01 00:00:00,2025-07-01 00:00:00
4640,OFI-04630,Mochila Impermeable Prisma Advance,Categoría: Oficina | Marca: Prisma | Proveedor: Distribuidora Nova,2852.44,343,1,2025-09-02 00:00:00,2025-09-02 00:00:00
4641,DEP-04631,Balón Entrenamiento Orion Essential,Categoría: Deportes | Marca: Orion | Proveedor: Distribuidora Bajío,999.51,62,1,2026-03-13 00:00:00,2026-03-13 00:00:00
4642,ELE-04632,Audífonos con Micrófono Urban Essential,Categoría: Electrónica | Marca: Urban | Proveedor: Distribuidora Metropolitana,418.10,234,1,2026-02-14 00:00:00,2026-02-14 00:00:00
4643,ALI-04633,Galletas de Avena 300 g Nova Max,Categoría: Alimentos | Marca: Nova | Proveedor: Distribuidora Pacífico,731.34,283,1,2024-07-02 00:00:00,2024-07-02 00:00:00
4644,OFI-04634,Calculadora Financiera Urban Plus,Categoría: Oficina | Marca: Urban | Proveedor: Distribuidora Bajío,3192.78,219,1,2025-05-08 00:00:00,2025-05-08 00:00:00
4645,DEP-04635,Balón Entrenamiento Vitta Plus,Categoría: Deportes | Marca: Vitta | Proveedor: Distribuidora Mexicana,1846.97,81,1,2025-07-20 00:00:00,2025-07-20 00:00:00
4646,OFI-04636,Memoria USB 32 GB Terra Select,Categoría: Oficina | Marca: Terra | Proveedor: Distribuidora Mexicana,98.65,325,1,2024-04-23 00:00:00,2024-04-23 00:00:00
4647,DEP-04637,Tapete de Yoga Antideslizante Nativa Lite,Categoría: Deportes | Marca: Nativa | Proveedor: Distribuidora Bajío,735.16,216,1,2026-07-22 00:00:00,2026-07-22 00:00:00
4648,ALI-04638,Café Molido 500 g Nexo Essential,Categoría: Alimentos | Marca: Nexo | Proveedor: Distribuidora Pacífico,292.26,299,1,2026-04-07 00:00:00,2026-04-07 00:00:00
4649,DEP-04639,Balón de Fútbol Lumina Pro,Categoría: Deportes | Marca: Lumina | Proveedor: Distribuidora Metropolitana,2042.11,84,1,2026-02-12 00:00:00,2026-02-12 00:00:00
4650,HOG-04640,Lámpara LED Urban Plus,Categoría: Hogar | Marca: Urban | Proveedor: Distribuidora Central,1877.03,286,1,2024-06-01 00:00:00,2024-06-01 00:00:00
4651,ALI-04641,Café Molido 500 g Zenit Pro,Categoría: Alimentos | Marca: Zenit | Proveedor: Distribuidora Hidalgo,580.49,334,1,2026-01-05 00:00:00,2026-01-05 00:00:00
4652,ELE-04642,Teclado Compacto Marea Advance,Categoría: Electrónica | Marca: Marea | Proveedor: Distribuidora del Norte,1327.34,318,1,2024-11-21 00:00:00,2024-11-21 00:00:00
4653,DEP-04643,Balón de Fútbol Urban Eco,Categoría: Deportes | Marca: Urban | Proveedor: Distribuidora Hidalgo,530.37,293,1,2026-06-15 00:00:00,2026-06-15 00:00:00
4654,OFI-04644,Memoria USB USB 3.2 Aurea Eco,Categoría: Oficina | Marca: Aurea | Proveedor: Distribuidora Mexicana,5139.47,27,1,2026-03-10 00:00:00,2026-03-10 00:00:00
4655,DEP-04645,Guantes con Muñequera Aurea Pro,Categoría: Deportes | Marca: Aurea | Proveedor: Distribuidora Mexicana,2444.31,316,1,2024-07-01 00:00:00,2024-07-01 00:00:00
4656,OFI-04646,Calculadora Científica Nova Eco,Categoría: Oficina | Marca: Nova | Proveedor: Distribuidora Bajío,3699.55,9,1,2025-07-26 00:00:00,2025-07-26 00:00:00
4657,DEP-04647,Tapete de Yoga con Correa Orion Lite,Categoría: Deportes | Marca: Orion | Proveedor: Distribuidora Pacífico,2750.97,325,1,2026-07-02 00:00:00,2026-07-02 00:00:00
4658,ELE-04648,Audífonos Bluetooth Urban Eco,Categoría: Electrónica | Marca: Urban | Proveedor: Distribuidora Pacífico,1229.75,149,1,2024-09-03 00:00:00,2024-09-03 00:00:00
4659,CUI-04649,Crema Corporal Hidratante 400 ml Nova Classic,Categoría: Cuidado personal | Marca: Nova | Proveedor: Distribuidora Metropolitana,1230.86,115,1,2026-05-06 00:00:00,2026-05-06 00:00:00
4660,DEP-04650,Botella Deportiva Térmica Altura Eco,Categoría: Deportes | Marca: Altura | Proveedor: Distribuidora Nova,891.93,349,1,2025-04-26 00:00:00,2025-04-26 00:00:00
4661,ELE-04651,Mouse Gaming Cobalto Advance,Categoría: Electrónica | Marca: Cobalto | Proveedor: Distribuidora Metropolitana,3423.72,325,1,2026-02-04 00:00:00,2026-02-04 00:00:00
4662,HOG-04652,Lámpara de Noche Nativa Essential,Categoría: Hogar | Marca: Nativa | Proveedor: Distribuidora Central,385.10,335,1,2024-06-12 00:00:00,2024-06-12 00:00:00
4663,DEP-04653,Mancuerna Ajustable Orion Select,Categoría: Deportes | Marca: Orion | Proveedor: Distribuidora Metropolitana,101.75,24,1,2026-08-01 00:00:00,2026-08-01 00:00:00
4664,ELE-04654,Audífonos USB-C Nativa Prime,Categoría: Electrónica | Marca: Nativa | Proveedor: Distribuidora Central,1149.92,107,1,2025-07-08 00:00:00,2025-07-08 00:00:00
4665,DEP-04655,Mancuerna 5 kg Zenit Pro,Categoría: Deportes | Marca: Zenit | Proveedor: Distribuidora Metropolitana,1574.62,256,0,2026-03-13 00:00:00,2026-03-13 00:00:00
4666,HOG-04656,Sartén Antiadherente 28 cm Brava Pro,Categoría: Hogar | Marca: Brava | Proveedor: Distribuidora Metropolitana,110.82,71,1,2024-03-15 00:00:00,2024-03-15 00:00:00
4667,OFI-04657,Cuaderno Profesional Aurea Prime,Categoría: Oficina | Marca: Aurea | Proveedor: Distribuidora del Norte,971.35,239,1,2024-04-04 00:00:00,2024-04-04 00:00:00
4668,CUI-04658,Secadora Profesional Prisma Essential,Categoría: Cuidado personal | Marca: Prisma | Proveedor: Distribuidora Nova,2026.65,62,1,2026-06-05 00:00:00,2026-06-05 00:00:00
4669,ALI-04659,Café Americano 500 g Lumina Lite,Categoría: Alimentos | Marca: Lumina | Proveedor: Distribuidora Pacífico,43.97,47,1,2024-04-14 00:00:00,2024-04-14 00:00:00
4670,ALI-04660,Café Descafeinado 400 g Terra Essential,Categoría: Alimentos | Marca: Terra | Proveedor: Distribuidora del Norte,781.61,191,1,2024-12-05 00:00:00,2024-12-05 00:00:00
4671,CUI-04661,Crema Corporal Hidratante 400 ml Vitta Max,Categoría: Cuidado personal | Marca: Vitta | Proveedor: Distribuidora Mexicana,1166.33,319,1,2026-03-14 00:00:00,2026-03-14 00:00:00
4672,CUI-04662,Secadora 2000 W Cobalto Select,Categoría: Cuidado personal | Marca: Cobalto | Proveedor: Distribuidora Nova,1452.10,313,1,2024-02-13 00:00:00,2024-02-13 00:00:00
4673,HOG-04663,Sartén Antiadherente 24 cm Aurea Advance,Categoría: Hogar | Marca: Aurea | Proveedor: Distribuidora Metropolitana,196.22,26,1,2025-02-26 00:00:00,2025-02-26 00:00:00
4674,ELE-04664,Bocina Bluetooth Vitta Classic,Categoría: Electrónica | Marca: Vitta | Proveedor: Distribuidora Nova,2927.62,63,1,2025-05-03 00:00:00,2025-05-03 00:00:00
4675,OFI-04665,Memoria USB 32 GB Vitta Prime,Categoría: Oficina | Marca: Vitta | Proveedor: Distribuidora Nova,3226.95,35,1,2026-07-04 00:00:00,2026-07-04 00:00:00
4676,CUI-04666,Cepillo Dental Medio Urban Classic,Categoría: Cuidado personal | Marca: Urban | Proveedor: Distribuidora Metropolitana,616.63,218,1,2025-11-25 00:00:00,2025-11-25 00:00:00
4677,ELE-04667,Webcam con Micrófono Marea Advance,Categoría: Electrónica | Marca: Marea | Proveedor: Distribuidora Metropolitana,3415.09,143,1,2026-09-02 00:00:00,2026-09-02 00:00:00
4678,ELE-04668,Mouse Inalámbrico Marea Plus,Categoría: Electrónica | Marca: Marea | Proveedor: Distribuidora Nova,3218.09,195,1,2026-03-19 00:00:00,2026-03-19 00:00:00
4679,ELE-04669,Cargador Doble Puerto Nativa Eco,Categoría: Electrónica | Marca: Nativa | Proveedor: Distribuidora Central,2765.54,122,1,2024-05-11 00:00:00,2024-05-11 00:00:00
4680,OFI-04670,Mochila Ejecutiva Brava Select,Categoría: Oficina | Marca: Brava | Proveedor: Distribuidora Nova,4159.12,268,1,2024-04-16 00:00:00,2024-04-16 00:00:00
4681,DEP-04671,Botella Deportiva 1 L Marea Essential,Categoría: Deportes | Marca: Marea | Proveedor: Distribuidora Mexicana,1865.79,337,0,2025-05-22 00:00:00,2025-05-22 00:00:00
4682,ELE-04672,Audífonos USB-C Brava Lite,Categoría: Electrónica | Marca: Brava | Proveedor: Distribuidora Hidalgo,3220.64,194,1,2025-06-11 00:00:00,2025-06-11 00:00:00
4683,ELE-04673,Bocina Portátil Zenit Essential,Categoría: Electrónica | Marca: Zenit | Proveedor: Distribuidora Metropolitana,2622.04,237,1,2025-05-03 00:00:00,2025-05-03 00:00:00
4684,CUI-04674,Rasuradora de Precisión Aurea Eco,Categoría: Cuidado personal | Marca: Aurea | Proveedor: Distribuidora Nova,1431.54,182,1,2025-05-12 00:00:00,2025-05-12 00:00:00
4685,ELE-04675,Cargador USB-C 45W Aurea Select,Categoría: Electrónica | Marca: Aurea | Proveedor: Distribuidora Bajío,3106.81,22,1,2024-01-31 00:00:00,2024-01-31 00:00:00
4686,CUI-04676,Secadora Iónica Kairo Max,Categoría: Cuidado personal | Marca: Kairo | Proveedor: Distribuidora Bajío,1421.96,323,1,2025-01-05 00:00:00,2025-01-05 00:00:00
4687,ALI-04677,Aceite de Oliva 500 ml Orion Essential,Categoría: Alimentos | Marca: Orion | Proveedor: Distribuidora Hidalgo,461.11,338,1,2026-05-09 00:00:00,2026-05-09 00:00:00
4688,DEP-04678,Guantes de Ciclismo Lumina Eco,Categoría: Deportes | Marca: Lumina | Proveedor: Distribuidora Hidalgo,1673.33,293,0,2024-01-12 00:00:00,2024-01-12 00:00:00
4689,DEP-04679,Guantes de Gimnasio Nexo Max,Categoría: Deportes | Marca: Nexo | Proveedor: Distribuidora Mexicana,1800.06,159,1,2025-01-13 00:00:00,2025-01-13 00:00:00
4690,ALI-04680,Pasta Penne 500 g Marea Lite,Categoría: Alimentos | Marca: Marea | Proveedor: Distribuidora del Norte,743.97,216,1,2025-11-24 00:00:00,2025-11-24 00:00:00
4691,HOG-04681,Organizador Multiusos Orion Advance,Categoría: Hogar | Marca: Orion | Proveedor: Distribuidora Bajío,1554.34,233,1,2024-01-09 00:00:00,2024-01-09 00:00:00
4692,ELE-04682,Cargador USB-C 20W Aurea Classic,Categoría: Electrónica | Marca: Aurea | Proveedor: Distribuidora Metropolitana,2020.86,2,1,2026-06-25 00:00:00,2026-06-25 00:00:00
4693,OFI-04683,Memoria USB USB 3.2 Altura Classic,Categoría: Oficina | Marca: Altura | Proveedor: Distribuidora Nova,5386.98,273,1,2024-07-16 00:00:00,2024-07-16 00:00:00
4694,OFI-04684,Memoria USB USB 3.2 Cobalto Pro,Categoría: Oficina | Marca: Cobalto | Proveedor: Distribuidora del Norte,2342.41,93,1,2024-08-09 00:00:00,2024-08-09 00:00:00
4695,CUI-04685,Shampoo Anticaspa 650 ml Urban Eco,Categoría: Cuidado personal | Marca: Urban | Proveedor: Distribuidora Bajío,864.71,163,1,2025-10-12 00:00:00,2025-10-12 00:00:00
4696,HOG-04686,Lámpara Minimalista Nova Select,Categoría: Hogar | Marca: Nova | Proveedor: Distribuidora Metropolitana,1156.22,88,1,2025-12-23 00:00:00,2025-12-23 00:00:00
4697,HOG-04687,Juego de Toallas Algodón Vitta Eco,Categoría: Hogar | Marca: Vitta | Proveedor: Distribuidora Bajío,1857.59,269,1,2024-01-24 00:00:00,2024-01-24 00:00:00
4698,ELE-04688,Mouse Gaming Nativa Lite,Categoría: Electrónica | Marca: Nativa | Proveedor: Distribuidora Nova,3333.03,50,1,2025-10-08 00:00:00,2025-10-08 00:00:00
4699,HOG-04689,Lámpara de Noche Nexo Plus,Categoría: Hogar | Marca: Nexo | Proveedor: Distribuidora Metropolitana,2113.57,342,1,2025-02-01 00:00:00,2025-02-01 00:00:00
4700,OFI-04690,Silla de Oficina Terra Select,Categoría: Oficina | Marca: Terra | Proveedor: Distribuidora Bajío,1206.29,56,1,2025-07-11 00:00:00,2025-07-11 00:00:00
4701,HOG-04691,Lámpara de Noche Nativa Eco,Categoría: Hogar | Marca: Nativa | Proveedor: Distribuidora Pacífico,1130.97,16,0,2026-04-24 00:00:00,2026-04-24 00:00:00
4702,DEP-04692,Guantes Deportivos Zenit Classic,Categoría: Deportes | Marca: Zenit | Proveedor: Distribuidora Metropolitana,2698.92,58,1,2025-03-28 00:00:00,2025-03-28 00:00:00
4703,DEP-04693,Balón de Básquetbol Orion Advance,Categoría: Deportes | Marca: Orion | Proveedor: Distribuidora Metropolitana,1877.08,248,1,2026-05-12 00:00:00,2026-05-12 00:00:00
4704,ALI-04694,Cereal con Frutos 450 g Marea Classic,Categoría: Alimentos | Marca: Marea | Proveedor: Distribuidora Hidalgo,140.86,171,1,2025-02-15 00:00:00,2025-02-15 00:00:00
4705,CUI-04695,Crema Corporal Nutritiva 400 ml Altura Max,Categoría: Cuidado personal | Marca: Altura | Proveedor: Distribuidora Bajío,491.20,215,1,2025-09-22 00:00:00,2025-09-22 00:00:00
4706,DEP-04696,Botella Deportiva 750 ml Marea Classic,Categoría: Deportes | Marca: Marea | Proveedor: Distribuidora Mexicana,392.26,264,1,2025-03-24 00:00:00,2025-03-24 00:00:00
4707,HOG-04697,Termo Térmico Aurea Select,Categoría: Hogar | Marca: Aurea | Proveedor: Distribuidora Hidalgo,1570.08,103,1,2024-05-21 00:00:00,2024-05-21 00:00:00
4708,ALI-04698,Pasta Penne 500 g Urban Pro,Categoría: Alimentos | Marca: Urban | Proveedor: Distribuidora del Norte,460.76,220,1,2024-03-02 00:00:00,2024-03-02 00:00:00
4709,DEP-04699,Mancuerna Hexagonal Terra Lite,Categoría: Deportes | Marca: Terra | Proveedor: Distribuidora Nova,239.75,159,1,2025-05-17 00:00:00,2025-05-17 00:00:00
4710,ELE-04700,Webcam con Micrófono Nexo Eco,Categoría: Electrónica | Marca: Nexo | Proveedor: Distribuidora Metropolitana,636.96,118,1,2024-01-05 00:00:00,2024-01-05 00:00:00
4711,ELE-04701,Audífonos Bluetooth Vitta Eco,Categoría: Electrónica | Marca: Vitta | Proveedor: Distribuidora Hidalgo,1531.18,146,1,2025-10-13 00:00:00,2025-10-13 00:00:00
4712,CUI-04702,Rasuradora Recargable Kairo Advance,Categoría: Cuidado personal | Marca: Kairo | Proveedor: Distribuidora del Norte,2201.90,290,0,2024-01-07 00:00:00,2024-01-07 00:00:00
4713,ELE-04703,Bocina Resistente al Agua Prisma Advance,Categoría: Electrónica | Marca: Prisma | Proveedor: Distribuidora Metropolitana,3073.57,158,1,2026-08-23 00:00:00,2026-08-23 00:00:00
4714,ALI-04704,Cereal Integral 500 g Altura Plus,Categoría: Alimentos | Marca: Altura | Proveedor: Distribuidora Pacífico,392.32,265,1,2026-05-24 00:00:00,2026-05-24 00:00:00
4715,ALI-04705,Aceite Vegetal 1 L Kairo Pro,Categoría: Alimentos | Marca: Kairo | Proveedor: Distribuidora Metropolitana,647.60,2,1,2024-07-04 00:00:00,2024-07-04 00:00:00
4716,HOG-04706,Sartén de Acero 26 cm Cobalto Select,Categoría: Hogar | Marca: Cobalto | Proveedor: Distribuidora Mexicana,215.73,101,1,2024-04-21 00:00:00,2024-04-21 00:00:00
4717,DEP-04707,Mancuerna Hexagonal Orion Essential,Categoría: Deportes | Marca: Orion | Proveedor: Distribuidora Hidalgo,2270.00,30,1,2026-02-08 00:00:00,2026-02-08 00:00:00
4718,ELE-04708,Bocina Bluetooth Aurea Classic,Categoría: Electrónica | Marca: Aurea | Proveedor: Distribuidora Metropolitana,152.11,75,1,2024-02-04 00:00:00,2024-02-04 00:00:00
4719,DEP-04709,Mancuerna 10 kg Vitta Max,Categoría: Deportes | Marca: Vitta | Proveedor: Distribuidora Nova,2981.39,131,1,2024-11-13 00:00:00,2024-11-13 00:00:00
4720,ALI-04710,Pasta Fusilli 500 g Urban Prime,Categoría: Alimentos | Marca: Urban | Proveedor: Distribuidora Metropolitana,133.47,220,1,2024-03-03 00:00:00,2024-03-03 00:00:00
4721,HOG-04711,Sartén Antiadherente 28 cm Nativa Classic,Categoría: Hogar | Marca: Nativa | Proveedor: Distribuidora Central,271.47,210,1,2024-06-09 00:00:00,2024-06-09 00:00:00
4722,ALI-04712,Galletas Integrales 350 g Aurea Lite,Categoría: Alimentos | Marca: Aurea | Proveedor: Distribuidora Metropolitana,441.01,255,1,2025-01-02 00:00:00,2025-01-02 00:00:00
4723,CUI-04713,Rasuradora Corporal Nexo Essential,Categoría: Cuidado personal | Marca: Nexo | Proveedor: Distribuidora Metropolitana,761.95,35,1,2026-06-21 00:00:00,2026-06-21 00:00:00
4724,CUI-04714,Crema Corporal Hidratante 400 ml Altura Plus,Categoría: Cuidado personal | Marca: Altura | Proveedor: Distribuidora Nova,1144.85,140,1,2024-01-21 00:00:00,2024-01-21 00:00:00
4725,HOG-04715,Organizador de Baño Cobalto Classic,Categoría: Hogar | Marca: Cobalto | Proveedor: Distribuidora Nova,792.69,147,1,2024-08-21 00:00:00,2024-08-21 00:00:00
4726,HOG-04716,Termo de Acero Inoxidable Prisma Max,Categoría: Hogar | Marca: Prisma | Proveedor: Distribuidora Pacífico,1350.23,255,1,2026-06-18 00:00:00,2026-06-18 00:00:00
4727,OFI-04717,Silla con Soporte Lumbar Vitta Classic,Categoría: Oficina | Marca: Vitta | Proveedor: Distribuidora Pacífico,3829.84,201,1,2026-07-24 00:00:00,2026-07-24 00:00:00
4728,HOG-04718,Termo 750 ml Kairo Plus,Categoría: Hogar | Marca: Kairo | Proveedor: Distribuidora Hidalgo,1441.27,5,1,2025-04-06 00:00:00,2025-04-06 00:00:00
4729,ALI-04719,Café Molido 500 g Altura Advance,Categoría: Alimentos | Marca: Altura | Proveedor: Distribuidora Pacífico,467.96,286,1,2024-10-25 00:00:00,2024-10-25 00:00:00
4730,CUI-04720,Secadora Iónica Brava Plus,Categoría: Cuidado personal | Marca: Brava | Proveedor: Distribuidora Mexicana,1089.51,132,1,2024-05-04 00:00:00,2024-05-04 00:00:00
4731,HOG-04721,Juego de Toallas 6 Piezas Prisma Advance,Categoría: Hogar | Marca: Prisma | Proveedor: Distribuidora Mexicana,1216.00,25,1,2024-10-18 00:00:00,2024-10-18 00:00:00
4732,ELE-04722,Audífonos USB-C Prisma Max,Categoría: Electrónica | Marca: Prisma | Proveedor: Distribuidora del Norte,2037.57,290,1,2025-01-05 00:00:00,2025-01-05 00:00:00
4733,CUI-04723,Cepillo Dental Medio Terra Prime,Categoría: Cuidado personal | Marca: Terra | Proveedor: Distribuidora del Norte,2502.22,179,1,2025-10-28 00:00:00,2025-10-28 00:00:00
4734,HOG-04724,Sartén Antiadherente 24 cm Terra Classic,Categoría: Hogar | Marca: Terra | Proveedor: Distribuidora Central,214.21,239,1,2025-06-10 00:00:00,2025-06-10 00:00:00
4735,DEP-04725,Tapete de Yoga 6 mm Brava Advance,Categoría: Deportes | Marca: Brava | Proveedor: Distribuidora Pacífico,1045.75,332,1,2024-09-01 00:00:00,2024-09-01 00:00:00
4736,DEP-04726,Guantes Deportivos Marea Advance,Categoría: Deportes | Marca: Marea | Proveedor: Distribuidora Nova,148.80,241,1,2025-12-08 00:00:00,2025-12-08 00:00:00
4737,ELE-04727,Teclado Inalámbrico Lumina Plus,Categoría: Electrónica | Marca: Lumina | Proveedor: Distribuidora Hidalgo,2809.40,93,1,2024-11-11 00:00:00,2024-11-11 00:00:00
4738,ELE-04728,Webcam Full HD Marea Classic,Categoría: Electrónica | Marca: Marea | Proveedor: Distribuidora Nova,1028.63,253,1,2026-02-24 00:00:00,2026-02-24 00:00:00
4739,DEP-04729,Botella Deportiva Térmica Altura Prime,Categoría: Deportes | Marca: Altura | Proveedor: Distribuidora Central,2579.19,227,1,2025-09-28 00:00:00,2025-09-28 00:00:00
4740,ALI-04730,Café Descafeinado 400 g Vitta Eco,Categoría: Alimentos | Marca: Vitta | Proveedor: Distribuidora Bajío,542.60,94,1,2025-02-18 00:00:00,2025-02-18 00:00:00
4741,OFI-04731,Mochila Ejecutiva Urban Prime,Categoría: Oficina | Marca: Urban | Proveedor: Distribuidora Bajío,2736.72,1,1,2025-09-12 00:00:00,2025-09-12 00:00:00
4742,OFI-04732,Silla Ergonómica Nativa Lite,Categoría: Oficina | Marca: Nativa | Proveedor: Distribuidora Nova,3741.70,328,1,2025-03-27 00:00:00,2025-03-27 00:00:00
4743,CUI-04733,Rasuradora de Precisión Marea Pro,Categoría: Cuidado personal | Marca: Marea | Proveedor: Distribuidora Nova,1973.82,333,1,2025-09-27 00:00:00,2025-09-27 00:00:00
4744,DEP-04734,Tapete de Yoga con Correa Orion Lite,Categoría: Deportes | Marca: Orion | Proveedor: Distribuidora Pacífico,963.58,141,1,2024-04-20 00:00:00,2024-04-20 00:00:00
4745,CUI-04735,Secadora Iónica Prisma Max,Categoría: Cuidado personal | Marca: Prisma | Proveedor: Distribuidora Mexicana,2724.90,291,1,2025-06-23 00:00:00,2025-06-23 00:00:00
4746,HOG-04736,Termo 500 ml Orion Eco,Categoría: Hogar | Marca: Orion | Proveedor: Distribuidora del Norte,2022.92,180,1,2024-11-19 00:00:00,2024-11-19 00:00:00
4747,CUI-04737,Cepillo Dental Medio Nativa Classic,Categoría: Cuidado personal | Marca: Nativa | Proveedor: Distribuidora Bajío,1274.20,278,1,2026-09-07 00:00:00,2026-09-07 00:00:00
4748,ALI-04738,Pasta Fusilli 500 g Brava Select,Categoría: Alimentos | Marca: Brava | Proveedor: Distribuidora Bajío,768.96,36,1,2025-08-10 00:00:00,2025-08-10 00:00:00
4749,HOG-04739,Lámpara LED Kairo Max,Categoría: Hogar | Marca: Kairo | Proveedor: Distribuidora del Norte,876.31,196,1,2025-09-23 00:00:00,2025-09-23 00:00:00
4750,ALI-04740,Café Descafeinado 400 g Zenit Prime,Categoría: Alimentos | Marca: Zenit | Proveedor: Distribuidora del Norte,512.97,72,0,2026-04-01 00:00:00,2026-04-01 00:00:00
4751,ELE-04741,Audífonos Inalámbricos Nativa Lite,Categoría: Electrónica | Marca: Nativa | Proveedor: Distribuidora Metropolitana,1569.90,339,1,2026-06-28 00:00:00,2026-06-28 00:00:00
4752,CUI-04742,Rasuradora Recargable Nova Prime,Categoría: Cuidado personal | Marca: Nova | Proveedor: Distribuidora Metropolitana,377.20,64,1,2024-08-20 00:00:00,2024-08-20 00:00:00
4753,ALI-04743,Café Descafeinado 400 g Aurea Plus,Categoría: Alimentos | Marca: Aurea | Proveedor: Distribuidora Metropolitana,500.29,1,1,2026-07-10 00:00:00,2026-07-10 00:00:00
4754,DEP-04744,Balón de Básquetbol Nexo Lite,Categoría: Deportes | Marca: Nexo | Proveedor: Distribuidora Mexicana,1449.90,294,1,2025-12-26 00:00:00,2025-12-26 00:00:00
4755,DEP-04745,Mancuerna Hexagonal Nexo Pro,Categoría: Deportes | Marca: Nexo | Proveedor: Distribuidora Bajío,1239.10,263,1,2024-11-20 00:00:00,2024-11-20 00:00:00
4756,ELE-04746,Webcam con Micrófono Nexo Classic,Categoría: Electrónica | Marca: Nexo | Proveedor: Distribuidora Bajío,2693.84,105,1,2024-05-17 00:00:00,2024-05-17 00:00:00
4757,ELE-04747,Bocina Inteligente Cobalto Advance,Categoría: Electrónica | Marca: Cobalto | Proveedor: Distribuidora Pacífico,794.93,49,1,2026-05-31 00:00:00,2026-05-31 00:00:00
4758,OFI-04748,Memoria USB 128 GB Orion Advance,Categoría: Oficina | Marca: Orion | Proveedor: Distribuidora Pacífico,4248.45,192,1,2024-11-19 00:00:00,2024-11-19 00:00:00
4759,CUI-04749,Rasuradora 3 Cabezas Terra Select,Categoría: Cuidado personal | Marca: Terra | Proveedor: Distribuidora Mexicana,1567.59,3,1,2026-02-24 00:00:00,2026-02-24 00:00:00
4760,ALI-04750,Café Americano 500 g Cobalto Select,Categoría: Alimentos | Marca: Cobalto | Proveedor: Distribuidora Metropolitana,540.30,211,1,2024-01-06 00:00:00,2024-01-06 00:00:00
4761,ELE-04751,Mouse Inalámbrico Vitta Prime,Categoría: Electrónica | Marca: Vitta | Proveedor: Distribuidora Central,446.06,60,1,2026-08-18 00:00:00,2026-08-18 00:00:00
4762,ALI-04752,Galletas Integrales 350 g Cobalto Pro,Categoría: Alimentos | Marca: Cobalto | Proveedor: Distribuidora Metropolitana,796.85,244,1,2025-08-15 00:00:00,2025-08-15 00:00:00
4763,OFI-04753,Calculadora Financiera Urban Plus,Categoría: Oficina | Marca: Urban | Proveedor: Distribuidora Bajío,3728.15,206,1,2025-12-03 00:00:00,2025-12-03 00:00:00
4764,ELE-04754,Audífonos USB-C Altura Classic,Categoría: Electrónica | Marca: Altura | Proveedor: Distribuidora del Norte,934.88,0,1,2024-01-02 00:00:00,2024-01-02 00:00:00
4765,DEP-04755,Mancuerna Ajustable Cobalto Eco,Categoría: Deportes | Marca: Cobalto | Proveedor: Distribuidora Metropolitana,2109.66,236,1,2025-03-05 00:00:00,2025-03-05 00:00:00
4766,DEP-04756,Mancuerna Hexagonal Aurea Pro,Categoría: Deportes | Marca: Aurea | Proveedor: Distribuidora Bajío,1799.93,244,1,2024-11-04 00:00:00,2024-11-04 00:00:00
4767,ELE-04757,Mouse Inalámbrico Urban Lite,Categoría: Electrónica | Marca: Urban | Proveedor: Distribuidora Mexicana,1235.83,10,1,2024-09-04 00:00:00,2024-09-04 00:00:00
4768,CUI-04758,Cepillo Dental Eléctrico Nexo Plus,Categoría: Cuidado personal | Marca: Nexo | Proveedor: Distribuidora Central,900.44,248,1,2026-06-03 00:00:00,2026-06-03 00:00:00
4769,ELE-04759,Bocina Inteligente Brava Max,Categoría: Electrónica | Marca: Brava | Proveedor: Distribuidora Metropolitana,885.09,6,1,2024-07-27 00:00:00,2024-07-27 00:00:00
4770,OFI-04760,Mochila para Laptop 15.6 Nativa Lite,Categoría: Oficina | Marca: Nativa | Proveedor: Distribuidora Mexicana,454.28,213,1,2025-08-15 00:00:00,2025-08-15 00:00:00
4771,CUI-04761,Rasuradora Recargable Prisma Essential,Categoría: Cuidado personal | Marca: Prisma | Proveedor: Distribuidora Hidalgo,1364.17,25,1,2025-02-11 00:00:00,2025-02-11 00:00:00
4772,CUI-04762,Shampoo Hidratante 750 ml Urban Max,Categoría: Cuidado personal | Marca: Urban | Proveedor: Distribuidora Central,203.85,295,1,2024-10-02 00:00:00,2024-10-02 00:00:00
4773,DEP-04763,Guantes con Muñequera Cobalto Advance,Categoría: Deportes | Marca: Cobalto | Proveedor: Distribuidora del Norte,1342.46,103,1,2025-08-31 00:00:00,2025-08-31 00:00:00
4774,OFI-04764,Silla con Soporte Lumbar Altura Advance,Categoría: Oficina | Marca: Altura | Proveedor: Distribuidora Central,5582.03,198,1,2025-07-16 00:00:00,2025-07-16 00:00:00
4775,CUI-04765,Rasuradora Recargable Vitta Pro,Categoría: Cuidado personal | Marca: Vitta | Proveedor: Distribuidora Nova,1711.41,261,1,2024-01-19 00:00:00,2024-01-19 00:00:00
4776,DEP-04766,Guantes Deportivos Nativa Max,Categoría: Deportes | Marca: Nativa | Proveedor: Distribuidora Mexicana,2561.08,276,1,2024-09-19 00:00:00,2024-09-19 00:00:00
4777,DEP-04767,Mancuerna Hexagonal Zenit Lite,Categoría: Deportes | Marca: Zenit | Proveedor: Distribuidora Bajío,2086.89,90,1,2024-09-16 00:00:00,2024-09-16 00:00:00
4778,HOG-04768,Organizador de Cocina Altura Advance,Categoría: Hogar | Marca: Altura | Proveedor: Distribuidora Metropolitana,1804.53,33,1,2024-09-20 00:00:00,2024-09-20 00:00:00
4779,OFI-04769,Memoria USB 128 GB Nova Plus,Categoría: Oficina | Marca: Nova | Proveedor: Distribuidora Nova,4880.23,99,1,2025-01-28 00:00:00,2025-01-28 00:00:00
4780,HOG-04770,Lámpara de Escritorio Marea Eco,Categoría: Hogar | Marca: Marea | Proveedor: Distribuidora del Norte,1158.51,267,0,2024-10-10 00:00:00,2024-10-10 00:00:00
4781,HOG-04771,Termo 750 ml Kairo Eco,Categoría: Hogar | Marca: Kairo | Proveedor: Distribuidora del Norte,825.78,311,1,2025-10-18 00:00:00,2025-10-18 00:00:00
4782,ELE-04772,Bocina Inteligente Altura Advance,Categoría: Electrónica | Marca: Altura | Proveedor: Distribuidora Mexicana,1082.16,327,1,2025-11-10 00:00:00,2025-11-10 00:00:00
4783,HOG-04773,Lámpara de Noche Urban Select,Categoría: Hogar | Marca: Urban | Proveedor: Distribuidora del Norte,1214.42,275,1,2026-03-26 00:00:00,2026-03-26 00:00:00
4784,ALI-04774,Galletas de Avena 300 g Prisma Plus,Categoría: Alimentos | Marca: Prisma | Proveedor: Distribuidora Nova,421.80,38,1,2025-01-25 00:00:00,2025-01-25 00:00:00
4785,ELE-04775,Audífonos USB-C Cobalto Advance,Categoría: Electrónica | Marca: Cobalto | Proveedor: Distribuidora Pacífico,310.33,221,1,2024-10-15 00:00:00,2024-10-15 00:00:00
4786,ELE-04776,Mouse Inalámbrico Marea Plus,Categoría: Electrónica | Marca: Marea | Proveedor: Distribuidora Pacífico,2175.24,114,1,2026-07-18 00:00:00,2026-07-18 00:00:00
4787,CUI-04777,Secadora Compacta Lumina Advance,Categoría: Cuidado personal | Marca: Lumina | Proveedor: Distribuidora Hidalgo,2736.76,82,1,2026-03-19 00:00:00,2026-03-19 00:00:00
4788,CUI-04778,Shampoo Hidratante 750 ml Urban Essential,Categoría: Cuidado personal | Marca: Urban | Proveedor: Distribuidora del Norte,1808.92,267,1,2026-07-02 00:00:00,2026-07-02 00:00:00
4789,OFI-04779,Calculadora Científica Urban Eco,Categoría: Oficina | Marca: Urban | Proveedor: Distribuidora del Norte,5230.16,199,1,2024-04-15 00:00:00,2024-04-15 00:00:00
4790,DEP-04780,Tapete de Yoga Antideslizante Nexo Essential,Categoría: Deportes | Marca: Nexo | Proveedor: Distribuidora Central,1279.85,240,1,2025-07-24 00:00:00,2025-07-24 00:00:00
4791,OFI-04781,Memoria USB 128 GB Vitta Classic,Categoría: Oficina | Marca: Vitta | Proveedor: Distribuidora Pacífico,5992.61,5,1,2025-09-30 00:00:00,2025-09-30 00:00:00
4792,DEP-04782,Guantes Deportivos Nativa Pro,Categoría: Deportes | Marca: Nativa | Proveedor: Distribuidora Central,917.98,3,1,2024-08-24 00:00:00,2024-08-24 00:00:00
4793,ELE-04783,Mouse Inalámbrico Urban Plus,Categoría: Electrónica | Marca: Urban | Proveedor: Distribuidora Hidalgo,1647.53,301,1,2024-07-01 00:00:00,2024-07-01 00:00:00
4794,ALI-04784,Pasta Fusilli 500 g Kairo Max,Categoría: Alimentos | Marca: Kairo | Proveedor: Distribuidora del Norte,349.57,330,1,2025-09-16 00:00:00,2025-09-16 00:00:00
4795,OFI-04785,Memoria USB 64 GB Nexo Prime,Categoría: Oficina | Marca: Nexo | Proveedor: Distribuidora Central,483.99,293,0,2024-03-25 00:00:00,2024-03-25 00:00:00
4796,DEP-04786,Tapete de Yoga 8 mm Terra Advance,Categoría: Deportes | Marca: Terra | Proveedor: Distribuidora Bajío,2519.03,74,1,2026-07-30 00:00:00,2026-07-30 00:00:00
4797,ALI-04787,Aceite de Oliva 500 ml Marea Advance,Categoría: Alimentos | Marca: Marea | Proveedor: Distribuidora Mexicana,261.80,347,1,2025-03-08 00:00:00,2025-03-08 00:00:00
4798,HOG-04788,Termo de Acero Inoxidable Prisma Classic,Categoría: Hogar | Marca: Prisma | Proveedor: Distribuidora Pacífico,559.39,142,1,2025-07-05 00:00:00,2025-07-05 00:00:00
4799,ELE-04789,Teclado Mecánico Orion Plus,Categoría: Electrónica | Marca: Orion | Proveedor: Distribuidora Bajío,1198.72,173,1,2025-02-19 00:00:00,2025-02-19 00:00:00
4800,ELE-04790,Webcam con Micrófono Orion Select,Categoría: Electrónica | Marca: Orion | Proveedor: Distribuidora Metropolitana,2234.59,185,1,2026-04-05 00:00:00,2026-04-05 00:00:00
4801,HOG-04791,Organizador de Baño Prisma Essential,Categoría: Hogar | Marca: Prisma | Proveedor: Distribuidora Bajío,1299.26,110,1,2024-09-05 00:00:00,2024-09-05 00:00:00
4802,OFI-04792,Mochila Antirrobo Vitta Select,Categoría: Oficina | Marca: Vitta | Proveedor: Distribuidora Pacífico,912.94,120,1,2025-12-16 00:00:00,2025-12-16 00:00:00
4803,ALI-04793,Cereal de Avena 500 g Prisma Max,Categoría: Alimentos | Marca: Prisma | Proveedor: Distribuidora Metropolitana,637.70,221,1,2026-08-23 00:00:00,2026-08-23 00:00:00
4804,CUI-04794,Shampoo Anticaspa 650 ml Aurea Select,Categoría: Cuidado personal | Marca: Aurea | Proveedor: Distribuidora Hidalgo,1074.41,6,1,2025-12-27 00:00:00,2025-12-27 00:00:00
4805,ALI-04795,Pasta Penne 500 g Altura Classic,Categoría: Alimentos | Marca: Altura | Proveedor: Distribuidora Pacífico,630.21,87,1,2024-02-12 00:00:00,2024-02-12 00:00:00
4806,ALI-04796,Galletas de Avena 300 g Zenit Pro,Categoría: Alimentos | Marca: Zenit | Proveedor: Distribuidora Bajío,307.75,177,1,2026-02-05 00:00:00,2026-02-05 00:00:00
4807,HOG-04797,Juego de Toallas Algodón Urban Pro,Categoría: Hogar | Marca: Urban | Proveedor: Distribuidora Bajío,1603.69,184,1,2026-01-11 00:00:00,2026-01-11 00:00:00
4808,ELE-04798,Cargador USB-C 20W Prisma Prime,Categoría: Electrónica | Marca: Prisma | Proveedor: Distribuidora Mexicana,1952.95,346,1,2025-03-04 00:00:00,2025-03-04 00:00:00
4809,HOG-04799,Lámpara Minimalista Cobalto Prime,Categoría: Hogar | Marca: Cobalto | Proveedor: Distribuidora del Norte,2134.04,32,1,2025-01-13 00:00:00,2025-01-13 00:00:00
4810,HOG-04800,Juego de Toallas Algodón Aurea Classic,Categoría: Hogar | Marca: Aurea | Proveedor: Distribuidora Bajío,1935.09,146,1,2025-05-03 00:00:00,2025-05-03 00:00:00
4811,DEP-04801,Guantes con Muñequera Aurea Max,Categoría: Deportes | Marca: Aurea | Proveedor: Distribuidora Bajío,350.17,225,1,2024-01-09 00:00:00,2024-01-09 00:00:00
4812,ALI-04802,Pasta Spaghetti 500 g Nexo Lite,Categoría: Alimentos | Marca: Nexo | Proveedor: Distribuidora del Norte,748.71,281,1,2026-03-28 00:00:00,2026-03-28 00:00:00
4813,HOG-04803,Organizador de Baño Marea Max,Categoría: Hogar | Marca: Marea | Proveedor: Distribuidora Nova,1743.80,186,1,2026-02-16 00:00:00,2026-02-16 00:00:00
4814,DEP-04804,Mancuerna Ajustable Marea Plus,Categoría: Deportes | Marca: Marea | Proveedor: Distribuidora Hidalgo,550.33,167,1,2024-06-07 00:00:00,2024-06-07 00:00:00
4815,HOG-04805,Lámpara LED Terra Eco,Categoría: Hogar | Marca: Terra | Proveedor: Distribuidora Pacífico,2090.31,346,1,2026-03-30 00:00:00,2026-03-30 00:00:00
4816,CUI-04806,Secadora Profesional Orion Select,Categoría: Cuidado personal | Marca: Orion | Proveedor: Distribuidora del Norte,1471.04,229,1,2025-07-26 00:00:00,2025-07-26 00:00:00
4817,DEP-04807,Botella Deportiva Térmica Aurea Advance,Categoría: Deportes | Marca: Aurea | Proveedor: Distribuidora del Norte,1831.58,174,1,2024-02-07 00:00:00,2024-02-07 00:00:00
4818,ALI-04808,Galletas de Avena 300 g Vitta Advance,Categoría: Alimentos | Marca: Vitta | Proveedor: Distribuidora Mexicana,134.05,195,1,2025-08-19 00:00:00,2025-08-19 00:00:00
4819,ALI-04809,Aceite de Oliva 500 ml Kairo Pro,Categoría: Alimentos | Marca: Kairo | Proveedor: Distribuidora Bajío,400.19,191,1,2026-03-25 00:00:00,2026-03-25 00:00:00
4820,ELE-04810,Teclado RGB Aurea Essential,Categoría: Electrónica | Marca: Aurea | Proveedor: Distribuidora Metropolitana,1355.99,306,1,2025-10-28 00:00:00,2025-10-28 00:00:00
4821,DEP-04811,Tapete de Yoga Antideslizante Altura Advance,Categoría: Deportes | Marca: Altura | Proveedor: Distribuidora del Norte,1204.46,153,1,2024-05-23 00:00:00,2024-05-23 00:00:00
4822,HOG-04812,Termo 500 ml Zenit Essential,Categoría: Hogar | Marca: Zenit | Proveedor: Distribuidora Central,1350.19,46,1,2025-04-16 00:00:00,2025-04-16 00:00:00
4823,CUI-04813,Crema Corporal Hidratante 400 ml Zenit Essential,Categoría: Cuidado personal | Marca: Zenit | Proveedor: Distribuidora Central,718.32,211,1,2025-06-03 00:00:00,2025-06-03 00:00:00
4824,CUI-04814,Secadora 2000 W Terra Classic,Categoría: Cuidado personal | Marca: Terra | Proveedor: Distribuidora Mexicana,621.74,249,1,2026-03-09 00:00:00,2026-03-09 00:00:00
4825,HOG-04815,Organizador de Baño Nativa Max,Categoría: Hogar | Marca: Nativa | Proveedor: Distribuidora Nova,2144.90,108,1,2026-03-05 00:00:00,2026-03-05 00:00:00
4826,ALI-04816,Galletas de Avena 300 g Altura Classic,Categoría: Alimentos | Marca: Altura | Proveedor: Distribuidora Nova,205.29,152,1,2024-02-17 00:00:00,2024-02-17 00:00:00
4827,DEP-04817,Guantes con Muñequera Marea Eco,Categoría: Deportes | Marca: Marea | Proveedor: Distribuidora Mexicana,1580.71,133,1,2024-04-30 00:00:00,2024-04-30 00:00:00
4828,CUI-04818,Shampoo Hidratante 750 ml Nativa Classic,Categoría: Cuidado personal | Marca: Nativa | Proveedor: Distribuidora del Norte,1319.15,306,1,2025-12-31 00:00:00,2025-12-31 00:00:00
4829,HOG-04819,Lámpara de Escritorio Nexo Eco,Categoría: Hogar | Marca: Nexo | Proveedor: Distribuidora Pacífico,942.47,225,0,2025-01-31 00:00:00,2025-01-31 00:00:00
4830,ELE-04820,Teclado Inalámbrico Orion Pro,Categoría: Electrónica | Marca: Orion | Proveedor: Distribuidora del Norte,390.76,270,1,2025-04-03 00:00:00,2025-04-03 00:00:00
4831,ELE-04821,Mouse Ergonómico Brava Pro,Categoría: Electrónica | Marca: Brava | Proveedor: Distribuidora del Norte,1803.67,161,1,2026-06-12 00:00:00,2026-06-12 00:00:00
4832,OFI-04822,Memoria USB 64 GB Nova Eco,Categoría: Oficina | Marca: Nova | Proveedor: Distribuidora del Norte,1339.00,133,1,2025-01-25 00:00:00,2025-01-25 00:00:00
4833,DEP-04823,Tapete de Yoga con Correa Lumina Lite,Categoría: Deportes | Marca: Lumina | Proveedor: Distribuidora Central,2673.64,52,1,2025-08-11 00:00:00,2025-08-11 00:00:00
4834,ELE-04824,Audífonos Bluetooth Lumina Max,Categoría: Electrónica | Marca: Lumina | Proveedor: Distribuidora Metropolitana,2165.59,92,1,2024-03-06 00:00:00,2024-03-06 00:00:00
4835,ALI-04825,Cereal Integral 500 g Aurea Lite,Categoría: Alimentos | Marca: Aurea | Proveedor: Distribuidora Nova,529.91,38,1,2025-11-09 00:00:00,2025-11-09 00:00:00
4836,ELE-04826,Teclado Mecánico Lumina Advance,Categoría: Electrónica | Marca: Lumina | Proveedor: Distribuidora Pacífico,1193.32,38,1,2025-02-01 00:00:00,2025-02-01 00:00:00
4837,ELE-04827,Webcam 2K Zenit Essential,Categoría: Electrónica | Marca: Zenit | Proveedor: Distribuidora Mexicana,3283.50,253,1,2026-07-04 00:00:00,2026-07-04 00:00:00
4838,ELE-04828,Webcam con Micrófono Prisma Essential,Categoría: Electrónica | Marca: Prisma | Proveedor: Distribuidora Central,2480.96,292,1,2025-03-20 00:00:00,2025-03-20 00:00:00
4839,HOG-04829,Sartén Antiadherente 24 cm Brava Select,Categoría: Hogar | Marca: Brava | Proveedor: Distribuidora Hidalgo,956.06,57,1,2025-12-28 00:00:00,2025-12-28 00:00:00
4840,HOG-04830,Sartén Antiadherente 24 cm Altura Classic,Categoría: Hogar | Marca: Altura | Proveedor: Distribuidora Pacífico,2119.26,295,1,2025-01-21 00:00:00,2025-01-21 00:00:00
4841,DEP-04831,Tapete de Yoga 6 mm Prisma Plus,Categoría: Deportes | Marca: Prisma | Proveedor: Distribuidora del Norte,2446.50,173,1,2024-07-30 00:00:00,2024-07-30 00:00:00
4842,HOG-04832,Lámpara Minimalista Cobalto Select,Categoría: Hogar | Marca: Cobalto | Proveedor: Distribuidora Mexicana,212.37,300,1,2024-10-27 00:00:00,2024-10-27 00:00:00
4843,DEP-04833,Mancuerna 5 kg Aurea Prime,Categoría: Deportes | Marca: Aurea | Proveedor: Distribuidora Hidalgo,1739.15,348,1,2025-02-28 00:00:00,2025-02-28 00:00:00
4844,HOG-04834,Termo 500 ml Brava Eco,Categoría: Hogar | Marca: Brava | Proveedor: Distribuidora Metropolitana,624.20,264,1,2025-05-07 00:00:00,2025-05-07 00:00:00
4845,HOG-04835,Termo 500 ml Marea Lite,Categoría: Hogar | Marca: Marea | Proveedor: Distribuidora Central,126.03,5,1,2026-03-25 00:00:00,2026-03-25 00:00:00
4846,ELE-04836,Bocina Portátil Zenit Max,Categoría: Electrónica | Marca: Zenit | Proveedor: Distribuidora Pacífico,1356.94,47,1,2025-03-16 00:00:00,2025-03-16 00:00:00
4847,ALI-04837,Café Americano 500 g Zenit Prime,Categoría: Alimentos | Marca: Zenit | Proveedor: Distribuidora Nova,29.21,9,1,2025-08-14 00:00:00,2025-08-14 00:00:00
4848,ALI-04838,Pasta Penne 500 g Kairo Eco,Categoría: Alimentos | Marca: Kairo | Proveedor: Distribuidora Mexicana,690.91,147,1,2024-03-01 00:00:00,2024-03-01 00:00:00
4849,ELE-04839,Webcam Full HD Vitta Select,Categoría: Electrónica | Marca: Vitta | Proveedor: Distribuidora Hidalgo,715.76,48,1,2024-12-22 00:00:00,2024-12-22 00:00:00
4850,CUI-04840,Secadora Compacta Zenit Essential,Categoría: Cuidado personal | Marca: Zenit | Proveedor: Distribuidora Bajío,2366.83,57,1,2026-02-23 00:00:00,2026-02-23 00:00:00
4851,DEP-04841,Mancuerna 5 kg Nexo Eco,Categoría: Deportes | Marca: Nexo | Proveedor: Distribuidora Bajío,2459.94,236,1,2025-10-11 00:00:00,2025-10-11 00:00:00
4852,ELE-04842,Mouse Óptico Orion Eco,Categoría: Electrónica | Marca: Orion | Proveedor: Distribuidora Mexicana,2318.14,338,1,2025-11-20 00:00:00,2025-11-20 00:00:00
4853,CUI-04843,Cepillo Dental Medio Urban Prime,Categoría: Cuidado personal | Marca: Urban | Proveedor: Distribuidora Bajío,1215.38,325,1,2026-03-14 00:00:00,2026-03-14 00:00:00
4854,ELE-04844,Teclado Mecánico Terra Lite,Categoría: Electrónica | Marca: Terra | Proveedor: Distribuidora Central,3428.92,41,1,2026-04-28 00:00:00,2026-04-28 00:00:00
4855,ALI-04845,Pasta Spaghetti 500 g Kairo Max,Categoría: Alimentos | Marca: Kairo | Proveedor: Distribuidora del Norte,316.48,151,1,2024-09-15 00:00:00,2024-09-15 00:00:00
4856,HOG-04846,Juego de Toallas Algodón Cobalto Classic,Categoría: Hogar | Marca: Cobalto | Proveedor: Distribuidora Pacífico,894.82,32,1,2025-01-07 00:00:00,2025-01-07 00:00:00
4857,OFI-04847,Cuaderno Profesional Altura Pro,Categoría: Oficina | Marca: Altura | Proveedor: Distribuidora Hidalgo,3781.16,9,1,2026-01-06 00:00:00,2026-01-06 00:00:00
4858,OFI-04848,Silla Ejecutiva Marea Eco,Categoría: Oficina | Marca: Marea | Proveedor: Distribuidora Mexicana,5469.82,130,1,2026-04-10 00:00:00,2026-04-10 00:00:00
4859,HOG-04849,Termo de Acero Inoxidable Aurea Eco,Categoría: Hogar | Marca: Aurea | Proveedor: Distribuidora Central,1601.63,19,1,2025-08-02 00:00:00,2025-08-02 00:00:00
4860,HOG-04850,Sartén Antiadherente 28 cm Altura Lite,Categoría: Hogar | Marca: Altura | Proveedor: Distribuidora Pacífico,360.76,220,0,2025-03-28 00:00:00,2025-03-28 00:00:00
4861,HOG-04851,Juego de Toallas Algodón Cobalto Classic,Categoría: Hogar | Marca: Cobalto | Proveedor: Distribuidora Hidalgo,350.88,30,1,2024-01-14 00:00:00,2024-01-14 00:00:00
4862,OFI-04852,Mochila Antirrobo Marea Select,Categoría: Oficina | Marca: Marea | Proveedor: Distribuidora Nova,3975.67,41,1,2024-09-17 00:00:00,2024-09-17 00:00:00
4863,DEP-04853,Balón de Básquetbol Nexo Lite,Categoría: Deportes | Marca: Nexo | Proveedor: Distribuidora Metropolitana,170.96,294,1,2024-11-02 00:00:00,2024-11-02 00:00:00
4864,DEP-04854,Mancuerna Ajustable Altura Plus,Categoría: Deportes | Marca: Altura | Proveedor: Distribuidora Central,1219.15,229,1,2024-12-25 00:00:00,2024-12-25 00:00:00
4865,OFI-04855,Memoria USB 64 GB Orion Max,Categoría: Oficina | Marca: Orion | Proveedor: Distribuidora Nova,1155.80,104,1,2026-02-12 00:00:00,2026-02-12 00:00:00
4866,ALI-04856,Aceite Vegetal 1 L Orion Essential,Categoría: Alimentos | Marca: Orion | Proveedor: Distribuidora Mexicana,613.89,278,1,2026-03-31 00:00:00,2026-03-31 00:00:00
4867,ALI-04857,Pasta Penne 500 g Orion Pro,Categoría: Alimentos | Marca: Orion | Proveedor: Distribuidora Pacífico,653.63,195,1,2025-01-30 00:00:00,2025-01-30 00:00:00
4868,DEP-04858,Balón Entrenamiento Terra Max,Categoría: Deportes | Marca: Terra | Proveedor: Distribuidora Hidalgo,1704.06,182,1,2024-06-22 00:00:00,2024-06-22 00:00:00
4869,ELE-04859,Cargador Inalámbrico Prisma Essential,Categoría: Electrónica | Marca: Prisma | Proveedor: Distribuidora Pacífico,2643.67,39,1,2024-09-10 00:00:00,2024-09-10 00:00:00
4870,CUI-04860,Secadora Iónica Prisma Max,Categoría: Cuidado personal | Marca: Prisma | Proveedor: Distribuidora Mexicana,2476.20,297,1,2025-06-10 00:00:00,2025-06-10 00:00:00
4871,ELE-04861,Teclado Compacto Marea Plus,Categoría: Electrónica | Marca: Marea | Proveedor: Distribuidora Mexicana,989.46,270,1,2024-11-26 00:00:00,2024-11-26 00:00:00
4872,HOG-04862,Lámpara LED Nexo Lite,Categoría: Hogar | Marca: Nexo | Proveedor: Distribuidora del Norte,1921.18,172,1,2025-07-03 00:00:00,2025-07-03 00:00:00
4873,ELE-04863,Cargador USB-C 20W Prisma Pro,Categoría: Electrónica | Marca: Prisma | Proveedor: Distribuidora Central,1924.78,105,1,2026-05-20 00:00:00,2026-05-20 00:00:00
4874,HOG-04864,Lámpara Minimalista Nativa Select,Categoría: Hogar | Marca: Nativa | Proveedor: Distribuidora Nova,2231.73,343,1,2026-04-11 00:00:00,2026-04-11 00:00:00
4875,CUI-04865,Secadora 2000 W Nova Plus,Categoría: Cuidado personal | Marca: Nova | Proveedor: Distribuidora Bajío,2076.41,326,1,2025-04-20 00:00:00,2025-04-20 00:00:00
4876,CUI-04866,Crema Corporal Nutritiva 400 ml Lumina Advance,Categoría: Cuidado personal | Marca: Lumina | Proveedor: Distribuidora Central,2427.39,62,0,2024-12-02 00:00:00,2024-12-02 00:00:00
4877,DEP-04867,Botella Deportiva Térmica Altura Advance,Categoría: Deportes | Marca: Altura | Proveedor: Distribuidora Pacífico,1119.13,248,1,2026-07-22 00:00:00,2026-07-22 00:00:00
4878,OFI-04868,Calculadora Científica Urban Advance,Categoría: Oficina | Marca: Urban | Proveedor: Distribuidora Pacífico,5663.23,59,1,2024-09-10 00:00:00,2024-09-10 00:00:00
4879,DEP-04869,Balón de Básquetbol Kairo Select,Categoría: Deportes | Marca: Kairo | Proveedor: Distribuidora Metropolitana,427.86,324,1,2026-02-01 00:00:00,2026-02-01 00:00:00
4880,DEP-04870,Balón Entrenamiento Marea Advance,Categoría: Deportes | Marca: Marea | Proveedor: Distribuidora Mexicana,2750.77,319,1,2025-07-30 00:00:00,2025-07-30 00:00:00
4881,ALI-04871,Aceite de Oliva 500 ml Nexo Max,Categoría: Alimentos | Marca: Nexo | Proveedor: Distribuidora Nova,194.07,135,1,2025-05-15 00:00:00,2025-05-15 00:00:00
4882,HOG-04872,Termo 500 ml Altura Prime,Categoría: Hogar | Marca: Altura | Proveedor: Distribuidora del Norte,1068.95,164,1,2026-08-04 00:00:00,2026-08-04 00:00:00
4883,ELE-04873,Webcam 2K Kairo Select,Categoría: Electrónica | Marca: Kairo | Proveedor: Distribuidora Hidalgo,219.54,229,1,2025-06-14 00:00:00,2025-06-14 00:00:00
4884,HOG-04874,Organizador de Baño Zenit Lite,Categoría: Hogar | Marca: Zenit | Proveedor: Distribuidora Hidalgo,286.76,324,1,2024-02-04 00:00:00,2024-02-04 00:00:00
4885,ALI-04875,Café Molido 500 g Nativa Essential,Categoría: Alimentos | Marca: Nativa | Proveedor: Distribuidora Mexicana,148.95,137,1,2026-06-05 00:00:00,2026-06-05 00:00:00
4886,ALI-04876,Cereal con Frutos 450 g Terra Select,Categoría: Alimentos | Marca: Terra | Proveedor: Distribuidora Central,382.97,273,1,2024-03-09 00:00:00,2024-03-09 00:00:00
4887,ELE-04877,Cargador Inalámbrico Aurea Classic,Categoría: Electrónica | Marca: Aurea | Proveedor: Distribuidora Bajío,400.49,176,1,2026-01-02 00:00:00,2026-01-02 00:00:00
4888,DEP-04878,Guantes de Ciclismo Urban Plus,Categoría: Deportes | Marca: Urban | Proveedor: Distribuidora Bajío,279.25,146,1,2025-01-25 00:00:00,2025-01-25 00:00:00
4889,HOG-04879,Lámpara Minimalista Aurea Classic,Categoría: Hogar | Marca: Aurea | Proveedor: Distribuidora Nova,1195.26,246,1,2026-01-20 00:00:00,2026-01-20 00:00:00
4890,ELE-04880,Mouse Gaming Prisma Eco,Categoría: Electrónica | Marca: Prisma | Proveedor: Distribuidora Nova,3066.25,231,1,2024-03-06 00:00:00,2024-03-06 00:00:00
4891,DEP-04881,Guantes Deportivos Nexo Eco,Categoría: Deportes | Marca: Nexo | Proveedor: Distribuidora Central,1260.05,242,1,2024-01-15 00:00:00,2024-01-15 00:00:00
4892,ALI-04882,Galletas con Chocolate 300 g Terra Select,Categoría: Alimentos | Marca: Terra | Proveedor: Distribuidora del Norte,449.79,23,1,2024-11-01 00:00:00,2024-11-01 00:00:00
4893,OFI-04883,Silla Ergonómica Zenit Prime,Categoría: Oficina | Marca: Zenit | Proveedor: Distribuidora Central,5414.37,5,1,2026-06-30 00:00:00,2026-06-30 00:00:00
4894,OFI-04884,Cuaderno Profesional Vitta Classic,Categoría: Oficina | Marca: Vitta | Proveedor: Distribuidora Mexicana,1730.76,205,1,2025-07-23 00:00:00,2025-07-23 00:00:00
4895,HOG-04885,Juego de Toallas Algodón Cobalto Select,Categoría: Hogar | Marca: Cobalto | Proveedor: Distribuidora Central,713.77,193,1,2026-08-07 00:00:00,2026-08-07 00:00:00
4896,CUI-04886,Rasuradora 3 Cabezas Urban Select,Categoría: Cuidado personal | Marca: Urban | Proveedor: Distribuidora Nova,260.34,288,1,2025-12-07 00:00:00,2025-12-07 00:00:00
4897,ELE-04887,Teclado RGB Vitta Pro,Categoría: Electrónica | Marca: Vitta | Proveedor: Distribuidora Central,2123.73,103,1,2024-11-08 00:00:00,2024-11-08 00:00:00
4898,ALI-04888,Cereal Integral 500 g Brava Classic,Categoría: Alimentos | Marca: Brava | Proveedor: Distribuidora del Norte,464.39,335,1,2025-02-15 00:00:00,2025-02-15 00:00:00
4899,DEP-04889,Mancuerna 10 kg Nativa Select,Categoría: Deportes | Marca: Nativa | Proveedor: Distribuidora del Norte,1721.12,208,1,2024-07-27 00:00:00,2024-07-27 00:00:00
4900,ALI-04890,Aceite Vegetal 1 L Vitta Pro,Categoría: Alimentos | Marca: Vitta | Proveedor: Distribuidora del Norte,516.99,285,1,2025-07-25 00:00:00,2025-07-25 00:00:00
4901,OFI-04891,Mochila Ejecutiva Prisma Lite,Categoría: Oficina | Marca: Prisma | Proveedor: Distribuidora Mexicana,3225.32,17,1,2024-03-31 00:00:00,2024-03-31 00:00:00
4902,DEP-04892,Botella Deportiva Térmica Altura Select,Categoría: Deportes | Marca: Altura | Proveedor: Distribuidora del Norte,800.06,159,1,2026-07-24 00:00:00,2026-07-24 00:00:00
4903,CUI-04893,Rasuradora de Precisión Nova Pro,Categoría: Cuidado personal | Marca: Nova | Proveedor: Distribuidora Central,1452.02,158,1,2025-04-28 00:00:00,2025-04-28 00:00:00
4904,ALI-04894,Pasta Fusilli 500 g Lumina Essential,Categoría: Alimentos | Marca: Lumina | Proveedor: Distribuidora Nova,287.00,15,1,2025-08-24 00:00:00,2025-08-24 00:00:00
4905,DEP-04895,Guantes de Gimnasio Nexo Lite,Categoría: Deportes | Marca: Nexo | Proveedor: Distribuidora Bajío,1575.22,124,1,2025-09-16 00:00:00,2025-09-16 00:00:00
4906,CUI-04896,Secadora 2000 W Brava Essential,Categoría: Cuidado personal | Marca: Brava | Proveedor: Distribuidora Mexicana,2185.12,79,1,2026-03-17 00:00:00,2026-03-17 00:00:00
4907,CUI-04897,Shampoo Anticaspa 650 ml Urban Advance,Categoría: Cuidado personal | Marca: Urban | Proveedor: Distribuidora Metropolitana,1004.42,303,1,2024-09-07 00:00:00,2024-09-07 00:00:00
4908,DEP-04898,Guantes de Ciclismo Brava Pro,Categoría: Deportes | Marca: Brava | Proveedor: Distribuidora Pacífico,213.37,85,1,2026-04-13 00:00:00,2026-04-13 00:00:00
4909,ELE-04899,Webcam Full HD Marea Eco,Categoría: Electrónica | Marca: Marea | Proveedor: Distribuidora Mexicana,2828.23,344,1,2024-08-24 00:00:00,2024-08-24 00:00:00
4910,ALI-04900,Aceite de Aguacate 500 ml Nova Plus,Categoría: Alimentos | Marca: Nova | Proveedor: Distribuidora Hidalgo,550.68,143,0,2025-05-18 00:00:00,2025-05-18 00:00:00
4911,ELE-04901,Mouse Inalámbrico Vitta Lite,Categoría: Electrónica | Marca: Vitta | Proveedor: Distribuidora Pacífico,3121.71,0,1,2024-10-28 00:00:00,2024-10-28 00:00:00
4912,HOG-04902,Lámpara LED Urban Pro,Categoría: Hogar | Marca: Urban | Proveedor: Distribuidora Pacífico,768.62,228,1,2025-05-30 00:00:00,2025-05-30 00:00:00
4913,HOG-04903,Organizador de Baño Urban Plus,Categoría: Hogar | Marca: Urban | Proveedor: Distribuidora Mexicana,1239.75,113,1,2026-03-27 00:00:00,2026-03-27 00:00:00
4914,DEP-04904,Botella Deportiva Térmica Aurea Advance,Categoría: Deportes | Marca: Aurea | Proveedor: Distribuidora del Norte,2638.17,169,1,2025-12-23 00:00:00,2025-12-23 00:00:00
4915,CUI-04905,Secadora Compacta Urban Prime,Categoría: Cuidado personal | Marca: Urban | Proveedor: Distribuidora del Norte,2172.75,149,1,2025-12-15 00:00:00,2025-12-15 00:00:00
4916,CUI-04906,Cepillo Dental Medio Urban Eco,Categoría: Cuidado personal | Marca: Urban | Proveedor: Distribuidora Nova,2610.32,124,1,2025-05-02 00:00:00,2025-05-02 00:00:00
4917,OFI-04907,Silla Ergonómica Terra Prime,Categoría: Oficina | Marca: Terra | Proveedor: Distribuidora Bajío,1355.60,246,1,2025-05-08 00:00:00,2025-05-08 00:00:00
4918,CUI-04908,Cepillo Dental Medio Terra Prime,Categoría: Cuidado personal | Marca: Terra | Proveedor: Distribuidora del Norte,1436.05,211,1,2025-07-02 00:00:00,2025-07-02 00:00:00
4919,CUI-04909,Crema Corporal con Aloe 500 ml Kairo Classic,Categoría: Cuidado personal | Marca: Kairo | Proveedor: Distribuidora Mexicana,1535.81,289,1,2024-07-13 00:00:00,2024-07-13 00:00:00
4920,DEP-04910,Botella Deportiva con Popote Vitta Classic,Categoría: Deportes | Marca: Vitta | Proveedor: Distribuidora Mexicana,865.91,2,1,2024-12-25 00:00:00,2024-12-25 00:00:00
4921,DEP-04911,Balón de Fútbol Vitta Plus,Categoría: Deportes | Marca: Vitta | Proveedor: Distribuidora Mexicana,2958.53,264,1,2025-09-24 00:00:00,2025-09-24 00:00:00
4922,CUI-04912,Secadora Compacta Zenit Plus,Categoría: Cuidado personal | Marca: Zenit | Proveedor: Distribuidora Bajío,2036.93,119,1,2026-01-08 00:00:00,2026-01-08 00:00:00
4923,HOG-04913,Termo de Acero Inoxidable Nova Select,Categoría: Hogar | Marca: Nova | Proveedor: Distribuidora Central,2097.37,260,1,2024-11-07 00:00:00,2024-11-07 00:00:00
4924,OFI-04914,Cuaderno de Notas Urban Advance,Categoría: Oficina | Marca: Urban | Proveedor: Distribuidora Central,5354.50,281,1,2025-06-08 00:00:00,2025-06-08 00:00:00
4925,OFI-04915,Calculadora Científica Nova Lite,Categoría: Oficina | Marca: Nova | Proveedor: Distribuidora Bajío,2499.35,52,1,2026-07-28 00:00:00,2026-07-28 00:00:00
4926,DEP-04916,Guantes de Ciclismo Aurea Plus,Categoría: Deportes | Marca: Aurea | Proveedor: Distribuidora Pacífico,772.59,318,1,2024-02-03 00:00:00,2024-02-03 00:00:00
4927,DEP-04917,Mancuerna Ajustable Nexo Prime,Categoría: Deportes | Marca: Nexo | Proveedor: Distribuidora Hidalgo,2713.18,33,1,2025-01-17 00:00:00,2025-01-17 00:00:00
4928,OFI-04918,Calculadora Financiera Kairo Lite,Categoría: Oficina | Marca: Kairo | Proveedor: Distribuidora Mexicana,2289.55,324,1,2025-07-22 00:00:00,2025-07-22 00:00:00
4929,ELE-04919,Webcam Autofocus Nova Prime,Categoría: Electrónica | Marca: Nova | Proveedor: Distribuidora Metropolitana,1469.89,172,1,2025-05-05 00:00:00,2025-05-05 00:00:00
4930,ALI-04920,Pasta Spaghetti 500 g Altura Advance,Categoría: Alimentos | Marca: Altura | Proveedor: Distribuidora Hidalgo,338.26,14,1,2026-08-08 00:00:00,2026-08-08 00:00:00
4931,ELE-04921,Bocina Bluetooth Marea Select,Categoría: Electrónica | Marca: Marea | Proveedor: Distribuidora Hidalgo,3443.47,225,0,2025-02-19 00:00:00,2025-02-19 00:00:00
4932,ALI-04922,Cereal con Frutos 450 g Kairo Prime,Categoría: Alimentos | Marca: Kairo | Proveedor: Distribuidora del Norte,316.49,237,1,2025-06-06 00:00:00,2025-06-06 00:00:00
4933,HOG-04923,Organizador de Baño Cobalto Prime,Categoría: Hogar | Marca: Cobalto | Proveedor: Distribuidora Pacífico,1187.77,185,1,2025-02-06 00:00:00,2025-02-06 00:00:00
4934,DEP-04924,Guantes de Ciclismo Terra Pro,Categoría: Deportes | Marca: Terra | Proveedor: Distribuidora Nova,1305.15,190,1,2024-08-29 00:00:00,2024-08-29 00:00:00
4935,CUI-04925,Crema Corporal Nutritiva 400 ml Kairo Advance,Categoría: Cuidado personal | Marca: Kairo | Proveedor: Distribuidora Hidalgo,1985.00,222,1,2025-01-21 00:00:00,2025-01-21 00:00:00
4936,CUI-04926,Shampoo Reparador 700 ml Cobalto Prime,Categoría: Cuidado personal | Marca: Cobalto | Proveedor: Distribuidora Pacífico,1470.27,18,1,2024-04-20 00:00:00,2024-04-20 00:00:00
4937,ELE-04927,Teclado RGB Brava Classic,Categoría: Electrónica | Marca: Brava | Proveedor: Distribuidora Metropolitana,1912.58,133,1,2024-04-17 00:00:00,2024-04-17 00:00:00
4938,ALI-04928,Aceite de Oliva 500 ml Brava Max,Categoría: Alimentos | Marca: Brava | Proveedor: Distribuidora Mexicana,499.05,84,1,2025-11-01 00:00:00,2025-11-01 00:00:00
4939,CUI-04929,Crema Corporal Hidratante 400 ml Kairo Classic,Categoría: Cuidado personal | Marca: Kairo | Proveedor: Distribuidora Mexicana,638.35,35,1,2024-03-27 00:00:00,2024-03-27 00:00:00
4940,OFI-04930,Calculadora Básica Cobalto Advance,Categoría: Oficina | Marca: Cobalto | Proveedor: Distribuidora Central,3677.99,15,1,2025-05-01 00:00:00,2025-05-01 00:00:00
4941,DEP-04931,Balón Entrenamiento Vitta Select,Categoría: Deportes | Marca: Vitta | Proveedor: Distribuidora Nova,256.04,328,1,2026-08-21 00:00:00,2026-08-21 00:00:00
4942,DEP-04932,Guantes de Ciclismo Cobalto Plus,Categoría: Deportes | Marca: Cobalto | Proveedor: Distribuidora del Norte,1972.79,189,1,2026-03-17 00:00:00,2026-03-17 00:00:00
4943,ELE-04933,Teclado RGB Nativa Max,Categoría: Electrónica | Marca: Nativa | Proveedor: Distribuidora Bajío,1767.97,194,1,2025-09-12 00:00:00,2025-09-12 00:00:00
4944,CUI-04934,Crema Corporal Nutritiva 400 ml Vitta Pro,Categoría: Cuidado personal | Marca: Vitta | Proveedor: Distribuidora Hidalgo,792.19,307,1,2025-05-05 00:00:00,2025-05-05 00:00:00
4945,ELE-04935,Cargador Doble Puerto Nativa Prime,Categoría: Electrónica | Marca: Nativa | Proveedor: Distribuidora del Norte,1249.26,231,1,2026-04-08 00:00:00,2026-04-08 00:00:00
4946,CUI-04936,Cepillo Dental Pack 3 Terra Essential,Categoría: Cuidado personal | Marca: Terra | Proveedor: Distribuidora Pacífico,2585.79,275,1,2026-07-12 00:00:00,2026-07-12 00:00:00
4947,CUI-04937,Secadora Iónica Zenit Advance,Categoría: Cuidado personal | Marca: Zenit | Proveedor: Distribuidora Pacífico,1275.69,292,1,2026-09-05 00:00:00,2026-09-05 00:00:00
4948,ALI-04938,Aceite de Aguacate 500 ml Nativa Classic,Categoría: Alimentos | Marca: Nativa | Proveedor: Distribuidora Hidalgo,618.30,266,1,2026-05-11 00:00:00,2026-05-11 00:00:00
4949,CUI-04939,Rasuradora Recargable Nativa Lite,Categoría: Cuidado personal | Marca: Nativa | Proveedor: Distribuidora del Norte,1212.36,289,1,2026-09-04 00:00:00,2026-09-04 00:00:00
4950,CUI-04940,Crema Corporal con Aloe 500 ml Altura Advance,Categoría: Cuidado personal | Marca: Altura | Proveedor: Distribuidora Pacífico,830.72,27,1,2026-03-19 00:00:00,2026-03-19 00:00:00
4951,DEP-04941,Mancuerna 10 kg Cobalto Essential,Categoría: Deportes | Marca: Cobalto | Proveedor: Distribuidora Pacífico,1406.45,185,1,2024-10-06 00:00:00,2024-10-06 00:00:00
4952,HOG-04942,Juego de Toallas Microfibra Lumina Essential,Categoría: Hogar | Marca: Lumina | Proveedor: Distribuidora Bajío,1534.80,129,1,2026-04-27 00:00:00,2026-04-27 00:00:00
4953,CUI-04943,Rasuradora Corporal Altura Max,Categoría: Cuidado personal | Marca: Altura | Proveedor: Distribuidora Nova,919.69,46,1,2025-09-17 00:00:00,2025-09-17 00:00:00
4954,OFI-04944,Silla Ergonómica Brava Max,Categoría: Oficina | Marca: Brava | Proveedor: Distribuidora Central,3292.17,286,1,2024-08-21 00:00:00,2024-08-21 00:00:00
4955,CUI-04945,Secadora Compacta Nova Lite,Categoría: Cuidado personal | Marca: Nova | Proveedor: Distribuidora Bajío,1841.09,190,1,2025-05-06 00:00:00,2025-05-06 00:00:00
4956,ALI-04946,Aceite de Aguacate 500 ml Nova Plus,Categoría: Alimentos | Marca: Nova | Proveedor: Distribuidora Nova,173.14,334,1,2026-05-08 00:00:00,2026-05-08 00:00:00
4957,ALI-04947,Cereal con Frutos 450 g Zenit Max,Categoría: Alimentos | Marca: Zenit | Proveedor: Distribuidora Pacífico,673.24,244,1,2026-03-02 00:00:00,2026-03-02 00:00:00
4958,DEP-04948,Tapete de Yoga 6 mm Nativa Max,Categoría: Deportes | Marca: Nativa | Proveedor: Distribuidora Mexicana,284.11,206,1,2025-02-20 00:00:00,2025-02-20 00:00:00
4959,DEP-04949,Guantes con Muñequera Lumina Eco,Categoría: Deportes | Marca: Lumina | Proveedor: Distribuidora Hidalgo,2713.93,115,1,2024-07-31 00:00:00,2024-07-31 00:00:00
4960,ELE-04950,Teclado Mecánico Aurea Pro,Categoría: Electrónica | Marca: Aurea | Proveedor: Distribuidora Mexicana,2642.15,209,1,2024-11-06 00:00:00,2024-11-06 00:00:00
4961,CUI-04951,Secadora Profesional Kairo Essential,Categoría: Cuidado personal | Marca: Kairo | Proveedor: Distribuidora Hidalgo,1725.05,206,1,2025-01-10 00:00:00,2025-01-10 00:00:00
4962,OFI-04952,Memoria USB USB 3.2 Cobalto Essential,Categoría: Oficina | Marca: Cobalto | Proveedor: Distribuidora Hidalgo,4673.39,115,1,2024-10-31 00:00:00,2024-10-31 00:00:00
4963,HOG-04953,Sartén de Acero 26 cm Marea Classic,Categoría: Hogar | Marca: Marea | Proveedor: Distribuidora Bajío,328.71,55,1,2025-01-24 00:00:00,2025-01-24 00:00:00
4964,CUI-04954,Shampoo Hidratante 750 ml Nexo Lite,Categoría: Cuidado personal | Marca: Nexo | Proveedor: Distribuidora Mexicana,1740.76,130,0,2025-06-29 00:00:00,2025-06-29 00:00:00
4965,ELE-04955,Webcam 2K Nova Prime,Categoría: Electrónica | Marca: Nova | Proveedor: Distribuidora Metropolitana,973.42,197,1,2024-01-27 00:00:00,2024-01-27 00:00:00
4966,OFI-04956,Silla con Soporte Lumbar Urban Advance,Categoría: Oficina | Marca: Urban | Proveedor: Distribuidora Mexicana,270.15,40,1,2026-06-16 00:00:00,2026-06-16 00:00:00
4967,ELE-04957,Mouse Ergonómico Kairo Essential,Categoría: Electrónica | Marca: Kairo | Proveedor: Distribuidora Metropolitana,3330.14,62,1,2025-10-14 00:00:00,2025-10-14 00:00:00
4968,CUI-04958,Cepillo Dental Medio Cobalto Eco,Categoría: Cuidado personal | Marca: Cobalto | Proveedor: Distribuidora Mexicana,1469.56,47,1,2025-05-06 00:00:00,2025-05-06 00:00:00
4969,ALI-04959,Galletas con Chocolate 300 g Aurea Select,Categoría: Alimentos | Marca: Aurea | Proveedor: Distribuidora Hidalgo,200.08,168,1,2026-08-19 00:00:00,2026-08-19 00:00:00
4970,OFI-04960,Mochila para Laptop 15.6 Lumina Lite,Categoría: Oficina | Marca: Lumina | Proveedor: Distribuidora Bajío,1631.87,164,1,2025-02-07 00:00:00,2025-02-07 00:00:00
4971,ELE-04961,Bocina Portátil Prisma Essential,Categoría: Electrónica | Marca: Prisma | Proveedor: Distribuidora del Norte,2599.05,144,1,2024-01-15 00:00:00,2024-01-15 00:00:00
4972,CUI-04962,Cepillo Dental Suave Nativa Select,Categoría: Cuidado personal | Marca: Nativa | Proveedor: Distribuidora Hidalgo,1885.68,326,1,2025-01-12 00:00:00,2025-01-12 00:00:00
4973,HOG-04963,Sartén de Acero 26 cm Urban Prime,Categoría: Hogar | Marca: Urban | Proveedor: Distribuidora Pacífico,1775.76,185,1,2025-03-15 00:00:00,2025-03-15 00:00:00
4974,HOG-04964,Lámpara LED Terra Eco,Categoría: Hogar | Marca: Terra | Proveedor: Distribuidora Hidalgo,1180.01,88,1,2024-09-23 00:00:00,2024-09-23 00:00:00
4975,ELE-04965,Audífonos Inalámbricos Orion Classic,Categoría: Electrónica | Marca: Orion | Proveedor: Distribuidora Nova,2425.82,170,1,2024-12-13 00:00:00,2024-12-13 00:00:00
4976,ALI-04966,Pasta Spaghetti 500 g Marea Eco,Categoría: Alimentos | Marca: Marea | Proveedor: Distribuidora Hidalgo,122.04,272,1,2026-04-05 00:00:00,2026-04-05 00:00:00
4977,ELE-04967,Bocina Bluetooth Brava Lite,Categoría: Electrónica | Marca: Brava | Proveedor: Distribuidora Metropolitana,1099.48,232,1,2026-05-17 00:00:00,2026-05-17 00:00:00
4978,ALI-04968,Pasta Spaghetti 500 g Cobalto Classic,Categoría: Alimentos | Marca: Cobalto | Proveedor: Distribuidora Metropolitana,503.67,257,1,2024-01-19 00:00:00,2024-01-19 00:00:00
4979,CUI-04969,Crema Corporal Nutritiva 400 ml Terra Essential,Categoría: Cuidado personal | Marca: Terra | Proveedor: Distribuidora Metropolitana,2133.12,343,1,2026-02-26 00:00:00,2026-02-26 00:00:00
4980,ALI-04970,Pasta Spaghetti 500 g Vitta Essential,Categoría: Alimentos | Marca: Vitta | Proveedor: Distribuidora Hidalgo,335.77,11,1,2024-04-21 00:00:00,2024-04-21 00:00:00
4981,ALI-04971,Pasta Fusilli 500 g Cobalto Select,Categoría: Alimentos | Marca: Cobalto | Proveedor: Distribuidora Metropolitana,519.72,79,1,2024-09-01 00:00:00,2024-09-01 00:00:00
4982,HOG-04972,Lámpara de Noche Terra Eco,Categoría: Hogar | Marca: Terra | Proveedor: Distribuidora Pacífico,827.69,305,1,2024-10-04 00:00:00,2024-10-04 00:00:00
4983,HOG-04973,Termo 500 ml Marea Classic,Categoría: Hogar | Marca: Marea | Proveedor: Distribuidora Mexicana,1707.08,31,1,2026-03-09 00:00:00,2026-03-09 00:00:00
4984,HOG-04974,Lámpara de Noche Altura Max,Categoría: Hogar | Marca: Altura | Proveedor: Distribuidora Central,1434.69,124,1,2026-06-20 00:00:00,2026-06-20 00:00:00
4985,ALI-04975,Cereal de Avena 500 g Nova Essential,Categoría: Alimentos | Marca: Nova | Proveedor: Distribuidora Nova,210.68,139,1,2026-08-26 00:00:00,2026-08-26 00:00:00
4986,CUI-04976,Crema Corporal con Aloe 500 ml Vitta Essential,Categoría: Cuidado personal | Marca: Vitta | Proveedor: Distribuidora Metropolitana,2505.99,348,1,2026-02-26 00:00:00,2026-02-26 00:00:00
4987,ALI-04977,Pasta Fusilli 500 g Zenit Pro,Categoría: Alimentos | Marca: Zenit | Proveedor: Distribuidora Bajío,712.40,154,1,2025-01-15 00:00:00,2025-01-15 00:00:00
4988,OFI-04978,Silla Ejecutiva Brava Advance,Categoría: Oficina | Marca: Brava | Proveedor: Distribuidora Pacífico,1483.94,297,1,2024-07-31 00:00:00,2024-07-31 00:00:00
4989,CUI-04979,Cepillo Dental Suave Prisma Max,Categoría: Cuidado personal | Marca: Prisma | Proveedor: Distribuidora Mexicana,1551.29,271,1,2026-03-15 00:00:00,2026-03-15 00:00:00
4990,ELE-04980,Webcam con Micrófono Nativa Pro,Categoría: Electrónica | Marca: Nativa | Proveedor: Distribuidora Nova,2581.24,260,1,2025-09-10 00:00:00,2025-09-10 00:00:00
4991,HOG-04981,Lámpara de Escritorio Urban Prime,Categoría: Hogar | Marca: Urban | Proveedor: Distribuidora Pacífico,1606.41,301,1,2025-02-17 00:00:00,2025-02-17 00:00:00
4992,ALI-04982,Café Descafeinado 400 g Kairo Prime,Categoría: Alimentos | Marca: Kairo | Proveedor: Distribuidora Metropolitana,697.69,80,1,2025-11-26 00:00:00,2025-11-26 00:00:00
4993,ALI-04983,Aceite de Oliva 500 ml Aurea Pro,Categoría: Alimentos | Marca: Aurea | Proveedor: Distribuidora Bajío,371.37,273,1,2024-12-31 00:00:00,2024-12-31 00:00:00
4994,OFI-04984,Cuaderno Profesional Vitta Essential,Categoría: Oficina | Marca: Vitta | Proveedor: Distribuidora Mexicana,2931.34,339,1,2024-02-16 00:00:00,2024-02-16 00:00:00
4995,CUI-04985,Shampoo Anticaspa 650 ml Kairo Select,Categoría: Cuidado personal | Marca: Kairo | Proveedor: Distribuidora Hidalgo,1645.11,323,1,2026-04-25 00:00:00,2026-04-25 00:00:00
4996,CUI-04986,Cepillo Dental Eléctrico Nativa Select,Categoría: Cuidado personal | Marca: Nativa | Proveedor: Distribuidora Mexicana,1735.62,21,1,2024-11-01 00:00:00,2024-11-01 00:00:00
4997,OFI-04987,Calculadora Científica Nativa Select,Categoría: Oficina | Marca: Nativa | Proveedor: Distribuidora Bajío,3824.83,293,1,2024-03-23 00:00:00,2024-03-23 00:00:00
4998,ALI-04988,Galletas con Chocolate 300 g Nova Plus,Categoría: Alimentos | Marca: Nova | Proveedor: Distribuidora Nova,77.30,29,1,2026-02-14 00:00:00,2026-02-14 00:00:00
4999,HOG-04989,Termo 500 ml Zenit Advance,Categoría: Hogar | Marca: Zenit | Proveedor: Distribuidora Mexicana,2028.23,129,1,2026-07-03 00:00:00,2026-07-03 00:00:00
5000,ALI-04990,Aceite de Aguacate 500 ml Urban Classic,Categoría: Alimentos | Marca: Urban | Proveedor: Distribuidora Bajío,399.16,14,1,2025-12-12 00:00:00,2025-12-12 00:00:00
5001,OFI-04991,Mochila Impermeable Marea Eco,Categoría: Oficina | Marca: Marea | Proveedor: Distribuidora Nova,2221.81,12,1,2024-04-18 00:00:00,2024-04-18 00:00:00
5002,HOG-04992,Lámpara de Escritorio Lumina Eco,Categoría: Hogar | Marca: Lumina | Proveedor: Distribuidora Nova,272.73,268,1,2024-07-01 00:00:00,2024-07-01 00:00:00
5003,HOG-04993,Termo 500 ml Altura Max,Categoría: Hogar | Marca: Altura | Proveedor: Distribuidora Hidalgo,793.40,196,1,2025-12-29 00:00:00,2025-12-29 00:00:00
5004,HOG-04994,Lámpara Minimalista Nova Classic,Categoría: Hogar | Marca: Nova | Proveedor: Distribuidora Nova,438.05,339,1,2024-04-08 00:00:00,2024-04-08 00:00:00
5005,HOG-04995,Organizador de Escritorio Kairo Eco,Categoría: Hogar | Marca: Kairo | Proveedor: Distribuidora Pacífico,2104.00,129,1,2025-04-30 00:00:00,2025-04-30 00:00:00
5006,DEP-04996,Botella Deportiva Térmica Altura Eco,Categoría: Deportes | Marca: Altura | Proveedor: Distribuidora Nova,1410.78,329,1,2025-05-18 00:00:00,2025-05-18 00:00:00
5007,CUI-04997,Secadora Iónica Lumina Classic,Categoría: Cuidado personal | Marca: Lumina | Proveedor: Distribuidora Central,381.67,60,1,2024-03-02 00:00:00,2024-03-02 00:00:00
5008,CUI-04998,Shampoo Reparador 700 ml Terra Max,Categoría: Cuidado personal | Marca: Terra | Proveedor: Distribuidora Central,1754.28,272,1,2026-01-13 00:00:00,2026-01-13 00:00:00
5009,ELE-04999,Bocina Bluetooth Prisma Eco,Categoría: Electrónica | Marca: Prisma | Proveedor: Distribuidora Hidalgo,1058.27,326,1,2026-01-27 00:00:00,2026-01-27 00:00:00
5010,ALI-05000,Pasta Penne 500 g Prisma Max,Categoría: Alimentos | Marca: Prisma | Proveedor: Distribuidora Nova,483.65,115,1,2025-02-12 00:00:00,2025-02-12 00:00:00
